Record_ID,Region,District,Year,Season,Crop,Temp_Min_C,Temp_Max_C,Rainfall_mm,Humidity_Pct,Solar_Rad_MJm2,Soil_pH,Organic_Carbon_Pct,Nitrogen_kg_ha,Phosphorus_kg_ha,Potassium_kg_ha,Crop_Yield_kg_ha
AGR_Sou_2018_00001,South_Zone,AP_Coastal,2018,Kharif,Soybean,25.04,38.88,,88.22,10.0,7.36,0.312,151.3,23.3,250.1,2903.6
AGR_Sou_2019_00002,South_Zone,Kerala_Highland,2019,Rabi,Pulses,21.23,34.4,203.97,46.24,11.89,6.3,0.715,166.4,20.5,127.4,1943.66
AGR_Sou_2018_00003,South_Zone,Kerala_Highland,2018,Rabi,Rice,21.58,30.24,193.7,54.77,12.93,6.43,0.631,140.7,23.0,124.8,4456.1
AGR_Sou_2020_00004,South_Zone,Karnataka_Deccan,2020,Kharif,Rice,27.57,,1156.48,,10.0,8.2,0.459,123.4,32.2,245.1,4826.5
AGR_Sou_2022_00005,South_Zone,Karnataka_Deccan,2022,Rabi,Pulses,23.74,37.55,228.46,65.66,12.96,6.25,0.612,148.4,24.6,246.9,1564.49
AGR_Sou_2020_00006,South_Zone,Karnataka_Deccan,2020,Rabi,Soybean,23.28,33.48,262.01,60.5,12.56,6.7,0.589,222.7,22.9,217.6,3060.24
AGR_Sou_2020_00007,South_Zone,Karnataka_Deccan,2020,Rabi,Cotton,25.13,34.4,,60.26,13.66,7.33,0.762,168.2,20.5,241.6,2105.57
AGR_Sou_2019_00008,South_Zone,AP_Coastal,2019,Zaid,Cotton,25.31,38.09,104.6,60.72,14.73,7.05,0.545,142.7,10.2,260.3,1836.03
AGR_Sou_2021_00009,South_Zone,TN_Delta,2021,Rabi,Maize,21.53,28.67,277.85,56.59,10.0,7.66,0.76,189.7,30.6,258.4,3983.41
AGR_Sou_2022_00010,South_Zone,AP_Coastal,2022,Rabi,Soybean,22.77,31.57,161.57,,10.0,6.66,1.05,173.3,20.1,175.8,2674.32
AGR_Sou_2018_00011,South_Zone,TN_Delta,2018,Rabi,Soybean,24.24,37.89,222.67,61.67,10.0,7.19,0.605,187.5,33.1,209.1,2620.2
AGR_Sou_2020_00012,South_Zone,AP_Coastal,2020,Rabi,Rice,22.76,36.6,305.96,69.98,10.0,5.72,0.848,175.5,19.4,149.8,5099.55
AGR_Sou_2023_00013,South_Zone,AP_Coastal,2023,Rabi,Soybean,20.92,32.92,,59.29,13.41,7.16,0.675,226.4,10.9,208.6,3075.67
AGR_Sou_2020_00014,South_Zone,Karnataka_Deccan,2020,Kharif,Rice,25.91,38.81,458.98,51.99,12.87,6.27,0.617,209.2,24.8,140.2,5160.84
AGR_Sou_2020_00015,South_Zone,TN_Delta,2020,Zaid,Cotton,25.17,37.53,149.64,38.31,12.56,7.16,0.751,210.1,17.8,224.7,2720.23
AGR_Sou_2023_00016,South_Zone,Karnataka_Deccan,2023,Rabi,Wheat,21.86,32.49,104.31,,16.46,5.89,0.602,163.1,18.2,202.3,3722.67
AGR_Sou_2022_00017,South_Zone,Kerala_Highland,2022,Rabi,Cotton,24.15,37.12,318.43,75.89,10.0,7.48,0.727,158.6,23.4,223.6,2724.14
AGR_Sou_2023_00018,South_Zone,AP_Coastal,2023,Kharif,Rice,21.8,35.19,937.87,91.47,11.08,6.24,0.681,257.7,13.1,176.2,5643.62
AGR_Sou_2019_00019,South_Zone,AP_Coastal,2019,Rabi,Pulses,,35.44,370.11,88.51,10.0,6.95,0.736,182.6,28.7,203.0,2465.34
AGR_Sou_2019_00020,South_Zone,TN_Delta,2019,Rabi,Cotton,21.66,34.43,224.21,62.32,10.0,6.34,0.414,237.3,20.3,207.8,2588.75
AGR_Sou_2018_00021,South_Zone,TN_Delta,2018,Kharif,Cotton,26.03,39.73,1430.18,95.0,10.0,7.04,0.545,162.3,28.1,138.6,2929.72
AGR_Sou_2019_00022,South_Zone,Karnataka_Deccan,2019,Rabi,Maize,18.15,27.58,259.78,65.93,13.1,6.24,0.865,151.5,32.0,231.1,3851.35
AGR_Sou_2023_00023,South_Zone,Kerala_Highland,2023,Rabi,Wheat,21.74,33.55,369.16,73.85,10.0,7.12,0.488,199.1,17.2,157.0,4396.15
AGR_Sou_2022_00024,South_Zone,AP_Coastal,2022,Kharif,Pulses,26.2,34.54,574.57,70.75,14.88,7.34,0.509,197.3,11.0,216.4,2408.77
AGR_Sou_2021_00025,South_Zone,TN_Delta,2021,Rabi,Maize,21.01,28.73,191.51,42.68,10.0,6.56,0.713,223.6,25.3,168.5,3657.81
AGR_Sou_2022_00026,South_Zone,Karnataka_Deccan,2022,Rabi,Cotton,20.06,33.74,346.02,46.83,15.8,6.94,0.434,187.5,13.2,270.8,2673.19
AGR_Sou_2018_00027,South_Zone,Kerala_Highland,2018,Kharif,Wheat,26.6,35.4,603.51,65.76,11.12,6.07,0.326,176.7,31.3,278.4,4334.98
AGR_Sou_2019_00028,South_Zone,TN_Delta,2019,Rabi,Soybean,21.93,29.66,223.21,38.45,10.5,5.94,0.586,150.7,31.3,149.9,2754.41
AGR_Sou_2021_00029,South_Zone,Karnataka_Deccan,2021,Rabi,Rice,21.75,29.53,237.02,46.19,12.5,6.02,0.515,186.8,28.3,276.9,4538.68
AGR_Sou_2022_00030,South_Zone,AP_Coastal,2022,Kharif,Pulses,25.44,34.02,728.33,85.41,10.0,6.84,0.686,223.6,25.6,251.9,2545.97
AGR_Sou_2019_00031,South_Zone,TN_Delta,2019,Kharif,Rice,25.89,34.44,1183.97,88.04,11.33,7.8,0.653,137.3,19.0,196.8,4953.26
AGR_Sou_2021_00032,South_Zone,Kerala_Highland,2021,Kharif,Wheat,28.39,40.17,326.73,48.79,12.01,6.56,0.803,127.2,28.3,245.5,4594.27
AGR_Sou_2018_00033,South_Zone,Kerala_Highland,2018,Rabi,Soybean,25.36,34.33,121.01,53.42,10.0,6.42,0.561,135.0,17.4,220.3,2476.93
AGR_Sou_2021_00034,South_Zone,AP_Coastal,2021,Kharif,Maize,26.23,34.97,,95.0,10.0,6.66,0.571,163.2,18.1,215.3,4292.09
AGR_Sou_2022_00035,South_Zone,AP_Coastal,2022,Kharif,Maize,24.69,38.24,1532.84,95.0,10.0,6.53,0.536,175.0,17.3,286.0,3976.49
AGR_Sou_2019_00036,South_Zone,Kerala_Highland,2019,Kharif,Cotton,26.5,36.69,549.4,61.11,10.0,6.45,0.883,90.0,28.0,130.3,2978.87
AGR_Sou_2018_00037,South_Zone,TN_Delta,2018,Rabi,Pulses,22.7,30.37,292.46,69.01,10.62,6.9,0.396,190.0,18.1,200.6,1885.05
AGR_Sou_2023_00038,South_Zone,TN_Delta,2023,Kharif,Maize,22.89,35.86,933.5,,12.7,6.08,0.633,154.5,28.5,182.5,4079.34
AGR_Sou_2018_00039,South_Zone,Karnataka_Deccan,2018,Kharif,Maize,25.18,37.2,1300.86,95.0,10.0,6.8,0.552,181.9,21.9,110.0,4320.91
AGR_Sou_2023_00040,South_Zone,TN_Delta,2023,Rabi,Soybean,19.59,30.31,126.3,34.44,16.06,7.17,0.352,169.7,30.6,211.1,2260.71
AGR_Sou_2020_00041,South_Zone,Kerala_Highland,2020,Kharif,Rice,27.05,38.16,913.28,63.24,11.27,7.41,0.298,174.0,23.2,160.7,4616.57
AGR_Sou_2018_00042,South_Zone,AP_Coastal,2018,Rabi,Wheat,22.76,31.71,261.32,43.09,16.28,7.25,0.788,165.1,19.5,174.6,4444.54
AGR_Sou_2023_00043,South_Zone,AP_Coastal,2023,Kharif,Maize,24.95,37.26,,91.7,11.57,7.85,0.495,218.2,22.6,217.1,4084.44
AGR_Sou_2018_00044,South_Zone,TN_Delta,2018,Rabi,Maize,20.44,30.26,141.83,46.51,12.29,6.47,0.851,159.2,30.7,176.2,3581.11
AGR_Sou_2019_00045,South_Zone,Kerala_Highland,2019,Kharif,Pulses,26.66,39.57,1507.5,90.97,10.0,7.73,0.798,167.5,23.7,197.0,2294.95
AGR_Sou_2019_00046,South_Zone,Kerala_Highland,2019,Rabi,Rice,24.61,32.85,221.34,61.93,15.56,7.63,0.385,173.3,13.8,127.2,4757.35
AGR_Sou_2022_00047,South_Zone,Kerala_Highland,2022,Kharif,Maize,24.8,37.14,1430.43,95.0,10.0,7.27,0.754,188.1,20.5,209.5,4309.46
AGR_Sou_2023_00048,South_Zone,AP_Coastal,2023,Kharif,Cotton,25.53,33.14,783.84,63.71,12.64,6.26,0.525,226.1,22.9,244.0,3006.32
AGR_Sou_2022_00049,South_Zone,Karnataka_Deccan,2022,Kharif,Soybean,27.14,34.85,1035.19,83.54,10.0,6.33,0.571,251.2,10.9,189.5,3705.25
AGR_Sou_2018_00050,South_Zone,TN_Delta,2018,Kharif,Wheat,27.2,,1213.47,89.0,10.0,6.02,0.811,164.6,25.3,241.2,4698.93
AGR_Sou_2019_00051,South_Zone,AP_Coastal,2019,Rabi,Soybean,23.61,32.1,154.78,72.35,12.07,6.75,0.359,185.7,28.1,201.9,2631.55
AGR_Sou_2018_00052,South_Zone,Kerala_Highland,2018,Rabi,Cotton,,30.82,236.46,61.87,12.2,7.1,0.593,203.5,22.5,197.5,2838.23
AGR_Sou_2023_00053,South_Zone,Karnataka_Deccan,2023,Rabi,Rice,20.64,28.52,362.91,41.82,15.38,6.38,0.552,194.9,20.7,157.4,5118.6
AGR_Sou_2023_00054,South_Zone,TN_Delta,2023,Kharif,Rice,,32.36,1530.24,92.24,11.19,6.35,0.691,215.2,16.7,226.9,5270.69
AGR_Sou_2021_00055,South_Zone,Karnataka_Deccan,2021,Kharif,Pulses,26.3,38.75,1590.45,95.0,11.02,7.53,0.561,170.9,24.8,265.6,2204.51
AGR_Sou_2018_00056,South_Zone,Karnataka_Deccan,2018,Rabi,Pulses,,34.41,266.22,54.86,12.18,6.11,0.68,219.9,31.1,189.8,2235.29
AGR_Sou_2018_00057,South_Zone,TN_Delta,2018,Rabi,Pulses,19.62,30.9,284.34,78.39,14.58,7.79,0.476,162.8,12.5,222.9,1820.96
AGR_Sou_2019_00058,South_Zone,AP_Coastal,2019,Kharif,Soybean,,38.21,1307.38,95.0,10.0,5.58,0.661,174.6,16.4,229.7,3558.1
AGR_Sou_2018_00059,South_Zone,AP_Coastal,2018,Kharif,Pulses,24.3,35.63,525.8,74.38,12.3,6.36,0.709,174.1,26.9,166.4,2391.73
AGR_Sou_2022_00060,South_Zone,Kerala_Highland,2022,Kharif,Cotton,26.69,40.68,593.36,86.1,10.0,7.14,0.335,176.1,20.9,204.5,2716.51
AGR_Sou_2023_00061,South_Zone,AP_Coastal,2023,Rabi,Wheat,20.88,28.38,277.98,52.67,14.24,6.19,0.366,152.5,27.3,225.3,3534.56
AGR_Sou_2020_00062,South_Zone,Kerala_Highland,2020,Kharif,Soybean,,39.51,1222.76,86.16,10.0,6.64,0.807,170.5,20.4,247.0,3154.1
AGR_Sou_2020_00063,South_Zone,TN_Delta,2020,Rabi,Cotton,22.43,30.03,142.3,56.97,10.0,6.57,0.499,189.7,25.4,242.6,2177.57
AGR_Sou_2021_00064,South_Zone,TN_Delta,2021,Kharif,Soybean,,38.38,1679.79,95.0,10.0,6.02,0.666,182.6,25.0,247.5,3056.23
AGR_Sou_2023_00065,South_Zone,Karnataka_Deccan,2023,Zaid,Wheat,25.9,35.39,103.95,60.33,12.66,6.62,0.54,189.5,27.7,181.2,4089.74
AGR_Sou_2021_00066,South_Zone,AP_Coastal,2021,Kharif,Pulses,26.3,35.27,1420.02,95.0,10.0,7.16,0.679,230.3,25.6,211.7,2752.04
AGR_Sou_2018_00067,South_Zone,Kerala_Highland,2018,Rabi,Wheat,21.73,31.38,253.71,41.28,13.43,7.62,0.678,210.4,16.8,223.6,4746.83
AGR_Sou_2020_00068,South_Zone,Karnataka_Deccan,2020,Zaid,Rice,27.49,36.02,171.1,56.13,11.62,6.8,0.667,109.1,18.0,266.8,4527.04
AGR_Sou_2020_00069,South_Zone,Kerala_Highland,2020,Zaid,Cotton,29.57,39.72,82.28,56.35,12.88,6.31,0.458,158.4,21.4,259.7,2116.89
AGR_Sou_2022_00070,South_Zone,TN_Delta,2022,Zaid,Pulses,27.36,37.21,103.75,49.65,10.53,5.88,0.475,150.7,33.5,273.2,1396.57
AGR_Sou_2023_00071,South_Zone,TN_Delta,2023,Rabi,Rice,21.63,31.12,296.53,,15.73,6.52,0.57,197.1,18.4,188.2,4855.96
AGR_Sou_2022_00072,South_Zone,TN_Delta,2022,Kharif,Rice,23.76,35.83,1508.69,92.84,10.0,6.71,0.488,173.9,16.8,245.3,4821.5
AGR_Sou_2019_00073,South_Zone,Kerala_Highland,2019,Zaid,Maize,29.57,39.59,69.01,55.83,14.92,6.53,0.699,163.5,25.7,220.7,3525.41
AGR_Sou_2023_00074,South_Zone,Kerala_Highland,2023,Zaid,Rice,29.86,39.67,,47.0,12.4,7.17,0.435,229.4,8.0,265.6,4634.18
AGR_Sou_2020_00075,South_Zone,TN_Delta,2020,Kharif,Soybean,24.7,38.34,1283.26,85.91,10.0,7.04,0.483,157.0,22.6,211.4,2911.74
AGR_Sou_2019_00076,South_Zone,AP_Coastal,2019,Zaid,Rice,28.54,40.92,78.72,,10.0,6.02,0.518,151.9,17.3,127.5,3698.11
AGR_Sou_2019_00077,South_Zone,Kerala_Highland,2019,Zaid,Wheat,28.35,35.87,128.42,62.21,11.58,6.77,0.833,181.6,13.2,213.6,4322.27
AGR_Sou_2020_00078,South_Zone,TN_Delta,2020,Rabi,Cotton,21.6,31.9,226.83,65.98,10.0,6.55,0.608,232.1,18.8,192.0,2453.24
AGR_Sou_2019_00079,South_Zone,AP_Coastal,2019,Zaid,Maize,27.19,35.43,85.78,50.02,10.0,6.7,0.298,209.3,9.7,131.9,3107.77
AGR_Sou_2022_00080,South_Zone,AP_Coastal,2022,Kharif,Pulses,26.08,39.24,958.9,81.67,10.0,7.66,0.433,165.8,22.0,234.2,2032.82
AGR_Sou_2019_00081,South_Zone,Karnataka_Deccan,2019,Rabi,Rice,25.25,36.71,179.09,,13.1,8.45,0.638,239.0,21.9,237.5,5084.72
AGR_Sou_2019_00082,South_Zone,Karnataka_Deccan,2019,Rabi,Maize,24.85,37.37,290.78,52.0,14.76,6.77,0.611,147.7,23.2,252.5,3677.22
AGR_Sou_2022_00083,South_Zone,TN_Delta,2022,Rabi,Maize,23.66,36.68,196.9,62.68,10.0,6.88,0.701,174.4,30.1,239.2,3851.7
AGR_Sou_2020_00084,South_Zone,Kerala_Highland,2020,Rabi,Cotton,20.07,30.77,371.28,59.19,14.5,7.03,0.334,186.0,24.3,219.2,2605.42
AGR_Sou_2019_00085,South_Zone,AP_Coastal,2019,Kharif,Rice,28.56,42.3,,82.34,10.69,7.09,0.761,172.3,15.9,200.1,5191.46
AGR_Sou_2022_00086,South_Zone,Kerala_Highland,2022,Rabi,Rice,23.54,32.04,203.28,43.16,14.04,6.91,0.57,147.6,23.4,203.6,4530.45
AGR_Sou_2021_00087,South_Zone,AP_Coastal,2021,Kharif,Soybean,24.09,,,89.05,10.0,6.58,0.384,180.3,22.2,223.8,3153.25
AGR_Sou_2019_00088,South_Zone,Kerala_Highland,2019,Rabi,Wheat,21.08,33.4,237.19,56.21,12.96,7.64,0.476,189.5,12.3,246.6,4179.94
AGR_Sou_2020_00089,South_Zone,Karnataka_Deccan,2020,Zaid,Soybean,30.55,40.76,88.22,60.03,12.1,7.13,0.995,145.0,17.3,188.1,2258.85
AGR_Sou_2019_00090,South_Zone,Kerala_Highland,2019,Rabi,Maize,23.54,33.88,222.62,71.88,12.29,6.63,0.698,268.1,22.5,253.2,4187.61
AGR_Sou_2019_00091,South_Zone,Kerala_Highland,2019,Zaid,Rice,29.54,41.25,156.32,48.98,13.51,7.6,0.688,145.4,22.5,246.7,4026.56
AGR_Sou_2019_00092,South_Zone,AP_Coastal,2019,Rabi,Cotton,23.34,34.56,208.03,70.86,11.27,5.72,0.579,187.4,15.0,125.0,2356.88
AGR_Sou_2020_00093,South_Zone,Karnataka_Deccan,2020,Rabi,Cotton,20.61,34.34,281.15,51.07,12.89,6.78,0.211,120.6,8.3,210.7,2435.58
AGR_Sou_2022_00094,South_Zone,TN_Delta,2022,Rabi,Pulses,18.96,31.4,253.05,,10.56,6.81,0.486,160.4,14.1,110.0,1639.79
AGR_Sou_2022_00095,South_Zone,Karnataka_Deccan,2022,Kharif,Soybean,,34.61,1050.24,80.5,10.0,5.87,0.811,196.1,21.9,250.0,3476.18
AGR_Sou_2020_00096,South_Zone,AP_Coastal,2020,Kharif,Wheat,24.6,36.2,1198.11,95.0,10.0,7.29,0.468,237.5,36.5,265.4,4832.6
AGR_Sou_2022_00097,South_Zone,Kerala_Highland,2022,Rabi,Wheat,,34.1,371.4,58.15,10.0,5.39,0.583,223.8,22.7,228.8,4631.29
AGR_Sou_2018_00098,South_Zone,TN_Delta,2018,Rabi,Maize,22.21,35.78,167.45,66.43,12.33,6.6,0.56,132.0,12.3,190.1,3517.43
AGR_Sou_2018_00099,South_Zone,Kerala_Highland,2018,Kharif,Wheat,23.49,31.36,1174.17,79.15,10.0,6.85,0.487,195.5,17.0,266.6,4578.74
AGR_Sou_2021_00100,South_Zone,TN_Delta,2021,Rabi,Soybean,22.8,31.18,112.34,63.82,10.0,6.41,0.572,149.0,16.6,186.0,2220.71
AGR_Sou_2023_00101,South_Zone,Karnataka_Deccan,2023,Kharif,Maize,,,,95.0,10.0,6.71,0.367,176.7,24.0,180.3,3514.17
AGR_Sou_2020_00102,South_Zone,Karnataka_Deccan,2020,Rabi,Pulses,22.35,36.1,222.39,48.18,13.22,6.17,0.765,138.8,30.1,171.8,1993.8
AGR_Sou_2018_00103,South_Zone,TN_Delta,2018,Rabi,Soybean,,32.46,183.94,38.86,12.54,7.04,0.91,169.3,26.9,240.5,2594.37
AGR_Sou_2018_00104,South_Zone,AP_Coastal,2018,Kharif,Cotton,28.18,,1768.83,95.0,10.0,6.94,0.718,184.7,16.5,189.2,2808.71
AGR_Sou_2019_00105,South_Zone,AP_Coastal,2019,Rabi,Rice,23.15,35.49,320.79,63.43,11.05,7.22,0.538,184.8,16.1,307.3,4742.72
AGR_Sou_2020_00106,South_Zone,TN_Delta,2020,Kharif,Maize,26.03,36.94,1228.81,73.53,10.0,6.13,0.548,150.6,25.7,197.2,4130.8
AGR_Sou_2019_00107,South_Zone,Karnataka_Deccan,2019,Rabi,Soybean,21.21,28.38,140.38,61.97,10.4,7.49,0.714,236.0,19.0,135.2,2821.35
AGR_Sou_2019_00108,South_Zone,Karnataka_Deccan,2019,Kharif,Pulses,26.44,36.35,1269.36,88.08,12.6,7.36,0.729,197.0,26.4,183.2,2235.79
AGR_Sou_2021_00109,South_Zone,AP_Coastal,2021,Kharif,Rice,24.76,33.14,,71.7,11.19,6.89,0.546,197.4,24.4,193.2,5362.44
AGR_Sou_2018_00110,South_Zone,Karnataka_Deccan,2018,Rabi,Cotton,23.77,35.89,136.2,60.75,10.0,6.79,0.575,199.6,20.8,274.7,2487.36
AGR_Sou_2019_00111,South_Zone,TN_Delta,2019,Kharif,Pulses,26.88,35.92,1553.77,95.0,10.0,6.29,0.35,169.2,20.4,195.6,2134.56
AGR_Sou_2023_00112,South_Zone,Karnataka_Deccan,2023,Rabi,Soybean,25.3,35.89,163.08,55.02,13.13,7.42,0.337,205.0,19.4,196.4,2725.7
AGR_Sou_2021_00113,South_Zone,TN_Delta,2021,Kharif,Cotton,25.26,32.58,1553.87,95.0,10.29,6.98,0.587,171.6,28.3,193.5,3043.9
AGR_Sou_2018_00114,South_Zone,Kerala_Highland,2018,Kharif,Pulses,27.61,40.48,558.27,42.96,13.68,6.4,0.767,156.9,23.9,223.8,2022.54
AGR_Sou_2018_00115,South_Zone,Kerala_Highland,2018,Zaid,Cotton,,36.8,,55.54,11.89,7.94,0.728,134.7,11.0,283.0,2314.81
AGR_Sou_2019_00116,South_Zone,TN_Delta,2019,Rabi,Soybean,23.75,34.03,150.84,67.8,10.0,7.23,0.789,121.3,20.4,185.8,2724.85
AGR_Sou_2020_00117,South_Zone,Kerala_Highland,2020,Rabi,Maize,21.67,31.86,99.63,61.99,11.69,6.92,0.574,223.6,36.4,260.2,3186.89
AGR_Sou_2020_00118,South_Zone,Karnataka_Deccan,2020,Rabi,Wheat,21.4,33.11,192.73,78.41,13.28,8.04,0.994,157.8,16.7,301.2,4324.99
AGR_Sou_2021_00119,South_Zone,Kerala_Highland,2021,Kharif,Soybean,26.04,39.43,1163.3,95.0,12.41,5.85,0.579,176.0,17.0,229.8,3498.6
AGR_Sou_2022_00120,South_Zone,AP_Coastal,2022,Kharif,Cotton,23.36,33.4,522.03,69.1,11.99,6.3,0.687,166.5,21.1,151.3,3200.22
AGR_Sou_2019_00121,South_Zone,AP_Coastal,2019,Kharif,Cotton,28.27,39.25,1463.94,91.86,10.0,6.82,0.722,177.4,28.8,221.7,3134.57
AGR_Sou_2021_00122,South_Zone,AP_Coastal,2021,Rabi,Maize,21.65,29.66,158.64,55.33,15.01,6.18,0.664,199.5,21.9,187.6,3425.95
AGR_Sou_2023_00123,South_Zone,Kerala_Highland,2023,Kharif,Soybean,26.79,33.86,543.56,63.28,14.95,6.91,0.812,193.1,28.7,248.3,3633.07
AGR_Sou_2019_00124,South_Zone,Kerala_Highland,2019,Kharif,Soybean,26.2,36.26,1031.15,94.46,10.0,7.23,0.707,137.0,22.3,234.5,3194.5
AGR_Sou_2022_00125,South_Zone,AP_Coastal,2022,Rabi,Cotton,19.69,31.18,256.33,56.64,13.96,6.61,0.35,90.0,16.3,190.5,2160.06
AGR_Sou_2022_00126,South_Zone,TN_Delta,2022,Kharif,Cotton,28.13,38.8,1008.71,88.74,14.24,6.45,0.695,127.5,11.4,201.8,3014.56
AGR_Sou_2019_00127,South_Zone,TN_Delta,2019,Rabi,Pulses,23.17,35.19,,54.77,14.13,5.88,0.236,131.9,38.9,303.5,1200.13
AGR_Sou_2022_00128,South_Zone,TN_Delta,2022,Zaid,Cotton,29.16,36.75,44.83,50.73,15.71,6.58,0.44,203.0,16.1,174.4,2064.06
AGR_Sou_2018_00129,South_Zone,TN_Delta,2018,Rabi,Pulses,21.84,30.33,218.38,56.3,11.52,6.35,0.552,191.5,31.5,242.8,1623.82
AGR_Sou_2021_00130,South_Zone,Kerala_Highland,2021,Zaid,Rice,,,,62.55,10.0,6.97,0.763,197.9,21.5,327.4,5013.83
AGR_Sou_2022_00131,South_Zone,AP_Coastal,2022,Rabi,Cotton,22.02,31.32,232.82,53.52,12.9,6.99,0.464,192.1,19.0,216.2,2371.57
AGR_Sou_2022_00132,South_Zone,Kerala_Highland,2022,Kharif,Maize,27.79,38.71,735.21,65.16,10.61,7.18,0.565,160.4,28.2,110.0,4171.04
AGR_Sou_2023_00133,South_Zone,AP_Coastal,2023,Rabi,Maize,22.34,36.18,321.14,62.21,11.59,6.92,0.306,104.2,17.5,256.5,3425.65
AGR_Sou_2020_00134,South_Zone,AP_Coastal,2020,Kharif,Rice,24.58,37.32,1424.68,,10.0,6.56,0.437,160.0,21.1,260.6,4726.49
AGR_Sou_2021_00135,South_Zone,Kerala_Highland,2021,Kharif,Rice,26.53,35.44,1037.17,69.82,11.4,7.75,0.678,197.3,24.4,138.0,5181.82
AGR_Sou_2021_00136,South_Zone,Karnataka_Deccan,2021,Kharif,Pulses,24.68,31.76,1500.88,92.1,10.71,6.78,0.795,197.4,22.8,223.5,2451.14
AGR_Sou_2019_00137,South_Zone,AP_Coastal,2019,Kharif,Wheat,28.01,41.19,1563.44,95.0,10.0,7.39,0.398,148.1,26.2,251.8,3929.87
AGR_Sou_2023_00138,South_Zone,AP_Coastal,2023,Rabi,Rice,23.2,34.71,336.53,89.79,11.97,6.53,0.745,148.5,27.5,286.6,4842.71
AGR_Sou_2019_00139,South_Zone,Kerala_Highland,2019,Kharif,Soybean,,36.46,761.19,75.06,14.97,7.42,0.608,194.0,23.7,144.5,3313.94
AGR_Sou_2018_00140,South_Zone,Kerala_Highland,2018,Rabi,Wheat,23.75,34.61,285.65,59.28,11.55,7.3,0.767,222.7,21.3,234.1,5090.01
AGR_Sou_2020_00141,South_Zone,Kerala_Highland,2020,Rabi,Wheat,21.73,35.16,209.9,48.73,16.43,6.45,0.428,253.5,24.4,187.0,4677.8
AGR_Sou_2022_00142,South_Zone,Kerala_Highland,2022,Kharif,Soybean,27.5,37.21,768.17,83.23,10.0,5.84,0.85,182.0,32.8,213.1,3630.78
AGR_Sou_2020_00143,South_Zone,Kerala_Highland,2020,Zaid,Cotton,26.98,38.55,51.19,63.36,10.92,6.06,0.836,155.8,28.0,258.6,2406.85
AGR_Sou_2022_00144,South_Zone,TN_Delta,2022,Rabi,Cotton,21.68,34.52,122.4,50.13,10.11,6.31,0.475,222.9,19.6,231.7,2134.76
AGR_Sou_2021_00145,South_Zone,AP_Coastal,2021,Zaid,Pulses,27.2,37.12,131.62,58.2,15.6,5.77,0.311,194.2,23.6,188.7,1480.33
AGR_Sou_2019_00146,South_Zone,Karnataka_Deccan,2019,Kharif,Soybean,23.12,33.16,762.63,66.5,11.2,6.65,0.525,168.6,19.0,208.4,3131.49
AGR_Sou_2019_00147,South_Zone,TN_Delta,2019,Zaid,Pulses,27.6,39.51,112.57,59.11,12.89,7.51,0.618,182.2,26.8,246.8,1983.62
AGR_Sou_2018_00148,South_Zone,TN_Delta,2018,Rabi,Wheat,,29.33,337.86,75.95,10.33,7.17,1.03,164.1,27.1,201.6,4844.43
AGR_Sou_2021_00149,South_Zone,Karnataka_Deccan,2021,Rabi,Pulses,,36.11,153.04,,10.11,7.55,0.605,184.7,24.4,254.6,1435.19
AGR_Sou_2023_00150,South_Zone,TN_Delta,2023,Rabi,Pulses,19.1,29.45,323.39,70.94,10.0,7.53,0.499,173.1,19.7,138.2,1615.5
AGR_Sou_2023_00151,South_Zone,Kerala_Highland,2023,Kharif,Rice,25.22,36.59,1286.19,78.41,10.09,7.64,0.766,130.4,25.5,221.4,5026.49
AGR_Sou_2023_00152,South_Zone,AP_Coastal,2023,Kharif,Maize,27.27,41.15,1082.08,91.3,10.0,7.79,0.71,173.3,24.9,195.7,3934.52
AGR_Sou_2020_00153,South_Zone,Karnataka_Deccan,2020,Kharif,Rice,26.55,38.9,1105.96,83.45,10.0,6.01,0.403,159.4,29.3,350.0,4581.65
AGR_Sou_2020_00154,South_Zone,AP_Coastal,2020,Rabi,Soybean,23.33,36.47,295.87,57.97,10.77,7.11,0.676,199.9,12.6,225.3,3002.8
AGR_Sou_2023_00155,South_Zone,Kerala_Highland,2023,Rabi,Rice,23.99,35.53,314.65,81.28,11.62,5.26,0.7,115.0,8.9,222.4,4779.22
AGR_Sou_2020_00156,South_Zone,TN_Delta,2020,Rabi,Cotton,,32.22,186.71,66.97,11.87,6.53,0.634,154.3,21.4,142.0,2353.51
AGR_Sou_2022_00157,South_Zone,TN_Delta,2022,Zaid,Wheat,24.92,33.22,121.49,49.2,11.83,7.81,0.57,227.3,19.1,194.5,4225.5
AGR_Sou_2020_00158,South_Zone,Karnataka_Deccan,2020,Rabi,Soybean,24.28,31.78,313.37,70.21,10.0,6.72,0.534,179.3,8.7,178.3,2650.24
AGR_Sou_2021_00159,South_Zone,TN_Delta,2021,Rabi,Soybean,24.46,37.43,320.96,50.65,14.32,7.39,0.316,196.4,29.9,180.8,2962.09
AGR_Sou_2018_00160,South_Zone,AP_Coastal,2018,Zaid,Cotton,29.54,39.34,157.22,53.75,14.45,5.95,0.549,225.6,12.6,312.4,2482.74
AGR_Sou_2018_00161,South_Zone,Karnataka_Deccan,2018,Rabi,Rice,23.26,32.81,212.31,69.53,11.45,7.68,0.565,227.9,27.1,203.0,5011.1
AGR_Sou_2018_00162,South_Zone,Karnataka_Deccan,2018,Zaid,Rice,27.47,36.42,68.46,51.25,13.66,7.25,0.886,175.8,19.2,225.7,4689.06
AGR_Sou_2022_00163,South_Zone,Kerala_Highland,2022,Kharif,Maize,26.42,34.85,1142.65,90.61,11.1,6.92,0.695,150.8,26.4,151.2,4084.38
AGR_Sou_2018_00164,South_Zone,Karnataka_Deccan,2018,Kharif,Pulses,25.35,35.13,790.35,93.33,10.0,6.68,0.792,209.4,18.6,226.2,2593.59
AGR_Sou_2018_00165,South_Zone,Karnataka_Deccan,2018,Kharif,Wheat,,35.43,1664.49,95.0,10.0,6.42,0.516,200.7,14.3,294.0,4768.67
AGR_Sou_2022_00166,South_Zone,TN_Delta,2022,Rabi,Wheat,20.92,33.46,134.68,61.16,10.0,6.9,0.515,196.1,29.7,182.8,3781.88
AGR_Sou_2023_00167,South_Zone,Kerala_Highland,2023,Rabi,Maize,21.22,32.33,77.52,52.49,10.0,6.15,0.836,148.4,31.4,160.1,3340.29
AGR_Sou_2023_00168,South_Zone,Kerala_Highland,2023,Kharif,Rice,22.54,36.31,1306.92,95.0,10.0,6.41,0.47,182.7,20.4,144.3,4800.74
AGR_Sou_2022_00169,South_Zone,Karnataka_Deccan,2022,Rabi,Maize,20.03,30.9,253.82,60.69,12.97,6.56,0.2,163.0,14.4,205.6,3077.87
AGR_Sou_2021_00170,South_Zone,Kerala_Highland,2021,Kharif,Pulses,25.33,,,95.0,11.95,6.86,0.57,215.8,24.0,110.0,2585.81
AGR_Sou_2022_00171,South_Zone,TN_Delta,2022,Kharif,Pulses,26.08,39.05,704.63,70.37,10.0,6.98,0.457,168.5,17.6,200.3,2132.3
AGR_Sou_2023_00172,South_Zone,AP_Coastal,2023,Kharif,Soybean,,,914.85,82.19,10.0,6.77,0.297,181.6,18.2,214.0,3135.28
AGR_Sou_2023_00173,South_Zone,TN_Delta,2023,Rabi,Wheat,21.55,31.11,222.67,61.11,13.68,7.04,0.708,203.3,24.4,207.6,4297.16
AGR_Sou_2023_00174,South_Zone,Kerala_Highland,2023,Rabi,Cotton,23.73,,290.36,38.87,11.1,7.28,0.814,255.0,20.0,171.0,2935.2
AGR_Sou_2020_00175,South_Zone,AP_Coastal,2020,Zaid,Rice,27.74,35.85,60.05,40.24,15.74,7.09,0.868,152.6,13.8,141.3,4737.69
AGR_Sou_2022_00176,South_Zone,Karnataka_Deccan,2022,Kharif,Wheat,26.46,39.09,471.61,69.41,12.31,7.15,0.596,148.5,38.1,196.8,4419.83
AGR_Sou_2023_00177,South_Zone,Kerala_Highland,2023,Rabi,Pulses,23.7,37.54,120.44,48.95,15.53,7.31,0.356,191.4,17.7,198.0,1212.13
AGR_Sou_2023_00178,South_Zone,TN_Delta,2023,Kharif,Maize,25.23,32.92,947.23,87.49,10.0,6.8,0.409,178.5,33.9,206.9,4011.05
AGR_Sou_2021_00179,South_Zone,AP_Coastal,2021,Rabi,Soybean,22.32,29.33,190.12,48.52,14.37,6.23,0.507,177.1,31.2,211.4,2832.43
AGR_Sou_2019_00180,South_Zone,TN_Delta,2019,Rabi,Soybean,23.89,36.44,213.77,58.64,10.0,8.25,0.702,215.7,27.6,216.6,2939.78
AGR_Sou_2021_00181,South_Zone,TN_Delta,2021,Rabi,Maize,21.39,29.19,250.39,45.43,12.96,7.13,0.322,215.8,20.4,221.0,3262.03
AGR_Sou_2022_00182,South_Zone,Kerala_Highland,2022,Rabi,Rice,22.6,33.79,247.62,54.07,12.33,7.55,0.702,177.2,30.8,200.5,4799.73
AGR_Sou_2021_00183,South_Zone,Kerala_Highland,2021,Kharif,Soybean,28.3,40.45,1148.74,94.2,10.0,6.81,0.566,214.7,23.4,235.1,3114.98
AGR_Sou_2022_00184,South_Zone,Karnataka_Deccan,2022,Kharif,Cotton,26.24,39.32,1371.41,95.0,10.0,7.0,0.662,155.9,28.0,124.7,2864.11
AGR_Sou_2021_00185,South_Zone,TN_Delta,2021,Kharif,Maize,29.35,40.26,,84.36,10.0,6.44,0.761,125.9,23.1,292.8,3981.38
AGR_Sou_2023_00186,South_Zone,Karnataka_Deccan,2023,Kharif,Rice,24.78,33.0,1162.44,87.91,10.9,7.71,0.511,149.2,24.5,164.3,4694.64
AGR_Sou_2023_00187,South_Zone,Kerala_Highland,2023,Kharif,Pulses,26.03,33.82,1368.83,95.0,10.0,7.33,0.747,181.5,16.7,188.7,2460.01
AGR_Sou_2018_00188,South_Zone,Karnataka_Deccan,2018,Kharif,Cotton,28.09,41.64,1181.72,79.95,10.35,7.07,0.681,184.4,16.0,264.3,2836.63
AGR_Sou_2022_00189,South_Zone,Kerala_Highland,2022,Rabi,Wheat,24.05,36.97,102.3,37.29,15.83,5.61,0.907,134.3,33.8,213.8,4041.26
AGR_Sou_2018_00190,South_Zone,Kerala_Highland,2018,Kharif,Cotton,26.49,40.32,580.93,65.35,11.85,6.67,0.998,227.0,30.9,291.3,3251.09
AGR_Sou_2018_00191,South_Zone,Karnataka_Deccan,2018,Rabi,Soybean,23.51,34.07,263.24,66.03,11.32,6.61,0.916,156.8,20.4,191.6,3092.0
AGR_Sou_2020_00192,South_Zone,Karnataka_Deccan,2020,Kharif,Pulses,24.76,37.09,1076.67,95.0,10.0,6.81,0.42,161.0,22.7,240.1,1950.44
AGR_Sou_2022_00193,South_Zone,TN_Delta,2022,Rabi,Cotton,20.21,30.54,232.54,54.47,15.65,7.88,0.692,124.2,14.8,217.2,2204.89
AGR_Sou_2023_00194,South_Zone,Karnataka_Deccan,2023,Kharif,Cotton,26.52,40.07,966.8,55.25,10.49,6.34,0.596,216.0,11.5,248.3,2993.28
AGR_Sou_2022_00195,South_Zone,Karnataka_Deccan,2022,Kharif,Maize,28.5,38.31,1991.52,95.0,10.0,6.87,0.571,132.5,18.1,253.5,3090.72
AGR_Sou_2019_00196,South_Zone,TN_Delta,2019,Rabi,Cotton,21.51,35.13,206.55,39.17,12.62,6.62,0.548,162.3,22.8,272.7,2499.97
AGR_Sou_2023_00197,South_Zone,AP_Coastal,2023,Rabi,Wheat,21.95,33.52,223.63,61.79,11.75,6.86,0.534,229.1,19.0,162.1,4162.7
AGR_Sou_2022_00198,South_Zone,AP_Coastal,2022,Kharif,Maize,26.93,39.15,726.79,,10.0,6.47,0.605,205.1,24.0,182.2,4259.78
AGR_Sou_2020_00199,South_Zone,AP_Coastal,2020,Rabi,Rice,23.34,34.58,158.57,69.81,11.15,7.25,0.608,185.1,15.2,199.9,4324.51
AGR_Sou_2022_00200,South_Zone,AP_Coastal,2022,Rabi,Cotton,23.87,32.58,158.27,39.93,10.89,7.34,0.637,181.6,23.2,300.5,2427.82
AGR_Sou_2023_00201,South_Zone,TN_Delta,2023,Kharif,Pulses,28.07,36.41,915.64,,10.0,7.39,1.003,234.8,19.6,249.1,2676.25
AGR_Sou_2020_00202,South_Zone,Karnataka_Deccan,2020,Kharif,Soybean,,34.42,1169.92,,10.0,7.46,0.513,172.0,23.8,117.9,3235.03
AGR_Sou_2022_00203,South_Zone,TN_Delta,2022,Rabi,Cotton,20.36,27.51,257.18,61.31,10.0,7.36,0.663,122.8,22.8,186.5,2274.54
AGR_Sou_2023_00204,South_Zone,Karnataka_Deccan,2023,Rabi,Pulses,21.24,34.78,445.6,65.1,11.07,6.87,0.594,185.6,13.2,181.2,2504.98
AGR_Sou_2023_00205,South_Zone,Karnataka_Deccan,2023,Kharif,Rice,25.26,37.88,463.88,71.84,10.0,6.23,0.761,186.0,23.3,183.2,5237.97
AGR_Sou_2020_00206,South_Zone,Kerala_Highland,2020,Rabi,Pulses,22.29,32.39,258.77,60.33,10.82,6.93,0.496,239.9,16.1,186.5,1753.9
AGR_Sou_2020_00207,South_Zone,AP_Coastal,2020,Kharif,Wheat,,35.52,862.27,95.0,10.0,7.64,0.82,168.5,26.3,221.0,4892.4
AGR_Sou_2021_00208,South_Zone,AP_Coastal,2021,Rabi,Maize,20.61,33.88,,45.67,19.1,6.59,0.74,214.5,23.1,260.6,3848.82
AGR_Sou_2020_00209,South_Zone,Karnataka_Deccan,2020,Rabi,Maize,20.66,28.1,186.45,60.44,10.93,7.0,0.632,165.0,13.6,163.7,3286.55
AGR_Sou_2021_00210,South_Zone,AP_Coastal,2021,Zaid,Pulses,29.29,36.38,124.92,82.13,10.0,6.72,0.83,219.4,25.3,192.7,1986.65
AGR_Sou_2021_00211,South_Zone,AP_Coastal,2021,Kharif,Rice,22.98,34.26,934.33,92.23,10.0,7.06,1.012,158.1,27.8,211.7,5699.12
AGR_Sou_2021_00212,South_Zone,TN_Delta,2021,Kharif,Maize,26.53,38.77,760.63,79.59,10.28,5.66,0.316,148.0,19.6,264.3,3706.03
AGR_Sou_2020_00213,South_Zone,TN_Delta,2020,Rabi,Wheat,20.16,32.93,195.31,63.07,13.29,7.64,0.275,167.1,17.4,184.6,3666.0
AGR_Sou_2018_00214,South_Zone,TN_Delta,2018,Zaid,Maize,26.06,33.84,153.45,56.38,12.5,6.46,0.489,173.2,13.1,151.6,3492.86
AGR_Sou_2019_00215,South_Zone,TN_Delta,2019,Rabi,Wheat,19.4,31.4,148.59,47.72,12.68,6.11,0.494,219.8,25.9,191.1,4117.12
AGR_Sou_2020_00216,South_Zone,Kerala_Highland,2020,Kharif,Maize,25.74,35.73,,85.23,10.0,5.78,0.758,138.6,25.3,244.5,4040.67
AGR_Sou_2022_00217,South_Zone,TN_Delta,2022,Rabi,Maize,21.57,29.93,268.78,36.45,15.94,7.2,0.643,159.2,26.7,238.0,3788.58
AGR_Sou_2020_00218,South_Zone,AP_Coastal,2020,Rabi,Wheat,22.64,31.13,247.73,74.65,10.0,7.5,0.6,247.6,28.4,193.6,4607.55
AGR_Sou_2022_00219,South_Zone,Kerala_Highland,2022,Rabi,Soybean,21.19,29.52,248.28,52.38,11.51,6.28,0.351,177.4,16.3,284.7,2359.2
AGR_Sou_2022_00220,South_Zone,Kerala_Highland,2022,Rabi,Wheat,23.43,35.76,179.02,44.91,12.84,7.52,0.52,144.9,21.3,205.8,3800.54
AGR_Sou_2023_00221,South_Zone,Kerala_Highland,2023,Kharif,Cotton,27.37,39.51,1344.6,95.0,10.0,6.08,0.583,222.5,16.6,161.3,2931.76
AGR_Sou_2019_00222,South_Zone,Karnataka_Deccan,2019,Kharif,Rice,28.97,37.26,865.7,73.07,10.0,6.59,0.653,182.0,18.7,203.5,5213.52
AGR_Sou_2020_00223,South_Zone,Kerala_Highland,2020,Rabi,Maize,22.5,,251.07,63.61,13.66,7.19,0.614,177.6,14.7,175.5,3652.18
AGR_Sou_2021_00224,South_Zone,TN_Delta,2021,Rabi,Rice,24.52,34.8,178.65,51.52,14.47,6.14,0.751,211.0,22.2,265.3,4971.18
AGR_Sou_2021_00225,South_Zone,Kerala_Highland,2021,Kharif,Wheat,26.74,35.73,871.68,87.93,10.0,6.53,0.775,248.2,22.1,247.4,5381.3
AGR_Sou_2019_00226,South_Zone,Karnataka_Deccan,2019,Kharif,Cotton,27.54,37.02,996.19,81.04,10.82,6.8,0.575,157.1,27.0,153.6,2914.45
AGR_Sou_2018_00227,South_Zone,Kerala_Highland,2018,Zaid,Rice,26.17,33.38,99.96,54.51,10.17,6.51,0.802,143.3,8.0,128.6,4446.33
AGR_Sou_2018_00228,South_Zone,TN_Delta,2018,Zaid,Maize,29.59,42.25,134.02,43.43,12.56,5.82,0.501,202.6,28.4,309.7,3443.86
AGR_Sou_2019_00229,South_Zone,Karnataka_Deccan,2019,Rabi,Soybean,23.41,37.35,305.39,73.67,10.0,7.06,0.515,204.4,27.3,202.8,3025.54
AGR_Sou_2022_00230,South_Zone,TN_Delta,2022,Zaid,Maize,26.12,37.67,,58.94,12.98,7.15,0.443,200.3,28.1,222.7,3308.43
AGR_Sou_2022_00231,South_Zone,AP_Coastal,2022,Kharif,Rice,27.93,39.57,,90.74,10.0,7.55,0.728,177.7,21.4,182.0,5340.97
AGR_Sou_2019_00232,South_Zone,TN_Delta,2019,Kharif,Pulses,26.64,33.78,1619.12,95.0,10.0,6.96,0.802,150.0,22.5,166.7,2321.68
AGR_Sou_2019_00233,South_Zone,Karnataka_Deccan,2019,Kharif,Wheat,26.52,36.08,964.78,79.61,10.0,6.81,0.615,160.8,17.4,185.7,4600.75
AGR_Sou_2020_00234,South_Zone,TN_Delta,2020,Kharif,Wheat,26.15,37.78,1161.91,90.64,10.98,5.63,0.666,173.2,31.0,112.2,4524.9
AGR_Sou_2018_00235,South_Zone,AP_Coastal,2018,Kharif,Wheat,26.24,33.89,836.89,80.07,11.48,6.87,0.608,159.9,20.3,147.3,4848.95
AGR_Sou_2019_00236,South_Zone,TN_Delta,2019,Kharif,Rice,25.32,38.93,,82.84,10.0,6.55,0.636,213.8,28.4,254.0,5144.72
AGR_Sou_2023_00237,South_Zone,AP_Coastal,2023,Kharif,Maize,28.12,37.1,1372.44,95.0,10.0,7.04,0.561,119.0,28.6,206.9,3946.49
AGR_Sou_2023_00238,South_Zone,TN_Delta,2023,Kharif,Soybean,25.99,38.64,1030.93,82.9,10.0,7.74,0.471,144.3,17.1,181.7,2937.63
AGR_Sou_2021_00239,South_Zone,AP_Coastal,2021,Kharif,Wheat,25.87,34.61,617.51,92.23,10.0,5.47,0.61,206.3,13.9,219.7,4873.55
AGR_Sou_2021_00240,South_Zone,AP_Coastal,2021,Rabi,Rice,,31.56,255.85,54.45,10.0,6.39,0.617,160.8,20.1,244.8,4529.76
AGR_Sou_2020_00241,South_Zone,Kerala_Highland,2020,Rabi,Cotton,21.12,28.37,57.3,55.07,13.43,6.25,0.443,177.5,20.0,240.5,1672.3
AGR_Sou_2018_00242,South_Zone,Karnataka_Deccan,2018,Kharif,Rice,26.23,34.96,1118.44,91.35,11.52,6.32,0.397,197.2,21.6,194.4,4916.99
AGR_Sou_2019_00243,South_Zone,TN_Delta,2019,Kharif,Maize,27.89,39.65,591.78,69.4,10.0,5.67,0.549,202.7,21.3,252.4,4071.85
AGR_Sou_2021_00244,South_Zone,Kerala_Highland,2021,Kharif,Rice,26.93,39.19,1551.08,85.87,10.0,6.38,0.579,145.4,15.7,202.5,4739.97
AGR_Sou_2022_00245,South_Zone,TN_Delta,2022,Rabi,Rice,21.18,30.35,222.1,62.66,14.58,5.54,0.248,129.2,14.8,255.0,3834.61
AGR_Sou_2023_00246,South_Zone,Kerala_Highland,2023,Rabi,Soybean,23.9,35.45,,65.34,11.99,7.58,0.846,202.7,15.9,216.8,3094.66
AGR_Sou_2021_00247,South_Zone,Karnataka_Deccan,2021,Kharif,Maize,,34.1,1116.82,89.75,10.0,7.15,0.395,247.0,15.9,248.6,4407.98
AGR_Sou_2023_00248,South_Zone,AP_Coastal,2023,Zaid,Pulses,27.06,39.98,109.12,61.98,11.89,6.6,0.576,164.5,9.8,190.3,1378.73
AGR_Sou_2018_00249,South_Zone,Kerala_Highland,2018,Rabi,Maize,21.21,31.26,317.01,56.15,10.78,5.81,0.532,229.9,24.7,246.9,4250.42
AGR_Sou_2022_00250,South_Zone,Kerala_Highland,2022,Kharif,Cotton,25.48,33.3,1099.24,91.84,10.5,6.05,0.762,139.2,17.6,211.2,3033.86
AGR_Sou_2020_00251,South_Zone,TN_Delta,2020,Kharif,Pulses,25.8,33.33,1443.92,95.0,13.71,6.81,0.828,216.2,21.5,212.5,2587.9
AGR_Sou_2021_00252,South_Zone,Karnataka_Deccan,2021,Rabi,Maize,22.33,33.93,,75.26,14.02,6.46,0.478,116.4,30.9,136.1,3553.52
AGR_Sou_2021_00253,South_Zone,Karnataka_Deccan,2021,Rabi,Cotton,,28.85,362.87,,16.2,6.66,0.628,192.1,23.2,290.0,2970.29
AGR_Sou_2020_00254,South_Zone,Karnataka_Deccan,2020,Kharif,Soybean,28.73,38.95,1575.67,95.0,10.0,6.88,0.671,98.0,12.4,249.3,3083.51
AGR_Sou_2018_00255,South_Zone,TN_Delta,2018,Kharif,Wheat,24.09,33.64,1479.19,87.55,10.0,7.75,0.612,247.5,26.8,181.8,5073.31
AGR_Sou_2018_00256,South_Zone,Kerala_Highland,2018,Rabi,Pulses,21.57,28.92,154.35,55.46,16.18,6.83,0.841,229.5,14.1,196.9,1931.85
AGR_Sou_2018_00257,South_Zone,Karnataka_Deccan,2018,Rabi,Wheat,22.22,31.85,10.0,46.52,11.33,6.68,0.525,185.9,20.3,230.1,3604.13
AGR_Sou_2022_00258,South_Zone,Karnataka_Deccan,2022,Rabi,Soybean,21.61,31.89,403.98,55.21,12.16,7.35,0.932,211.5,21.1,186.8,3695.36
AGR_Sou_2018_00259,South_Zone,TN_Delta,2018,Kharif,Wheat,23.2,30.76,247.93,53.18,11.82,5.7,0.719,180.7,17.1,263.9,4457.23
AGR_Sou_2019_00260,South_Zone,AP_Coastal,2019,Rabi,Maize,23.69,33.41,259.57,82.19,10.5,6.46,0.793,219.0,26.2,209.8,4398.39
AGR_Sou_2021_00261,South_Zone,Karnataka_Deccan,2021,Kharif,Wheat,,36.84,1482.76,95.0,10.0,6.04,0.353,131.0,23.9,237.2,4054.61
AGR_Sou_2020_00262,South_Zone,AP_Coastal,2020,Zaid,Soybean,30.28,42.33,128.79,48.23,14.53,6.8,0.577,163.4,24.0,122.5,2340.55
AGR_Sou_2018_00263,South_Zone,AP_Coastal,2018,Kharif,Cotton,27.69,37.3,375.57,77.62,12.53,6.98,0.493,255.9,28.4,173.0,3355.02
AGR_Sou_2020_00264,South_Zone,Kerala_Highland,2020,Rabi,Rice,22.09,33.92,186.69,73.95,12.22,7.59,0.666,178.0,19.5,169.0,4621.02
AGR_Sou_2018_00265,South_Zone,Kerala_Highland,2018,Rabi,Pulses,22.03,34.65,208.47,61.8,11.4,6.8,0.614,253.6,24.5,156.4,2004.42
AGR_Sou_2022_00266,South_Zone,AP_Coastal,2022,Rabi,Maize,21.7,30.27,348.09,60.96,11.73,6.93,0.523,212.0,26.0,247.0,4246.51
AGR_Sou_2022_00267,South_Zone,AP_Coastal,2022,Rabi,Pulses,,36.61,269.24,47.06,13.06,6.74,0.472,183.5,21.5,237.6,2136.07
AGR_Sou_2022_00268,South_Zone,AP_Coastal,2022,Kharif,Rice,24.98,35.18,1035.64,75.72,10.0,6.86,0.635,224.1,29.8,240.3,5930.3
AGR_Sou_2019_00269,South_Zone,Karnataka_Deccan,2019,Rabi,Wheat,23.33,30.59,174.74,56.54,10.0,6.25,0.56,184.0,19.2,130.0,3914.69
AGR_Sou_2019_00270,South_Zone,AP_Coastal,2019,Zaid,Soybean,29.11,36.63,149.46,41.48,14.0,6.4,0.623,196.1,18.7,222.2,2664.59
AGR_Sou_2018_00271,South_Zone,Karnataka_Deccan,2018,Zaid,Maize,29.26,36.84,172.95,56.74,13.1,7.36,0.673,204.3,10.4,230.7,3881.04
AGR_Sou_2021_00272,South_Zone,Karnataka_Deccan,2021,Zaid,Soybean,28.7,36.7,115.36,59.94,10.0,7.08,0.81,165.8,24.2,237.6,2563.22
AGR_Sou_2023_00273,South_Zone,Karnataka_Deccan,2023,Kharif,Rice,23.77,,900.49,,10.56,5.26,0.59,171.7,20.6,224.9,4920.34
AGR_Sou_2023_00274,South_Zone,Karnataka_Deccan,2023,Kharif,Wheat,24.98,,1256.17,86.52,10.0,6.98,0.672,182.1,27.6,231.0,4608.69
AGR_Sou_2020_00275,South_Zone,Kerala_Highland,2020,Kharif,Maize,24.81,35.93,1432.44,95.0,13.07,6.5,0.5,240.8,18.4,177.3,4512.64
AGR_Sou_2019_00276,South_Zone,TN_Delta,2019,Rabi,Wheat,23.68,35.14,,50.19,15.06,7.58,0.573,185.8,14.9,209.5,3896.83
AGR_Sou_2021_00277,South_Zone,Kerala_Highland,2021,Rabi,Rice,19.94,29.74,277.44,47.63,13.04,6.07,0.569,157.1,22.0,187.1,4477.62
AGR_Sou_2019_00278,South_Zone,TN_Delta,2019,Zaid,Maize,27.98,40.86,137.94,48.32,15.03,7.0,0.759,175.8,14.1,311.0,3375.69
AGR_Sou_2023_00279,South_Zone,Kerala_Highland,2023,Rabi,Pulses,20.66,30.81,211.14,66.81,10.0,6.73,0.437,187.4,22.2,208.7,1677.89
AGR_Sou_2021_00280,South_Zone,Karnataka_Deccan,2021,Rabi,Pulses,21.21,30.04,345.78,69.68,10.74,6.56,0.75,218.6,17.9,289.5,1893.94
AGR_Sou_2022_00281,South_Zone,TN_Delta,2022,Rabi,Pulses,21.6,30.99,209.37,63.8,11.68,6.67,0.587,219.0,19.1,152.7,1648.35
AGR_Sou_2020_00282,South_Zone,TN_Delta,2020,Rabi,Soybean,23.52,31.22,,57.02,10.0,7.17,0.694,148.1,26.2,152.4,2756.17
AGR_Sou_2022_00283,South_Zone,TN_Delta,2022,Zaid,Maize,26.63,39.93,129.0,69.67,10.0,6.42,0.618,212.9,26.1,207.8,3560.64
AGR_Sou_2019_00284,South_Zone,TN_Delta,2019,Rabi,Rice,22.31,35.13,214.92,56.61,10.0,6.73,0.541,191.7,19.4,204.1,4825.39
AGR_Sou_2021_00285,South_Zone,AP_Coastal,2021,Zaid,Rice,23.83,30.96,137.24,60.61,14.05,7.46,0.696,173.9,26.1,227.6,4483.8
AGR_Sou_2019_00286,South_Zone,AP_Coastal,2019,Rabi,Pulses,20.99,34.35,139.94,,10.0,6.68,0.533,172.4,16.1,127.0,1660.23
AGR_Sou_2023_00287,South_Zone,Karnataka_Deccan,2023,Zaid,Cotton,,,66.2,45.61,14.99,7.66,0.812,174.7,16.9,171.0,1919.54
AGR_Sou_2019_00288,South_Zone,Kerala_Highland,2019,Kharif,Soybean,,36.35,743.49,83.47,12.26,6.61,0.662,150.6,24.2,320.7,2871.3
AGR_Sou_2021_00289,South_Zone,Karnataka_Deccan,2021,Rabi,Soybean,21.5,,128.43,,13.49,6.24,0.588,155.3,21.0,163.4,2464.14
AGR_Sou_2018_00290,South_Zone,TN_Delta,2018,Rabi,Pulses,,36.21,346.33,60.01,14.85,6.47,0.618,176.5,24.0,266.6,2291.91
AGR_Sou_2021_00291,South_Zone,Kerala_Highland,2021,Kharif,Wheat,24.99,38.04,1150.64,95.0,10.0,6.91,0.663,279.3,20.1,178.0,5207.86
AGR_Sou_2023_00292,South_Zone,Kerala_Highland,2023,Rabi,Soybean,19.31,29.85,301.68,64.14,10.0,6.34,0.607,189.1,14.4,179.5,2656.48
AGR_Sou_2019_00293,South_Zone,TN_Delta,2019,Kharif,Pulses,25.32,36.84,1282.82,95.0,10.0,7.04,0.827,141.6,13.4,284.8,2197.67
AGR_Sou_2022_00294,South_Zone,AP_Coastal,2022,Rabi,Rice,21.62,30.87,141.63,61.07,13.64,7.59,0.58,225.4,19.7,189.2,4678.1
AGR_Sou_2018_00295,South_Zone,Karnataka_Deccan,2018,Rabi,Cotton,22.44,31.16,216.01,51.57,10.59,6.26,0.709,212.1,36.3,163.8,2465.02
AGR_Sou_2022_00296,South_Zone,AP_Coastal,2022,Kharif,Rice,28.59,38.94,1542.63,95.0,10.0,6.23,0.845,130.0,25.0,231.7,5152.24
AGR_Sou_2019_00297,South_Zone,TN_Delta,2019,Kharif,Maize,26.14,37.78,1553.99,95.0,12.1,6.72,0.296,126.6,20.8,223.1,3689.25
AGR_Sou_2019_00298,South_Zone,Kerala_Highland,2019,Kharif,Cotton,26.34,36.06,1433.27,89.55,10.68,7.16,0.454,191.8,22.6,257.9,2914.03
AGR_Sou_2018_00299,South_Zone,Kerala_Highland,2018,Rabi,Soybean,21.76,30.13,189.99,42.87,13.87,6.72,0.686,123.4,21.9,264.7,2549.17
AGR_Sou_2022_00300,South_Zone,Karnataka_Deccan,2022,Rabi,Rice,22.0,32.88,291.57,36.16,11.22,6.81,0.354,145.0,8.0,189.6,4559.62
AGR_Sou_2018_00301,South_Zone,Karnataka_Deccan,2018,Kharif,Rice,24.0,31.52,1662.41,95.0,10.0,6.32,0.464,178.7,30.3,195.9,4857.73
AGR_Sou_2018_00302,South_Zone,Karnataka_Deccan,2018,Zaid,Cotton,29.8,40.38,113.17,64.18,10.7,6.52,0.363,220.1,16.6,183.4,2458.0
AGR_Sou_2023_00303,South_Zone,TN_Delta,2023,Rabi,Wheat,20.19,31.13,225.92,59.74,15.42,6.31,0.648,179.2,21.7,207.0,4241.52
AGR_Sou_2023_00304,South_Zone,Karnataka_Deccan,2023,Rabi,Pulses,19.93,32.7,158.15,60.57,12.9,7.1,0.527,181.3,23.1,213.3,1546.25
AGR_Sou_2022_00305,South_Zone,Karnataka_Deccan,2022,Rabi,Maize,22.28,35.22,208.09,42.81,11.91,5.8,0.686,90.0,16.0,210.5,3196.99
AGR_Sou_2019_00306,South_Zone,AP_Coastal,2019,Kharif,Rice,26.53,34.36,965.52,86.38,10.0,7.71,0.482,120.2,13.7,209.4,4881.44
AGR_Sou_2021_00307,South_Zone,TN_Delta,2021,Rabi,Maize,20.59,32.01,327.89,46.95,15.64,7.4,0.489,90.0,22.5,141.7,3268.76
AGR_Sou_2019_00308,South_Zone,Karnataka_Deccan,2019,Rabi,Wheat,22.6,36.58,250.3,58.66,11.38,7.22,0.904,154.6,24.5,141.2,4211.11
AGR_Sou_2019_00309,South_Zone,Karnataka_Deccan,2019,Kharif,Soybean,23.46,36.54,1303.23,92.12,10.0,7.21,0.696,176.7,18.2,227.5,3257.39
AGR_Sou_2018_00310,South_Zone,Karnataka_Deccan,2018,Rabi,Cotton,18.96,30.46,247.62,70.26,13.29,5.75,0.872,159.8,26.5,186.9,2876.41
AGR_Sou_2023_00311,South_Zone,AP_Coastal,2023,Kharif,Wheat,,37.42,1672.25,95.0,10.0,8.22,0.629,200.3,8.2,215.1,4522.53
AGR_Sou_2022_00312,South_Zone,TN_Delta,2022,Rabi,Wheat,21.93,35.33,233.88,63.31,10.0,6.36,0.606,176.2,22.9,249.6,4134.88
AGR_Sou_2018_00313,South_Zone,TN_Delta,2018,Rabi,Soybean,22.4,30.5,285.67,65.45,11.75,7.03,0.63,152.7,19.2,217.6,2778.69
AGR_Sou_2023_00314,South_Zone,Karnataka_Deccan,2023,Kharif,Pulses,25.08,34.75,1384.05,95.0,10.0,7.44,0.664,110.6,21.6,223.8,2221.38
AGR_Sou_2019_00315,South_Zone,AP_Coastal,2019,Rabi,Rice,23.13,35.18,252.84,61.22,12.27,7.11,0.465,157.9,24.8,193.4,4498.55
AGR_Sou_2023_00316,South_Zone,TN_Delta,2023,Kharif,Cotton,26.49,33.57,1627.0,,10.0,6.89,0.566,171.1,30.3,171.1,2819.19
AGR_Sou_2023_00317,South_Zone,Kerala_Highland,2023,Kharif,Rice,23.25,32.61,944.17,65.22,12.61,6.7,0.749,181.8,13.8,194.0,5414.52
AGR_Sou_2021_00318,South_Zone,TN_Delta,2021,Kharif,Soybean,28.23,41.03,1333.62,94.15,10.0,7.0,0.422,183.6,21.0,245.9,3073.16
AGR_Sou_2023_00319,South_Zone,AP_Coastal,2023,Rabi,Wheat,22.68,30.89,257.01,46.64,12.63,6.39,0.595,105.7,34.8,241.5,3978.89
AGR_Sou_2021_00320,South_Zone,AP_Coastal,2021,Kharif,Wheat,26.16,36.54,1109.83,92.99,10.0,6.33,0.458,189.2,26.3,216.8,4532.47
AGR_Sou_2023_00321,South_Zone,AP_Coastal,2023,Kharif,Soybean,26.07,35.0,2049.01,95.0,10.0,6.92,0.601,250.0,8.6,188.9,2862.15
AGR_Sou_2021_00322,South_Zone,Kerala_Highland,2021,Rabi,Maize,23.22,31.37,396.72,68.08,10.84,7.35,0.667,243.4,15.5,146.2,4568.76
AGR_Sou_2020_00323,South_Zone,Kerala_Highland,2020,Kharif,Wheat,27.13,39.5,771.01,76.69,10.0,6.69,0.646,186.0,16.1,255.7,4618.15
AGR_Sou_2021_00324,South_Zone,AP_Coastal,2021,Kharif,Cotton,27.23,39.91,1288.9,70.04,10.52,6.4,0.829,144.9,20.3,246.0,2925.73
AGR_Sou_2023_00325,South_Zone,TN_Delta,2023,Rabi,Cotton,22.77,33.41,179.02,71.01,12.44,6.76,0.598,140.0,11.2,258.5,2253.58
AGR_Sou_2019_00326,South_Zone,AP_Coastal,2019,Zaid,Maize,28.82,42.76,115.93,,15.29,5.94,0.405,134.6,15.2,328.9,2915.19
AGR_Sou_2022_00327,South_Zone,TN_Delta,2022,Rabi,Rice,,32.57,226.4,48.67,12.79,7.06,0.519,167.0,27.6,228.7,4336.61
AGR_Sou_2018_00328,South_Zone,TN_Delta,2018,Rabi,Cotton,20.15,29.08,263.77,70.34,10.54,7.66,0.417,176.9,18.6,190.9,2428.47
AGR_Sou_2021_00329,South_Zone,Karnataka_Deccan,2021,Kharif,Rice,23.08,35.2,1416.39,95.0,10.0,7.4,0.632,199.8,27.9,295.8,5465.51
AGR_Sou_2021_00330,South_Zone,AP_Coastal,2021,Rabi,Wheat,24.04,33.06,,57.09,12.37,7.92,0.632,178.1,25.1,290.9,4186.95
AGR_Sou_2020_00331,South_Zone,AP_Coastal,2020,Kharif,Soybean,27.45,38.28,1023.29,95.0,10.0,7.47,0.971,156.1,21.0,154.6,3615.8
AGR_Sou_2018_00332,South_Zone,TN_Delta,2018,Rabi,Cotton,21.35,28.49,77.47,48.42,12.36,6.13,0.59,154.9,17.5,204.8,1991.41
AGR_Sou_2018_00333,South_Zone,TN_Delta,2018,Rabi,Pulses,22.32,33.32,200.2,47.37,15.29,6.82,0.268,177.1,26.1,271.4,1670.94
AGR_Sou_2023_00334,South_Zone,TN_Delta,2023,Kharif,Maize,23.78,32.8,773.63,76.47,10.0,7.65,0.346,171.7,19.5,223.5,3809.75
AGR_Sou_2023_00335,South_Zone,Karnataka_Deccan,2023,Kharif,Pulses,27.21,36.23,1574.84,95.0,10.0,6.72,0.79,103.9,26.0,226.7,2194.4
AGR_Sou_2019_00336,South_Zone,Karnataka_Deccan,2019,Rabi,Soybean,25.3,37.31,152.99,52.23,13.84,6.97,0.726,173.1,17.8,112.3,2581.73
AGR_Sou_2018_00337,South_Zone,Kerala_Highland,2018,Zaid,Wheat,27.47,39.95,33.62,63.78,13.28,6.88,0.574,198.8,25.9,186.2,3765.52
AGR_Sou_2020_00338,South_Zone,Karnataka_Deccan,2020,Rabi,Cotton,23.62,,224.32,80.87,10.0,8.21,0.912,207.0,19.9,217.1,2470.32
AGR_Sou_2022_00339,South_Zone,TN_Delta,2022,Zaid,Rice,27.51,37.6,128.71,52.8,11.11,6.35,0.51,198.1,15.8,151.1,4186.63
AGR_Sou_2018_00340,South_Zone,TN_Delta,2018,Zaid,Pulses,27.86,41.2,130.69,58.09,12.65,6.2,0.676,185.8,18.6,194.6,1256.82
AGR_Sou_2020_00341,South_Zone,Karnataka_Deccan,2020,Zaid,Cotton,29.0,39.95,205.14,60.46,15.65,7.01,0.947,254.2,30.2,209.8,2815.14
AGR_Sou_2019_00342,South_Zone,AP_Coastal,2019,Kharif,Wheat,24.93,35.22,699.54,76.4,11.71,5.93,0.6,131.8,22.7,262.6,4389.2
AGR_Sou_2022_00343,South_Zone,Kerala_Highland,2022,Kharif,Wheat,26.68,38.98,865.86,87.82,10.0,7.4,0.556,115.8,27.7,179.2,4136.32
AGR_Sou_2018_00344,South_Zone,AP_Coastal,2018,Rabi,Rice,20.08,29.08,227.51,39.93,15.5,6.46,0.828,188.7,20.0,162.5,4941.95
AGR_Sou_2018_00345,South_Zone,AP_Coastal,2018,Rabi,Wheat,22.73,35.85,,61.37,13.31,6.56,0.522,257.9,30.0,207.8,4455.65
AGR_Sou_2019_00346,South_Zone,Kerala_Highland,2019,Kharif,Wheat,25.44,37.85,1808.04,95.0,10.0,6.91,0.475,142.0,27.9,250.4,3642.8
AGR_Sou_2022_00347,South_Zone,AP_Coastal,2022,Rabi,Pulses,20.89,,250.01,49.77,13.85,7.24,0.456,160.4,13.4,204.2,1453.31
AGR_Sou_2023_00348,South_Zone,Karnataka_Deccan,2023,Kharif,Soybean,28.11,38.53,598.22,50.53,14.96,6.56,0.529,163.7,20.3,250.1,3001.36
AGR_Sou_2021_00349,South_Zone,AP_Coastal,2021,Rabi,Wheat,,28.14,256.7,53.22,14.71,6.47,0.71,153.0,20.3,110.0,4034.98
AGR_Sou_2021_00350,South_Zone,Kerala_Highland,2021,Kharif,Rice,24.54,31.58,1370.1,95.0,11.6,6.21,0.677,211.9,35.6,277.3,5351.52
AGR_Sou_2018_00351,South_Zone,TN_Delta,2018,Rabi,Maize,23.16,37.0,156.58,52.71,12.96,6.7,0.397,153.9,25.1,226.0,3446.26
AGR_Sou_2021_00352,South_Zone,Karnataka_Deccan,2021,Rabi,Pulses,22.13,36.05,197.83,44.59,14.18,6.58,0.704,177.0,18.6,312.7,1662.56
AGR_Sou_2021_00353,South_Zone,TN_Delta,2021,Rabi,Rice,20.16,30.06,332.82,59.24,10.34,7.01,0.54,245.0,26.4,204.3,4827.65
AGR_Sou_2023_00354,South_Zone,Kerala_Highland,2023,Kharif,Wheat,24.97,38.4,1134.05,85.82,10.67,6.99,0.521,211.1,15.7,217.7,4753.48
AGR_Sou_2018_00355,South_Zone,Kerala_Highland,2018,Kharif,Wheat,25.52,35.67,434.81,63.1,12.87,6.6,0.321,236.9,13.8,210.7,4770.41
AGR_Sou_2020_00356,South_Zone,Karnataka_Deccan,2020,Kharif,Pulses,26.73,36.96,1111.06,86.84,10.0,7.24,0.431,214.9,17.4,270.7,2261.45
AGR_Sou_2018_00357,South_Zone,TN_Delta,2018,Rabi,Pulses,21.17,32.53,196.13,65.14,10.0,7.13,0.651,157.3,33.3,249.1,1567.74
AGR_Sou_2021_00358,South_Zone,Karnataka_Deccan,2021,Zaid,Maize,23.89,37.86,114.6,58.73,14.84,6.77,0.524,193.6,32.5,231.1,3395.22
AGR_Sou_2018_00359,South_Zone,Karnataka_Deccan,2018,Kharif,Cotton,27.74,38.46,1009.68,64.53,10.51,6.87,0.882,127.7,27.2,202.7,2975.49
AGR_Sou_2019_00360,South_Zone,AP_Coastal,2019,Rabi,Soybean,23.53,32.7,335.75,70.34,11.47,5.99,0.483,98.6,19.9,168.9,2717.19
AGR_Sou_2019_00361,South_Zone,Karnataka_Deccan,2019,Kharif,Pulses,24.82,36.91,1095.2,95.0,10.0,7.85,0.375,249.3,27.6,178.7,2321.82
AGR_Sou_2019_00362,South_Zone,Karnataka_Deccan,2019,Rabi,Wheat,22.08,35.47,227.74,55.91,13.01,7.06,0.345,204.5,13.1,241.6,4184.8
AGR_Sou_2023_00363,South_Zone,Karnataka_Deccan,2023,Kharif,Cotton,27.05,40.42,987.92,85.02,10.0,6.89,0.697,199.0,21.5,212.2,2929.14
AGR_Sou_2021_00364,South_Zone,TN_Delta,2021,Rabi,Soybean,20.08,29.85,356.49,73.85,13.09,6.23,0.494,159.8,27.1,157.1,2986.85
AGR_Sou_2020_00365,South_Zone,Karnataka_Deccan,2020,Kharif,Maize,27.04,38.57,335.49,70.31,11.28,6.98,0.544,219.7,22.5,180.2,3690.16
AGR_Sou_2023_00366,South_Zone,TN_Delta,2023,Kharif,Wheat,26.48,37.18,1329.87,94.66,10.0,7.53,0.591,174.4,15.0,232.9,4634.49
AGR_Sou_2019_00367,South_Zone,Karnataka_Deccan,2019,Rabi,Maize,22.71,29.88,220.09,71.23,10.0,7.25,0.426,195.9,21.0,185.8,3635.23
AGR_Sou_2019_00368,South_Zone,TN_Delta,2019,Kharif,Soybean,24.71,38.08,,95.0,10.0,6.85,0.523,128.0,10.5,179.7,2830.98
AGR_Sou_2022_00369,South_Zone,AP_Coastal,2022,Rabi,Soybean,22.17,30.47,212.76,65.9,16.47,6.6,0.96,149.4,21.3,188.1,2723.99
AGR_Sou_2021_00370,South_Zone,Kerala_Highland,2021,Rabi,Wheat,22.92,36.01,212.12,52.43,15.48,6.49,0.706,233.4,25.2,221.5,4808.48
AGR_Sou_2019_00371,South_Zone,TN_Delta,2019,Kharif,Pulses,28.08,38.95,696.71,77.42,11.06,6.69,0.531,170.9,28.0,149.3,2195.22
AGR_Sou_2023_00372,South_Zone,Karnataka_Deccan,2023,Kharif,Cotton,25.92,38.16,985.59,77.17,12.76,6.58,0.526,193.4,21.0,196.0,2825.27
AGR_Sou_2021_00373,South_Zone,TN_Delta,2021,Kharif,Rice,26.53,34.2,1611.45,95.0,10.0,7.4,0.728,179.1,16.7,232.0,5126.31
AGR_Sou_2023_00374,South_Zone,Karnataka_Deccan,2023,Rabi,Cotton,21.53,33.72,294.17,60.79,12.67,6.98,0.834,152.6,24.9,235.5,2694.96
AGR_Sou_2019_00375,South_Zone,AP_Coastal,2019,Kharif,Rice,24.39,32.17,457.69,69.95,10.33,5.82,0.685,224.6,18.0,284.8,5614.47
AGR_Sou_2021_00376,South_Zone,Kerala_Highland,2021,Rabi,Soybean,21.78,31.26,184.0,69.17,10.26,6.78,0.633,261.0,20.4,255.0,2755.74
AGR_Sou_2021_00377,South_Zone,TN_Delta,2021,Kharif,Wheat,24.61,36.89,713.57,82.03,10.0,6.91,0.454,186.9,35.7,178.6,4472.8
AGR_Sou_2022_00378,South_Zone,Kerala_Highland,2022,Rabi,Rice,19.78,33.77,,68.21,10.0,6.17,0.595,176.2,23.8,266.3,4795.19
AGR_Sou_2021_00379,South_Zone,AP_Coastal,2021,Rabi,Wheat,26.8,33.86,441.08,80.22,10.63,6.76,0.714,188.0,17.6,221.0,4781.78
AGR_Sou_2019_00380,South_Zone,AP_Coastal,2019,Rabi,Soybean,19.06,31.92,251.66,50.3,14.05,6.53,0.886,131.0,25.4,197.6,2785.36
AGR_Sou_2021_00381,South_Zone,Karnataka_Deccan,2021,Rabi,Wheat,22.42,31.05,293.64,78.55,11.47,7.49,0.768,166.2,22.5,249.1,4164.32
AGR_Sou_2022_00382,South_Zone,AP_Coastal,2022,Zaid,Cotton,27.58,38.91,103.01,44.14,15.78,8.07,0.697,257.8,10.2,154.2,2393.4
AGR_Sou_2021_00383,South_Zone,TN_Delta,2021,Rabi,Soybean,23.22,32.88,216.95,67.84,11.46,8.11,0.489,151.6,17.3,310.3,2733.56
AGR_Sou_2023_00384,South_Zone,Karnataka_Deccan,2023,Kharif,Soybean,28.16,35.71,1019.62,69.37,14.52,7.43,0.691,114.5,24.4,198.3,3116.22
AGR_Sou_2021_00385,South_Zone,Kerala_Highland,2021,Rabi,Rice,24.05,,130.62,56.74,10.57,8.26,0.749,155.8,22.3,144.4,4488.22
AGR_Sou_2021_00386,South_Zone,TN_Delta,2021,Rabi,Soybean,23.55,32.75,292.64,59.89,13.51,7.3,0.39,182.6,17.3,121.6,2830.2
AGR_Sou_2023_00387,South_Zone,Karnataka_Deccan,2023,Kharif,Cotton,27.61,40.73,621.14,69.3,15.81,6.82,0.584,162.2,35.3,242.4,2609.06
AGR_Sou_2020_00388,South_Zone,Karnataka_Deccan,2020,Kharif,Maize,27.62,38.97,730.0,59.63,10.03,6.42,0.895,182.2,32.9,238.2,4346.19
AGR_Sou_2018_00389,South_Zone,AP_Coastal,2018,Kharif,Soybean,24.61,37.16,917.1,87.95,10.0,7.41,0.449,185.4,17.9,276.5,3334.03
AGR_Sou_2023_00390,South_Zone,AP_Coastal,2023,Kharif,Cotton,26.37,38.42,1642.39,95.0,10.0,6.31,0.727,149.6,20.0,110.0,2956.14
AGR_Sou_2020_00391,South_Zone,AP_Coastal,2020,Kharif,Maize,,34.24,689.54,81.61,10.39,7.89,0.421,118.0,27.6,193.8,3721.68
AGR_Sou_2019_00392,South_Zone,AP_Coastal,2019,Rabi,Rice,21.04,31.77,254.07,54.24,13.16,6.7,0.662,201.5,25.7,240.4,4563.18
AGR_Sou_2022_00393,South_Zone,TN_Delta,2022,Rabi,Maize,20.4,33.89,290.46,67.13,15.97,6.85,0.26,187.1,21.4,110.0,3485.73
AGR_Sou_2018_00394,South_Zone,Karnataka_Deccan,2018,Kharif,Pulses,25.88,32.89,1287.76,77.36,10.26,6.44,0.445,122.2,19.7,172.9,2066.64
AGR_Sou_2022_00395,South_Zone,AP_Coastal,2022,Kharif,Rice,29.72,41.27,1572.59,95.0,10.0,5.63,0.719,192.8,22.5,174.8,5207.62
AGR_Sou_2022_00396,South_Zone,Kerala_Highland,2022,Kharif,Rice,26.76,,661.99,72.43,10.0,6.72,0.789,140.1,19.4,138.9,5013.04
AGR_Sou_2018_00397,South_Zone,AP_Coastal,2018,Rabi,Cotton,22.54,33.23,84.24,59.15,11.73,6.12,0.587,148.1,15.5,253.3,2018.87
AGR_Sou_2022_00398,South_Zone,TN_Delta,2022,Rabi,Pulses,22.73,30.53,268.38,57.32,10.0,6.43,0.329,210.3,13.7,147.5,1659.06
AGR_Sou_2022_00399,South_Zone,Karnataka_Deccan,2022,Rabi,Wheat,21.14,,227.47,54.13,11.71,6.79,0.379,159.7,26.7,197.9,3721.29
AGR_Sou_2023_00400,South_Zone,Kerala_Highland,2023,Rabi,Pulses,22.45,33.86,189.65,56.4,13.03,5.81,0.62,201.3,17.2,273.7,1690.71
AGR_Sou_2021_00401,South_Zone,AP_Coastal,2021,Zaid,Maize,,39.39,133.35,53.48,12.91,6.89,0.581,225.1,19.3,258.6,3748.57
AGR_Sou_2021_00402,South_Zone,AP_Coastal,2021,Rabi,Wheat,19.07,28.87,195.98,61.16,11.27,6.17,0.415,148.7,23.9,193.9,3376.26
AGR_Sou_2019_00403,South_Zone,AP_Coastal,2019,Rabi,Cotton,25.27,32.54,134.69,59.39,10.42,6.42,0.647,177.1,22.9,110.0,2340.67
AGR_Sou_2019_00404,South_Zone,AP_Coastal,2019,Kharif,Pulses,26.26,39.14,1137.25,,10.0,6.77,0.712,235.1,28.4,310.6,2451.03
AGR_Sou_2021_00405,South_Zone,Karnataka_Deccan,2021,Kharif,Soybean,23.96,37.04,,87.55,10.0,7.02,0.667,210.5,23.1,204.4,3284.7
AGR_Sou_2018_00406,South_Zone,AP_Coastal,2018,Kharif,Pulses,26.15,38.91,986.61,80.53,13.45,6.55,0.61,184.2,27.1,158.2,2043.17
AGR_Sou_2022_00407,South_Zone,TN_Delta,2022,Rabi,Rice,21.7,31.42,212.04,48.48,14.54,7.27,0.81,197.0,22.0,217.3,5050.3
AGR_Sou_2023_00408,South_Zone,AP_Coastal,2023,Kharif,Rice,27.12,38.66,918.62,78.96,10.0,7.27,0.696,201.9,32.7,170.9,5402.79
AGR_Sou_2021_00409,South_Zone,TN_Delta,2021,Kharif,Wheat,24.84,34.94,1490.94,95.0,10.92,6.38,0.571,163.2,20.7,173.1,4448.2
AGR_Sou_2021_00410,South_Zone,Kerala_Highland,2021,Rabi,Wheat,23.38,32.62,207.18,76.32,10.0,6.96,0.669,166.7,19.4,218.0,4058.63
AGR_Sou_2019_00411,South_Zone,Kerala_Highland,2019,Rabi,Maize,19.29,27.39,187.08,51.43,10.81,7.31,0.859,174.7,16.6,172.8,3638.1
AGR_Sou_2019_00412,South_Zone,Kerala_Highland,2019,Rabi,Pulses,23.32,30.36,246.78,52.08,15.08,6.65,0.391,243.6,12.3,202.5,1797.22
AGR_Sou_2019_00413,South_Zone,TN_Delta,2019,Kharif,Wheat,24.95,35.0,1232.53,,10.0,7.17,0.563,204.9,24.0,265.6,4792.71
AGR_Sou_2020_00414,South_Zone,Karnataka_Deccan,2020,Rabi,Cotton,23.14,35.47,267.96,63.42,11.93,6.68,0.679,217.1,29.5,181.0,2713.9
AGR_Sou_2023_00415,South_Zone,Karnataka_Deccan,2023,Kharif,Wheat,24.54,37.98,964.16,69.48,10.26,6.4,0.615,160.4,21.8,151.0,4259.28
AGR_Sou_2018_00416,South_Zone,TN_Delta,2018,Kharif,Cotton,28.04,39.51,1838.72,95.0,10.0,6.52,0.819,179.6,23.8,301.3,2597.73
AGR_Sou_2022_00417,South_Zone,Kerala_Highland,2022,Rabi,Cotton,23.46,32.57,219.76,55.03,12.83,7.63,0.735,181.3,20.4,278.6,2878.55
AGR_Sou_2022_00418,South_Zone,AP_Coastal,2022,Rabi,Wheat,20.72,32.57,205.8,50.93,14.51,6.24,0.535,151.2,25.2,262.4,3498.76
AGR_Sou_2021_00419,South_Zone,Karnataka_Deccan,2021,Kharif,Pulses,,33.78,1278.77,95.0,10.26,6.66,0.683,180.1,18.1,243.1,2343.37
AGR_Sou_2021_00420,South_Zone,Karnataka_Deccan,2021,Rabi,Cotton,21.05,30.08,176.81,,13.61,6.81,0.41,167.4,24.9,209.1,2026.27
AGR_Sou_2022_00421,South_Zone,AP_Coastal,2022,Kharif,Maize,25.43,34.54,743.32,73.79,10.0,6.51,0.715,137.1,26.8,173.7,4200.6
AGR_Sou_2018_00422,South_Zone,AP_Coastal,2018,Kharif,Soybean,25.62,33.19,1281.09,80.06,10.4,7.17,0.882,225.8,16.1,219.5,3593.09
AGR_Sou_2018_00423,South_Zone,Kerala_Highland,2018,Rabi,Wheat,19.79,29.23,134.08,59.44,10.0,7.33,0.672,215.6,26.2,260.6,4228.07
AGR_Sou_2020_00424,South_Zone,AP_Coastal,2020,Kharif,Soybean,23.8,33.65,766.88,92.49,10.0,6.74,0.785,145.0,15.0,237.3,3518.99
AGR_Sou_2020_00425,South_Zone,TN_Delta,2020,Rabi,Soybean,,31.39,300.58,80.59,10.1,6.58,0.832,168.9,16.7,279.9,2989.35
AGR_Sou_2018_00426,South_Zone,AP_Coastal,2018,Kharif,Soybean,26.11,37.83,686.54,76.16,10.51,5.9,0.568,178.3,26.1,157.8,3070.54
AGR_Sou_2018_00427,South_Zone,Karnataka_Deccan,2018,Kharif,Cotton,24.91,35.82,1098.91,70.47,11.13,6.39,0.445,183.2,15.5,215.3,3041.85
AGR_Sou_2021_00428,South_Zone,AP_Coastal,2021,Kharif,Pulses,26.08,39.13,768.4,63.9,10.15,7.23,0.524,141.7,22.5,174.5,2138.16
AGR_Sou_2022_00429,South_Zone,Karnataka_Deccan,2022,Rabi,Wheat,23.23,33.27,42.78,52.0,12.51,6.75,0.69,160.2,21.4,211.5,3295.25
AGR_Sou_2020_00430,South_Zone,Karnataka_Deccan,2020,Kharif,Rice,25.7,36.0,1172.36,87.39,10.0,5.84,0.543,148.5,30.6,222.1,5139.15
AGR_Sou_2019_00431,South_Zone,Kerala_Highland,2019,Kharif,Rice,27.33,34.56,982.96,68.19,11.53,6.09,0.506,176.9,19.0,146.9,5367.27
AGR_Sou_2022_00432,South_Zone,TN_Delta,2022,Rabi,Pulses,21.47,33.66,312.83,52.28,12.59,7.47,0.609,188.2,28.6,252.5,2208.4
AGR_Sou_2022_00433,South_Zone,Kerala_Highland,2022,Kharif,Maize,24.47,33.39,1111.4,83.26,11.9,6.03,0.565,146.9,23.5,270.8,4136.06
AGR_Sou_2019_00434,South_Zone,Kerala_Highland,2019,Kharif,Cotton,25.49,37.18,1367.58,95.0,10.0,6.65,0.388,187.4,15.9,181.4,2860.2
AGR_Sou_2022_00435,South_Zone,AP_Coastal,2022,Kharif,Soybean,24.54,31.85,615.32,61.99,10.05,6.83,0.93,195.0,19.1,143.9,3587.43
AGR_Sou_2022_00436,South_Zone,Karnataka_Deccan,2022,Rabi,Cotton,22.24,34.92,338.34,53.84,13.84,6.17,0.548,194.3,17.8,317.5,2984.47
AGR_Sou_2022_00437,South_Zone,TN_Delta,2022,Kharif,Rice,26.99,35.41,919.39,65.52,10.05,6.85,0.492,223.0,25.3,161.7,5335.88
AGR_Sou_2019_00438,South_Zone,Kerala_Highland,2019,Kharif,Wheat,24.21,36.42,,69.71,10.0,6.07,0.49,200.9,11.5,194.7,4786.9
AGR_Sou_2023_00439,South_Zone,TN_Delta,2023,Zaid,Soybean,27.84,39.85,40.29,,12.98,5.69,0.753,158.0,18.2,212.3,1917.78
AGR_Sou_2019_00440,South_Zone,AP_Coastal,2019,Kharif,Cotton,27.96,40.75,971.08,85.03,11.64,6.17,0.759,182.7,16.4,209.1,2885.95
AGR_Sou_2021_00441,South_Zone,Kerala_Highland,2021,Rabi,Rice,23.61,33.94,208.78,52.34,15.35,6.19,0.737,170.3,26.4,173.0,4674.29
AGR_Sou_2019_00442,South_Zone,AP_Coastal,2019,Rabi,Cotton,21.27,29.93,285.48,55.95,14.5,6.6,0.654,178.7,27.3,216.1,2421.02
AGR_Sou_2020_00443,South_Zone,AP_Coastal,2020,Rabi,Cotton,21.97,33.86,210.87,66.07,14.18,7.42,0.438,217.7,23.4,150.1,2523.13
AGR_Sou_2020_00444,South_Zone,AP_Coastal,2020,Kharif,Cotton,26.59,39.81,1517.43,91.4,10.11,7.92,0.537,177.1,27.7,265.7,2797.74
AGR_Sou_2023_00445,South_Zone,Kerala_Highland,2023,Kharif,Maize,,37.09,982.68,66.09,13.61,6.54,0.702,179.6,12.3,267.1,4362.36
AGR_Sou_2023_00446,South_Zone,TN_Delta,2023,Kharif,Wheat,27.33,35.64,1599.45,95.0,15.23,6.2,0.526,225.9,12.4,333.7,4735.79
AGR_Sou_2018_00447,South_Zone,AP_Coastal,2018,Rabi,Rice,,27.43,41.38,38.42,13.53,7.23,0.801,152.8,24.7,265.3,4209.95
AGR_Sou_2019_00448,South_Zone,Kerala_Highland,2019,Rabi,Wheat,18.63,30.11,295.23,49.58,15.24,7.12,0.497,195.8,15.2,228.2,4087.0
AGR_Sou_2021_00449,South_Zone,TN_Delta,2021,Rabi,Pulses,24.92,38.58,159.91,58.93,13.98,5.38,0.384,157.1,26.0,216.7,1844.78
AGR_Sou_2022_00450,South_Zone,AP_Coastal,2022,Kharif,Rice,26.07,37.88,1174.98,93.13,10.41,7.38,0.664,201.4,26.5,241.5,5267.39
AGR_Sou_2021_00451,South_Zone,Kerala_Highland,2021,Rabi,Pulses,23.13,31.33,171.85,,11.34,5.68,0.794,213.5,8.0,217.3,1744.08
AGR_Sou_2023_00452,South_Zone,AP_Coastal,2023,Kharif,Soybean,24.34,,1184.55,72.95,13.32,6.42,0.477,127.7,21.2,234.4,2984.97
AGR_Sou_2019_00453,South_Zone,Kerala_Highland,2019,Rabi,Wheat,20.32,29.57,143.92,50.81,14.03,7.41,0.682,158.6,21.1,189.9,3977.54
AGR_Sou_2020_00454,South_Zone,Karnataka_Deccan,2020,Kharif,Wheat,25.75,33.84,,80.16,10.0,7.7,0.581,185.4,27.5,281.6,4731.44
AGR_Sou_2023_00455,South_Zone,Karnataka_Deccan,2023,Kharif,Cotton,28.84,38.0,1128.12,69.6,13.18,6.37,0.302,110.0,19.1,242.0,2428.95
AGR_Sou_2018_00456,South_Zone,TN_Delta,2018,Rabi,Rice,,31.73,134.74,71.47,10.0,6.88,0.855,207.3,20.8,246.2,4977.99
AGR_Sou_2022_00457,South_Zone,TN_Delta,2022,Kharif,Wheat,24.65,35.01,666.27,77.01,10.0,6.49,0.51,166.6,9.1,250.1,4292.8
AGR_Sou_2019_00458,South_Zone,Karnataka_Deccan,2019,Zaid,Cotton,30.18,43.29,110.34,47.92,13.81,6.51,0.514,280.0,31.3,170.9,2370.7
AGR_Sou_2023_00459,South_Zone,Karnataka_Deccan,2023,Rabi,Soybean,19.55,30.54,220.37,66.84,14.42,7.11,0.542,190.8,18.9,274.4,2676.29
AGR_Sou_2018_00460,South_Zone,Karnataka_Deccan,2018,Kharif,Soybean,27.74,39.78,1809.39,95.0,10.0,7.63,0.496,213.1,19.9,157.6,2726.1
AGR_Sou_2019_00461,South_Zone,AP_Coastal,2019,Kharif,Rice,26.6,37.64,1347.14,,10.0,6.43,0.529,223.7,29.6,201.0,5357.86
AGR_Sou_2023_00462,South_Zone,AP_Coastal,2023,Rabi,Cotton,23.84,36.4,184.75,67.89,15.37,6.73,0.36,213.1,16.4,146.6,2630.48
AGR_Sou_2022_00463,South_Zone,Karnataka_Deccan,2022,Rabi,Wheat,23.15,31.6,214.65,59.51,14.03,7.92,0.564,240.3,13.8,194.5,4280.94
AGR_Sou_2022_00464,South_Zone,Kerala_Highland,2022,Rabi,Pulses,23.0,30.4,375.13,57.72,10.0,7.77,0.41,191.4,26.5,160.5,2151.96
AGR_Sou_2022_00465,South_Zone,AP_Coastal,2022,Rabi,Pulses,23.05,30.98,205.03,60.34,13.25,5.7,0.734,173.6,15.2,241.6,1902.28
AGR_Sou_2020_00466,South_Zone,AP_Coastal,2020,Kharif,Maize,22.97,35.16,921.51,83.11,10.0,7.1,0.609,205.3,19.5,259.7,4252.49
AGR_Sou_2022_00467,South_Zone,AP_Coastal,2022,Kharif,Cotton,27.2,38.53,1229.61,95.0,10.0,5.77,0.384,182.5,25.7,204.4,2622.66
AGR_Sou_2018_00468,South_Zone,AP_Coastal,2018,Kharif,Pulses,27.74,38.39,1418.02,95.0,12.24,5.2,0.491,160.8,30.0,191.9,2125.82
AGR_Sou_2020_00469,South_Zone,AP_Coastal,2020,Kharif,Rice,25.28,,1181.74,95.0,10.0,6.99,0.4,151.0,19.7,153.0,4829.75
AGR_Sou_2023_00470,South_Zone,Karnataka_Deccan,2023,Kharif,Pulses,25.33,38.58,1307.22,91.62,10.0,6.74,0.594,97.0,20.1,195.6,1855.36
AGR_Sou_2023_00471,South_Zone,Karnataka_Deccan,2023,Zaid,Pulses,26.61,39.81,80.33,48.33,13.95,6.75,0.394,176.7,14.2,210.0,1448.25
AGR_Sou_2023_00472,South_Zone,AP_Coastal,2023,Rabi,Maize,22.81,30.53,129.22,38.1,11.79,6.28,0.258,121.9,16.6,194.5,3060.36
AGR_Sou_2022_00473,South_Zone,TN_Delta,2022,Rabi,Rice,21.35,31.52,161.85,61.47,10.4,6.64,0.56,179.5,22.9,151.3,4442.37
AGR_Sou_2018_00474,South_Zone,TN_Delta,2018,Zaid,Soybean,26.82,34.28,113.91,60.54,12.86,6.15,0.772,192.3,13.2,188.2,2593.41
AGR_Sou_2022_00475,South_Zone,Karnataka_Deccan,2022,Rabi,Wheat,21.83,,241.05,,10.6,6.54,0.618,160.4,19.0,259.9,4050.86
AGR_Sou_2018_00476,South_Zone,AP_Coastal,2018,Rabi,Cotton,21.86,31.37,190.73,63.95,10.0,5.91,0.301,167.7,14.3,171.8,2373.73
AGR_Sou_2018_00477,South_Zone,Kerala_Highland,2018,Kharif,Pulses,27.48,41.17,1021.82,82.46,10.36,7.32,0.442,218.0,19.6,265.4,2104.35
AGR_Sou_2022_00478,South_Zone,Karnataka_Deccan,2022,Rabi,Soybean,20.18,29.48,231.22,61.57,10.16,6.9,0.594,202.5,23.4,175.1,2554.54
AGR_Sou_2023_00479,South_Zone,AP_Coastal,2023,Kharif,Cotton,25.4,36.91,849.45,71.11,10.0,7.71,0.575,192.2,17.3,212.5,2924.44
AGR_Sou_2018_00480,South_Zone,Kerala_Highland,2018,Rabi,Cotton,22.42,30.75,271.55,56.19,13.71,6.5,0.433,171.5,25.0,215.5,2361.31
AGR_Sou_2019_00481,South_Zone,Karnataka_Deccan,2019,Rabi,Maize,21.33,29.36,247.72,74.95,11.43,6.96,0.553,240.5,27.1,254.5,3944.25
AGR_Sou_2020_00482,South_Zone,AP_Coastal,2020,Rabi,Wheat,22.87,31.05,185.4,77.15,10.69,7.56,0.814,199.7,31.9,112.2,4089.22
AGR_Sou_2023_00483,South_Zone,Karnataka_Deccan,2023,Zaid,Soybean,30.17,40.99,89.83,49.65,12.49,6.68,0.508,199.6,23.5,225.4,2046.59
AGR_Sou_2019_00484,South_Zone,Kerala_Highland,2019,Kharif,Rice,25.12,33.0,374.48,53.8,15.55,6.17,0.945,182.9,20.9,116.1,5739.31
AGR_Sou_2019_00485,South_Zone,Kerala_Highland,2019,Kharif,Wheat,24.39,33.06,1257.55,95.0,10.0,7.32,0.308,135.5,17.2,194.8,4311.14
AGR_Sou_2021_00486,South_Zone,Karnataka_Deccan,2021,Rabi,Pulses,21.49,33.76,161.54,65.73,14.33,7.05,0.602,215.7,30.1,189.0,1642.69
AGR_Sou_2020_00487,South_Zone,Karnataka_Deccan,2020,Kharif,Soybean,26.09,38.07,1395.27,93.19,10.0,6.92,0.432,184.2,32.4,253.9,2881.59
AGR_Sou_2018_00488,South_Zone,Karnataka_Deccan,2018,Kharif,Soybean,24.76,37.28,882.19,73.77,10.0,7.64,0.488,128.6,21.0,280.1,2937.55
AGR_Sou_2018_00489,South_Zone,Karnataka_Deccan,2018,Rabi,Wheat,24.98,35.29,280.95,64.8,12.11,6.21,0.871,150.9,18.6,125.4,4661.03
AGR_Sou_2022_00490,South_Zone,Karnataka_Deccan,2022,Kharif,Cotton,27.61,40.02,1364.84,89.01,10.0,7.24,0.728,236.9,17.1,204.9,3123.97
AGR_Sou_2023_00491,South_Zone,Kerala_Highland,2023,Kharif,Pulses,24.22,32.4,766.86,63.61,10.83,6.85,0.566,202.9,27.7,183.4,2293.52
AGR_Sou_2019_00492,South_Zone,Karnataka_Deccan,2019,Kharif,Pulses,26.78,34.06,918.25,71.92,13.95,7.89,0.878,147.8,25.9,110.0,2592.14
AGR_Sou_2018_00493,South_Zone,Kerala_Highland,2018,Kharif,Wheat,26.87,39.96,587.83,46.61,13.87,6.18,0.686,191.2,20.0,203.3,4367.44
AGR_Sou_2019_00494,South_Zone,Kerala_Highland,2019,Kharif,Pulses,25.69,36.0,1256.43,95.0,10.0,6.78,0.333,151.4,20.1,204.9,2197.08
AGR_Sou_2018_00495,South_Zone,AP_Coastal,2018,Kharif,Maize,24.05,33.59,424.27,70.21,11.93,6.65,0.552,118.0,17.3,235.0,3776.43
AGR_Sou_2023_00496,South_Zone,Kerala_Highland,2023,Kharif,Cotton,27.58,35.53,757.18,81.54,10.0,6.34,0.646,110.2,26.0,198.5,2821.82
AGR_Sou_2023_00497,South_Zone,Kerala_Highland,2023,Kharif,Soybean,24.27,33.77,1108.72,87.74,10.57,7.17,0.359,201.5,19.3,144.9,3340.95
AGR_Sou_2021_00498,South_Zone,Karnataka_Deccan,2021,Kharif,Rice,24.47,31.72,1254.0,95.0,11.59,7.34,0.605,169.6,29.3,167.7,5057.56
AGR_Sou_2020_00499,South_Zone,Karnataka_Deccan,2020,Kharif,Pulses,26.53,39.1,845.92,81.48,14.47,6.38,0.355,221.1,33.2,181.4,2384.16
AGR_Sou_2018_00500,South_Zone,AP_Coastal,2018,Kharif,Pulses,24.86,32.51,1384.41,87.43,10.0,7.49,0.801,246.5,19.1,184.3,2602.84
AGR_Sou_2019_00501,South_Zone,TN_Delta,2019,Rabi,Rice,22.63,36.41,118.35,61.48,10.7,5.94,0.369,154.6,18.5,208.4,3836.92
AGR_Sou_2022_00502,South_Zone,AP_Coastal,2022,Zaid,Cotton,25.85,38.59,46.81,65.89,11.36,6.74,0.442,187.7,28.7,110.0,2009.94
AGR_Sou_2019_00503,South_Zone,Kerala_Highland,2019,Zaid,Pulses,26.17,37.09,80.63,55.85,13.97,6.48,0.543,211.8,21.1,214.5,1476.26
AGR_Sou_2020_00504,South_Zone,TN_Delta,2020,Kharif,Soybean,24.69,34.16,867.35,92.12,10.0,6.37,0.743,179.7,11.6,123.3,3355.93
AGR_Sou_2019_00505,South_Zone,Karnataka_Deccan,2019,Zaid,Soybean,27.85,39.77,78.51,51.26,10.0,6.1,0.2,190.3,21.5,238.4,2232.96
AGR_Sou_2021_00506,South_Zone,Kerala_Highland,2021,Kharif,Maize,25.53,34.48,1261.27,95.0,10.0,7.1,0.661,140.7,18.0,193.9,4164.67
AGR_Sou_2018_00507,South_Zone,Karnataka_Deccan,2018,Kharif,Wheat,28.12,39.28,,95.0,10.0,7.18,0.676,185.8,16.8,217.3,4365.42
AGR_Sou_2023_00508,South_Zone,TN_Delta,2023,Rabi,Rice,23.18,34.13,,63.67,15.44,7.27,0.455,197.1,24.3,173.7,4772.14
AGR_Sou_2021_00509,South_Zone,Kerala_Highland,2021,Kharif,Soybean,26.3,36.44,,88.22,10.08,6.33,0.709,228.3,17.3,250.2,3554.54
AGR_Sou_2023_00510,South_Zone,TN_Delta,2023,Rabi,Cotton,22.82,31.1,120.61,71.9,11.74,7.18,0.46,197.8,20.9,210.0,2127.17
AGR_Sou_2019_00511,South_Zone,Kerala_Highland,2019,Zaid,Pulses,30.24,38.39,152.69,59.86,10.0,6.56,0.588,208.6,18.5,244.9,1619.14
AGR_Sou_2019_00512,South_Zone,Kerala_Highland,2019,Rabi,Pulses,21.89,33.38,278.76,71.02,10.2,6.73,0.736,147.0,29.1,241.2,2061.23
AGR_Sou_2023_00513,South_Zone,Karnataka_Deccan,2023,Kharif,Soybean,25.63,35.47,1225.95,89.32,10.3,6.45,0.812,128.1,9.9,213.3,3360.33
AGR_Sou_2023_00514,South_Zone,Kerala_Highland,2023,Rabi,Wheat,25.62,33.57,150.62,47.35,14.68,7.53,0.421,145.4,29.0,227.2,3804.95
AGR_Sou_2022_00515,South_Zone,Karnataka_Deccan,2022,Kharif,Soybean,24.57,36.08,1092.19,95.0,10.58,7.35,0.517,176.0,23.5,250.2,3030.54
AGR_Sou_2020_00516,South_Zone,AP_Coastal,2020,Kharif,Cotton,24.94,37.94,906.18,74.53,10.0,6.46,0.641,200.2,27.3,180.2,2780.96
AGR_Sou_2019_00517,South_Zone,Karnataka_Deccan,2019,Kharif,Rice,26.89,36.68,1561.67,95.0,10.0,6.17,0.383,193.6,17.8,141.4,5080.83
AGR_Sou_2018_00518,South_Zone,AP_Coastal,2018,Rabi,Pulses,22.0,31.08,232.88,63.18,10.0,5.7,0.484,173.2,33.6,230.3,1830.24
AGR_Sou_2021_00519,South_Zone,Karnataka_Deccan,2021,Rabi,Rice,22.44,35.12,146.88,52.55,15.3,6.47,0.36,132.3,23.5,291.9,3939.78
AGR_Sou_2023_00520,South_Zone,Kerala_Highland,2023,Kharif,Cotton,24.44,35.87,1487.19,95.0,10.0,6.03,0.68,261.7,24.7,191.4,3212.14
AGR_Sou_2019_00521,South_Zone,AP_Coastal,2019,Zaid,Maize,24.84,34.0,96.98,49.66,12.85,7.81,0.64,165.9,27.0,253.1,3465.15
AGR_Sou_2021_00522,South_Zone,Karnataka_Deccan,2021,Rabi,Soybean,23.59,32.74,160.54,62.98,17.0,6.43,0.2,113.8,20.8,217.4,2065.02
AGR_Sou_2018_00523,South_Zone,Kerala_Highland,2018,Rabi,Wheat,22.7,33.2,239.65,55.11,10.36,6.59,0.533,164.9,23.6,213.3,4123.61
AGR_Sou_2019_00524,South_Zone,TN_Delta,2019,Kharif,Soybean,24.32,31.81,977.95,70.05,14.16,6.77,0.524,135.1,28.1,193.4,2716.21
AGR_Sou_2019_00525,South_Zone,Kerala_Highland,2019,Kharif,Cotton,24.95,33.22,1130.1,82.89,10.0,6.69,0.682,164.5,30.2,180.3,3022.91
AGR_Sou_2022_00526,South_Zone,Karnataka_Deccan,2022,Kharif,Soybean,27.37,40.55,560.89,,12.42,6.62,0.749,148.4,28.9,253.5,2844.36
AGR_Sou_2020_00527,South_Zone,AP_Coastal,2020,Rabi,Pulses,19.4,30.09,260.07,53.72,14.44,7.27,0.2,187.0,27.7,234.3,1741.93
AGR_Sou_2018_00528,South_Zone,Karnataka_Deccan,2018,Rabi,Cotton,23.29,35.07,226.6,55.72,10.65,7.57,0.778,192.7,27.7,155.4,2588.07
AGR_Sou_2022_00529,South_Zone,AP_Coastal,2022,Kharif,Rice,24.75,36.11,1219.76,90.78,10.0,7.41,0.408,232.2,21.6,240.9,5067.94
AGR_Sou_2019_00530,South_Zone,TN_Delta,2019,Kharif,Maize,26.32,36.6,543.18,49.19,12.05,6.71,0.918,187.8,13.6,196.4,4519.22
AGR_Sou_2022_00531,South_Zone,Karnataka_Deccan,2022,Kharif,Rice,24.33,33.19,632.31,71.46,11.86,7.68,0.724,184.8,21.7,203.5,5133.0
AGR_Sou_2019_00532,South_Zone,TN_Delta,2019,Kharif,Maize,27.01,40.88,,95.0,10.0,6.94,0.714,119.5,26.6,194.3,3235.81
AGR_Sou_2022_00533,South_Zone,AP_Coastal,2022,Zaid,Soybean,26.81,37.65,,70.66,10.61,6.31,0.637,250.0,34.8,166.3,2978.55
AGR_Sou_2023_00534,South_Zone,AP_Coastal,2023,Rabi,Pulses,20.21,31.42,,53.47,12.66,6.2,0.495,131.0,18.4,233.0,1776.79
AGR_Sou_2020_00535,South_Zone,Kerala_Highland,2020,Zaid,Maize,27.43,39.92,103.12,59.55,10.0,8.25,0.485,199.0,27.6,214.6,3504.83
AGR_Sou_2023_00536,South_Zone,Karnataka_Deccan,2023,Kharif,Wheat,26.4,35.66,1238.87,95.0,10.0,6.62,0.669,189.2,18.4,138.8,4884.06
AGR_Sou_2020_00537,South_Zone,Kerala_Highland,2020,Rabi,Pulses,,28.71,277.42,62.04,12.39,7.16,0.822,169.8,18.0,167.8,1889.94
AGR_Sou_2019_00538,South_Zone,Karnataka_Deccan,2019,Zaid,Pulses,26.71,34.21,133.16,70.46,11.62,7.25,0.615,155.7,24.1,183.2,1753.48
AGR_Sou_2022_00539,South_Zone,Kerala_Highland,2022,Kharif,Rice,25.56,32.57,1563.25,95.0,10.0,7.38,0.698,190.4,22.4,323.9,5232.26
AGR_Sou_2020_00540,South_Zone,Kerala_Highland,2020,Rabi,Cotton,19.19,31.79,273.1,77.72,10.0,5.91,0.639,122.7,18.2,232.4,2613.96
AGR_Sou_2019_00541,South_Zone,TN_Delta,2019,Kharif,Rice,26.31,33.56,955.33,,10.0,7.53,0.576,194.7,22.6,191.5,5404.29
AGR_Sou_2018_00542,South_Zone,AP_Coastal,2018,Kharif,Cotton,25.22,33.68,1280.82,70.92,10.0,7.92,0.52,147.8,16.7,207.3,2881.1
AGR_Sou_2021_00543,South_Zone,TN_Delta,2021,Kharif,Wheat,25.71,35.36,1062.88,89.53,10.0,6.68,0.511,148.4,30.6,277.3,4281.67
AGR_Sou_2018_00544,South_Zone,Karnataka_Deccan,2018,Zaid,Rice,26.76,37.62,190.56,,10.0,7.22,0.701,229.5,22.6,175.2,5029.59
AGR_Sou_2021_00545,South_Zone,TN_Delta,2021,Zaid,Rice,28.38,39.6,105.34,37.28,18.62,7.07,0.588,176.9,11.7,180.2,4104.17
AGR_Sou_2020_00546,South_Zone,Karnataka_Deccan,2020,Zaid,Rice,29.78,42.73,108.03,49.47,12.23,7.17,0.715,199.8,19.3,110.0,4133.15
AGR_Sou_2020_00547,South_Zone,AP_Coastal,2020,Kharif,Wheat,23.99,36.61,1406.14,88.47,10.0,7.75,0.764,223.5,11.5,244.5,4912.39
AGR_Sou_2019_00548,South_Zone,Kerala_Highland,2019,Rabi,Maize,21.83,35.36,256.87,50.59,14.9,7.14,0.599,180.7,19.5,238.5,3907.22
AGR_Sou_2018_00549,South_Zone,TN_Delta,2018,Rabi,Wheat,20.94,32.8,297.06,53.83,15.74,6.37,0.405,194.1,19.4,237.7,4192.22
AGR_Sou_2022_00550,South_Zone,Kerala_Highland,2022,Rabi,Soybean,21.87,34.87,250.16,48.82,12.2,6.23,0.407,222.2,25.2,177.6,2744.43
AGR_Sou_2020_00551,South_Zone,Kerala_Highland,2020,Rabi,Maize,19.89,29.78,185.99,72.84,12.35,5.61,0.509,155.0,18.6,293.8,3255.79
AGR_Sou_2020_00552,South_Zone,Karnataka_Deccan,2020,Zaid,Pulses,25.64,37.2,179.15,63.76,10.53,6.92,0.26,161.4,30.2,246.9,1511.18
AGR_Sou_2023_00553,South_Zone,TN_Delta,2023,Kharif,Maize,25.55,34.69,1413.77,92.66,10.0,6.13,0.425,134.3,12.1,287.8,4048.51
AGR_Sou_2023_00554,South_Zone,AP_Coastal,2023,Kharif,Pulses,28.32,40.33,1333.49,80.44,10.0,7.14,0.378,194.0,20.0,197.4,2114.75
AGR_Sou_2019_00555,South_Zone,AP_Coastal,2019,Rabi,Pulses,23.55,31.02,261.11,47.79,12.72,6.91,0.546,161.6,18.4,242.1,1937.77
AGR_Sou_2022_00556,South_Zone,AP_Coastal,2022,Rabi,Cotton,23.24,33.58,137.13,51.67,12.06,7.24,0.622,172.2,35.0,279.1,2127.41
AGR_Sou_2019_00557,South_Zone,Karnataka_Deccan,2019,Kharif,Pulses,27.87,40.43,1097.57,90.12,10.0,7.08,0.616,156.6,31.5,200.9,1865.41
AGR_Sou_2021_00558,South_Zone,TN_Delta,2021,Rabi,Wheat,21.48,31.14,236.33,62.93,10.0,6.85,0.486,241.5,25.2,210.0,4202.38
AGR_Sou_2020_00559,South_Zone,Karnataka_Deccan,2020,Kharif,Wheat,25.4,37.41,800.35,57.7,11.07,7.07,0.811,187.4,19.8,146.0,4773.24
AGR_Sou_2021_00560,South_Zone,AP_Coastal,2021,Rabi,Cotton,23.76,36.02,121.69,72.8,13.52,7.27,0.737,159.5,13.6,177.9,2440.18
AGR_Sou_2020_00561,South_Zone,AP_Coastal,2020,Kharif,Wheat,24.38,32.93,788.64,92.95,13.01,6.16,0.558,175.7,26.4,188.8,4487.66
AGR_Sou_2021_00562,South_Zone,AP_Coastal,2021,Rabi,Cotton,23.0,33.44,82.39,39.85,13.05,6.61,0.848,190.8,12.7,192.2,2297.8
AGR_Sou_2019_00563,South_Zone,Kerala_Highland,2019,Zaid,Maize,29.18,42.48,,66.65,10.0,6.63,0.714,226.6,19.5,200.3,3540.26
AGR_Sou_2020_00564,South_Zone,Karnataka_Deccan,2020,Zaid,Pulses,29.64,39.87,116.51,50.34,12.7,6.36,0.567,130.7,14.6,151.9,1608.2
AGR_Sou_2023_00565,South_Zone,Karnataka_Deccan,2023,Rabi,Rice,20.3,33.11,123.96,53.09,15.64,7.33,0.395,119.9,20.3,166.5,3847.98
AGR_Sou_2023_00566,South_Zone,Kerala_Highland,2023,Rabi,Wheat,,29.98,283.83,57.31,15.56,6.12,0.543,238.3,19.1,257.6,4467.4
AGR_Sou_2018_00567,South_Zone,Karnataka_Deccan,2018,Zaid,Pulses,30.59,44.25,59.28,66.02,11.56,7.45,0.421,157.9,16.3,232.7,799.87
AGR_Sou_2020_00568,South_Zone,TN_Delta,2020,Kharif,Cotton,,41.22,1586.17,95.0,10.0,6.56,0.468,111.6,20.6,222.4,2560.77
AGR_Sou_2022_00569,South_Zone,TN_Delta,2022,Kharif,Soybean,28.83,35.95,1433.47,95.0,11.49,7.71,0.886,209.6,29.9,193.2,3622.37
AGR_Sou_2021_00570,South_Zone,Karnataka_Deccan,2021,Kharif,Wheat,25.83,36.97,1212.23,95.0,10.0,6.12,0.519,157.3,24.5,223.9,4463.99
AGR_Sou_2021_00571,South_Zone,AP_Coastal,2021,Kharif,Maize,26.01,35.19,1318.68,86.75,10.0,5.6,0.795,168.0,25.5,210.9,4354.19
AGR_Sou_2021_00572,South_Zone,TN_Delta,2021,Kharif,Rice,25.43,37.44,1200.72,85.99,13.55,7.03,0.505,206.0,27.1,291.6,5145.17
AGR_Sou_2021_00573,South_Zone,TN_Delta,2021,Kharif,Soybean,24.52,35.48,891.16,79.93,10.0,7.02,0.627,210.5,20.6,189.0,3658.95
AGR_Sou_2020_00574,South_Zone,TN_Delta,2020,Rabi,Pulses,23.21,35.44,227.18,66.46,10.0,6.73,0.633,126.8,21.2,181.0,1764.47
AGR_Sou_2022_00575,South_Zone,Karnataka_Deccan,2022,Rabi,Soybean,18.36,31.0,,51.85,10.0,7.53,0.644,208.8,9.2,245.0,2534.91
AGR_Sou_2018_00576,South_Zone,Karnataka_Deccan,2018,Rabi,Cotton,16.92,29.8,73.82,56.41,10.99,7.82,0.608,220.3,29.4,217.3,2245.39
AGR_Sou_2022_00577,South_Zone,Kerala_Highland,2022,Rabi,Cotton,21.96,33.54,315.13,60.51,12.53,7.29,0.368,180.7,23.2,197.7,2672.75
AGR_Sou_2022_00578,South_Zone,Karnataka_Deccan,2022,Kharif,Wheat,23.14,35.85,1129.24,95.0,10.0,7.21,0.642,210.3,22.3,268.4,4861.44
AGR_Sou_2023_00579,South_Zone,TN_Delta,2023,Kharif,Cotton,23.93,36.76,1132.26,82.49,10.0,6.2,0.637,199.1,22.9,252.7,3124.47
AGR_Sou_2021_00580,South_Zone,Karnataka_Deccan,2021,Rabi,Soybean,23.67,32.57,246.81,55.81,10.55,7.07,0.2,219.6,15.3,277.6,2847.68
AGR_Sou_2018_00581,South_Zone,AP_Coastal,2018,Zaid,Soybean,25.2,,87.34,52.62,14.17,7.03,0.679,233.5,24.9,215.1,2822.7
AGR_Sou_2022_00582,South_Zone,Kerala_Highland,2022,Kharif,Pulses,27.43,36.85,1126.29,84.04,10.0,6.46,0.593,203.1,25.8,237.4,2421.28
AGR_Sou_2023_00583,South_Zone,TN_Delta,2023,Kharif,Maize,28.77,38.23,,95.0,10.9,6.8,0.856,176.1,13.6,260.7,4207.07
AGR_Sou_2023_00584,South_Zone,AP_Coastal,2023,Rabi,Cotton,22.61,33.77,195.33,49.99,13.81,6.61,0.639,180.4,28.0,204.7,2505.54
AGR_Sou_2022_00585,South_Zone,Kerala_Highland,2022,Kharif,Cotton,23.0,30.63,988.81,95.0,10.0,7.05,0.336,161.7,29.1,237.1,2792.55
AGR_Sou_2019_00586,South_Zone,TN_Delta,2019,Kharif,Rice,24.47,35.71,1686.29,95.0,10.0,7.59,0.438,169.3,22.2,231.0,4666.9
AGR_Sou_2021_00587,South_Zone,AP_Coastal,2021,Kharif,Wheat,27.69,35.83,1583.36,87.15,11.81,6.52,0.798,182.3,23.6,215.5,4437.65
AGR_Sou_2019_00588,South_Zone,Karnataka_Deccan,2019,Kharif,Soybean,25.26,38.38,1323.99,95.0,10.0,5.97,0.401,179.6,8.7,230.7,3108.0
AGR_Sou_2018_00589,South_Zone,AP_Coastal,2018,Rabi,Cotton,21.33,33.11,159.0,60.82,12.76,6.79,0.532,212.5,15.2,228.2,2176.22
AGR_Sou_2022_00590,South_Zone,AP_Coastal,2022,Kharif,Maize,25.89,32.97,258.53,41.55,15.64,8.05,1.033,111.7,29.0,181.6,3911.32
AGR_Sou_2021_00591,South_Zone,AP_Coastal,2021,Kharif,Cotton,25.1,33.8,1076.33,91.09,10.0,7.32,0.853,170.7,23.3,164.0,3176.47
AGR_Sou_2018_00592,South_Zone,AP_Coastal,2018,Kharif,Wheat,28.94,41.85,783.09,90.83,10.25,6.35,0.489,251.6,26.9,217.7,4752.07
AGR_Sou_2023_00593,South_Zone,TN_Delta,2023,Kharif,Wheat,24.85,34.53,782.17,66.4,13.0,6.73,0.716,209.1,21.9,169.2,5081.35
AGR_Sou_2021_00594,South_Zone,Karnataka_Deccan,2021,Rabi,Soybean,20.74,29.13,180.98,53.68,10.0,7.21,0.437,196.6,20.9,202.2,2426.58
AGR_Sou_2018_00595,South_Zone,TN_Delta,2018,Kharif,Pulses,28.0,36.29,641.24,82.77,10.0,7.04,0.664,200.6,22.0,273.8,2756.56
AGR_Sou_2022_00596,South_Zone,AP_Coastal,2022,Rabi,Cotton,22.98,32.98,257.17,53.22,10.41,7.2,0.572,159.5,19.1,193.9,2442.03
AGR_Sou_2019_00597,South_Zone,TN_Delta,2019,Rabi,Soybean,24.56,32.62,210.52,54.82,15.06,7.04,0.852,203.1,21.1,163.7,2830.82
AGR_Sou_2019_00598,South_Zone,TN_Delta,2019,Kharif,Maize,26.21,38.75,1155.62,77.42,10.59,7.05,0.667,189.5,26.7,309.0,4213.17
AGR_Sou_2023_00599,South_Zone,TN_Delta,2023,Kharif,Pulses,25.74,34.53,842.66,69.2,10.0,6.36,0.403,96.1,30.5,204.7,2040.56
AGR_Sou_2022_00600,South_Zone,AP_Coastal,2022,Kharif,Rice,23.26,35.91,1330.68,92.03,12.24,8.04,0.807,156.6,19.4,174.9,5162.29
AGR_Sou_2021_00601,South_Zone,Karnataka_Deccan,2021,Kharif,Soybean,20.96,31.29,1008.95,92.44,10.0,7.08,0.604,196.5,26.1,257.4,3255.36
AGR_Sou_2022_00602,South_Zone,Karnataka_Deccan,2022,Rabi,Soybean,21.27,34.67,123.53,,10.0,7.41,0.568,114.2,15.9,188.4,2136.49
AGR_Sou_2021_00603,South_Zone,TN_Delta,2021,Rabi,Soybean,,37.54,175.73,50.63,11.38,8.25,0.553,228.6,21.1,187.5,2943.63
AGR_Sou_2019_00604,South_Zone,Kerala_Highland,2019,Kharif,Cotton,26.9,40.86,1027.54,93.06,10.0,6.77,1.032,200.7,43.3,268.2,2914.72
AGR_Sou_2021_00605,South_Zone,Karnataka_Deccan,2021,Zaid,Wheat,28.73,38.28,71.13,51.69,14.32,8.41,1.001,218.8,19.7,246.0,4410.76
AGR_Sou_2020_00606,South_Zone,TN_Delta,2020,Zaid,Cotton,26.15,35.34,49.99,45.15,11.21,6.49,0.941,155.9,10.9,216.8,2425.74
AGR_Sou_2020_00607,South_Zone,AP_Coastal,2020,Kharif,Cotton,26.05,35.12,1324.86,95.0,10.0,7.79,0.805,174.0,28.6,268.7,3096.7
AGR_Sou_2022_00608,South_Zone,AP_Coastal,2022,Kharif,Wheat,28.4,40.13,618.3,64.23,10.05,6.69,0.719,219.9,15.5,136.8,4825.53
AGR_Sou_2023_00609,South_Zone,TN_Delta,2023,Zaid,Maize,28.93,41.66,112.21,46.35,12.01,7.4,0.907,138.4,23.0,268.0,3226.9
AGR_Sou_2021_00610,South_Zone,AP_Coastal,2021,Kharif,Cotton,25.36,36.23,1522.27,95.0,10.0,6.28,0.666,242.8,27.5,182.7,3130.53
AGR_Sou_2022_00611,South_Zone,TN_Delta,2022,Rabi,Pulses,24.77,37.06,24.72,65.22,10.0,7.68,0.513,224.1,23.3,230.4,1441.67
AGR_Sou_2023_00612,South_Zone,TN_Delta,2023,Kharif,Wheat,28.42,40.04,1330.19,95.0,10.0,6.0,0.701,209.7,18.7,213.4,4894.19
AGR_Sou_2022_00613,South_Zone,Kerala_Highland,2022,Kharif,Maize,25.27,32.83,685.53,87.61,10.09,7.57,0.231,226.2,15.9,181.7,4055.05
AGR_Sou_2020_00614,South_Zone,Kerala_Highland,2020,Rabi,Maize,21.61,30.75,239.94,42.27,15.29,6.67,0.359,214.2,18.5,171.4,3562.67
AGR_Sou_2022_00615,South_Zone,Kerala_Highland,2022,Rabi,Soybean,22.23,29.77,183.6,48.28,13.44,5.24,0.481,118.6,28.7,215.1,2292.6
AGR_Sou_2022_00616,South_Zone,TN_Delta,2022,Kharif,Rice,25.49,33.42,1176.23,95.0,10.0,6.26,0.567,147.0,11.2,228.7,4657.7
AGR_Sou_2022_00617,South_Zone,Karnataka_Deccan,2022,Zaid,Rice,28.03,39.71,145.65,62.19,11.38,7.01,0.49,195.0,10.2,185.8,4248.88
AGR_Sou_2023_00618,South_Zone,TN_Delta,2023,Rabi,Soybean,22.82,36.54,102.2,57.25,12.09,7.47,0.707,140.3,17.9,217.2,2372.62
AGR_Sou_2021_00619,South_Zone,Kerala_Highland,2021,Rabi,Soybean,18.85,27.12,241.7,53.62,11.11,6.56,0.689,188.1,18.9,231.8,2748.71
AGR_Sou_2022_00620,South_Zone,Karnataka_Deccan,2022,Kharif,Rice,24.97,32.35,712.16,76.97,14.02,6.23,0.623,207.0,17.7,110.0,5044.13
AGR_Sou_2022_00621,South_Zone,AP_Coastal,2022,Rabi,Pulses,22.32,30.75,325.35,82.11,10.0,6.51,0.248,176.9,19.3,231.4,1891.61
AGR_Sou_2023_00622,South_Zone,Kerala_Highland,2023,Rabi,Cotton,23.64,36.49,256.0,,11.35,7.32,0.678,168.0,30.0,201.6,2674.24
AGR_Sou_2018_00623,South_Zone,AP_Coastal,2018,Kharif,Soybean,24.08,36.67,740.04,79.52,10.0,6.79,0.402,203.3,30.9,157.6,3250.09
AGR_Sou_2023_00624,South_Zone,Kerala_Highland,2023,Rabi,Rice,21.52,35.11,211.33,,10.14,6.45,0.985,130.1,23.1,206.2,4739.82
AGR_Sou_2019_00625,South_Zone,Karnataka_Deccan,2019,Kharif,Cotton,26.31,36.63,842.69,79.34,10.51,6.46,0.685,183.4,11.6,277.3,3064.09
AGR_Sou_2021_00626,South_Zone,Kerala_Highland,2021,Rabi,Rice,21.28,31.5,197.24,73.3,10.0,6.94,0.377,141.5,28.4,194.2,4271.75
AGR_Sou_2023_00627,South_Zone,AP_Coastal,2023,Kharif,Cotton,25.4,38.24,1231.08,79.13,10.0,7.09,0.669,176.9,25.1,301.7,3105.27
AGR_Sou_2021_00628,South_Zone,AP_Coastal,2021,Zaid,Pulses,30.05,40.92,104.3,43.42,12.8,8.03,0.831,211.3,26.1,223.3,1440.21
AGR_Sou_2022_00629,South_Zone,AP_Coastal,2022,Kharif,Pulses,26.11,34.35,881.59,72.38,10.0,6.42,0.621,166.4,24.3,255.6,2448.43
AGR_Sou_2021_00630,South_Zone,TN_Delta,2021,Kharif,Wheat,26.45,34.3,1005.39,89.67,11.73,6.24,0.757,206.1,30.9,195.1,5212.01
AGR_Sou_2023_00631,South_Zone,Kerala_Highland,2023,Rabi,Cotton,22.82,30.48,187.1,76.09,12.86,6.13,0.496,251.2,18.5,281.9,2483.51
AGR_Sou_2020_00632,South_Zone,Karnataka_Deccan,2020,Kharif,Cotton,24.38,37.47,1454.48,,10.0,6.52,0.868,211.4,28.0,241.6,3235.58
AGR_Sou_2020_00633,South_Zone,TN_Delta,2020,Kharif,Soybean,23.88,32.71,439.68,61.4,11.4,6.98,0.357,215.9,27.3,240.3,3180.86
AGR_Sou_2023_00634,South_Zone,AP_Coastal,2023,Rabi,Maize,,,299.7,66.09,11.33,5.68,0.496,158.1,17.8,210.7,3819.79
AGR_Sou_2022_00635,South_Zone,Kerala_Highland,2022,Rabi,Wheat,21.57,32.75,163.29,42.81,12.7,7.59,0.897,181.9,24.5,181.7,4289.52
AGR_Sou_2021_00636,South_Zone,Karnataka_Deccan,2021,Kharif,Wheat,25.7,34.46,1332.04,85.07,10.0,8.13,0.822,110.9,10.5,173.7,4360.83
AGR_Sou_2019_00637,South_Zone,AP_Coastal,2019,Kharif,Soybean,25.33,37.27,458.32,60.49,10.54,7.19,0.675,182.9,19.0,221.5,3342.2
AGR_Sou_2022_00638,South_Zone,Kerala_Highland,2022,Rabi,Wheat,23.96,34.36,210.07,72.37,11.75,6.27,0.451,191.9,22.8,251.7,4122.19
AGR_Sou_2020_00639,South_Zone,Karnataka_Deccan,2020,Rabi,Soybean,22.36,33.45,181.9,,10.0,6.25,0.613,164.2,21.8,247.3,2603.6
AGR_Sou_2018_00640,South_Zone,Kerala_Highland,2018,Kharif,Maize,28.36,37.12,1260.06,71.39,11.46,6.05,0.587,158.0,22.1,227.9,4271.26
AGR_Sou_2020_00641,South_Zone,Karnataka_Deccan,2020,Kharif,Rice,26.7,40.07,,90.25,10.0,6.67,0.539,100.7,17.4,258.0,4726.42
AGR_Sou_2019_00642,South_Zone,TN_Delta,2019,Kharif,Pulses,24.65,34.74,1137.43,87.2,10.0,8.5,0.796,234.4,27.0,156.6,2602.98
AGR_Sou_2021_00643,South_Zone,Karnataka_Deccan,2021,Kharif,Rice,25.13,36.78,1230.54,95.0,10.21,6.61,0.601,197.6,20.1,215.8,5269.42
AGR_Sou_2020_00644,South_Zone,Karnataka_Deccan,2020,Rabi,Wheat,22.19,33.13,317.63,62.68,15.16,7.64,0.503,197.5,20.2,251.3,4654.18
AGR_Sou_2022_00645,South_Zone,TN_Delta,2022,Kharif,Rice,28.02,36.62,1640.01,95.0,10.0,6.07,0.532,180.4,17.1,169.4,5024.55
AGR_Sou_2021_00646,South_Zone,AP_Coastal,2021,Kharif,Wheat,26.89,40.72,1601.03,,10.0,6.93,0.68,184.1,19.6,207.9,4902.85
AGR_Sou_2023_00647,South_Zone,Karnataka_Deccan,2023,Kharif,Soybean,24.17,36.32,1172.05,79.27,10.0,6.75,0.886,178.3,24.2,249.3,3338.58
AGR_Sou_2020_00648,South_Zone,Karnataka_Deccan,2020,Zaid,Soybean,27.0,37.26,57.28,49.78,12.75,6.18,0.689,171.5,24.8,185.1,2328.06
AGR_Sou_2023_00649,South_Zone,AP_Coastal,2023,Rabi,Rice,,30.83,130.65,65.1,14.12,6.64,0.926,157.7,23.1,116.0,4558.69
AGR_Sou_2022_00650,South_Zone,TN_Delta,2022,Rabi,Rice,24.95,38.48,205.49,62.59,11.53,7.52,0.596,208.7,15.6,129.2,4754.15
AGR_Sou_2023_00651,South_Zone,TN_Delta,2023,Zaid,Wheat,26.98,40.17,64.27,58.38,12.05,6.34,0.472,138.8,28.0,195.8,3171.28
AGR_Sou_2018_00652,South_Zone,Karnataka_Deccan,2018,Kharif,Pulses,25.07,33.44,1105.78,86.37,10.29,6.58,0.77,182.0,21.2,212.8,2324.46
AGR_Sou_2020_00653,South_Zone,AP_Coastal,2020,Rabi,Maize,,30.8,,62.97,11.6,7.2,0.537,121.9,26.3,209.4,3410.41
AGR_Sou_2019_00654,South_Zone,AP_Coastal,2019,Zaid,Cotton,28.33,36.35,174.72,66.85,12.48,7.07,0.508,186.5,17.0,190.9,2548.67
AGR_Sou_2023_00655,South_Zone,Kerala_Highland,2023,Zaid,Maize,26.65,34.23,110.34,,11.97,7.27,0.676,241.0,9.9,237.6,3816.47
AGR_Sou_2019_00656,South_Zone,AP_Coastal,2019,Kharif,Wheat,26.32,35.32,615.28,71.22,10.0,6.55,0.721,138.3,17.4,219.3,4730.33
AGR_Sou_2019_00657,South_Zone,Kerala_Highland,2019,Kharif,Soybean,25.55,33.47,1483.6,83.33,12.12,6.29,0.802,201.5,19.6,176.3,3520.68
AGR_Sou_2021_00658,South_Zone,AP_Coastal,2021,Rabi,Cotton,22.03,32.15,60.38,43.12,14.06,8.5,0.636,186.5,28.0,270.4,2164.81
AGR_Sou_2022_00659,South_Zone,TN_Delta,2022,Rabi,Cotton,21.07,31.65,188.34,58.2,13.73,6.22,0.647,206.4,23.9,291.4,2378.94
AGR_Sou_2021_00660,South_Zone,Kerala_Highland,2021,Kharif,Soybean,25.92,34.65,1136.94,86.66,10.0,6.18,0.632,131.8,22.3,202.0,3252.61
AGR_Sou_2019_00661,South_Zone,TN_Delta,2019,Rabi,Pulses,18.86,29.34,306.33,51.95,16.28,7.49,0.777,173.3,31.9,221.6,2012.29
AGR_Sou_2022_00662,South_Zone,TN_Delta,2022,Kharif,Pulses,25.78,38.35,721.2,54.1,13.99,6.73,0.682,204.1,18.4,159.3,2108.36
AGR_Sou_2018_00663,South_Zone,Karnataka_Deccan,2018,Kharif,Rice,26.89,34.83,1721.92,95.0,11.64,6.04,0.398,143.3,25.0,155.0,4777.62
AGR_Sou_2018_00664,South_Zone,TN_Delta,2018,Kharif,Maize,24.2,33.57,915.94,88.72,10.18,7.13,0.724,179.9,21.9,247.4,4414.86
AGR_Sou_2021_00665,South_Zone,Kerala_Highland,2021,Rabi,Cotton,20.7,32.7,402.08,,10.0,6.26,0.416,180.2,20.4,112.0,2766.2
AGR_Sou_2018_00666,South_Zone,Kerala_Highland,2018,Kharif,Cotton,26.71,38.68,812.66,70.34,10.0,6.85,0.867,195.1,13.9,207.0,2957.06
AGR_Sou_2020_00667,South_Zone,AP_Coastal,2020,Rabi,Soybean,21.64,33.56,176.75,52.54,10.83,6.51,0.415,237.0,19.8,203.6,2494.1
AGR_Sou_2022_00668,South_Zone,Kerala_Highland,2022,Rabi,Wheat,22.33,33.14,210.11,59.24,12.55,6.89,0.496,182.9,22.3,284.7,4074.49
AGR_Sou_2018_00669,South_Zone,TN_Delta,2018,Kharif,Maize,28.1,38.98,1258.2,95.0,10.0,7.29,0.647,221.3,24.2,185.1,4234.67
AGR_Sou_2021_00670,South_Zone,Karnataka_Deccan,2021,Zaid,Rice,30.28,40.1,173.97,51.41,14.83,6.41,0.778,165.0,14.7,239.1,4727.48
AGR_Sou_2023_00671,South_Zone,Karnataka_Deccan,2023,Kharif,Soybean,27.7,38.03,1058.92,68.57,10.88,6.51,0.496,248.3,30.7,188.0,3177.2
AGR_Sou_2020_00672,South_Zone,TN_Delta,2020,Kharif,Maize,26.99,35.12,853.59,62.15,13.06,6.94,0.451,90.0,31.8,131.7,3949.31
AGR_Sou_2020_00673,South_Zone,Karnataka_Deccan,2020,Kharif,Maize,24.5,38.18,830.76,78.62,11.82,8.29,0.56,177.5,22.0,217.4,4067.02
AGR_Sou_2020_00674,South_Zone,AP_Coastal,2020,Rabi,Wheat,23.69,31.67,194.01,60.5,12.22,6.91,0.651,162.8,20.3,256.5,3834.86
AGR_Sou_2018_00675,South_Zone,Karnataka_Deccan,2018,Rabi,Pulses,23.87,31.06,227.8,56.61,12.24,5.8,0.756,184.0,24.7,246.7,1906.06
AGR_Sou_2019_00676,South_Zone,TN_Delta,2019,Rabi,Cotton,21.98,34.6,246.04,61.83,11.93,6.65,0.562,152.6,21.3,200.2,2491.39
AGR_Sou_2023_00677,South_Zone,TN_Delta,2023,Kharif,Cotton,27.21,40.74,903.24,73.29,11.17,7.49,0.6,159.8,20.9,239.4,2929.16
AGR_Sou_2019_00678,South_Zone,Karnataka_Deccan,2019,Rabi,Cotton,22.66,33.53,295.06,51.59,15.47,6.92,0.59,160.6,23.7,186.6,2642.48
AGR_Sou_2022_00679,South_Zone,TN_Delta,2022,Kharif,Cotton,26.04,34.63,,63.04,11.26,6.79,0.715,230.8,21.5,153.9,3247.29
AGR_Sou_2020_00680,South_Zone,Karnataka_Deccan,2020,Kharif,Rice,25.3,35.09,1299.54,95.0,10.0,7.55,0.526,186.1,21.1,155.1,5047.63
AGR_Sou_2022_00681,South_Zone,AP_Coastal,2022,Kharif,Rice,25.58,39.35,1595.5,95.0,10.83,6.1,0.692,147.8,18.1,261.8,4722.4
AGR_Sou_2021_00682,South_Zone,TN_Delta,2021,Kharif,Soybean,28.3,35.84,1140.59,81.5,10.47,6.87,0.818,139.7,21.9,164.9,3364.88
AGR_Sou_2020_00683,South_Zone,AP_Coastal,2020,Rabi,Cotton,20.53,28.49,224.4,42.27,11.48,6.94,0.803,190.7,18.4,228.9,2600.82
AGR_Sou_2020_00684,South_Zone,AP_Coastal,2020,Rabi,Maize,21.49,28.92,262.04,66.71,11.05,5.78,0.517,229.8,26.3,110.0,3746.79
AGR_Sou_2020_00685,South_Zone,Kerala_Highland,2020,Rabi,Pulses,22.21,32.06,356.49,37.39,13.3,7.34,0.903,143.8,24.4,280.9,2180.97
AGR_Sou_2019_00686,South_Zone,AP_Coastal,2019,Kharif,Rice,27.05,39.6,773.14,68.51,14.65,6.59,0.741,205.9,24.2,229.4,5161.85
AGR_Sou_2020_00687,South_Zone,Karnataka_Deccan,2020,Kharif,Pulses,25.88,39.86,1124.56,83.38,10.0,6.5,0.574,167.2,23.1,201.3,1888.91
AGR_Sou_2021_00688,South_Zone,AP_Coastal,2021,Kharif,Wheat,25.31,39.31,1564.71,95.0,10.0,7.2,0.795,280.0,30.9,132.8,4990.32
AGR_Sou_2020_00689,South_Zone,Karnataka_Deccan,2020,Rabi,Pulses,21.63,34.2,163.85,49.4,13.7,6.69,0.854,204.5,27.1,252.5,1727.84
AGR_Sou_2020_00690,South_Zone,Karnataka_Deccan,2020,Rabi,Wheat,20.11,27.58,101.23,61.19,11.36,6.85,0.528,185.1,21.4,118.2,3621.38
AGR_Sou_2020_00691,South_Zone,Kerala_Highland,2020,Rabi,Maize,19.63,29.56,136.84,63.03,10.0,6.67,0.66,209.4,25.4,164.6,3764.2
AGR_Sou_2023_00692,South_Zone,TN_Delta,2023,Kharif,Soybean,26.39,36.59,821.47,71.68,10.0,6.53,1.073,189.1,15.8,174.5,3316.29
AGR_Sou_2020_00693,South_Zone,TN_Delta,2020,Rabi,Wheat,,35.73,155.87,72.88,12.4,6.62,0.296,255.9,17.2,145.3,4270.97
AGR_Sou_2018_00694,South_Zone,TN_Delta,2018,Rabi,Maize,21.66,34.81,138.01,34.13,13.49,7.63,0.871,173.8,20.4,110.0,3708.75
AGR_Sou_2021_00695,South_Zone,Karnataka_Deccan,2021,Kharif,Maize,26.07,35.85,1009.0,74.57,10.19,7.19,0.559,166.5,24.7,186.1,4184.5
AGR_Sou_2023_00696,South_Zone,Kerala_Highland,2023,Rabi,Maize,23.02,32.61,345.53,61.38,12.18,6.82,0.979,206.6,25.8,183.3,4437.3
AGR_Sou_2021_00697,South_Zone,AP_Coastal,2021,Kharif,Wheat,25.54,37.85,1043.23,92.16,10.0,7.07,0.699,209.7,19.7,210.0,4475.4
AGR_Sou_2021_00698,South_Zone,TN_Delta,2021,Rabi,Cotton,23.17,33.72,204.39,52.74,11.57,6.57,0.53,196.0,24.4,229.6,2519.46
AGR_Sou_2023_00699,South_Zone,Karnataka_Deccan,2023,Rabi,Soybean,19.17,29.32,249.07,63.35,10.0,6.56,0.294,247.1,14.7,211.7,2679.7
AGR_Sou_2019_00700,South_Zone,TN_Delta,2019,Kharif,Maize,26.36,38.64,1531.31,95.0,10.0,6.19,0.223,237.1,26.0,162.1,3614.52
AGR_Sou_2019_00701,South_Zone,AP_Coastal,2019,Kharif,Maize,26.68,39.87,802.43,77.07,10.0,5.84,0.369,180.4,18.9,193.0,3794.77
AGR_Sou_2023_00702,South_Zone,Kerala_Highland,2023,Rabi,Wheat,20.27,30.81,171.35,58.7,11.79,7.12,0.947,153.8,14.3,341.5,3970.91
AGR_Sou_2023_00703,South_Zone,Kerala_Highland,2023,Rabi,Soybean,20.86,34.14,193.96,66.09,10.0,7.57,0.77,240.9,23.4,110.0,3025.62
AGR_Sou_2022_00704,South_Zone,Kerala_Highland,2022,Rabi,Pulses,23.46,31.19,251.88,66.12,13.06,6.4,0.28,149.9,14.9,247.1,1644.92
AGR_Sou_2020_00705,South_Zone,Karnataka_Deccan,2020,Kharif,Maize,26.79,36.93,1301.81,71.56,11.81,6.94,0.824,178.3,16.4,221.6,4412.78
AGR_Sou_2022_00706,South_Zone,TN_Delta,2022,Kharif,Rice,25.56,37.07,,83.34,10.0,6.94,0.647,141.2,25.8,194.9,5139.38
AGR_Sou_2020_00707,South_Zone,AP_Coastal,2020,Kharif,Soybean,26.29,34.86,856.17,95.0,10.0,6.92,1.088,199.8,27.9,175.5,3939.11
AGR_Sou_2019_00708,South_Zone,Kerala_Highland,2019,Zaid,Cotton,24.2,31.99,109.48,47.55,12.59,6.82,0.841,237.5,22.9,177.3,2670.56
AGR_Sou_2023_00709,South_Zone,TN_Delta,2023,Kharif,Soybean,27.54,,1011.19,86.67,10.5,6.47,0.808,190.9,20.4,224.0,3273.28
AGR_Sou_2023_00710,South_Zone,AP_Coastal,2023,Kharif,Wheat,24.94,,855.59,72.48,10.0,7.3,0.605,173.9,13.4,181.4,4749.88
AGR_Sou_2020_00711,South_Zone,TN_Delta,2020,Kharif,Cotton,27.38,40.75,726.97,73.39,10.0,6.95,0.265,167.6,18.5,249.2,2686.55
AGR_Sou_2022_00712,South_Zone,TN_Delta,2022,Rabi,Cotton,20.96,32.27,243.99,69.01,10.0,7.05,0.441,206.3,24.6,220.8,2818.88
AGR_Sou_2021_00713,South_Zone,AP_Coastal,2021,Kharif,Wheat,25.63,33.32,916.42,72.14,10.06,7.68,0.543,183.7,17.6,209.3,4799.44
AGR_Sou_2021_00714,South_Zone,TN_Delta,2021,Zaid,Wheat,26.56,34.04,82.19,57.45,12.03,5.67,0.925,103.3,30.4,170.7,3773.01
AGR_Sou_2023_00715,South_Zone,Karnataka_Deccan,2023,Kharif,Soybean,26.61,34.73,1424.33,95.0,10.0,6.06,0.2,148.5,28.3,253.3,2887.61
AGR_Sou_2018_00716,South_Zone,Karnataka_Deccan,2018,Kharif,Soybean,27.25,39.69,377.82,61.59,10.0,8.11,0.348,132.0,17.5,229.7,2383.31
AGR_Sou_2020_00717,South_Zone,AP_Coastal,2020,Kharif,Wheat,27.26,35.57,2130.28,95.0,10.0,7.76,0.554,158.7,32.6,240.8,3982.87
AGR_Sou_2021_00718,South_Zone,Kerala_Highland,2021,Rabi,Maize,21.62,,,66.72,10.41,5.54,0.366,162.5,17.7,210.6,3438.17
AGR_Sou_2021_00719,South_Zone,Kerala_Highland,2021,Kharif,Soybean,25.39,,1032.34,80.61,10.0,7.13,0.915,140.7,14.9,214.0,3002.11
AGR_Sou_2021_00720,South_Zone,AP_Coastal,2021,Zaid,Soybean,26.98,,118.74,44.84,13.87,7.08,0.577,193.9,15.4,232.1,2702.33
AGR_Sou_2022_00721,South_Zone,Karnataka_Deccan,2022,Kharif,Maize,24.23,36.8,1044.54,95.0,10.0,6.0,0.563,151.8,27.9,159.2,4109.16
AGR_Sou_2022_00722,South_Zone,Karnataka_Deccan,2022,Kharif,Wheat,24.68,33.11,,95.0,10.2,6.31,0.511,213.8,24.0,202.3,4558.14
AGR_Sou_2020_00723,South_Zone,Kerala_Highland,2020,Rabi,Cotton,21.59,28.7,290.97,50.8,17.08,6.68,0.798,139.2,8.5,221.6,2722.82
AGR_Sou_2023_00724,South_Zone,Kerala_Highland,2023,Rabi,Wheat,20.41,32.06,181.21,58.41,12.94,6.74,0.61,248.1,21.0,247.7,4211.94
AGR_Sou_2019_00725,South_Zone,Karnataka_Deccan,2019,Rabi,Maize,24.08,37.42,283.22,46.78,13.81,6.7,0.398,197.5,25.1,229.1,3809.63
AGR_Sou_2021_00726,South_Zone,TN_Delta,2021,Kharif,Rice,,30.92,1348.96,68.91,12.54,7.01,0.678,141.2,23.7,239.1,5169.29
AGR_Sou_2022_00727,South_Zone,Kerala_Highland,2022,Rabi,Maize,21.18,33.38,308.03,66.29,11.03,7.6,0.49,186.0,21.0,264.0,3909.79
AGR_Sou_2018_00728,South_Zone,TN_Delta,2018,Zaid,Maize,29.23,41.97,100.79,48.01,13.79,7.54,0.931,197.1,18.4,253.6,3358.29
AGR_Sou_2021_00729,South_Zone,Kerala_Highland,2021,Kharif,Maize,24.56,38.14,986.51,72.89,10.61,7.23,0.725,190.3,25.4,213.3,4132.04
AGR_Sou_2021_00730,South_Zone,Karnataka_Deccan,2021,Kharif,Maize,25.64,37.55,897.47,90.48,11.9,6.37,0.733,229.1,30.2,257.4,4735.5
AGR_Sou_2022_00731,South_Zone,Kerala_Highland,2022,Rabi,Soybean,22.95,31.03,141.52,37.93,15.44,6.94,0.443,177.2,21.3,286.1,2386.86
AGR_Sou_2019_00732,South_Zone,AP_Coastal,2019,Rabi,Cotton,24.21,,220.83,50.77,12.61,7.49,0.739,191.5,22.7,203.8,2700.81
AGR_Sou_2020_00733,South_Zone,AP_Coastal,2020,Rabi,Soybean,24.14,37.0,154.92,66.22,12.02,6.98,0.537,188.9,15.6,169.1,2446.31
AGR_Sou_2019_00734,South_Zone,Kerala_Highland,2019,Rabi,Maize,21.48,28.85,214.19,49.58,13.71,6.5,0.878,227.7,23.7,185.9,3796.0
AGR_Sou_2020_00735,South_Zone,TN_Delta,2020,Kharif,Soybean,,35.4,900.85,64.83,13.28,6.44,0.386,184.6,16.3,240.9,3152.15
AGR_Sou_2018_00736,South_Zone,Kerala_Highland,2018,Kharif,Maize,27.4,37.72,737.18,63.32,10.0,7.23,0.509,157.2,17.8,254.5,3984.06
AGR_Sou_2020_00737,South_Zone,AP_Coastal,2020,Kharif,Soybean,26.4,35.08,773.81,71.38,10.88,6.85,0.772,162.1,31.5,203.4,3191.5
AGR_Sou_2022_00738,South_Zone,Karnataka_Deccan,2022,Rabi,Soybean,23.28,37.22,240.48,78.53,10.99,5.73,0.358,211.2,22.6,181.6,2490.53
AGR_Sou_2022_00739,South_Zone,AP_Coastal,2022,Kharif,Pulses,23.61,36.33,928.5,87.43,10.22,7.48,0.705,245.4,18.1,245.8,2497.29
AGR_Sou_2022_00740,South_Zone,TN_Delta,2022,Kharif,Pulses,,34.36,1326.58,85.97,10.0,7.21,0.651,182.8,24.3,241.0,2066.35
AGR_Sou_2023_00741,South_Zone,AP_Coastal,2023,Kharif,Soybean,25.53,36.39,993.83,85.29,10.0,5.68,0.76,236.6,23.3,220.7,3469.45
AGR_Sou_2021_00742,South_Zone,Karnataka_Deccan,2021,Kharif,Rice,24.64,32.44,,89.06,10.0,6.65,0.616,127.0,23.9,227.2,4761.3
AGR_Sou_2023_00743,South_Zone,Kerala_Highland,2023,Kharif,Rice,26.44,38.87,987.76,95.0,10.0,7.81,0.222,200.9,24.2,165.4,4779.48
AGR_Sou_2018_00744,South_Zone,TN_Delta,2018,Kharif,Soybean,25.83,35.69,1376.81,95.0,10.0,6.96,0.606,122.3,25.9,223.5,3117.94
AGR_Sou_2019_00745,South_Zone,AP_Coastal,2019,Rabi,Wheat,21.76,28.86,180.64,58.07,13.02,6.38,0.573,178.7,31.0,160.3,3719.01
AGR_Sou_2020_00746,South_Zone,TN_Delta,2020,Rabi,Rice,20.72,28.89,212.61,57.98,13.97,6.43,0.793,214.7,19.9,268.2,5077.62
AGR_Sou_2020_00747,South_Zone,AP_Coastal,2020,Rabi,Cotton,21.36,33.55,230.19,56.44,15.24,5.76,0.419,182.2,22.6,230.4,2477.84
AGR_Sou_2018_00748,South_Zone,TN_Delta,2018,Rabi,Rice,23.06,,180.38,66.15,14.62,6.84,0.77,161.6,25.5,287.9,4943.16
AGR_Sou_2023_00749,South_Zone,AP_Coastal,2023,Rabi,Soybean,20.56,,,60.55,12.78,6.34,0.814,210.2,33.8,189.4,2846.43
AGR_Sou_2021_00750,South_Zone,AP_Coastal,2021,Kharif,Soybean,26.8,39.34,1249.83,95.0,10.0,6.67,0.498,153.7,21.6,278.2,3276.94
AGR_Sou_2019_00751,South_Zone,TN_Delta,2019,Rabi,Maize,22.48,,80.07,53.18,12.55,6.63,0.696,156.8,25.3,274.4,3378.04
AGR_Sou_2018_00752,South_Zone,TN_Delta,2018,Kharif,Cotton,26.83,36.6,1313.26,95.0,10.0,6.75,0.631,164.4,12.9,172.8,3216.1
AGR_Sou_2020_00753,South_Zone,Karnataka_Deccan,2020,Kharif,Wheat,24.66,36.78,839.09,,12.4,6.76,0.683,178.3,18.9,201.1,4899.84
AGR_Sou_2019_00754,South_Zone,AP_Coastal,2019,Kharif,Pulses,25.55,37.37,699.46,69.55,10.98,5.84,0.472,186.2,16.2,306.2,2148.9
AGR_Sou_2018_00755,South_Zone,Kerala_Highland,2018,Rabi,Maize,21.2,30.47,193.24,61.9,11.36,6.72,0.811,192.9,21.1,205.4,3579.51
AGR_Sou_2021_00756,South_Zone,TN_Delta,2021,Zaid,Wheat,29.11,38.78,117.22,43.32,14.15,5.82,0.628,224.0,18.9,212.6,4073.88
AGR_Sou_2018_00757,South_Zone,AP_Coastal,2018,Zaid,Maize,27.91,41.88,46.25,64.01,10.0,6.23,0.678,167.2,29.7,310.7,3070.58
AGR_Sou_2022_00758,South_Zone,TN_Delta,2022,Kharif,Soybean,22.93,32.78,750.35,77.88,11.38,6.17,0.326,102.4,18.9,195.9,2583.08
AGR_Sou_2021_00759,South_Zone,AP_Coastal,2021,Kharif,Rice,25.71,33.15,1190.53,87.51,10.0,6.54,0.563,130.5,20.7,218.8,4762.76
AGR_Sou_2021_00760,South_Zone,Kerala_Highland,2021,Kharif,Maize,26.45,33.46,915.41,76.54,10.0,6.87,0.869,173.0,15.9,242.3,4397.63
AGR_Sou_2021_00761,South_Zone,Kerala_Highland,2021,Zaid,Cotton,,39.14,95.64,46.26,14.01,6.44,0.565,161.4,31.4,214.7,1804.0
AGR_Sou_2021_00762,South_Zone,TN_Delta,2021,Kharif,Pulses,25.94,36.52,,94.18,12.12,6.99,0.414,202.3,22.1,213.6,2156.8
AGR_Sou_2018_00763,South_Zone,AP_Coastal,2018,Kharif,Cotton,27.53,40.24,1044.1,93.2,12.52,6.98,1.155,185.1,22.8,297.9,3141.2
AGR_Sou_2019_00764,South_Zone,Karnataka_Deccan,2019,Kharif,Pulses,25.0,33.73,642.18,67.75,15.61,7.34,0.682,207.4,23.4,222.0,2398.47
AGR_Sou_2020_00765,South_Zone,Kerala_Highland,2020,Rabi,Maize,21.77,33.08,227.55,64.99,10.65,6.48,0.654,158.3,17.4,167.8,3807.59
AGR_Sou_2019_00766,South_Zone,Karnataka_Deccan,2019,Rabi,Rice,22.08,33.37,293.01,,11.4,5.75,0.587,125.0,9.9,168.1,4334.3
AGR_Sou_2023_00767,South_Zone,Karnataka_Deccan,2023,Rabi,Wheat,24.32,32.3,321.26,60.96,12.72,6.68,0.44,175.1,17.6,165.5,4456.35
AGR_Sou_2022_00768,South_Zone,AP_Coastal,2022,Zaid,Soybean,26.34,34.63,118.24,46.91,14.55,6.46,0.866,120.5,21.1,121.6,2685.99
AGR_Sou_2018_00769,South_Zone,Kerala_Highland,2018,Rabi,Cotton,22.95,32.13,254.55,34.08,13.03,7.5,0.564,120.5,17.8,227.3,2282.58
AGR_Sou_2018_00770,South_Zone,Karnataka_Deccan,2018,Rabi,Pulses,19.14,32.3,181.42,67.03,10.0,6.96,0.731,130.4,16.4,208.5,1748.55
AGR_Sou_2022_00771,South_Zone,AP_Coastal,2022,Kharif,Pulses,27.15,34.63,1141.21,93.9,10.99,6.25,0.784,150.0,27.8,258.3,2523.58
AGR_Sou_2022_00772,South_Zone,Kerala_Highland,2022,Rabi,Cotton,25.11,,342.05,58.43,10.0,7.63,0.703,164.2,23.9,216.1,2750.94
AGR_Sou_2018_00773,South_Zone,Karnataka_Deccan,2018,Kharif,Cotton,27.23,40.4,817.5,76.7,13.55,7.15,0.766,183.9,29.0,195.0,2764.81
AGR_Sou_2021_00774,South_Zone,Kerala_Highland,2021,Kharif,Soybean,25.09,37.73,1579.41,95.0,10.0,7.77,0.789,215.7,33.8,254.8,3122.49
AGR_Sou_2018_00775,South_Zone,Karnataka_Deccan,2018,Kharif,Wheat,27.04,38.58,1482.34,95.0,10.0,5.9,0.285,219.2,8.0,179.1,4592.71
AGR_Sou_2021_00776,South_Zone,Kerala_Highland,2021,Kharif,Maize,25.63,33.3,743.15,74.92,11.72,6.91,0.591,188.3,35.2,174.1,4144.2
AGR_Sou_2022_00777,South_Zone,TN_Delta,2022,Rabi,Maize,21.75,34.12,123.05,41.96,18.66,6.83,0.54,156.7,23.7,221.2,3604.44
AGR_Sou_2022_00778,South_Zone,Karnataka_Deccan,2022,Kharif,Rice,24.25,38.03,1361.75,95.0,10.0,6.52,0.57,140.2,12.9,158.4,4857.32
AGR_Sou_2022_00779,South_Zone,AP_Coastal,2022,Kharif,Wheat,26.55,34.53,1427.62,95.0,10.0,7.43,0.519,90.0,27.8,270.4,4035.54
AGR_Sou_2020_00780,South_Zone,Kerala_Highland,2020,Zaid,Soybean,29.61,38.92,116.31,60.18,10.44,6.73,0.482,232.9,15.2,116.1,2372.07
AGR_Sou_2018_00781,South_Zone,TN_Delta,2018,Kharif,Soybean,28.15,40.04,,95.0,10.0,7.84,0.261,136.2,23.1,193.0,2535.79
AGR_Sou_2021_00782,South_Zone,AP_Coastal,2021,Rabi,Soybean,21.3,35.14,321.63,62.65,12.75,6.29,0.66,204.5,19.5,163.0,2862.63
AGR_Sou_2023_00783,South_Zone,Karnataka_Deccan,2023,Kharif,Pulses,22.82,35.29,1096.98,81.0,10.3,5.6,0.699,179.0,25.2,199.1,2214.6
AGR_Sou_2020_00784,South_Zone,Kerala_Highland,2020,Kharif,Maize,24.64,32.14,1320.17,82.5,10.1,7.15,0.438,199.4,22.8,161.7,4041.74
AGR_Sou_2018_00785,South_Zone,TN_Delta,2018,Rabi,Soybean,22.72,34.59,160.95,44.47,12.9,7.04,0.491,197.4,13.9,221.8,2804.74
AGR_Sou_2020_00786,South_Zone,Kerala_Highland,2020,Kharif,Soybean,27.32,36.08,769.54,83.16,10.0,6.99,0.678,199.5,25.0,230.6,3469.1
AGR_Sou_2022_00787,South_Zone,TN_Delta,2022,Kharif,Maize,25.01,37.71,376.94,62.67,14.35,7.1,0.349,178.9,27.0,320.6,3866.58
AGR_Sou_2022_00788,South_Zone,Karnataka_Deccan,2022,Rabi,Maize,22.48,34.73,240.76,62.4,10.18,7.31,0.739,158.3,19.3,220.1,3901.5
AGR_Sou_2019_00789,South_Zone,AP_Coastal,2019,Kharif,Rice,26.19,37.6,926.25,85.61,10.0,6.86,0.522,104.9,38.0,160.0,4277.93
AGR_Sou_2018_00790,South_Zone,TN_Delta,2018,Kharif,Maize,28.08,36.33,693.8,85.58,10.19,7.06,0.736,171.8,18.1,120.4,4256.64
AGR_Sou_2021_00791,South_Zone,TN_Delta,2021,Kharif,Rice,24.95,37.41,1911.83,95.0,10.0,6.38,0.792,202.3,18.6,226.0,4719.3
AGR_Sou_2020_00792,South_Zone,Kerala_Highland,2020,Rabi,Pulses,20.63,30.24,294.52,,10.56,6.59,0.591,125.9,27.4,216.4,2145.73
AGR_Sou_2019_00793,South_Zone,AP_Coastal,2019,Rabi,Rice,21.91,31.23,,40.66,18.21,7.46,0.539,232.9,29.5,269.0,4704.9
AGR_Sou_2023_00794,South_Zone,AP_Coastal,2023,Kharif,Maize,27.15,41.06,686.19,69.4,11.34,6.5,0.41,167.6,19.7,174.3,3547.14
AGR_Sou_2019_00795,South_Zone,Kerala_Highland,2019,Kharif,Rice,28.19,36.61,1506.68,95.0,10.0,6.36,0.653,160.7,10.7,171.5,5200.49
AGR_Sou_2019_00796,South_Zone,AP_Coastal,2019,Zaid,Cotton,25.9,37.35,62.2,46.35,10.4,6.86,0.628,133.2,18.5,258.4,2087.57
AGR_Sou_2023_00797,South_Zone,TN_Delta,2023,Kharif,Soybean,25.27,37.0,1485.31,95.0,10.0,7.06,0.94,190.2,24.9,251.4,3482.32
AGR_Sou_2018_00798,South_Zone,Kerala_Highland,2018,Rabi,Cotton,22.44,31.73,,52.38,14.7,6.56,0.706,241.7,26.0,273.7,2742.13
AGR_Sou_2020_00799,South_Zone,Karnataka_Deccan,2020,Kharif,Cotton,25.24,37.01,1446.24,84.45,12.04,6.76,0.639,128.7,30.8,240.2,2757.51
AGR_Sou_2023_00800,South_Zone,Karnataka_Deccan,2023,Rabi,Cotton,19.31,27.79,249.34,62.36,13.08,6.54,0.643,131.1,15.6,207.1,2071.29
AGR_Sou_2021_00801,South_Zone,TN_Delta,2021,Kharif,Pulses,24.8,36.72,,91.45,10.0,6.78,0.727,171.6,15.1,281.1,2284.51
AGR_Sou_2019_00802,South_Zone,Kerala_Highland,2019,Zaid,Pulses,26.74,37.99,141.78,55.64,12.97,6.67,0.521,152.4,22.2,261.5,1718.07
AGR_Sou_2018_00803,South_Zone,Kerala_Highland,2018,Rabi,Cotton,22.04,35.63,183.62,63.65,13.33,7.49,0.532,128.1,37.9,196.5,2021.12
AGR_Sou_2023_00804,South_Zone,Karnataka_Deccan,2023,Kharif,Soybean,22.33,32.71,645.96,73.47,12.11,7.26,0.563,175.3,23.5,228.4,3148.92
AGR_Sou_2020_00805,South_Zone,TN_Delta,2020,Kharif,Cotton,26.53,34.82,989.05,,11.18,5.97,0.961,217.5,20.4,225.1,3248.72
AGR_Sou_2023_00806,South_Zone,Kerala_Highland,2023,Zaid,Soybean,28.62,41.24,79.71,54.69,15.85,6.4,0.397,97.7,25.3,280.2,2083.54
AGR_Sou_2022_00807,South_Zone,Karnataka_Deccan,2022,Rabi,Cotton,22.52,35.53,225.25,65.47,11.64,7.57,0.418,195.0,18.7,250.2,2501.86
AGR_Sou_2021_00808,South_Zone,Karnataka_Deccan,2021,Rabi,Wheat,21.14,33.41,336.86,55.7,12.56,7.4,0.708,115.3,25.0,255.3,4370.59
AGR_Sou_2023_00809,South_Zone,AP_Coastal,2023,Kharif,Soybean,26.8,34.46,1407.73,95.0,10.0,7.33,0.821,228.6,25.3,178.5,3456.61
AGR_Sou_2023_00810,South_Zone,TN_Delta,2023,Kharif,Cotton,26.74,38.31,640.56,,13.31,7.5,0.932,187.4,25.3,150.7,2938.83
AGR_Sou_2018_00811,South_Zone,AP_Coastal,2018,Kharif,Rice,26.05,39.11,,88.3,10.16,6.55,0.576,197.8,16.1,177.4,5044.77
AGR_Sou_2023_00812,South_Zone,TN_Delta,2023,Kharif,Wheat,28.05,35.14,767.01,75.93,11.68,7.32,0.242,145.3,27.7,197.4,3997.08
AGR_Sou_2020_00813,South_Zone,Karnataka_Deccan,2020,Kharif,Cotton,23.73,32.81,1588.53,95.0,10.0,6.16,0.565,175.6,28.5,235.3,2893.61
AGR_Sou_2021_00814,South_Zone,TN_Delta,2021,Kharif,Pulses,23.63,32.16,1612.07,95.0,10.0,6.18,0.775,181.0,32.2,215.9,2129.45
AGR_Sou_2023_00815,South_Zone,Kerala_Highland,2023,Rabi,Wheat,20.57,31.51,234.64,71.12,10.2,7.01,0.2,170.7,19.8,251.4,3777.15
AGR_Sou_2020_00816,South_Zone,Kerala_Highland,2020,Kharif,Maize,23.81,35.44,1282.15,95.0,10.33,6.24,0.798,159.4,22.2,259.9,4206.29
AGR_Sou_2022_00817,South_Zone,TN_Delta,2022,Rabi,Cotton,20.95,34.9,128.93,,18.56,6.67,0.521,223.4,20.1,232.1,2431.3
AGR_Sou_2021_00818,South_Zone,Kerala_Highland,2021,Kharif,Pulses,24.49,35.79,1051.41,95.0,10.0,6.23,0.62,151.0,28.4,272.9,2198.96
AGR_Sou_2022_00819,South_Zone,TN_Delta,2022,Rabi,Wheat,24.5,36.87,306.79,65.11,13.47,6.64,0.708,143.0,13.5,233.9,4282.74
AGR_Sou_2019_00820,South_Zone,Karnataka_Deccan,2019,Kharif,Cotton,25.65,38.32,831.93,76.46,10.0,6.42,0.821,132.3,21.5,172.0,2975.57
AGR_Sou_2018_00821,South_Zone,AP_Coastal,2018,Rabi,Cotton,22.38,31.01,187.79,59.23,13.06,6.56,0.446,143.8,8.0,178.1,2569.26
AGR_Sou_2020_00822,South_Zone,TN_Delta,2020,Kharif,Maize,26.37,36.73,981.03,81.89,10.0,7.42,0.686,201.6,29.5,219.4,4599.29
AGR_Sou_2018_00823,South_Zone,Karnataka_Deccan,2018,Kharif,Maize,26.56,39.37,567.74,85.5,10.0,7.02,0.992,192.0,20.5,167.6,4314.04
AGR_Sou_2022_00824,South_Zone,TN_Delta,2022,Rabi,Soybean,23.36,34.1,179.34,57.35,12.07,6.99,0.505,162.1,23.3,196.8,2686.72
AGR_Sou_2022_00825,South_Zone,TN_Delta,2022,Kharif,Rice,25.11,38.48,,95.0,10.0,6.74,0.682,128.9,17.8,211.5,4286.85
AGR_Sou_2018_00826,South_Zone,Kerala_Highland,2018,Rabi,Maize,23.49,35.88,124.51,,11.26,6.04,0.566,187.0,24.5,164.4,3467.33
AGR_Sou_2019_00827,South_Zone,Kerala_Highland,2019,Kharif,Wheat,25.38,35.93,1936.18,95.0,10.0,7.03,0.362,186.2,23.2,254.5,4106.55
AGR_Sou_2020_00828,South_Zone,Karnataka_Deccan,2020,Kharif,Soybean,24.84,33.64,570.37,59.35,11.46,7.44,0.7,220.0,24.7,215.5,3665.1
AGR_Sou_2022_00829,South_Zone,AP_Coastal,2022,Kharif,Cotton,29.25,38.4,1210.93,80.92,10.66,7.09,0.755,135.2,14.9,172.8,3032.5
AGR_Sou_2018_00830,South_Zone,Karnataka_Deccan,2018,Kharif,Soybean,25.08,35.41,870.48,84.32,10.0,6.55,0.734,127.1,13.6,256.6,3041.27
AGR_Sou_2020_00831,South_Zone,Kerala_Highland,2020,Kharif,Maize,27.16,37.87,1158.19,87.79,10.0,6.72,0.784,176.6,17.8,199.9,4059.39
AGR_Sou_2022_00832,South_Zone,Kerala_Highland,2022,Kharif,Cotton,25.69,34.09,926.76,91.14,10.0,7.14,0.737,264.0,17.9,159.7,3146.72
AGR_Sou_2020_00833,South_Zone,AP_Coastal,2020,Rabi,Pulses,19.42,26.66,305.33,84.69,11.35,6.1,0.671,179.8,32.8,266.6,1815.38
AGR_Sou_2022_00834,South_Zone,TN_Delta,2022,Rabi,Cotton,20.26,31.71,265.59,65.94,10.79,8.01,0.535,210.2,21.5,257.2,2818.44
AGR_Sou_2020_00835,South_Zone,Kerala_Highland,2020,Rabi,Rice,23.35,34.73,94.34,48.89,10.0,6.25,0.734,115.5,29.5,289.6,4212.32
AGR_Sou_2018_00836,South_Zone,TN_Delta,2018,Zaid,Rice,26.98,39.34,67.66,51.28,13.28,6.64,0.588,149.2,22.1,216.9,3948.09
AGR_Sou_2019_00837,South_Zone,Karnataka_Deccan,2019,Rabi,Soybean,23.92,36.5,277.09,58.46,14.14,6.82,0.686,262.5,23.2,186.2,3122.94
AGR_Sou_2018_00838,South_Zone,AP_Coastal,2018,Zaid,Rice,29.52,42.4,100.2,57.89,12.94,6.5,0.416,198.2,23.4,160.8,4157.43
AGR_Sou_2019_00839,South_Zone,Kerala_Highland,2019,Rabi,Maize,21.4,33.76,225.19,50.25,13.37,6.77,0.413,186.1,28.9,144.7,3735.22
AGR_Sou_2020_00840,South_Zone,AP_Coastal,2020,Kharif,Wheat,24.55,34.26,,72.13,10.52,7.31,0.431,143.4,18.5,207.0,4191.28
AGR_Sou_2019_00841,South_Zone,Karnataka_Deccan,2019,Rabi,Rice,20.58,30.63,286.25,60.23,10.92,6.96,0.94,137.6,13.6,189.6,4698.65
AGR_Sou_2023_00842,South_Zone,AP_Coastal,2023,Rabi,Rice,21.24,34.49,198.94,60.16,11.91,6.85,0.503,185.9,33.7,268.5,4889.72
AGR_Sou_2018_00843,South_Zone,AP_Coastal,2018,Kharif,Cotton,26.43,36.55,1104.91,95.0,10.0,6.9,0.696,187.1,12.9,187.7,3270.34
AGR_Sou_2019_00844,South_Zone,Kerala_Highland,2019,Kharif,Maize,26.4,35.12,883.51,75.84,10.33,7.51,0.412,177.0,12.7,186.4,4311.61
AGR_Sou_2021_00845,South_Zone,Karnataka_Deccan,2021,Kharif,Pulses,25.98,34.57,1210.65,95.0,10.0,7.03,0.74,163.7,31.4,226.0,2595.94
AGR_Sou_2019_00846,South_Zone,Karnataka_Deccan,2019,Rabi,Maize,18.06,31.49,312.73,69.98,10.0,6.96,0.237,162.6,24.9,242.1,3453.04
AGR_Sou_2020_00847,South_Zone,TN_Delta,2020,Kharif,Wheat,26.33,39.33,1540.22,95.0,10.0,7.4,0.543,127.1,18.7,110.0,3871.89
AGR_Sou_2022_00848,South_Zone,Kerala_Highland,2022,Kharif,Rice,26.42,38.83,,95.0,10.0,6.76,0.745,204.4,21.9,226.7,5191.7
AGR_Sou_2023_00849,South_Zone,AP_Coastal,2023,Rabi,Soybean,18.1,32.05,223.52,52.8,11.77,6.34,0.606,148.5,10.3,110.0,2617.17
AGR_Sou_2018_00850,South_Zone,Kerala_Highland,2018,Kharif,Rice,,,1138.89,94.66,10.0,6.16,0.767,134.9,20.6,196.0,4994.73
AGR_Sou_2021_00851,South_Zone,TN_Delta,2021,Rabi,Soybean,23.46,36.57,,65.59,10.39,7.7,0.869,230.1,25.9,153.3,2901.7
AGR_Sou_2020_00852,South_Zone,Karnataka_Deccan,2020,Kharif,Rice,27.09,35.33,1436.4,95.0,10.0,6.46,0.633,154.3,20.7,186.5,5007.7
AGR_Sou_2019_00853,South_Zone,AP_Coastal,2019,Kharif,Rice,28.51,36.55,1368.53,87.89,10.14,7.4,0.513,194.0,22.6,222.0,5172.69
AGR_Sou_2019_00854,South_Zone,Kerala_Highland,2019,Kharif,Rice,25.42,35.87,544.68,63.74,10.0,6.29,1.162,131.4,24.4,174.2,5347.22
AGR_Sou_2023_00855,South_Zone,AP_Coastal,2023,Kharif,Maize,27.66,40.21,791.7,61.07,10.01,6.58,0.508,169.4,18.3,173.9,3965.95
AGR_Sou_2023_00856,South_Zone,Kerala_Highland,2023,Rabi,Maize,22.89,30.96,163.62,60.6,12.41,7.75,0.639,192.8,16.1,256.8,3905.04
AGR_Sou_2018_00857,South_Zone,TN_Delta,2018,Kharif,Pulses,29.12,39.98,664.53,55.49,11.46,7.0,0.609,208.2,25.5,162.8,2151.69
AGR_Sou_2021_00858,South_Zone,Karnataka_Deccan,2021,Rabi,Cotton,19.29,30.5,151.61,53.68,14.79,6.75,0.552,226.5,21.5,205.3,2307.56
AGR_Sou_2021_00859,South_Zone,Kerala_Highland,2021,Rabi,Rice,21.32,28.69,121.98,48.92,12.62,6.84,0.484,191.3,33.0,202.5,4113.43
AGR_Sou_2019_00860,South_Zone,AP_Coastal,2019,Kharif,Pulses,24.79,36.55,1091.2,95.0,11.38,7.2,0.513,238.3,15.3,241.1,2284.21
AGR_Sou_2018_00861,South_Zone,AP_Coastal,2018,Rabi,Maize,21.54,29.49,307.87,84.94,10.0,6.78,0.416,102.8,34.7,214.1,3389.56
AGR_Sou_2019_00862,South_Zone,AP_Coastal,2019,Rabi,Maize,20.16,31.92,239.79,48.48,10.44,6.8,0.783,196.2,19.1,151.6,4096.19
AGR_Sou_2021_00863,South_Zone,AP_Coastal,2021,Rabi,Rice,23.13,30.22,173.43,65.4,14.31,6.18,0.503,228.0,12.0,161.6,4730.28
AGR_Sou_2022_00864,South_Zone,Kerala_Highland,2022,Rabi,Maize,21.38,31.25,399.91,52.06,15.9,6.04,0.855,168.9,17.7,223.3,4542.17
AGR_Sou_2018_00865,South_Zone,TN_Delta,2018,Rabi,Cotton,20.43,32.38,267.13,67.9,10.5,6.44,0.485,180.7,25.4,119.1,2409.69
AGR_Sou_2021_00866,South_Zone,AP_Coastal,2021,Kharif,Maize,26.65,34.14,992.68,95.0,10.0,6.06,0.707,204.8,18.7,245.0,4346.27
AGR_Sou_2023_00867,South_Zone,AP_Coastal,2023,Rabi,Pulses,24.59,32.1,196.23,49.46,12.98,6.36,0.595,145.9,19.4,181.3,1628.52
AGR_Sou_2020_00868,South_Zone,TN_Delta,2020,Rabi,Cotton,19.98,27.39,186.02,57.55,10.51,6.91,0.62,242.6,28.0,173.6,2305.79
AGR_Sou_2020_00869,South_Zone,AP_Coastal,2020,Kharif,Rice,29.24,42.92,1371.58,67.81,12.23,6.18,0.545,160.9,8.4,227.2,4479.66
AGR_Sou_2020_00870,South_Zone,Karnataka_Deccan,2020,Kharif,Wheat,24.4,33.63,1433.17,,10.0,6.33,0.66,211.7,38.7,209.2,4838.37
AGR_Sou_2022_00871,South_Zone,AP_Coastal,2022,Rabi,Wheat,21.62,34.57,218.61,42.79,10.0,6.24,0.249,213.0,28.4,137.5,3867.38
AGR_Sou_2022_00872,South_Zone,Karnataka_Deccan,2022,Rabi,Cotton,22.24,31.9,211.42,57.26,12.96,7.06,0.36,193.2,22.6,197.8,2399.35
AGR_Sou_2023_00873,South_Zone,AP_Coastal,2023,Kharif,Maize,28.77,38.81,1259.2,76.07,10.0,6.7,0.601,165.5,22.5,208.4,4180.5
AGR_Sou_2020_00874,South_Zone,Kerala_Highland,2020,Kharif,Pulses,26.01,,846.57,70.01,10.0,6.17,0.711,133.7,31.5,244.4,2199.13
AGR_Sou_2020_00875,South_Zone,Karnataka_Deccan,2020,Zaid,Maize,30.23,40.5,100.62,49.94,12.75,6.66,0.789,149.7,24.8,227.8,3410.63
AGR_Sou_2018_00876,South_Zone,Karnataka_Deccan,2018,Zaid,Pulses,26.15,38.55,72.98,54.89,11.12,6.52,0.554,214.5,20.6,274.2,1293.72
AGR_Sou_2019_00877,South_Zone,AP_Coastal,2019,Kharif,Rice,26.4,36.66,1044.94,95.0,10.0,7.83,0.783,225.6,39.9,248.7,5370.89
AGR_Sou_2022_00878,South_Zone,Kerala_Highland,2022,Kharif,Pulses,27.7,35.66,1005.18,68.47,13.64,6.6,0.741,171.0,12.5,249.0,2303.18
AGR_Sou_2021_00879,South_Zone,Kerala_Highland,2021,Rabi,Pulses,17.48,24.7,,75.03,10.21,6.99,0.545,170.2,18.2,151.1,1445.94
AGR_Sou_2020_00880,South_Zone,TN_Delta,2020,Kharif,Cotton,26.19,33.23,1145.08,85.93,10.0,6.25,0.284,158.2,23.6,215.8,2953.62
AGR_Sou_2019_00881,South_Zone,AP_Coastal,2019,Kharif,Wheat,26.66,40.04,936.5,78.41,11.62,7.47,0.535,189.4,33.6,210.9,4566.64
AGR_Sou_2018_00882,South_Zone,AP_Coastal,2018,Kharif,Soybean,27.3,40.9,668.83,70.57,11.23,7.18,0.753,222.7,15.4,185.4,3406.67
AGR_Sou_2023_00883,South_Zone,Kerala_Highland,2023,Kharif,Cotton,26.33,34.25,1009.33,93.23,10.74,6.92,0.4,270.3,21.5,222.3,3297.18
AGR_Sou_2018_00884,South_Zone,AP_Coastal,2018,Kharif,Soybean,26.38,40.32,1301.14,86.12,10.14,6.47,0.585,220.0,18.2,134.8,3519.18
AGR_Sou_2023_00885,South_Zone,Karnataka_Deccan,2023,Kharif,Maize,26.13,37.64,897.8,75.17,12.32,6.46,0.65,204.5,17.7,189.3,4219.66
AGR_Sou_2019_00886,South_Zone,Kerala_Highland,2019,Rabi,Soybean,21.48,34.74,285.23,52.58,16.52,7.02,0.743,169.2,29.3,186.1,3170.92
AGR_Sou_2019_00887,South_Zone,AP_Coastal,2019,Rabi,Maize,22.82,36.29,261.24,69.57,11.15,7.03,0.728,126.6,20.3,142.6,3631.38
AGR_Sou_2020_00888,South_Zone,Karnataka_Deccan,2020,Kharif,Soybean,26.87,40.01,1236.51,89.7,10.0,6.28,0.521,165.2,20.0,156.7,2937.91
AGR_Sou_2020_00889,South_Zone,AP_Coastal,2020,Kharif,Pulses,25.93,34.26,652.39,73.64,12.33,7.24,0.597,186.8,32.3,238.9,2431.31
AGR_Sou_2019_00890,South_Zone,Kerala_Highland,2019,Kharif,Rice,26.15,,1156.65,79.78,10.64,6.48,0.868,231.2,24.3,178.5,6075.24
AGR_Sou_2022_00891,South_Zone,Kerala_Highland,2022,Kharif,Pulses,24.58,33.33,1055.38,77.98,11.32,6.3,0.444,184.6,24.1,241.6,2376.16
AGR_Sou_2020_00892,South_Zone,Kerala_Highland,2020,Rabi,Wheat,21.93,32.8,169.46,43.57,13.99,7.22,0.755,190.1,12.9,200.1,3971.32
AGR_Sou_2019_00893,South_Zone,Karnataka_Deccan,2019,Zaid,Rice,24.95,36.89,84.12,,11.72,6.12,0.495,148.3,14.7,224.2,4224.76
AGR_Sou_2023_00894,South_Zone,Karnataka_Deccan,2023,Zaid,Wheat,30.56,40.08,135.77,72.78,10.0,7.47,0.47,207.1,18.1,191.2,3866.59
AGR_Sou_2018_00895,South_Zone,AP_Coastal,2018,Kharif,Maize,26.95,36.63,1261.0,95.0,11.08,5.36,0.888,217.0,28.5,143.3,4571.02
AGR_Sou_2019_00896,South_Zone,Karnataka_Deccan,2019,Rabi,Rice,20.82,32.76,107.44,,11.16,6.88,0.895,107.9,25.3,267.0,4070.66
AGR_Sou_2023_00897,South_Zone,Kerala_Highland,2023,Rabi,Wheat,19.51,32.63,204.83,73.64,10.0,5.97,0.392,221.8,15.0,150.7,4203.95
AGR_Sou_2023_00898,South_Zone,Kerala_Highland,2023,Kharif,Wheat,22.97,31.21,939.68,84.97,12.0,6.25,0.804,206.9,20.8,247.4,5095.31
AGR_Sou_2019_00899,South_Zone,TN_Delta,2019,Rabi,Wheat,21.5,29.81,407.66,76.33,10.0,6.86,0.682,200.1,22.9,222.9,4569.56
AGR_Sou_2022_00900,South_Zone,TN_Delta,2022,Kharif,Soybean,26.72,40.72,784.24,73.47,13.53,7.15,0.736,187.8,27.7,139.9,3155.78
AGR_Sou_2023_00901,South_Zone,Kerala_Highland,2023,Zaid,Pulses,30.0,37.19,122.5,53.0,11.49,6.82,0.751,188.9,8.6,258.4,1815.96
AGR_Sou_2023_00902,South_Zone,AP_Coastal,2023,Rabi,Rice,22.68,31.08,184.36,68.75,10.0,6.14,0.514,142.5,20.3,173.6,4282.37
AGR_Sou_2020_00903,South_Zone,AP_Coastal,2020,Kharif,Rice,26.37,37.04,590.62,63.46,16.07,6.3,0.831,153.5,11.1,258.6,5301.24
AGR_Sou_2019_00904,South_Zone,TN_Delta,2019,Kharif,Pulses,23.8,32.5,840.21,84.03,10.0,6.89,0.559,147.8,29.1,221.9,2311.91
AGR_Sou_2023_00905,South_Zone,TN_Delta,2023,Kharif,Pulses,,36.82,1058.01,79.72,10.0,6.6,0.759,245.7,27.0,240.8,2224.46
AGR_Sou_2023_00906,South_Zone,Karnataka_Deccan,2023,Kharif,Rice,25.76,35.66,1243.12,75.27,12.31,6.04,0.774,270.7,29.1,227.5,5970.56
AGR_Sou_2022_00907,South_Zone,TN_Delta,2022,Kharif,Maize,26.74,38.14,1133.11,,10.2,6.59,0.2,173.2,26.1,211.4,3813.89
AGR_Sou_2021_00908,South_Zone,TN_Delta,2021,Kharif,Soybean,27.53,38.52,675.52,79.43,13.16,8.23,0.459,149.5,23.3,176.1,2970.56
AGR_Sou_2019_00909,South_Zone,TN_Delta,2019,Kharif,Wheat,26.21,34.44,994.39,71.77,10.59,5.97,0.697,200.7,22.7,186.2,5058.75
AGR_Sou_2019_00910,South_Zone,Kerala_Highland,2019,Rabi,Soybean,19.73,27.04,138.89,50.79,10.89,6.2,0.718,162.2,17.7,179.9,2119.88
AGR_Sou_2018_00911,South_Zone,TN_Delta,2018,Rabi,Cotton,20.99,34.96,,58.65,10.0,7.72,0.556,208.3,15.3,209.7,2096.96
AGR_Sou_2018_00912,South_Zone,Kerala_Highland,2018,Zaid,Cotton,24.81,35.08,111.58,63.32,13.31,7.17,0.452,133.3,27.7,323.3,2229.06
AGR_Sou_2022_00913,South_Zone,AP_Coastal,2022,Zaid,Cotton,27.24,38.95,,57.84,12.75,5.26,0.533,139.6,27.9,153.0,1896.48
AGR_Sou_2020_00914,South_Zone,Karnataka_Deccan,2020,Kharif,Soybean,27.63,38.56,,76.95,10.34,6.74,0.656,161.2,12.9,159.6,2806.81
AGR_Sou_2019_00915,South_Zone,TN_Delta,2019,Kharif,Cotton,,35.51,479.23,76.44,10.1,7.06,0.653,208.7,16.7,136.2,3286.1
AGR_Sou_2019_00916,South_Zone,Kerala_Highland,2019,Kharif,Cotton,25.95,35.94,1164.82,94.54,10.0,6.89,0.642,222.1,31.9,158.5,3181.04
AGR_Sou_2019_00917,South_Zone,AP_Coastal,2019,Rabi,Pulses,19.69,29.41,164.52,50.01,12.5,7.39,0.278,194.6,19.6,228.5,1686.71
AGR_Sou_2022_00918,South_Zone,Karnataka_Deccan,2022,Kharif,Rice,25.6,33.69,1239.01,85.47,10.0,7.24,0.533,185.4,19.7,130.2,5183.87
AGR_Sou_2019_00919,South_Zone,Karnataka_Deccan,2019,Kharif,Soybean,25.58,,614.86,71.07,10.0,7.45,0.84,192.4,21.2,259.9,3415.7
AGR_Sou_2023_00920,South_Zone,AP_Coastal,2023,Kharif,Maize,27.0,40.58,1129.45,88.19,10.0,6.73,0.707,193.3,15.9,159.7,4369.64
AGR_Sou_2023_00921,South_Zone,Karnataka_Deccan,2023,Rabi,Rice,22.19,,380.78,50.53,13.01,7.22,0.603,159.5,23.6,238.2,4830.61
AGR_Sou_2021_00922,South_Zone,AP_Coastal,2021,Kharif,Rice,22.96,,1010.63,73.92,10.0,7.74,0.207,159.9,26.0,236.5,4320.98
AGR_Sou_2019_00923,South_Zone,Kerala_Highland,2019,Kharif,Cotton,27.63,40.86,1472.64,95.0,10.0,7.6,0.447,198.5,8.0,186.9,2862.31
AGR_Sou_2019_00924,South_Zone,AP_Coastal,2019,Rabi,Soybean,26.22,,237.57,62.43,16.08,6.02,0.974,188.0,24.6,159.8,2853.16
AGR_Sou_2020_00925,South_Zone,Karnataka_Deccan,2020,Kharif,Maize,25.08,32.78,,,10.0,7.24,0.408,156.0,20.5,227.3,4165.79
AGR_Sou_2023_00926,South_Zone,TN_Delta,2023,Rabi,Rice,21.53,31.93,248.29,51.15,12.91,6.67,0.417,133.8,26.8,110.0,4272.59
AGR_Sou_2021_00927,South_Zone,AP_Coastal,2021,Kharif,Pulses,27.83,37.33,1048.39,95.0,10.47,6.89,0.425,153.2,18.0,191.7,2158.94
AGR_Sou_2019_00928,South_Zone,TN_Delta,2019,Rabi,Maize,22.05,32.4,265.92,55.4,13.15,7.8,0.642,231.5,28.9,281.6,4163.31
AGR_Sou_2023_00929,South_Zone,Kerala_Highland,2023,Rabi,Rice,23.0,30.46,288.31,55.26,11.22,6.62,0.734,162.6,22.2,286.7,4894.43
AGR_Sou_2023_00930,South_Zone,Karnataka_Deccan,2023,Rabi,Cotton,24.28,31.87,300.75,64.79,13.74,6.13,0.473,235.9,27.0,237.6,2843.44
AGR_Sou_2023_00931,South_Zone,AP_Coastal,2023,Rabi,Soybean,20.61,30.08,129.34,62.49,12.56,6.63,0.333,226.8,18.3,193.0,2392.44
AGR_Sou_2023_00932,South_Zone,TN_Delta,2023,Kharif,Wheat,,32.62,1291.12,92.32,10.0,6.23,0.833,186.9,23.9,152.4,4803.04
AGR_Sou_2022_00933,South_Zone,Karnataka_Deccan,2022,Kharif,Cotton,26.47,38.86,1246.59,87.2,10.19,6.52,0.458,142.9,22.5,176.6,2921.88
AGR_Sou_2023_00934,South_Zone,Kerala_Highland,2023,Kharif,Rice,24.9,35.03,656.92,81.99,10.0,7.14,0.589,211.1,20.5,195.2,5248.98
AGR_Sou_2023_00935,South_Zone,Karnataka_Deccan,2023,Kharif,Rice,26.63,35.59,785.1,91.74,11.33,5.64,0.241,125.1,25.2,186.5,4856.08
AGR_Sou_2018_00936,South_Zone,TN_Delta,2018,Rabi,Rice,22.72,32.44,163.15,38.34,13.85,7.22,0.686,166.1,19.4,153.3,4371.05
AGR_Sou_2020_00937,South_Zone,Kerala_Highland,2020,Rabi,Wheat,,31.79,339.45,70.91,12.13,6.56,0.531,150.4,23.8,233.3,4417.19
AGR_Sou_2021_00938,South_Zone,AP_Coastal,2021,Kharif,Maize,26.5,35.24,759.3,66.33,10.04,6.33,0.469,185.1,22.4,323.3,4163.18
AGR_Sou_2020_00939,South_Zone,Kerala_Highland,2020,Kharif,Soybean,25.04,32.55,979.26,86.73,10.0,7.26,0.526,208.8,22.0,236.8,3372.87
AGR_Sou_2018_00940,South_Zone,TN_Delta,2018,Zaid,Rice,29.16,37.76,143.92,58.78,10.0,7.6,0.618,214.5,24.5,194.8,4803.14
AGR_Sou_2018_00941,South_Zone,AP_Coastal,2018,Zaid,Wheat,27.37,37.32,113.53,39.76,14.28,6.57,0.867,128.3,19.4,222.3,4062.55
AGR_Sou_2021_00942,South_Zone,Karnataka_Deccan,2021,Kharif,Wheat,26.54,39.89,1124.72,95.0,12.24,6.81,0.938,195.3,26.1,275.1,5257.46
AGR_Sou_2019_00943,South_Zone,TN_Delta,2019,Zaid,Pulses,29.37,38.21,92.17,,11.24,5.66,0.63,236.6,17.8,281.7,1649.73
AGR_Sou_2022_00944,South_Zone,AP_Coastal,2022,Kharif,Maize,27.03,40.73,1125.01,95.0,10.0,7.15,0.731,108.7,15.1,216.5,3757.64
AGR_Sou_2019_00945,South_Zone,TN_Delta,2019,Zaid,Rice,27.61,37.4,146.2,,14.78,7.05,0.624,224.9,19.3,229.2,4742.55
AGR_Sou_2022_00946,South_Zone,TN_Delta,2022,Kharif,Maize,26.8,40.14,1055.27,90.43,10.0,5.85,0.646,134.3,10.1,240.5,4067.95
AGR_Sou_2018_00947,South_Zone,Kerala_Highland,2018,Kharif,Pulses,25.53,32.81,1154.36,83.36,10.0,8.12,0.591,190.9,20.7,181.7,2247.29
AGR_Sou_2023_00948,South_Zone,TN_Delta,2023,Kharif,Pulses,,40.31,1286.74,82.84,10.0,7.06,0.539,197.9,32.9,253.6,2190.24
AGR_Sou_2018_00949,South_Zone,AP_Coastal,2018,Rabi,Maize,22.66,35.1,376.54,67.12,11.32,5.62,0.652,160.9,8.0,174.9,4023.93
AGR_Sou_2022_00950,South_Zone,Kerala_Highland,2022,Rabi,Maize,23.33,36.2,225.24,55.0,13.54,7.25,0.641,165.6,16.5,171.3,3789.52
AGR_Sou_2021_00951,South_Zone,AP_Coastal,2021,Kharif,Rice,25.81,34.25,741.7,63.82,10.93,6.59,0.578,218.7,32.7,289.8,5434.64
AGR_Sou_2018_00952,South_Zone,TN_Delta,2018,Zaid,Cotton,27.89,37.36,68.95,52.56,13.39,6.7,0.703,147.2,15.9,266.4,2397.2
AGR_Sou_2020_00953,South_Zone,Kerala_Highland,2020,Rabi,Cotton,22.66,29.86,182.8,56.21,11.09,6.48,0.447,198.9,8.0,203.8,2062.3
AGR_Sou_2021_00954,South_Zone,AP_Coastal,2021,Rabi,Wheat,21.99,31.89,301.28,55.1,15.37,7.76,0.659,155.3,22.5,249.2,4371.15
AGR_Sou_2022_00955,South_Zone,Kerala_Highland,2022,Kharif,Pulses,,32.89,1197.56,92.64,10.0,5.99,0.869,148.7,18.0,192.6,2365.18
AGR_Sou_2019_00956,South_Zone,Kerala_Highland,2019,Rabi,Wheat,20.53,33.38,168.45,44.29,16.87,7.45,0.55,222.5,25.3,264.3,3920.78
AGR_Sou_2021_00957,South_Zone,AP_Coastal,2021,Kharif,Maize,28.93,,867.2,,10.0,5.94,0.841,187.9,19.3,213.7,4267.26
AGR_Sou_2021_00958,South_Zone,AP_Coastal,2021,Rabi,Rice,,34.23,196.47,78.91,11.53,5.67,0.661,177.7,28.3,224.1,4720.36
AGR_Sou_2018_00959,South_Zone,TN_Delta,2018,Rabi,Rice,21.96,31.64,98.75,58.5,10.0,5.2,0.439,183.5,16.0,217.0,4060.85
AGR_Sou_2020_00960,South_Zone,Kerala_Highland,2020,Zaid,Cotton,26.28,34.54,72.5,43.72,12.93,6.59,0.755,154.2,22.5,168.4,2181.46
AGR_Sou_2021_00961,South_Zone,Karnataka_Deccan,2021,Kharif,Maize,26.55,35.06,985.42,92.35,10.0,8.06,0.626,183.8,13.6,184.3,4541.2
AGR_Sou_2020_00962,South_Zone,TN_Delta,2020,Kharif,Rice,22.61,31.54,1090.68,91.11,10.0,6.21,0.232,178.4,18.0,204.1,4738.93
AGR_Sou_2021_00963,South_Zone,Kerala_Highland,2021,Rabi,Cotton,20.73,28.63,134.48,55.5,16.5,5.88,0.76,144.9,24.8,181.3,2180.72
AGR_Sou_2023_00964,South_Zone,Karnataka_Deccan,2023,Kharif,Maize,28.32,,1774.65,95.0,10.0,6.39,0.609,152.1,25.6,148.8,3742.1
AGR_Sou_2023_00965,South_Zone,Karnataka_Deccan,2023,Kharif,Maize,,39.57,1215.82,93.17,10.09,5.93,0.839,195.7,16.9,218.3,4507.55
AGR_Sou_2020_00966,South_Zone,Kerala_Highland,2020,Kharif,Rice,27.28,36.58,880.93,67.2,14.5,6.72,0.56,169.0,18.4,193.4,5173.52
AGR_Sou_2019_00967,South_Zone,TN_Delta,2019,Kharif,Soybean,25.11,34.81,853.42,70.88,12.16,6.27,0.701,192.0,23.4,300.9,3295.93
AGR_Sou_2022_00968,South_Zone,TN_Delta,2022,Kharif,Rice,26.15,34.44,1588.09,85.71,10.0,6.8,0.638,137.7,20.3,245.8,4756.05
AGR_Sou_2019_00969,South_Zone,Kerala_Highland,2019,Kharif,Maize,27.11,40.92,718.32,53.83,12.83,5.94,0.328,185.8,20.8,275.7,3660.43
AGR_Sou_2019_00970,South_Zone,Karnataka_Deccan,2019,Kharif,Pulses,27.5,38.23,932.33,68.29,12.1,6.33,0.381,159.2,21.7,152.9,2301.68
AGR_Sou_2023_00971,South_Zone,Kerala_Highland,2023,Kharif,Wheat,25.4,39.22,405.2,69.74,11.86,7.67,0.438,262.0,16.7,162.1,4764.15
AGR_Sou_2022_00972,South_Zone,Karnataka_Deccan,2022,Kharif,Maize,22.99,33.73,1447.85,95.0,10.0,7.36,0.344,199.3,23.5,180.9,4100.9
AGR_Sou_2021_00973,South_Zone,Karnataka_Deccan,2021,Kharif,Rice,26.27,39.45,1497.37,95.0,12.32,6.58,0.401,156.5,26.4,165.6,4757.06
AGR_Sou_2022_00974,South_Zone,TN_Delta,2022,Rabi,Pulses,22.04,,259.13,47.06,11.04,6.99,0.487,242.7,20.3,146.5,1986.25
AGR_Sou_2021_00975,South_Zone,Karnataka_Deccan,2021,Kharif,Maize,24.94,37.07,999.43,88.69,10.38,5.99,0.688,127.3,18.1,165.6,3954.51
AGR_Sou_2021_00976,South_Zone,TN_Delta,2021,Rabi,Cotton,20.07,29.74,275.46,57.45,12.96,7.23,0.637,247.4,20.9,223.0,2994.82
AGR_Sou_2021_00977,South_Zone,Kerala_Highland,2021,Kharif,Wheat,25.36,37.55,1410.83,95.0,10.0,6.98,0.846,143.4,17.4,226.3,4590.53
AGR_Sou_2021_00978,South_Zone,TN_Delta,2021,Kharif,Soybean,,36.56,1259.98,88.45,10.0,6.17,0.68,144.5,18.9,257.9,2989.65
AGR_Sou_2022_00979,South_Zone,Karnataka_Deccan,2022,Kharif,Maize,23.78,33.62,1470.77,88.95,10.22,6.77,0.779,181.5,31.7,138.6,3984.86
AGR_Sou_2023_00980,South_Zone,Kerala_Highland,2023,Kharif,Rice,24.57,37.24,738.84,71.22,11.28,6.11,0.454,215.0,35.8,237.3,5164.3
AGR_Sou_2020_00981,South_Zone,AP_Coastal,2020,Rabi,Pulses,23.44,35.64,279.43,60.21,12.26,6.94,0.799,189.8,22.5,225.0,2159.45
AGR_Sou_2022_00982,South_Zone,AP_Coastal,2022,Rabi,Maize,22.43,29.77,137.04,74.0,13.01,6.59,0.833,172.3,26.3,200.2,3461.39
AGR_Sou_2019_00983,South_Zone,Kerala_Highland,2019,Rabi,Pulses,19.36,32.3,135.88,65.97,11.98,7.92,0.563,108.2,22.8,166.5,1211.67
AGR_Sou_2021_00984,South_Zone,AP_Coastal,2021,Rabi,Cotton,21.32,31.11,320.07,55.95,15.52,7.24,0.68,177.7,15.2,168.0,2656.39
AGR_Sou_2019_00985,South_Zone,TN_Delta,2019,Rabi,Maize,20.8,34.12,266.63,59.81,10.96,7.18,0.219,207.2,25.4,233.1,3677.73
AGR_Sou_2018_00986,South_Zone,Karnataka_Deccan,2018,Kharif,Maize,25.52,36.07,1704.25,90.6,10.0,7.51,0.512,182.0,19.2,157.9,3836.8
AGR_Sou_2020_00987,South_Zone,Karnataka_Deccan,2020,Zaid,Soybean,27.33,34.58,127.0,54.72,12.24,8.16,0.464,166.5,16.3,268.7,2763.81
AGR_Sou_2023_00988,South_Zone,AP_Coastal,2023,Kharif,Pulses,24.61,33.46,975.81,86.06,12.55,6.43,0.594,90.0,33.4,181.8,1718.1
AGR_Sou_2020_00989,South_Zone,TN_Delta,2020,Rabi,Pulses,23.11,31.88,253.6,64.06,11.52,6.13,0.578,179.6,27.3,177.8,1839.69
AGR_Sou_2018_00990,South_Zone,TN_Delta,2018,Kharif,Pulses,26.97,36.11,1159.74,89.6,10.0,7.27,0.618,161.7,15.1,236.7,2319.99
AGR_Sou_2020_00991,South_Zone,TN_Delta,2020,Kharif,Wheat,28.53,41.12,1065.58,74.86,10.0,7.61,0.557,206.4,17.8,239.5,4438.84
AGR_Sou_2020_00992,South_Zone,AP_Coastal,2020,Zaid,Pulses,,37.06,97.91,48.09,12.09,6.82,0.62,183.5,26.7,267.4,1477.38
AGR_Sou_2020_00993,South_Zone,Karnataka_Deccan,2020,Kharif,Wheat,25.85,38.51,1428.77,92.49,10.46,7.12,0.618,212.3,14.5,183.8,5049.49
AGR_Sou_2022_00994,South_Zone,TN_Delta,2022,Rabi,Pulses,21.86,35.85,265.01,66.83,11.77,6.93,0.459,206.4,12.7,243.0,1802.38
AGR_Sou_2021_00995,South_Zone,TN_Delta,2021,Rabi,Cotton,21.23,30.27,275.04,50.31,10.88,7.46,0.261,200.7,14.6,290.6,2506.9
AGR_Sou_2023_00996,South_Zone,Karnataka_Deccan,2023,Zaid,Cotton,28.29,39.17,79.37,63.67,10.0,7.66,0.54,180.1,14.4,215.1,1978.24
AGR_Sou_2021_00997,South_Zone,TN_Delta,2021,Rabi,Maize,24.42,34.8,211.96,42.74,12.15,8.11,0.342,207.9,20.5,157.4,3774.95
AGR_Sou_2018_00998,South_Zone,Kerala_Highland,2018,Rabi,Pulses,24.65,36.2,271.1,74.14,10.0,6.6,0.244,203.8,12.9,144.8,1852.12
AGR_Sou_2019_00999,South_Zone,TN_Delta,2019,Rabi,Cotton,23.72,31.9,228.93,49.26,11.83,6.25,0.67,156.7,26.7,171.1,2374.17
AGR_Sou_2022_01000,South_Zone,AP_Coastal,2022,Rabi,Rice,23.36,31.28,193.7,42.91,15.37,5.39,0.702,179.6,24.4,244.5,4813.77
AGR_Sou_2020_01001,South_Zone,AP_Coastal,2020,Zaid,Cotton,27.04,40.59,102.83,63.64,17.39,6.68,0.959,256.6,22.7,201.0,2446.51
AGR_Sou_2020_01002,South_Zone,AP_Coastal,2020,Kharif,Pulses,,34.94,1026.23,89.98,10.0,6.76,0.54,211.7,20.2,236.2,2194.03
AGR_Sou_2023_01003,South_Zone,Karnataka_Deccan,2023,Kharif,Wheat,25.09,35.48,840.88,84.94,10.0,8.18,0.514,166.4,13.9,137.4,4687.04
AGR_Sou_2022_01004,South_Zone,Karnataka_Deccan,2022,Rabi,Pulses,21.28,28.76,134.63,69.3,10.89,6.86,0.763,207.2,11.1,226.8,1588.95
AGR_Sou_2023_01005,South_Zone,AP_Coastal,2023,Rabi,Soybean,21.55,28.88,88.0,57.71,16.05,7.41,0.81,169.7,11.6,313.1,2155.57
AGR_Sou_2023_01006,South_Zone,AP_Coastal,2023,Kharif,Maize,25.26,34.53,681.13,47.45,13.8,7.2,0.729,158.5,29.7,281.3,4167.3
AGR_Sou_2023_01007,South_Zone,TN_Delta,2023,Kharif,Pulses,28.15,35.82,1155.14,72.67,15.11,6.39,0.56,191.2,24.8,195.1,2421.11
AGR_Sou_2020_01008,South_Zone,Kerala_Highland,2020,Rabi,Cotton,22.63,35.35,218.62,61.04,14.56,7.38,0.583,182.7,30.4,178.7,2485.19
AGR_Sou_2022_01009,South_Zone,Kerala_Highland,2022,Kharif,Wheat,27.7,,719.64,52.55,10.99,5.73,0.781,212.7,21.7,260.6,4984.71
AGR_Sou_2018_01010,South_Zone,Karnataka_Deccan,2018,Kharif,Maize,22.55,36.39,1018.42,86.7,10.0,6.49,0.748,164.6,20.4,233.6,4066.05
AGR_Sou_2020_01011,South_Zone,AP_Coastal,2020,Kharif,Cotton,25.59,33.93,1392.66,87.57,10.0,6.57,0.522,217.4,22.2,270.5,3033.89
AGR_Sou_2022_01012,South_Zone,AP_Coastal,2022,Kharif,Wheat,23.76,32.96,1634.14,95.0,10.01,7.29,0.866,205.5,21.3,257.8,4897.75
AGR_Sou_2018_01013,South_Zone,Kerala_Highland,2018,Rabi,Soybean,19.58,28.55,203.24,58.95,10.0,6.53,0.478,118.4,23.4,200.1,2270.53
AGR_Sou_2020_01014,South_Zone,AP_Coastal,2020,Kharif,Cotton,29.69,40.93,844.93,77.19,12.47,6.41,0.669,168.8,31.2,249.3,2944.56
AGR_Sou_2018_01015,South_Zone,TN_Delta,2018,Rabi,Pulses,23.87,33.25,188.57,65.85,10.0,6.22,0.276,192.8,23.1,222.3,1620.8
AGR_Sou_2019_01016,South_Zone,TN_Delta,2019,Kharif,Maize,,39.7,,59.2,12.21,6.91,0.707,202.5,29.0,294.2,4432.8
AGR_Sou_2018_01017,South_Zone,Kerala_Highland,2018,Rabi,Pulses,21.77,34.22,255.67,49.95,11.9,7.61,0.557,141.4,15.8,169.3,1719.34
AGR_Sou_2023_01018,South_Zone,Karnataka_Deccan,2023,Rabi,Maize,,36.8,83.52,73.9,10.0,6.61,0.275,191.0,22.5,160.9,3463.8
AGR_Sou_2021_01019,South_Zone,TN_Delta,2021,Zaid,Pulses,27.27,38.91,65.43,30.64,18.05,6.17,0.304,178.0,17.5,132.6,1291.37
AGR_Sou_2020_01020,South_Zone,Karnataka_Deccan,2020,Kharif,Rice,23.89,31.06,585.12,72.8,13.19,7.04,0.624,154.1,28.5,224.7,4844.16
AGR_Sou_2018_01021,South_Zone,TN_Delta,2018,Kharif,Maize,27.37,37.6,1495.11,82.22,10.0,6.07,0.392,194.6,32.2,237.8,4303.64
AGR_Sou_2022_01022,South_Zone,TN_Delta,2022,Kharif,Pulses,26.94,40.38,647.99,71.66,10.0,5.79,0.7,144.4,26.0,185.6,1999.96
AGR_Sou_2021_01023,South_Zone,Kerala_Highland,2021,Rabi,Maize,21.38,32.49,243.91,56.3,10.71,6.88,0.674,200.5,18.7,236.1,3915.51
AGR_Sou_2023_01024,South_Zone,AP_Coastal,2023,Kharif,Pulses,21.01,31.7,1080.67,72.85,11.3,6.58,0.2,164.4,16.6,135.8,1968.81
AGR_Sou_2021_01025,South_Zone,TN_Delta,2021,Kharif,Pulses,27.47,38.57,908.85,85.55,10.04,7.53,0.589,193.2,19.1,210.2,2193.13
AGR_Sou_2018_01026,South_Zone,Karnataka_Deccan,2018,Rabi,Maize,22.65,34.57,209.45,56.9,13.92,7.05,1.04,271.2,17.8,186.2,4323.2
AGR_Sou_2019_01027,South_Zone,TN_Delta,2019,Kharif,Cotton,23.24,32.76,1112.08,91.43,10.0,6.84,0.366,209.0,21.6,188.3,3192.22
AGR_Sou_2022_01028,South_Zone,AP_Coastal,2022,Rabi,Cotton,21.37,35.12,124.17,55.39,13.02,5.43,0.516,183.9,8.0,215.2,2563.22
AGR_Sou_2020_01029,South_Zone,Kerala_Highland,2020,Rabi,Soybean,21.83,35.25,142.35,44.9,11.33,6.79,0.553,210.0,27.7,212.2,2661.34
AGR_Sou_2022_01030,South_Zone,AP_Coastal,2022,Kharif,Pulses,25.6,37.3,1310.98,88.79,11.01,7.0,0.387,212.3,14.2,247.3,2102.32
AGR_Sou_2023_01031,South_Zone,TN_Delta,2023,Rabi,Cotton,22.4,35.7,241.41,65.1,11.36,7.68,0.467,210.1,25.4,265.5,2623.08
AGR_Sou_2019_01032,South_Zone,Kerala_Highland,2019,Rabi,Rice,22.08,34.01,295.83,83.91,10.0,7.75,0.527,217.6,25.6,226.1,5052.87
AGR_Sou_2020_01033,South_Zone,TN_Delta,2020,Kharif,Pulses,26.28,36.35,1170.18,69.87,10.0,6.45,0.659,201.7,13.0,263.1,2718.18
AGR_Sou_2022_01034,South_Zone,TN_Delta,2022,Rabi,Pulses,22.25,30.86,186.32,51.02,13.23,6.42,0.517,145.3,14.7,350.0,1452.63
AGR_Sou_2022_01035,South_Zone,AP_Coastal,2022,Kharif,Wheat,22.79,30.99,1109.94,92.92,10.0,7.41,0.317,138.0,23.4,110.0,3883.06
AGR_Sou_2020_01036,South_Zone,Karnataka_Deccan,2020,Rabi,Wheat,21.57,,181.5,79.22,11.6,6.51,0.678,195.6,20.0,227.7,4255.97
AGR_Sou_2023_01037,South_Zone,Kerala_Highland,2023,Kharif,Soybean,25.54,36.04,1795.2,95.0,10.0,6.84,0.708,212.9,38.0,220.8,3203.65
AGR_Sou_2020_01038,South_Zone,Kerala_Highland,2020,Rabi,Pulses,19.0,29.84,240.16,47.8,12.14,6.67,0.615,228.7,25.8,217.6,1760.98
AGR_Sou_2018_01039,South_Zone,AP_Coastal,2018,Zaid,Wheat,27.24,37.45,127.41,48.49,12.08,5.71,0.608,204.5,16.7,223.6,4197.79
AGR_Sou_2021_01040,South_Zone,Karnataka_Deccan,2021,Zaid,Soybean,27.28,35.97,165.42,67.95,12.25,7.76,0.632,223.3,14.2,158.7,2958.0
AGR_Sou_2018_01041,South_Zone,TN_Delta,2018,Kharif,Cotton,24.15,35.1,1367.43,95.0,10.0,5.45,0.379,90.3,22.6,174.1,2621.27
AGR_Sou_2020_01042,South_Zone,Karnataka_Deccan,2020,Kharif,Cotton,27.78,39.0,1432.32,95.0,10.0,7.55,0.571,231.5,24.3,224.1,3116.75
AGR_Sou_2021_01043,South_Zone,Kerala_Highland,2021,Rabi,Wheat,23.61,31.48,206.83,65.8,10.0,7.0,0.679,179.1,8.0,146.4,4226.24
AGR_Sou_2019_01044,South_Zone,Kerala_Highland,2019,Rabi,Rice,22.52,30.84,264.38,63.51,16.5,6.85,0.905,228.7,22.3,265.7,5213.86
AGR_Sou_2020_01045,South_Zone,AP_Coastal,2020,Kharif,Cotton,25.1,33.12,,85.42,12.17,7.9,0.729,224.5,16.9,246.5,3158.15
AGR_Sou_2022_01046,South_Zone,AP_Coastal,2022,Kharif,Cotton,27.38,37.2,,94.07,10.0,6.77,0.471,156.6,13.6,261.6,2538.33
AGR_Sou_2021_01047,South_Zone,Karnataka_Deccan,2021,Kharif,Cotton,26.09,36.33,,88.79,10.0,6.92,0.474,160.1,25.2,172.2,2893.39
AGR_Sou_2023_01048,South_Zone,Karnataka_Deccan,2023,Zaid,Wheat,27.29,35.94,91.65,35.51,14.81,6.4,0.687,183.0,19.7,189.3,3868.4
AGR_Sou_2022_01049,South_Zone,AP_Coastal,2022,Rabi,Maize,21.72,34.43,313.06,63.78,11.93,6.56,0.579,184.7,20.8,259.5,4093.46
AGR_Sou_2022_01050,South_Zone,AP_Coastal,2022,Zaid,Rice,27.68,36.96,84.86,52.16,13.39,6.36,0.537,143.8,20.2,140.8,4034.84
AGR_Sou_2018_01051,South_Zone,TN_Delta,2018,Rabi,Cotton,21.56,35.22,,57.77,13.72,6.34,0.574,243.1,21.6,218.4,3014.69
AGR_Sou_2020_01052,South_Zone,TN_Delta,2020,Kharif,Pulses,26.33,36.59,1284.76,95.0,10.0,8.07,0.69,184.5,25.1,166.9,2389.58
AGR_Sou_2018_01053,South_Zone,Karnataka_Deccan,2018,Rabi,Cotton,23.66,36.98,254.73,67.93,13.74,6.81,0.532,246.6,8.0,249.0,2719.64
AGR_Sou_2019_01054,South_Zone,TN_Delta,2019,Rabi,Soybean,19.74,26.89,145.58,52.7,13.95,7.58,0.48,102.6,24.6,211.9,2054.11
AGR_Sou_2019_01055,South_Zone,Karnataka_Deccan,2019,Kharif,Rice,26.46,38.34,1576.23,95.0,10.45,7.39,0.415,270.3,37.6,184.0,5080.67
AGR_Sou_2018_01056,South_Zone,Kerala_Highland,2018,Kharif,Cotton,27.37,36.27,308.43,56.93,13.13,6.72,0.627,224.2,18.5,137.9,2980.72
AGR_Sou_2020_01057,South_Zone,TN_Delta,2020,Kharif,Cotton,26.24,34.16,1020.21,80.37,11.33,6.18,0.823,174.6,32.8,291.4,3231.49
AGR_Sou_2020_01058,South_Zone,AP_Coastal,2020,Kharif,Cotton,27.93,36.7,898.17,75.11,12.04,7.02,0.615,177.0,25.6,219.7,3075.35
AGR_Sou_2020_01059,South_Zone,AP_Coastal,2020,Kharif,Wheat,26.34,38.42,1428.68,89.92,10.0,7.14,0.683,210.7,8.4,135.4,4716.28
AGR_Sou_2019_01060,South_Zone,TN_Delta,2019,Rabi,Wheat,19.48,31.81,217.71,58.34,11.98,6.18,0.552,170.1,27.7,221.6,4081.7
AGR_Sou_2020_01061,South_Zone,AP_Coastal,2020,Rabi,Rice,19.95,31.28,182.1,45.5,13.05,7.64,0.777,217.3,19.4,209.7,4748.16
AGR_Sou_2021_01062,South_Zone,Kerala_Highland,2021,Kharif,Soybean,25.26,38.56,1038.91,95.0,10.0,7.15,0.568,213.7,14.5,185.9,3319.46
AGR_Sou_2023_01063,South_Zone,Kerala_Highland,2023,Kharif,Pulses,27.56,39.67,1172.46,88.46,10.0,7.07,0.575,224.5,15.4,279.5,2343.4
AGR_Sou_2020_01064,South_Zone,Karnataka_Deccan,2020,Kharif,Pulses,26.54,40.24,1169.41,77.91,10.0,7.03,0.583,193.2,14.4,222.2,2448.9
AGR_Sou_2020_01065,South_Zone,Kerala_Highland,2020,Kharif,Soybean,24.97,32.62,834.32,75.17,11.74,7.52,0.456,206.7,16.6,239.3,3074.81
AGR_Sou_2020_01066,South_Zone,Karnataka_Deccan,2020,Rabi,Soybean,23.92,35.93,345.11,52.5,10.0,7.27,0.494,144.5,23.9,195.0,2915.37
AGR_Sou_2020_01067,South_Zone,Kerala_Highland,2020,Kharif,Rice,27.68,41.44,828.03,65.26,12.89,7.31,0.685,239.4,14.0,196.5,5115.56
AGR_Sou_2021_01068,South_Zone,Kerala_Highland,2021,Kharif,Wheat,28.49,36.88,995.98,83.29,12.39,6.89,0.759,118.4,19.4,197.9,4414.95
AGR_Sou_2019_01069,South_Zone,Karnataka_Deccan,2019,Rabi,Cotton,21.08,30.65,385.42,70.96,10.0,5.72,0.724,111.6,24.7,220.5,2664.33
AGR_Sou_2019_01070,South_Zone,Karnataka_Deccan,2019,Rabi,Rice,23.09,32.23,285.46,54.75,14.78,6.57,0.371,143.3,27.7,234.5,4229.27
AGR_Sou_2022_01071,South_Zone,AP_Coastal,2022,Rabi,Pulses,26.29,33.29,254.27,47.63,14.54,6.57,0.467,154.3,33.4,268.4,1772.91
AGR_Sou_2018_01072,South_Zone,Karnataka_Deccan,2018,Zaid,Wheat,29.13,37.96,100.44,61.94,14.1,7.47,0.717,216.8,13.8,198.4,4229.77
AGR_Sou_2020_01073,South_Zone,Kerala_Highland,2020,Rabi,Wheat,20.91,31.33,220.42,48.75,13.79,6.89,0.637,185.9,30.4,263.0,3959.03
AGR_Sou_2018_01074,South_Zone,Karnataka_Deccan,2018,Rabi,Wheat,21.58,34.41,231.38,62.24,10.0,7.17,0.507,157.2,25.2,287.9,4067.01
AGR_Sou_2020_01075,South_Zone,AP_Coastal,2020,Zaid,Pulses,29.74,37.44,,65.4,12.44,6.92,1.021,236.3,24.4,223.0,1925.83
AGR_Sou_2018_01076,South_Zone,Kerala_Highland,2018,Kharif,Pulses,23.39,30.73,829.52,70.94,14.02,6.83,0.536,156.8,30.0,182.8,2180.49
AGR_Sou_2019_01077,South_Zone,AP_Coastal,2019,Rabi,Soybean,19.62,27.71,102.93,60.91,13.63,6.34,0.986,175.4,22.5,254.0,2722.12
AGR_Sou_2021_01078,South_Zone,Karnataka_Deccan,2021,Rabi,Cotton,20.58,28.57,249.47,65.31,10.78,6.78,0.815,243.2,29.3,275.6,2614.92
AGR_Sou_2023_01079,South_Zone,AP_Coastal,2023,Kharif,Pulses,26.59,37.38,1548.88,95.0,14.92,7.17,0.82,168.3,13.4,110.0,2410.28
AGR_Sou_2020_01080,South_Zone,Kerala_Highland,2020,Rabi,Rice,,37.56,284.13,65.09,13.71,6.55,0.897,128.0,25.2,271.4,4600.31
AGR_Sou_2018_01081,South_Zone,TN_Delta,2018,Kharif,Wheat,26.18,35.95,1144.04,87.55,10.0,6.71,0.513,231.3,24.2,210.3,5194.44
AGR_Sou_2022_01082,South_Zone,AP_Coastal,2022,Kharif,Wheat,25.41,34.76,886.93,92.73,10.0,7.67,0.71,167.6,15.0,186.9,4880.27
AGR_Sou_2023_01083,South_Zone,Kerala_Highland,2023,Rabi,Pulses,21.77,33.16,201.18,72.42,10.83,7.01,0.543,136.5,25.0,134.8,1589.36
AGR_Sou_2022_01084,South_Zone,AP_Coastal,2022,Kharif,Maize,,36.93,1653.2,,11.7,7.24,0.785,206.3,33.1,241.9,4275.93
AGR_Sou_2023_01085,South_Zone,AP_Coastal,2023,Kharif,Pulses,,37.87,1405.53,95.0,10.0,6.66,0.44,245.8,17.7,238.1,2624.01
AGR_Sou_2022_01086,South_Zone,Karnataka_Deccan,2022,Zaid,Wheat,27.47,36.54,120.26,65.56,11.82,6.4,0.742,137.9,16.9,196.3,3937.11
AGR_Sou_2019_01087,South_Zone,TN_Delta,2019,Rabi,Cotton,22.7,31.03,,,17.39,7.22,0.488,193.2,15.9,140.0,2783.5
AGR_Sou_2018_01088,South_Zone,TN_Delta,2018,Kharif,Soybean,24.68,38.59,1118.64,82.56,11.33,6.89,0.498,121.5,26.9,225.3,2540.05
AGR_Sou_2021_01089,South_Zone,AP_Coastal,2021,Zaid,Cotton,28.82,,119.03,41.59,12.56,6.04,0.74,212.4,25.5,220.5,2170.0
AGR_Sou_2019_01090,South_Zone,AP_Coastal,2019,Rabi,Soybean,21.96,29.42,319.01,39.89,11.58,6.39,0.358,172.3,14.0,287.1,2521.47
AGR_Sou_2020_01091,South_Zone,TN_Delta,2020,Rabi,Rice,22.77,32.08,338.07,54.6,12.34,6.67,0.462,171.4,16.4,182.5,4553.51
AGR_Sou_2020_01092,South_Zone,AP_Coastal,2020,Rabi,Maize,19.72,33.2,,53.0,13.0,6.55,0.613,178.3,13.3,186.2,3507.68
AGR_Sou_2020_01093,South_Zone,Kerala_Highland,2020,Kharif,Cotton,24.32,31.8,1195.81,65.6,10.0,5.42,0.521,134.9,28.9,236.0,2674.84
AGR_Sou_2021_01094,South_Zone,TN_Delta,2021,Kharif,Rice,26.95,38.57,849.07,87.56,10.0,5.89,0.638,188.3,20.3,253.2,5370.44
AGR_Sou_2019_01095,South_Zone,Kerala_Highland,2019,Rabi,Cotton,21.13,34.11,413.59,58.53,10.0,6.7,0.389,192.1,26.6,192.3,2927.9
AGR_Sou_2019_01096,South_Zone,Karnataka_Deccan,2019,Zaid,Soybean,26.95,,133.18,46.75,14.18,6.76,0.708,215.8,15.7,172.3,2985.45
AGR_Sou_2021_01097,South_Zone,Karnataka_Deccan,2021,Rabi,Cotton,23.51,32.34,164.22,64.89,10.38,5.79,0.729,207.3,24.6,144.3,2591.16
AGR_Sou_2021_01098,South_Zone,TN_Delta,2021,Rabi,Wheat,21.05,33.82,167.52,51.06,11.56,6.35,0.693,178.7,29.8,160.8,4090.77
AGR_Sou_2019_01099,South_Zone,Kerala_Highland,2019,Kharif,Pulses,24.91,37.4,1526.1,95.0,10.0,7.63,0.961,155.0,22.8,164.1,2151.36
AGR_Sou_2023_01100,South_Zone,Karnataka_Deccan,2023,Rabi,Cotton,22.3,34.81,252.86,60.67,10.0,7.75,0.395,232.2,20.2,254.4,2820.55
AGR_Sou_2020_01101,South_Zone,TN_Delta,2020,Zaid,Maize,26.36,38.81,107.86,52.56,15.18,6.42,0.647,226.8,21.7,199.8,3836.77
AGR_Sou_2021_01102,South_Zone,Karnataka_Deccan,2021,Zaid,Maize,25.03,37.64,101.03,50.59,14.5,6.27,0.724,172.0,17.5,168.0,3402.46
AGR_Sou_2019_01103,South_Zone,AP_Coastal,2019,Rabi,Pulses,22.35,30.37,112.32,55.44,12.37,7.9,0.672,140.9,25.8,194.7,1380.6
AGR_Sou_2021_01104,South_Zone,TN_Delta,2021,Kharif,Wheat,25.45,35.26,843.55,82.37,10.0,6.98,0.67,236.9,25.4,186.8,5132.53
AGR_Sou_2018_01105,South_Zone,Kerala_Highland,2018,Kharif,Cotton,23.37,31.2,734.0,75.66,10.0,7.51,0.808,201.5,21.7,183.4,2965.27
AGR_Sou_2020_01106,South_Zone,Karnataka_Deccan,2020,Kharif,Wheat,25.77,38.62,1281.48,95.0,11.34,6.1,0.274,156.4,11.4,154.0,4284.4
AGR_Sou_2022_01107,South_Zone,Kerala_Highland,2022,Kharif,Rice,27.51,,993.68,81.31,14.15,6.32,0.735,218.2,15.3,232.7,5722.9
AGR_Sou_2019_01108,South_Zone,AP_Coastal,2019,Rabi,Cotton,21.66,33.53,275.36,76.25,10.0,6.76,0.349,132.5,18.1,249.9,2729.69
AGR_Sou_2018_01109,South_Zone,Kerala_Highland,2018,Rabi,Wheat,22.64,31.74,204.39,61.33,10.65,6.74,0.495,150.9,15.8,143.8,3910.23
AGR_Sou_2018_01110,South_Zone,Karnataka_Deccan,2018,Kharif,Soybean,,,844.75,93.76,10.0,6.34,0.584,178.5,32.4,132.0,3479.93
AGR_Sou_2022_01111,South_Zone,AP_Coastal,2022,Kharif,Soybean,26.8,36.73,1473.09,95.0,12.52,6.2,0.566,138.4,18.3,222.8,3216.73
AGR_Sou_2019_01112,South_Zone,AP_Coastal,2019,Rabi,Soybean,22.29,36.09,,39.75,13.25,7.21,0.533,214.3,32.0,182.0,2589.4
AGR_Sou_2023_01113,South_Zone,TN_Delta,2023,Rabi,Wheat,22.0,29.59,156.52,53.7,15.29,6.79,1.029,133.5,21.0,211.9,4102.02
AGR_Sou_2018_01114,South_Zone,Karnataka_Deccan,2018,Kharif,Soybean,25.77,37.41,1081.88,75.19,10.0,6.73,0.573,205.3,18.1,208.7,3497.6
AGR_Sou_2022_01115,South_Zone,AP_Coastal,2022,Kharif,Soybean,26.53,35.9,1646.22,95.0,10.0,7.33,0.732,176.5,26.1,193.6,3080.07
AGR_Sou_2023_01116,South_Zone,TN_Delta,2023,Kharif,Soybean,25.48,32.69,675.45,80.31,13.24,6.4,0.76,150.9,29.1,226.4,3268.65
AGR_Sou_2021_01117,South_Zone,Karnataka_Deccan,2021,Rabi,Wheat,23.47,32.37,182.76,57.71,10.0,6.59,0.439,132.2,24.2,133.6,3569.42
AGR_Sou_2018_01118,South_Zone,Kerala_Highland,2018,Kharif,Maize,26.1,,959.87,85.12,13.6,7.02,0.227,220.1,16.5,166.6,4127.58
AGR_Sou_2021_01119,South_Zone,Karnataka_Deccan,2021,Kharif,Maize,26.04,34.03,1077.25,75.3,10.74,6.76,0.682,201.2,25.6,218.0,4281.8
AGR_Sou_2018_01120,South_Zone,TN_Delta,2018,Zaid,Rice,26.8,37.6,78.71,47.38,11.3,7.1,0.492,196.5,18.8,283.2,4291.94
AGR_Sou_2021_01121,South_Zone,Karnataka_Deccan,2021,Rabi,Soybean,,29.91,132.68,75.13,10.0,7.24,0.488,188.9,21.0,172.6,2349.09
AGR_Sou_2022_01122,South_Zone,Karnataka_Deccan,2022,Rabi,Pulses,19.77,27.31,,58.7,12.54,6.21,0.527,90.0,15.5,232.7,1745.8
AGR_Sou_2023_01123,South_Zone,Kerala_Highland,2023,Rabi,Cotton,22.37,30.55,334.05,55.59,11.53,7.82,0.521,168.1,23.3,110.0,2554.15
AGR_Sou_2020_01124,South_Zone,Kerala_Highland,2020,Zaid,Pulses,27.36,,82.89,,14.69,7.41,0.727,163.6,20.5,124.5,1618.31
AGR_Sou_2023_01125,South_Zone,Karnataka_Deccan,2023,Kharif,Soybean,27.59,36.11,1018.11,89.74,10.0,6.77,0.675,135.6,17.4,209.4,3080.52
AGR_Sou_2020_01126,South_Zone,AP_Coastal,2020,Rabi,Rice,23.16,36.77,392.69,75.14,11.81,6.92,0.545,220.9,19.6,147.0,4947.91
AGR_Sou_2018_01127,South_Zone,AP_Coastal,2018,Kharif,Cotton,27.41,40.96,551.0,62.37,10.98,6.72,0.439,176.1,16.3,226.5,2781.46
AGR_Sou_2019_01128,South_Zone,TN_Delta,2019,Kharif,Pulses,27.53,34.65,629.06,76.52,11.33,6.92,0.728,178.2,25.3,188.0,2296.14
AGR_Sou_2018_01129,South_Zone,Karnataka_Deccan,2018,Rabi,Wheat,21.68,28.82,197.66,55.17,14.47,6.76,0.743,221.6,13.7,260.7,4331.81
AGR_Sou_2022_01130,South_Zone,Kerala_Highland,2022,Rabi,Pulses,22.26,34.43,221.96,62.36,12.77,6.48,0.591,163.3,30.7,195.1,1858.81
AGR_Sou_2023_01131,South_Zone,Kerala_Highland,2023,Kharif,Cotton,24.6,36.4,1171.73,91.33,10.0,7.54,0.24,151.7,15.5,227.1,2642.94
AGR_Sou_2022_01132,South_Zone,AP_Coastal,2022,Kharif,Cotton,25.58,33.96,1129.19,95.0,11.34,7.33,0.396,254.3,8.0,170.3,3310.31
AGR_Sou_2019_01133,South_Zone,Karnataka_Deccan,2019,Kharif,Maize,28.63,40.78,1372.27,82.19,12.22,6.15,0.424,191.8,22.1,209.2,3746.17
AGR_Sou_2022_01134,South_Zone,Karnataka_Deccan,2022,Kharif,Pulses,25.91,35.07,1532.13,95.0,10.0,7.62,0.436,148.6,8.0,260.0,2183.85
AGR_Sou_2021_01135,South_Zone,Karnataka_Deccan,2021,Rabi,Cotton,21.89,,178.79,50.58,13.97,7.56,0.828,210.5,23.9,168.9,2723.09
AGR_Sou_2019_01136,South_Zone,Kerala_Highland,2019,Rabi,Cotton,22.93,34.76,125.74,52.46,10.0,7.26,0.791,173.2,18.4,173.3,2510.94
AGR_Sou_2023_01137,South_Zone,Kerala_Highland,2023,Rabi,Maize,22.41,,332.28,59.14,10.0,7.04,0.669,219.8,19.4,172.1,4523.7
AGR_Sou_2020_01138,South_Zone,AP_Coastal,2020,Kharif,Wheat,24.72,32.77,1304.45,90.89,10.46,7.27,0.698,205.1,25.1,110.0,4952.47
AGR_Sou_2018_01139,South_Zone,AP_Coastal,2018,Kharif,Pulses,28.05,41.69,1363.79,95.0,10.0,7.35,0.86,192.6,25.3,187.8,2093.02
AGR_Sou_2018_01140,South_Zone,AP_Coastal,2018,Rabi,Cotton,23.74,34.96,148.94,51.24,14.07,7.67,0.659,204.6,10.1,280.5,2485.75
AGR_Sou_2018_01141,South_Zone,TN_Delta,2018,Kharif,Soybean,25.04,32.37,1417.8,95.0,10.0,7.51,0.616,178.3,24.0,192.1,3099.27
AGR_Sou_2022_01142,South_Zone,Karnataka_Deccan,2022,Zaid,Soybean,26.54,35.12,107.99,51.87,10.0,7.23,0.567,191.1,25.0,160.0,2726.94
AGR_Sou_2022_01143,South_Zone,TN_Delta,2022,Kharif,Soybean,23.37,34.33,814.51,73.49,10.45,6.01,0.536,147.1,31.1,202.4,2873.14
AGR_Sou_2020_01144,South_Zone,Kerala_Highland,2020,Rabi,Soybean,17.44,26.96,208.13,52.78,14.22,6.14,0.9,202.7,21.0,226.3,3003.0
AGR_Sou_2022_01145,South_Zone,Kerala_Highland,2022,Rabi,Rice,21.67,34.95,268.81,44.18,16.68,6.26,0.611,189.9,27.0,276.1,4818.52
AGR_Sou_2021_01146,South_Zone,TN_Delta,2021,Zaid,Soybean,25.85,32.92,108.35,42.8,13.46,7.66,0.558,205.7,22.0,207.1,2764.08
AGR_Sou_2021_01147,South_Zone,AP_Coastal,2021,Rabi,Wheat,22.41,36.11,201.8,62.59,10.42,6.76,0.42,279.4,24.3,253.5,4417.23
AGR_Sou_2019_01148,South_Zone,AP_Coastal,2019,Kharif,Cotton,,36.72,629.6,81.01,10.0,6.97,0.268,165.5,23.1,189.3,2465.07
AGR_Sou_2023_01149,South_Zone,TN_Delta,2023,Kharif,Rice,26.23,35.67,1087.54,79.51,12.71,7.49,0.348,157.0,14.4,186.0,4877.05
AGR_Sou_2023_01150,South_Zone,Karnataka_Deccan,2023,Rabi,Rice,20.0,31.33,240.52,72.08,10.92,6.97,0.621,187.4,31.9,265.8,4908.72
AGR_Sou_2023_01151,South_Zone,Kerala_Highland,2023,Rabi,Rice,22.63,,280.72,51.41,13.64,7.21,0.697,164.1,30.1,219.0,4903.9
AGR_Sou_2021_01152,South_Zone,Karnataka_Deccan,2021,Kharif,Cotton,28.4,39.49,1635.66,87.81,10.0,7.7,0.739,208.8,17.6,179.0,3011.69
AGR_Sou_2018_01153,South_Zone,Kerala_Highland,2018,Kharif,Cotton,23.57,30.65,235.04,63.58,10.95,5.2,0.589,172.9,19.5,206.8,2493.77
AGR_Sou_2022_01154,South_Zone,Karnataka_Deccan,2022,Rabi,Rice,21.55,32.46,196.48,70.64,11.56,6.97,0.569,129.5,22.5,243.7,4195.6
AGR_Sou_2019_01155,South_Zone,Karnataka_Deccan,2019,Rabi,Pulses,20.88,31.99,121.2,44.48,12.24,6.12,0.622,248.1,20.3,139.6,1432.64
AGR_Sou_2023_01156,South_Zone,Kerala_Highland,2023,Rabi,Pulses,21.59,35.58,146.73,41.44,12.13,6.04,0.417,139.6,25.5,158.3,1474.1
AGR_Sou_2018_01157,South_Zone,AP_Coastal,2018,Zaid,Cotton,26.05,35.73,81.34,48.37,11.75,6.33,0.823,171.5,20.9,267.7,2162.58
AGR_Sou_2021_01158,South_Zone,Karnataka_Deccan,2021,Kharif,Maize,24.14,34.25,1370.18,95.0,11.96,6.76,0.783,192.0,26.6,110.0,4499.76
AGR_Sou_2022_01159,South_Zone,AP_Coastal,2022,Kharif,Soybean,23.42,,1140.61,84.29,10.0,7.87,0.454,165.7,19.8,282.0,3267.92
AGR_Sou_2023_01160,South_Zone,Kerala_Highland,2023,Zaid,Wheat,26.67,,176.98,44.21,10.69,5.72,0.527,255.2,28.4,129.5,4351.81
AGR_Sou_2020_01161,South_Zone,Karnataka_Deccan,2020,Kharif,Cotton,24.53,32.06,536.97,77.87,14.12,6.3,0.586,183.5,16.7,189.2,3259.08
AGR_Sou_2020_01162,South_Zone,Karnataka_Deccan,2020,Zaid,Wheat,24.61,33.47,79.75,53.19,12.39,6.29,0.63,192.1,25.2,244.3,3889.55
AGR_Sou_2022_01163,South_Zone,Kerala_Highland,2022,Kharif,Soybean,25.14,36.95,1002.62,,12.4,6.68,0.2,172.5,35.2,226.0,2960.22
AGR_Sou_2023_01164,South_Zone,TN_Delta,2023,Rabi,Pulses,24.61,33.94,160.15,52.47,14.66,5.49,0.573,251.8,21.3,229.0,1741.54
AGR_Sou_2022_01165,South_Zone,AP_Coastal,2022,Kharif,Maize,25.37,36.61,1108.98,85.43,10.0,6.45,0.614,210.3,20.6,207.7,4433.05
AGR_Sou_2022_01166,South_Zone,TN_Delta,2022,Rabi,Rice,21.68,35.58,202.52,58.99,11.34,6.96,0.519,169.3,26.8,229.9,4421.2
AGR_Sou_2021_01167,South_Zone,Kerala_Highland,2021,Kharif,Pulses,26.13,36.9,1205.55,95.0,10.0,6.35,0.545,144.0,15.1,173.8,2284.75
AGR_Sou_2022_01168,South_Zone,Karnataka_Deccan,2022,Rabi,Wheat,23.18,31.15,204.35,65.36,10.54,7.88,0.512,190.8,18.0,231.9,4160.59
AGR_Sou_2020_01169,South_Zone,AP_Coastal,2020,Rabi,Wheat,21.97,33.51,198.31,56.44,12.96,7.21,0.823,152.6,14.9,171.8,4219.46
AGR_Sou_2022_01170,South_Zone,TN_Delta,2022,Rabi,Soybean,22.91,36.54,169.61,54.95,14.48,6.73,0.638,228.1,27.9,170.4,2579.1
AGR_Sou_2021_01171,South_Zone,Kerala_Highland,2021,Kharif,Soybean,27.32,34.65,805.38,65.57,10.0,6.65,0.61,136.5,29.2,237.6,3215.31
AGR_Sou_2020_01172,South_Zone,TN_Delta,2020,Rabi,Soybean,20.39,33.16,301.97,61.16,12.8,7.45,0.615,213.1,30.7,193.6,2997.05
AGR_Sou_2018_01173,South_Zone,Kerala_Highland,2018,Kharif,Maize,28.65,38.16,1214.12,90.47,10.0,7.4,0.2,145.1,27.9,134.4,3681.29
AGR_Sou_2018_01174,South_Zone,AP_Coastal,2018,Rabi,Maize,24.27,32.97,194.94,57.58,12.54,7.29,0.712,142.1,18.8,194.3,3586.46
AGR_Sou_2018_01175,South_Zone,AP_Coastal,2018,Rabi,Rice,20.11,28.95,355.33,51.72,11.57,7.43,0.771,173.9,31.0,199.6,4821.35
AGR_Sou_2023_01176,South_Zone,TN_Delta,2023,Rabi,Cotton,22.85,34.15,275.88,48.29,10.0,6.17,0.685,194.5,18.6,197.8,2666.15
AGR_Sou_2020_01177,South_Zone,Karnataka_Deccan,2020,Rabi,Wheat,19.89,29.16,173.96,41.83,11.73,7.17,0.757,121.9,34.7,250.7,4015.66
AGR_Sou_2018_01178,South_Zone,TN_Delta,2018,Kharif,Maize,26.31,38.71,913.06,58.72,10.05,7.49,0.992,226.9,21.8,233.6,4494.17
AGR_Sou_2023_01179,South_Zone,Karnataka_Deccan,2023,Rabi,Soybean,21.51,31.04,204.38,71.47,10.0,6.99,0.538,228.3,20.4,180.3,2774.61
AGR_Sou_2019_01180,South_Zone,Karnataka_Deccan,2019,Kharif,Rice,25.35,33.8,763.72,69.8,10.0,7.47,0.58,197.7,20.1,160.4,5194.92
AGR_Sou_2023_01181,South_Zone,Kerala_Highland,2023,Kharif,Rice,25.17,33.28,965.16,89.34,10.0,7.42,0.833,219.4,19.0,110.0,5416.54
AGR_Sou_2021_01182,South_Zone,AP_Coastal,2021,Zaid,Pulses,28.68,,86.78,47.28,14.9,6.72,0.654,162.4,24.0,118.5,1259.79
AGR_Sou_2022_01183,South_Zone,TN_Delta,2022,Kharif,Maize,25.64,35.62,789.43,94.16,10.0,6.68,0.534,197.8,23.0,250.1,4314.72
AGR_Sou_2019_01184,South_Zone,Karnataka_Deccan,2019,Rabi,Wheat,21.16,29.6,123.83,58.36,14.63,7.16,0.478,129.6,23.2,190.9,3512.98
AGR_Sou_2022_01185,South_Zone,TN_Delta,2022,Zaid,Cotton,27.21,36.65,142.25,52.68,10.2,7.37,0.761,192.8,18.2,250.6,2511.32
AGR_Sou_2022_01186,South_Zone,Kerala_Highland,2022,Kharif,Maize,26.95,39.04,1967.43,95.0,10.0,6.93,0.724,280.0,33.2,204.5,4353.96
AGR_Sou_2018_01187,South_Zone,Karnataka_Deccan,2018,Rabi,Pulses,22.67,34.75,279.46,64.05,11.13,6.51,0.531,206.7,22.6,211.9,1940.65
AGR_Sou_2019_01188,South_Zone,AP_Coastal,2019,Kharif,Pulses,27.8,35.63,1059.7,80.73,13.26,8.4,0.68,162.7,20.4,207.9,2352.92
AGR_Sou_2021_01189,South_Zone,TN_Delta,2021,Rabi,Wheat,23.45,30.75,,48.72,11.79,6.66,0.55,181.9,19.7,259.1,4359.64
AGR_Sou_2020_01190,South_Zone,AP_Coastal,2020,Rabi,Wheat,20.59,31.55,183.74,45.48,15.96,7.77,0.594,193.4,22.6,196.6,3848.51
AGR_Sou_2021_01191,South_Zone,Kerala_Highland,2021,Rabi,Cotton,22.44,32.44,314.32,68.81,10.76,6.48,0.52,210.2,10.1,233.1,2836.31
AGR_Sou_2018_01192,South_Zone,Karnataka_Deccan,2018,Rabi,Maize,20.27,33.98,238.17,69.87,11.97,7.46,0.805,191.5,18.4,232.4,3835.41
AGR_Sou_2018_01193,South_Zone,AP_Coastal,2018,Kharif,Cotton,25.39,35.59,1453.99,95.0,10.0,6.86,0.458,114.1,17.1,235.7,2755.62
AGR_Sou_2022_01194,South_Zone,AP_Coastal,2022,Rabi,Rice,20.39,29.34,149.07,56.81,11.97,7.34,0.408,189.6,19.2,201.4,4155.47
AGR_Sou_2020_01195,South_Zone,Kerala_Highland,2020,Zaid,Maize,29.24,36.62,73.27,58.76,12.06,5.39,0.781,112.1,15.2,192.1,3286.12
AGR_Sou_2020_01196,South_Zone,Kerala_Highland,2020,Zaid,Rice,25.97,33.06,120.51,,10.0,7.44,0.746,202.1,21.5,190.7,4804.39
AGR_Sou_2022_01197,South_Zone,Kerala_Highland,2022,Kharif,Wheat,27.56,39.59,1546.78,87.15,10.0,6.77,0.589,161.3,28.1,219.1,4385.07
AGR_Sou_2020_01198,South_Zone,TN_Delta,2020,Kharif,Maize,27.54,34.97,1079.47,83.47,10.93,6.9,0.383,197.9,21.4,128.2,4048.85
AGR_Sou_2018_01199,South_Zone,TN_Delta,2018,Kharif,Cotton,25.26,34.33,1126.09,83.24,13.48,6.37,0.687,179.0,23.6,135.0,3157.78
AGR_Sou_2021_01200,South_Zone,Karnataka_Deccan,2021,Rabi,Cotton,24.01,32.59,253.18,63.94,15.39,8.5,0.532,188.3,22.9,266.1,2613.28
AGR_Sou_2019_01201,South_Zone,AP_Coastal,2019,Rabi,Rice,22.94,32.6,289.73,55.99,12.97,6.9,0.343,234.7,24.4,242.4,5081.12
AGR_Sou_2019_01202,South_Zone,TN_Delta,2019,Kharif,Soybean,26.49,36.12,856.18,94.36,10.0,6.83,0.868,217.1,17.7,240.2,3558.04
AGR_Sou_2023_01203,South_Zone,TN_Delta,2023,Zaid,Soybean,27.71,41.34,111.46,43.2,10.0,7.13,0.841,174.4,21.5,191.6,2518.37
AGR_Sou_2018_01204,South_Zone,TN_Delta,2018,Kharif,Maize,28.57,40.09,988.73,80.9,10.94,6.92,0.549,143.6,35.3,186.0,3955.07
AGR_Sou_2022_01205,South_Zone,Kerala_Highland,2022,Kharif,Soybean,25.52,33.85,1538.34,95.0,11.29,7.51,0.671,145.2,22.3,294.6,3162.77
AGR_Sou_2020_01206,South_Zone,Karnataka_Deccan,2020,Kharif,Wheat,,32.9,1322.06,84.85,10.52,5.77,0.617,184.7,15.5,231.7,4660.3
AGR_Sou_2022_01207,South_Zone,Karnataka_Deccan,2022,Rabi,Rice,23.3,35.66,236.48,58.12,11.92,7.95,0.638,170.0,23.7,161.3,4862.91
AGR_Sou_2018_01208,South_Zone,AP_Coastal,2018,Rabi,Cotton,23.4,35.39,260.56,64.93,10.87,5.82,1.03,159.1,38.0,188.8,3071.47
AGR_Sou_2018_01209,South_Zone,Kerala_Highland,2018,Kharif,Maize,24.78,32.98,849.05,86.27,10.77,6.84,0.491,180.0,15.3,159.2,4032.39
AGR_Sou_2018_01210,South_Zone,Karnataka_Deccan,2018,Rabi,Cotton,22.63,,165.27,44.7,14.67,6.38,0.836,227.8,8.0,173.4,2774.1
AGR_Sou_2021_01211,South_Zone,TN_Delta,2021,Kharif,Rice,25.51,32.63,,70.01,12.15,6.19,0.847,177.4,8.0,157.6,5362.42
AGR_Sou_2023_01212,South_Zone,Karnataka_Deccan,2023,Kharif,Wheat,24.13,33.05,1081.46,77.73,10.97,7.25,0.647,203.2,22.4,140.4,5062.54
AGR_Sou_2021_01213,South_Zone,TN_Delta,2021,Kharif,Rice,22.82,,584.87,68.43,10.43,6.99,0.854,232.5,34.7,241.9,5877.94
AGR_Sou_2020_01214,South_Zone,Kerala_Highland,2020,Kharif,Cotton,25.79,37.65,,95.0,10.0,6.87,0.401,224.0,19.2,263.7,2986.79
AGR_Sou_2019_01215,South_Zone,TN_Delta,2019,Kharif,Wheat,,38.97,584.87,47.34,14.21,7.63,0.538,233.2,26.6,230.3,4767.3
AGR_Sou_2019_01216,South_Zone,TN_Delta,2019,Kharif,Cotton,25.98,34.27,1612.27,92.03,10.0,6.03,0.862,186.1,19.0,172.4,3039.58
AGR_Sou_2020_01217,South_Zone,Kerala_Highland,2020,Rabi,Maize,22.42,30.14,,48.03,11.33,6.18,0.617,199.6,27.8,193.2,3881.46
AGR_Sou_2021_01218,South_Zone,AP_Coastal,2021,Zaid,Rice,27.53,39.77,58.13,39.13,16.44,6.77,0.587,178.0,29.5,166.2,4285.42
AGR_Sou_2018_01219,South_Zone,TN_Delta,2018,Kharif,Soybean,26.61,36.78,1492.21,81.76,10.0,6.46,0.666,227.5,22.8,195.0,3457.97
AGR_Sou_2023_01220,South_Zone,AP_Coastal,2023,Kharif,Wheat,23.43,31.27,1386.85,95.0,12.18,6.86,0.553,193.1,24.9,200.1,4719.77
AGR_Sou_2023_01221,South_Zone,Kerala_Highland,2023,Rabi,Soybean,22.45,32.81,,40.93,13.65,6.96,0.628,160.4,29.4,240.0,2649.27
AGR_Sou_2019_01222,South_Zone,Kerala_Highland,2019,Kharif,Rice,26.66,37.25,1250.0,81.12,10.3,6.43,0.535,162.9,14.1,261.7,5086.41
AGR_Sou_2019_01223,South_Zone,Karnataka_Deccan,2019,Kharif,Rice,24.22,33.09,1750.45,95.0,10.0,6.84,0.497,162.1,22.9,140.7,4301.06
AGR_Sou_2019_01224,South_Zone,Karnataka_Deccan,2019,Kharif,Maize,26.09,35.19,1333.41,83.6,10.0,6.1,0.817,185.6,24.7,139.7,4467.63
AGR_Sou_2021_01225,South_Zone,TN_Delta,2021,Rabi,Soybean,22.32,33.84,190.07,62.79,10.0,6.71,0.889,178.5,28.8,187.0,2811.54
AGR_Sou_2022_01226,South_Zone,Karnataka_Deccan,2022,Zaid,Pulses,26.7,40.65,111.94,66.91,11.78,7.61,0.65,95.2,31.1,207.5,1227.81
AGR_Sou_2020_01227,South_Zone,TN_Delta,2020,Kharif,Soybean,23.91,35.98,1212.26,95.0,10.0,7.0,0.778,149.1,19.0,174.2,3341.45
AGR_Sou_2018_01228,South_Zone,TN_Delta,2018,Kharif,Maize,25.98,33.32,1102.93,87.3,10.0,7.68,0.712,182.2,29.7,151.1,4296.95
AGR_Sou_2023_01229,South_Zone,Karnataka_Deccan,2023,Kharif,Cotton,25.23,39.18,1103.73,,10.01,7.23,0.832,177.3,17.4,166.5,2813.89
AGR_Sou_2020_01230,South_Zone,Karnataka_Deccan,2020,Zaid,Soybean,,35.1,209.83,59.41,14.47,7.18,0.61,179.4,16.9,252.1,2994.22
AGR_Sou_2021_01231,South_Zone,Karnataka_Deccan,2021,Kharif,Wheat,24.03,,1050.96,69.25,12.97,6.26,0.649,207.9,23.6,281.1,4867.77
AGR_Sou_2022_01232,South_Zone,Kerala_Highland,2022,Zaid,Wheat,27.74,35.12,80.16,57.74,13.71,6.8,0.749,186.6,16.6,230.6,4347.89
AGR_Sou_2022_01233,South_Zone,TN_Delta,2022,Kharif,Maize,27.39,35.16,630.9,85.3,11.39,7.05,0.756,225.4,29.6,206.8,4572.5
AGR_Sou_2023_01234,South_Zone,Karnataka_Deccan,2023,Rabi,Maize,,34.69,212.15,56.48,12.51,6.69,0.606,141.5,25.9,298.3,3439.01
AGR_Sou_2021_01235,South_Zone,Kerala_Highland,2021,Rabi,Maize,22.27,30.74,180.95,60.34,13.36,6.34,0.774,196.5,35.4,246.3,3681.66
AGR_Sou_2023_01236,South_Zone,Kerala_Highland,2023,Rabi,Wheat,18.94,32.04,273.33,66.3,10.59,7.84,0.409,179.0,20.6,150.0,4161.99
AGR_Sou_2022_01237,South_Zone,AP_Coastal,2022,Kharif,Soybean,24.13,37.53,915.6,76.09,10.0,6.98,0.351,123.6,17.8,242.0,2994.56
AGR_Sou_2019_01238,South_Zone,Kerala_Highland,2019,Kharif,Cotton,26.79,34.03,1383.11,95.0,12.23,6.38,0.557,236.0,16.4,217.0,3154.03
AGR_Sou_2021_01239,South_Zone,Karnataka_Deccan,2021,Kharif,Rice,24.72,37.07,1010.24,79.91,10.0,6.27,0.381,247.2,19.0,203.8,5425.06
AGR_Sou_2021_01240,South_Zone,TN_Delta,2021,Kharif,Pulses,25.3,37.2,1264.58,82.82,11.91,7.85,0.684,174.4,20.9,165.7,2425.08
AGR_Sou_2023_01241,South_Zone,Karnataka_Deccan,2023,Kharif,Maize,24.4,37.01,1174.13,95.0,10.93,6.97,0.44,148.4,32.0,146.7,3933.51
AGR_Sou_2019_01242,South_Zone,Karnataka_Deccan,2019,Rabi,Wheat,22.52,33.4,252.49,58.77,10.77,5.89,0.569,162.5,27.6,149.0,4476.08
AGR_Sou_2020_01243,South_Zone,Kerala_Highland,2020,Zaid,Wheat,26.24,40.09,107.95,61.4,12.46,7.12,0.49,121.3,30.5,181.6,3161.06
AGR_Sou_2021_01244,South_Zone,AP_Coastal,2021,Kharif,Wheat,28.55,37.97,1444.94,95.0,10.0,6.93,0.729,205.0,17.2,201.4,4845.66
AGR_Sou_2021_01245,South_Zone,Karnataka_Deccan,2021,Rabi,Maize,20.7,32.42,131.95,55.28,10.48,6.79,0.844,205.0,18.4,213.4,3717.7
AGR_Sou_2020_01246,South_Zone,Kerala_Highland,2020,Kharif,Cotton,,38.83,1691.96,,10.0,7.0,0.704,200.2,22.7,163.4,3054.49
AGR_Sou_2018_01247,South_Zone,TN_Delta,2018,Kharif,Soybean,24.27,36.23,1198.2,87.02,10.0,7.01,0.666,187.9,31.4,237.3,3116.63
AGR_Sou_2020_01248,South_Zone,AP_Coastal,2020,Kharif,Pulses,27.33,36.42,740.11,88.58,10.09,6.7,0.784,220.5,20.6,213.8,2377.92
AGR_Sou_2022_01249,South_Zone,AP_Coastal,2022,Kharif,Cotton,26.57,34.15,1049.22,80.22,12.11,6.42,0.447,138.3,28.9,200.0,2934.75
AGR_Sou_2023_01250,South_Zone,Karnataka_Deccan,2023,Kharif,Soybean,24.85,34.75,1091.99,86.92,10.0,7.57,0.308,209.1,22.5,203.4,3214.07
AGR_Sou_2018_01251,South_Zone,TN_Delta,2018,Rabi,Soybean,22.61,31.12,92.94,67.31,12.09,6.59,0.744,198.4,16.4,182.5,2824.8
AGR_Sou_2022_01252,South_Zone,Karnataka_Deccan,2022,Kharif,Rice,26.24,39.47,820.66,76.36,10.0,5.93,0.487,137.2,23.7,185.4,4606.39
AGR_Sou_2020_01253,South_Zone,Karnataka_Deccan,2020,Kharif,Pulses,27.85,39.37,1110.43,88.24,10.0,6.08,0.5,137.7,31.5,231.0,2295.61
AGR_Sou_2023_01254,South_Zone,Kerala_Highland,2023,Rabi,Maize,22.17,30.98,291.33,56.6,15.15,7.34,0.626,106.6,21.2,180.6,3567.61
AGR_Sou_2023_01255,South_Zone,Kerala_Highland,2023,Rabi,Pulses,22.71,34.68,,62.09,13.25,5.3,0.353,156.7,23.7,152.8,1963.91
AGR_Sou_2022_01256,South_Zone,TN_Delta,2022,Kharif,Rice,24.63,,730.94,73.26,10.0,6.34,0.487,202.9,27.6,186.9,4941.43
AGR_Sou_2018_01257,South_Zone,AP_Coastal,2018,Kharif,Pulses,24.96,35.16,925.02,92.01,10.0,7.0,0.687,180.3,21.1,261.1,2190.18
AGR_Sou_2020_01258,South_Zone,Karnataka_Deccan,2020,Kharif,Wheat,26.32,39.13,927.65,85.64,11.45,6.93,0.304,209.5,23.7,204.3,4225.02
AGR_Sou_2020_01259,South_Zone,AP_Coastal,2020,Kharif,Wheat,25.07,38.01,384.67,62.59,13.06,7.05,0.926,166.2,25.7,212.1,4938.9
AGR_Sou_2020_01260,South_Zone,Kerala_Highland,2020,Kharif,Pulses,26.14,34.8,871.12,74.08,15.85,7.2,0.216,222.4,23.3,139.2,2162.55
AGR_Sou_2022_01261,South_Zone,Kerala_Highland,2022,Rabi,Soybean,23.5,32.3,134.83,67.43,10.97,7.39,0.875,184.6,21.5,231.1,2610.72
AGR_Sou_2020_01262,South_Zone,Kerala_Highland,2020,Kharif,Cotton,26.93,37.8,1567.53,86.88,10.0,6.29,0.551,186.4,17.2,239.5,3053.43
AGR_Sou_2023_01263,South_Zone,Karnataka_Deccan,2023,Kharif,Pulses,29.13,37.8,969.98,69.85,12.84,7.14,0.373,184.1,25.9,220.4,2423.81
AGR_Sou_2023_01264,South_Zone,TN_Delta,2023,Kharif,Cotton,27.41,37.3,1404.61,93.01,10.0,6.69,0.865,131.8,14.3,183.3,2954.56
AGR_Sou_2021_01265,South_Zone,Kerala_Highland,2021,Kharif,Pulses,29.25,39.28,,95.0,10.0,6.44,0.579,205.3,18.7,255.2,2197.95
AGR_Sou_2023_01266,South_Zone,Kerala_Highland,2023,Rabi,Pulses,22.49,36.0,200.65,61.91,10.59,5.78,0.584,174.1,31.7,223.3,1828.37
AGR_Sou_2018_01267,South_Zone,TN_Delta,2018,Kharif,Rice,24.79,35.44,1489.42,95.0,10.0,5.55,0.641,151.6,16.9,222.0,4963.55
AGR_Sou_2018_01268,South_Zone,TN_Delta,2018,Rabi,Soybean,19.42,31.93,,46.68,11.74,7.06,0.401,157.2,13.9,251.9,2600.95
AGR_Sou_2021_01269,South_Zone,Kerala_Highland,2021,Kharif,Rice,25.47,34.98,781.59,87.42,10.0,6.97,0.799,144.3,25.7,144.6,5257.19
AGR_Sou_2020_01270,South_Zone,AP_Coastal,2020,Rabi,Soybean,20.13,30.4,242.95,72.13,12.05,6.92,0.736,171.3,31.4,207.2,2472.05
AGR_Sou_2021_01271,South_Zone,AP_Coastal,2021,Rabi,Cotton,20.96,32.91,155.85,45.56,13.58,6.9,0.721,176.6,10.5,350.0,2386.72
AGR_Sou_2021_01272,South_Zone,AP_Coastal,2021,Zaid,Rice,27.91,41.76,99.06,54.6,12.24,7.52,0.765,147.0,13.1,154.8,4073.82
AGR_Sou_2019_01273,South_Zone,Karnataka_Deccan,2019,Kharif,Wheat,24.78,35.44,1018.55,92.11,11.88,6.72,0.691,124.9,19.8,239.8,4517.46
AGR_Sou_2018_01274,South_Zone,AP_Coastal,2018,Kharif,Soybean,27.42,,,80.67,10.75,6.05,0.625,229.5,8.9,229.8,3503.1
AGR_Sou_2019_01275,South_Zone,Karnataka_Deccan,2019,Rabi,Maize,25.49,34.1,266.28,74.91,10.03,6.45,0.564,189.0,17.5,236.1,4225.78
AGR_Sou_2022_01276,South_Zone,Karnataka_Deccan,2022,Rabi,Rice,20.64,29.96,214.88,67.37,10.0,7.89,0.314,242.7,22.1,191.6,4848.05
AGR_Sou_2021_01277,South_Zone,AP_Coastal,2021,Kharif,Rice,25.31,35.66,1266.44,,10.0,6.87,0.484,188.1,18.5,221.3,4835.9
AGR_Sou_2023_01278,South_Zone,AP_Coastal,2023,Zaid,Pulses,25.6,38.02,131.11,37.9,17.91,7.65,0.598,217.4,20.0,188.9,1534.0
AGR_Sou_2023_01279,South_Zone,AP_Coastal,2023,Rabi,Wheat,20.68,32.95,155.66,46.2,10.0,7.33,0.61,144.5,28.2,191.6,3685.71
AGR_Sou_2021_01280,South_Zone,Kerala_Highland,2021,Kharif,Cotton,24.65,37.89,417.87,59.97,11.88,6.4,0.711,170.8,28.5,304.1,2817.99
AGR_Sou_2022_01281,South_Zone,AP_Coastal,2022,Kharif,Rice,25.18,35.9,1435.83,84.64,10.0,6.89,0.572,194.1,25.9,160.0,4956.8
AGR_Sou_2023_01282,South_Zone,Karnataka_Deccan,2023,Rabi,Wheat,24.23,31.35,240.91,65.31,14.62,5.9,0.623,161.5,26.2,154.6,4150.0
AGR_Sou_2023_01283,South_Zone,AP_Coastal,2023,Rabi,Soybean,18.17,28.37,312.5,65.75,10.0,6.4,0.752,167.4,18.7,262.3,2891.78
AGR_Sou_2018_01284,South_Zone,Karnataka_Deccan,2018,Kharif,Cotton,28.49,42.03,1253.68,79.38,10.0,6.81,0.539,194.0,17.9,242.5,2919.08
AGR_Sou_2023_01285,South_Zone,Kerala_Highland,2023,Kharif,Soybean,23.39,,1212.11,88.98,11.4,6.76,0.729,101.6,10.9,267.9,2631.35
AGR_Sou_2020_01286,South_Zone,TN_Delta,2020,Rabi,Cotton,23.13,33.49,225.7,52.11,12.22,7.28,0.634,176.3,17.1,178.2,2618.35
AGR_Sou_2019_01287,South_Zone,Karnataka_Deccan,2019,Kharif,Maize,26.25,,939.04,77.57,10.0,6.43,0.308,134.2,19.4,201.1,3584.05
AGR_Sou_2020_01288,South_Zone,TN_Delta,2020,Rabi,Cotton,20.99,32.35,294.62,49.78,15.43,7.29,0.853,171.6,21.3,237.7,2569.2
AGR_Sou_2021_01289,South_Zone,TN_Delta,2021,Kharif,Pulses,27.2,39.6,1287.48,95.0,11.98,7.11,0.685,204.8,18.8,253.5,2164.18
AGR_Sou_2022_01290,South_Zone,Karnataka_Deccan,2022,Kharif,Rice,26.55,40.35,909.57,89.12,10.77,6.49,0.479,164.8,22.5,170.0,4786.94
AGR_Sou_2023_01291,South_Zone,Kerala_Highland,2023,Kharif,Soybean,26.56,37.11,1642.78,95.0,10.0,6.29,0.558,269.6,26.6,260.3,3016.4
AGR_Sou_2020_01292,South_Zone,Karnataka_Deccan,2020,Rabi,Pulses,23.83,34.26,240.62,54.19,15.39,6.09,0.525,196.1,18.1,195.2,1759.7
AGR_Sou_2021_01293,South_Zone,AP_Coastal,2021,Kharif,Soybean,26.25,34.74,1305.87,81.67,10.0,6.18,0.476,162.2,19.2,199.4,3203.72
AGR_Sou_2018_01294,South_Zone,Kerala_Highland,2018,Rabi,Wheat,21.91,32.11,304.85,70.96,12.18,6.32,0.532,109.7,16.7,174.0,4026.83
AGR_Sou_2022_01295,South_Zone,Kerala_Highland,2022,Zaid,Soybean,29.72,38.18,,55.03,16.44,6.07,0.56,148.0,29.9,174.3,2172.34
AGR_Sou_2019_01296,South_Zone,TN_Delta,2019,Rabi,Pulses,20.26,,98.46,64.82,11.78,6.61,0.771,163.1,13.6,119.4,1516.52
AGR_Sou_2019_01297,South_Zone,Karnataka_Deccan,2019,Rabi,Maize,21.58,29.22,127.2,50.13,11.1,7.35,0.779,186.3,16.0,215.5,3449.36
AGR_Sou_2022_01298,South_Zone,Karnataka_Deccan,2022,Rabi,Cotton,22.37,32.76,,50.53,14.38,6.81,0.662,191.8,15.5,149.6,2541.97
AGR_Sou_2018_01299,South_Zone,AP_Coastal,2018,Kharif,Maize,25.35,36.56,1028.16,95.0,10.0,5.82,0.572,194.8,18.9,201.5,4321.68
AGR_Sou_2023_01300,South_Zone,Karnataka_Deccan,2023,Rabi,Maize,23.02,32.7,289.82,65.41,12.81,7.63,0.753,210.7,8.0,110.0,4134.99
AGR_Sou_2022_01301,South_Zone,Kerala_Highland,2022,Kharif,Pulses,25.38,39.36,1395.0,95.0,11.18,7.0,0.407,195.0,18.9,193.5,1960.82
AGR_Sou_2023_01302,South_Zone,TN_Delta,2023,Rabi,Wheat,20.41,,216.44,45.71,14.41,6.24,0.691,177.4,22.1,247.7,4338.84
AGR_Sou_2023_01303,South_Zone,Kerala_Highland,2023,Rabi,Cotton,22.15,35.81,295.19,64.35,10.0,6.66,0.62,182.9,21.8,304.2,2813.8
AGR_Sou_2021_01304,South_Zone,AP_Coastal,2021,Kharif,Pulses,27.67,,1153.65,72.4,11.14,7.72,0.43,152.8,19.1,181.9,1938.65
AGR_Sou_2018_01305,South_Zone,Karnataka_Deccan,2018,Kharif,Wheat,23.36,31.2,949.8,91.69,10.0,6.36,0.657,236.9,29.5,189.7,4993.62
AGR_Sou_2019_01306,South_Zone,Karnataka_Deccan,2019,Rabi,Wheat,,32.39,198.2,77.39,10.0,7.5,0.911,173.6,22.8,211.3,4653.31
AGR_Sou_2021_01307,South_Zone,Karnataka_Deccan,2021,Rabi,Wheat,23.81,35.06,155.54,53.98,12.37,6.92,0.513,214.6,19.1,241.5,3994.98
AGR_Sou_2023_01308,South_Zone,AP_Coastal,2023,Rabi,Cotton,22.18,34.33,213.76,60.35,10.0,6.88,0.661,192.2,22.2,154.7,2465.87
AGR_Sou_2020_01309,South_Zone,TN_Delta,2020,Rabi,Rice,22.7,32.32,284.78,67.69,10.0,6.11,0.522,204.3,10.1,152.3,4826.5
AGR_Sou_2018_01310,South_Zone,TN_Delta,2018,Kharif,Soybean,25.74,36.15,463.48,49.31,14.49,6.51,0.556,239.6,24.6,255.9,3435.44
AGR_Sou_2021_01311,South_Zone,Karnataka_Deccan,2021,Rabi,Wheat,20.89,29.01,215.29,61.83,10.0,7.19,0.5,233.7,17.4,204.0,4371.42
AGR_Sou_2020_01312,South_Zone,TN_Delta,2020,Rabi,Wheat,21.35,32.87,287.9,60.34,14.16,6.24,0.694,200.0,26.2,225.0,4606.67
AGR_Sou_2021_01313,South_Zone,Kerala_Highland,2021,Rabi,Pulses,22.54,30.86,116.43,42.51,12.99,8.05,0.796,154.9,16.2,193.1,1561.25
AGR_Sou_2020_01314,South_Zone,AP_Coastal,2020,Kharif,Pulses,27.08,36.03,507.38,55.02,14.59,7.4,0.671,165.8,22.9,182.4,2459.67
AGR_Sou_2023_01315,South_Zone,TN_Delta,2023,Rabi,Pulses,21.25,34.18,258.08,72.01,10.0,7.55,0.423,189.4,30.3,276.9,1994.91
AGR_Sou_2021_01316,South_Zone,AP_Coastal,2021,Kharif,Cotton,,37.02,1026.36,73.44,10.0,7.57,0.516,167.4,17.9,160.3,3014.69
AGR_Sou_2022_01317,South_Zone,Karnataka_Deccan,2022,Kharif,Cotton,25.91,38.48,1323.74,93.79,10.0,6.24,0.638,217.2,16.7,199.2,3012.38
AGR_Sou_2020_01318,South_Zone,AP_Coastal,2020,Kharif,Maize,26.94,36.22,,61.98,13.15,6.76,0.694,181.8,19.1,190.8,4473.09
AGR_Sou_2019_01319,South_Zone,AP_Coastal,2019,Rabi,Rice,20.69,34.47,203.39,49.52,12.77,6.83,0.557,197.8,36.1,201.2,4584.89
AGR_Sou_2018_01320,South_Zone,AP_Coastal,2018,Zaid,Pulses,,39.35,152.27,50.75,14.69,7.0,0.767,194.2,20.7,215.8,1576.45
AGR_Sou_2018_01321,South_Zone,TN_Delta,2018,Kharif,Rice,26.37,33.59,1517.12,95.0,10.65,7.18,0.44,132.3,22.9,268.1,4933.54
AGR_Sou_2023_01322,South_Zone,Kerala_Highland,2023,Rabi,Wheat,24.21,34.49,,54.27,13.71,6.38,0.317,192.5,11.2,306.7,4003.52
AGR_Sou_2020_01323,South_Zone,Karnataka_Deccan,2020,Rabi,Pulses,26.62,35.08,196.12,51.89,10.0,7.12,0.636,183.1,15.3,262.1,1979.26
AGR_Sou_2023_01324,South_Zone,Kerala_Highland,2023,Rabi,Wheat,19.98,33.67,296.41,78.94,11.97,6.38,0.226,203.8,21.2,194.0,4070.18
AGR_Sou_2018_01325,South_Zone,Kerala_Highland,2018,Kharif,Maize,26.11,39.57,1061.33,66.06,10.0,7.06,0.666,194.0,28.5,162.9,4012.31
AGR_Sou_2020_01326,South_Zone,TN_Delta,2020,Kharif,Soybean,25.09,38.87,1835.89,95.0,10.0,7.28,0.497,211.8,15.5,299.8,3141.86
AGR_Sou_2019_01327,South_Zone,Kerala_Highland,2019,Rabi,Pulses,21.32,33.78,72.84,75.99,13.5,7.22,0.707,201.3,12.8,183.9,1517.51
AGR_Sou_2020_01328,South_Zone,Kerala_Highland,2020,Kharif,Wheat,26.45,38.74,1240.55,92.47,10.0,7.4,0.317,134.2,22.8,191.6,4062.15
AGR_Sou_2021_01329,South_Zone,TN_Delta,2021,Rabi,Soybean,22.28,,341.92,61.59,16.26,6.54,0.604,168.3,30.0,110.0,3068.68
AGR_Sou_2021_01330,South_Zone,Kerala_Highland,2021,Rabi,Cotton,,32.84,307.22,56.73,11.26,6.49,0.306,234.6,30.7,132.1,2703.06
AGR_Sou_2023_01331,South_Zone,Karnataka_Deccan,2023,Kharif,Rice,27.56,37.41,1335.05,93.11,10.0,7.38,0.614,225.1,27.8,239.4,5288.18
AGR_Sou_2019_01332,South_Zone,Kerala_Highland,2019,Kharif,Maize,27.26,,1271.35,95.0,10.0,7.32,0.689,236.0,17.1,254.4,4441.81
AGR_Sou_2018_01333,South_Zone,Karnataka_Deccan,2018,Kharif,Pulses,23.65,32.29,1238.29,86.89,11.62,7.09,0.735,226.0,16.6,232.6,2427.03
AGR_Sou_2022_01334,South_Zone,AP_Coastal,2022,Kharif,Soybean,25.94,35.62,621.25,58.46,16.46,7.28,0.433,182.8,16.2,163.2,3024.23
AGR_Sou_2020_01335,South_Zone,AP_Coastal,2020,Kharif,Wheat,,36.98,1599.83,95.0,10.0,6.17,0.56,166.7,16.3,249.7,4329.72
AGR_Sou_2019_01336,South_Zone,AP_Coastal,2019,Kharif,Maize,27.8,38.73,979.52,94.62,10.0,6.96,0.653,97.6,23.6,190.6,4015.37
AGR_Sou_2023_01337,South_Zone,AP_Coastal,2023,Rabi,Pulses,22.94,30.93,226.05,79.9,10.0,7.13,0.712,141.4,24.0,173.2,1728.94
AGR_Sou_2020_01338,South_Zone,Karnataka_Deccan,2020,Rabi,Cotton,21.88,31.68,254.3,79.28,10.64,7.34,0.369,217.6,14.3,199.0,2597.34
AGR_Sou_2020_01339,South_Zone,TN_Delta,2020,Rabi,Maize,22.26,30.64,305.31,64.97,15.0,6.39,0.556,221.7,27.4,144.5,4189.68
AGR_Sou_2021_01340,South_Zone,AP_Coastal,2021,Rabi,Rice,22.98,36.22,210.9,56.01,11.7,6.05,0.724,134.3,11.1,207.2,4330.26
AGR_Sou_2018_01341,South_Zone,Karnataka_Deccan,2018,Zaid,Maize,30.32,42.68,69.91,57.82,13.81,7.96,0.602,178.5,26.0,166.6,3289.29
AGR_Sou_2018_01342,South_Zone,Karnataka_Deccan,2018,Kharif,Maize,25.81,35.79,1658.24,89.37,10.0,6.44,0.627,186.5,34.8,226.8,4198.08
AGR_Sou_2023_01343,South_Zone,Kerala_Highland,2023,Kharif,Soybean,24.83,36.07,,,10.0,6.28,0.786,200.2,27.9,198.5,3190.84
AGR_Sou_2020_01344,South_Zone,Kerala_Highland,2020,Rabi,Rice,21.4,29.96,228.5,39.19,13.7,6.74,0.8,228.8,21.3,191.6,4721.28
AGR_Sou_2019_01345,South_Zone,Kerala_Highland,2019,Kharif,Maize,25.86,39.28,1054.94,95.0,10.18,6.06,0.469,110.9,17.9,125.5,3739.85
AGR_Sou_2023_01346,South_Zone,TN_Delta,2023,Rabi,Rice,22.93,30.75,,51.13,16.01,6.61,0.65,139.3,19.4,169.0,4343.15
AGR_Sou_2018_01347,South_Zone,TN_Delta,2018,Kharif,Wheat,28.4,39.68,251.98,64.79,10.89,7.3,0.641,160.1,22.1,188.8,4223.64
AGR_Sou_2018_01348,South_Zone,TN_Delta,2018,Zaid,Wheat,27.72,38.19,71.31,57.93,13.56,6.17,0.319,230.8,34.9,206.1,3970.73
AGR_Sou_2020_01349,South_Zone,Kerala_Highland,2020,Kharif,Rice,27.14,40.08,746.76,78.38,13.08,6.18,0.707,155.3,16.8,193.3,4997.48
AGR_Sou_2023_01350,South_Zone,TN_Delta,2023,Kharif,Maize,28.26,39.3,944.38,71.58,10.28,7.11,0.46,177.7,19.1,173.8,4178.71
AGR_Sou_2021_01351,South_Zone,Karnataka_Deccan,2021,Rabi,Pulses,23.09,31.8,345.3,63.31,12.59,6.23,0.615,163.1,28.3,206.1,1997.9
AGR_Sou_2021_01352,South_Zone,AP_Coastal,2021,Zaid,Wheat,27.05,37.0,104.14,47.18,14.23,7.46,0.674,184.0,26.9,199.8,4243.61
AGR_Sou_2020_01353,South_Zone,AP_Coastal,2020,Rabi,Soybean,21.81,34.99,200.23,62.6,11.75,6.51,0.275,190.7,21.2,246.0,2857.08
AGR_Sou_2022_01354,South_Zone,AP_Coastal,2022,Rabi,Soybean,20.85,31.97,209.41,39.93,12.44,6.62,0.691,178.4,16.3,258.8,2980.79
AGR_Sou_2021_01355,South_Zone,TN_Delta,2021,Kharif,Pulses,22.77,36.27,1814.89,95.0,10.0,5.91,0.463,168.0,26.7,206.9,1861.27
AGR_Sou_2018_01356,South_Zone,AP_Coastal,2018,Rabi,Maize,22.63,31.68,169.85,30.92,12.58,5.79,0.798,187.5,18.8,214.3,3793.29
AGR_Sou_2021_01357,South_Zone,AP_Coastal,2021,Rabi,Maize,21.55,,200.17,57.76,11.67,5.93,0.5,182.1,28.6,278.5,3506.66
AGR_Sou_2018_01358,South_Zone,Karnataka_Deccan,2018,Kharif,Wheat,25.32,34.65,311.27,67.05,11.18,7.36,0.364,241.1,21.4,154.4,4598.1
AGR_Sou_2023_01359,South_Zone,TN_Delta,2023,Kharif,Rice,25.23,33.6,1395.11,95.0,10.0,6.8,0.465,199.2,15.4,222.8,5355.77
AGR_Sou_2023_01360,South_Zone,Kerala_Highland,2023,Rabi,Wheat,21.73,31.32,168.35,57.84,13.4,7.14,0.594,165.2,15.8,218.2,4253.12
AGR_Sou_2020_01361,South_Zone,Kerala_Highland,2020,Kharif,Wheat,26.16,33.2,,95.0,11.46,6.83,0.47,161.4,29.0,170.2,4545.61
AGR_Sou_2023_01362,South_Zone,Kerala_Highland,2023,Kharif,Wheat,26.08,,1531.47,95.0,10.0,7.28,0.863,166.1,20.4,152.8,4694.3
AGR_Sou_2023_01363,South_Zone,Karnataka_Deccan,2023,Rabi,Soybean,20.92,29.32,152.47,44.65,12.07,6.87,0.295,175.4,9.3,188.4,2082.21
AGR_Sou_2021_01364,South_Zone,Karnataka_Deccan,2021,Kharif,Wheat,25.51,35.53,1089.56,88.68,10.0,6.33,0.596,128.3,8.0,167.5,4224.13
AGR_Sou_2022_01365,South_Zone,TN_Delta,2022,Kharif,Maize,28.35,40.8,1391.89,90.32,10.0,5.57,0.697,209.3,17.6,240.3,4315.1
AGR_Sou_2020_01366,South_Zone,Kerala_Highland,2020,Rabi,Rice,23.81,35.56,166.0,60.95,10.94,7.18,0.71,109.1,19.9,222.6,4422.57
AGR_Sou_2021_01367,South_Zone,TN_Delta,2021,Kharif,Maize,25.95,35.51,901.0,84.99,10.0,6.65,0.67,275.3,21.5,242.4,4734.04
AGR_Sou_2019_01368,South_Zone,TN_Delta,2019,Zaid,Rice,28.82,40.45,125.32,52.44,12.2,6.78,0.431,180.7,25.2,239.0,4087.79
AGR_Sou_2019_01369,South_Zone,TN_Delta,2019,Rabi,Maize,22.11,36.07,268.17,56.87,13.74,6.86,0.79,175.3,32.2,209.6,3950.01
AGR_Sou_2019_01370,South_Zone,TN_Delta,2019,Kharif,Rice,25.93,,1133.65,68.73,10.0,6.48,0.2,205.8,24.9,231.5,5094.18
AGR_Sou_2019_01371,South_Zone,TN_Delta,2019,Rabi,Soybean,23.39,32.14,243.5,60.19,13.19,7.06,0.416,172.7,18.4,208.3,2639.29
AGR_Sou_2018_01372,South_Zone,Karnataka_Deccan,2018,Kharif,Maize,29.16,36.49,1706.42,95.0,10.28,7.62,0.644,189.8,19.8,168.2,3968.72
AGR_Sou_2018_01373,South_Zone,AP_Coastal,2018,Kharif,Pulses,25.72,37.06,1022.81,86.25,10.0,6.32,0.763,147.7,26.5,204.4,2279.06
AGR_Sou_2019_01374,South_Zone,Karnataka_Deccan,2019,Kharif,Cotton,25.78,34.08,,88.53,11.21,6.65,0.78,189.5,31.0,156.8,3187.83
AGR_Sou_2022_01375,South_Zone,Karnataka_Deccan,2022,Zaid,Maize,30.27,39.24,129.7,58.1,10.47,7.58,0.608,182.1,18.4,229.9,3315.96
AGR_Sou_2020_01376,South_Zone,Karnataka_Deccan,2020,Rabi,Wheat,21.5,33.11,277.68,60.59,10.0,6.98,0.651,127.1,22.7,229.7,4229.01
AGR_Sou_2021_01377,South_Zone,Karnataka_Deccan,2021,Kharif,Maize,25.4,33.97,965.37,78.08,10.59,7.63,0.737,168.3,18.2,129.9,4208.36
AGR_Sou_2019_01378,South_Zone,Karnataka_Deccan,2019,Rabi,Rice,19.6,27.97,266.64,67.3,10.0,7.11,0.391,197.9,25.9,185.4,4418.86
AGR_Sou_2018_01379,South_Zone,Karnataka_Deccan,2018,Rabi,Wheat,23.4,32.64,214.22,59.92,14.73,6.77,0.633,138.8,20.3,215.8,3969.99
AGR_Sou_2018_01380,South_Zone,AP_Coastal,2018,Rabi,Pulses,23.72,32.8,97.02,,15.23,6.21,0.803,198.1,23.3,219.4,1508.07
AGR_Sou_2022_01381,South_Zone,AP_Coastal,2022,Rabi,Cotton,22.6,32.4,209.79,72.76,10.0,6.52,0.736,167.2,8.7,253.4,2578.52
AGR_Sou_2023_01382,South_Zone,Kerala_Highland,2023,Kharif,Wheat,24.22,36.67,,92.83,10.0,6.33,0.382,195.4,21.8,217.0,4435.3
AGR_Sou_2019_01383,South_Zone,Kerala_Highland,2019,Rabi,Pulses,22.14,29.63,163.63,66.38,12.53,6.07,0.639,208.7,16.6,177.2,1574.47
AGR_Sou_2018_01384,South_Zone,TN_Delta,2018,Kharif,Soybean,,35.48,1542.29,90.98,10.0,6.34,0.745,173.8,18.4,215.0,3038.74
AGR_Sou_2022_01385,South_Zone,TN_Delta,2022,Kharif,Maize,26.21,37.43,925.82,69.8,11.6,6.83,0.721,240.7,35.1,242.4,4547.84
AGR_Sou_2018_01386,South_Zone,AP_Coastal,2018,Rabi,Maize,23.2,31.26,289.47,46.96,15.67,6.96,0.449,254.8,31.7,124.2,4022.14
AGR_Sou_2021_01387,South_Zone,Kerala_Highland,2021,Rabi,Cotton,23.9,31.18,212.55,59.55,12.98,6.31,0.634,182.2,22.7,225.9,2716.29
AGR_Sou_2021_01388,South_Zone,Karnataka_Deccan,2021,Kharif,Cotton,24.66,32.19,1448.55,86.87,10.45,7.41,0.701,211.3,21.9,149.3,3175.38
AGR_Sou_2023_01389,South_Zone,TN_Delta,2023,Rabi,Cotton,21.53,30.06,149.88,56.22,10.0,6.61,0.798,226.4,23.5,200.7,2591.25
AGR_Sou_2019_01390,South_Zone,Kerala_Highland,2019,Kharif,Soybean,28.84,36.81,307.48,39.81,12.94,6.83,0.325,157.9,25.2,243.1,2941.32
AGR_Sou_2021_01391,South_Zone,TN_Delta,2021,Rabi,Rice,20.53,31.67,227.92,54.33,10.93,6.92,0.604,147.3,28.5,195.9,4463.66
AGR_Sou_2021_01392,South_Zone,Karnataka_Deccan,2021,Rabi,Pulses,22.78,36.32,113.48,63.13,10.0,7.32,0.65,206.4,19.7,263.9,1746.66
AGR_Sou_2022_01393,South_Zone,Kerala_Highland,2022,Kharif,Rice,26.98,39.36,487.18,69.84,11.33,6.31,0.881,169.3,9.5,189.5,5469.98
AGR_Sou_2018_01394,South_Zone,AP_Coastal,2018,Rabi,Pulses,23.2,35.06,65.22,45.87,11.14,7.14,0.217,210.5,19.5,190.2,1254.68
AGR_Sou_2022_01395,South_Zone,Kerala_Highland,2022,Rabi,Rice,21.34,34.76,135.65,58.14,13.92,6.3,0.342,207.1,33.8,119.8,4575.01
AGR_Sou_2018_01396,South_Zone,AP_Coastal,2018,Rabi,Soybean,23.1,35.18,157.88,52.28,12.58,6.53,0.362,184.1,21.2,192.2,2331.47
AGR_Sou_2022_01397,South_Zone,Karnataka_Deccan,2022,Kharif,Soybean,25.79,38.51,983.68,62.82,10.72,6.44,0.797,203.6,33.4,223.1,3720.15
AGR_Sou_2023_01398,South_Zone,AP_Coastal,2023,Rabi,Soybean,22.23,34.02,190.13,51.7,10.0,7.94,0.86,100.5,23.1,146.2,2567.22
AGR_Sou_2021_01399,South_Zone,AP_Coastal,2021,Rabi,Cotton,21.01,31.58,165.35,50.32,12.96,6.55,0.645,180.4,17.9,277.8,2105.79
AGR_Sou_2020_01400,South_Zone,Karnataka_Deccan,2020,Rabi,Pulses,22.47,29.73,,58.4,14.8,6.08,0.459,150.2,22.1,142.8,1985.76
AGR_Sou_2019_01401,South_Zone,TN_Delta,2019,Kharif,Pulses,25.11,36.55,839.94,68.38,10.06,7.14,0.245,224.3,15.9,186.1,1925.47
AGR_Sou_2021_01402,South_Zone,TN_Delta,2021,Rabi,Soybean,19.7,30.67,221.89,72.5,10.41,7.34,0.467,192.1,19.7,256.5,2692.36
AGR_Sou_2021_01403,South_Zone,Karnataka_Deccan,2021,Zaid,Rice,26.72,,42.17,44.36,12.37,6.88,0.685,159.6,23.9,233.8,4225.49
AGR_Sou_2019_01404,South_Zone,Kerala_Highland,2019,Kharif,Rice,28.83,39.59,1453.95,95.0,10.0,6.95,0.618,141.9,24.0,189.6,4811.32
AGR_Sou_2021_01405,South_Zone,TN_Delta,2021,Kharif,Soybean,27.44,34.99,603.38,70.31,12.18,6.79,0.552,194.5,24.0,162.2,3381.22
AGR_Sou_2020_01406,South_Zone,TN_Delta,2020,Kharif,Cotton,27.13,40.49,1563.24,95.0,10.0,6.42,0.739,160.2,24.9,180.1,2730.61
AGR_Sou_2020_01407,South_Zone,AP_Coastal,2020,Rabi,Maize,19.82,30.47,312.58,63.58,10.0,6.69,0.343,151.8,33.1,240.6,3294.44
AGR_Sou_2020_01408,South_Zone,Karnataka_Deccan,2020,Kharif,Maize,24.11,37.24,1477.32,95.0,10.0,7.0,0.778,154.8,28.6,248.1,4106.57
AGR_Sou_2022_01409,South_Zone,Karnataka_Deccan,2022,Kharif,Soybean,26.23,39.27,1209.4,93.82,10.0,6.65,1.002,171.0,15.5,279.3,3474.68
AGR_Sou_2020_01410,South_Zone,AP_Coastal,2020,Kharif,Cotton,25.71,36.65,958.01,78.12,11.51,7.48,0.497,215.5,19.8,311.5,2840.38
AGR_Sou_2021_01411,South_Zone,Kerala_Highland,2021,Kharif,Pulses,26.12,36.87,258.64,72.09,10.0,7.34,0.79,182.8,19.6,169.2,2115.67
AGR_Sou_2021_01412,South_Zone,TN_Delta,2021,Kharif,Cotton,25.14,35.25,1144.44,78.18,10.71,5.59,0.479,178.9,28.6,141.4,2938.81
AGR_Sou_2020_01413,South_Zone,Karnataka_Deccan,2020,Rabi,Rice,23.5,35.92,372.77,59.22,14.99,6.48,0.549,128.0,26.4,209.8,4766.73
AGR_Sou_2021_01414,South_Zone,Kerala_Highland,2021,Kharif,Wheat,22.84,33.23,1157.6,95.0,10.0,7.49,0.646,132.7,16.2,204.0,4519.75
AGR_Sou_2020_01415,South_Zone,TN_Delta,2020,Kharif,Cotton,26.27,36.47,1298.21,95.0,10.0,6.71,0.2,210.4,18.3,176.9,2855.01
AGR_Sou_2020_01416,South_Zone,Karnataka_Deccan,2020,Kharif,Wheat,26.07,34.47,858.83,92.61,12.89,7.35,0.524,196.4,19.2,217.2,4840.64
AGR_Sou_2021_01417,South_Zone,Kerala_Highland,2021,Rabi,Rice,21.73,35.53,287.44,67.76,14.28,7.3,0.323,141.8,23.8,214.2,4445.3
AGR_Sou_2021_01418,South_Zone,TN_Delta,2021,Rabi,Wheat,23.32,30.88,199.94,56.76,12.51,5.71,0.664,198.0,16.4,147.0,4106.66
AGR_Sou_2019_01419,South_Zone,Karnataka_Deccan,2019,Kharif,Cotton,26.35,38.04,723.75,95.0,10.0,6.23,0.649,199.2,25.7,190.1,3300.34
AGR_Sou_2018_01420,South_Zone,TN_Delta,2018,Rabi,Maize,22.22,31.79,287.17,,13.52,7.35,0.635,110.0,30.5,291.2,3662.62
AGR_Sou_2018_01421,South_Zone,Karnataka_Deccan,2018,Kharif,Pulses,25.68,35.83,618.62,82.06,10.73,6.37,0.571,212.3,22.2,174.0,2268.46
AGR_Sou_2020_01422,South_Zone,Kerala_Highland,2020,Kharif,Rice,28.22,36.17,1304.19,92.06,10.0,7.46,0.666,127.7,21.5,263.9,4947.87
AGR_Sou_2021_01423,South_Zone,Kerala_Highland,2021,Rabi,Maize,18.29,31.82,179.86,53.2,12.85,7.0,0.536,139.4,25.2,191.8,3141.34
AGR_Sou_2019_01424,South_Zone,TN_Delta,2019,Kharif,Wheat,26.14,37.52,969.41,78.96,10.0,6.66,0.2,199.0,18.9,165.8,4159.42
AGR_Sou_2023_01425,South_Zone,Kerala_Highland,2023,Rabi,Soybean,22.24,30.63,178.18,43.29,11.3,6.08,0.63,116.5,34.5,193.1,2083.05
AGR_Sou_2022_01426,South_Zone,Karnataka_Deccan,2022,Zaid,Wheat,30.23,40.91,129.46,58.12,10.91,6.33,0.539,176.0,27.9,267.3,3739.71
AGR_Sou_2019_01427,South_Zone,TN_Delta,2019,Kharif,Soybean,24.48,35.78,584.3,77.12,10.0,7.01,0.443,214.4,28.4,214.3,3516.17
AGR_Sou_2021_01428,South_Zone,Karnataka_Deccan,2021,Rabi,Rice,,29.9,231.23,57.23,11.87,6.2,0.889,162.6,24.9,186.1,4684.06
AGR_Sou_2022_01429,South_Zone,TN_Delta,2022,Kharif,Soybean,,34.17,309.79,48.81,17.6,6.32,0.766,155.8,22.0,214.2,2970.65
AGR_Sou_2020_01430,South_Zone,Kerala_Highland,2020,Kharif,Soybean,29.31,43.13,1856.7,95.0,10.0,6.76,0.947,163.5,30.6,257.6,2804.55
AGR_Sou_2019_01431,South_Zone,Kerala_Highland,2019,Rabi,Cotton,20.9,28.42,243.22,37.86,14.37,5.91,0.471,191.9,23.9,186.8,2695.57
AGR_Sou_2018_01432,South_Zone,Karnataka_Deccan,2018,Rabi,Cotton,19.47,27.88,277.96,64.53,11.13,6.7,0.75,206.2,20.0,185.7,2625.41
AGR_Sou_2021_01433,South_Zone,Kerala_Highland,2021,Kharif,Pulses,26.07,34.34,867.56,67.07,12.24,6.56,0.661,128.0,8.0,148.5,2555.81
AGR_Sou_2020_01434,South_Zone,TN_Delta,2020,Kharif,Pulses,24.92,37.78,734.84,62.93,13.68,6.81,0.569,186.4,19.2,140.0,2135.69
AGR_Sou_2023_01435,South_Zone,TN_Delta,2023,Kharif,Wheat,25.72,33.19,1193.63,75.42,11.89,6.25,0.374,222.4,18.2,215.8,4816.28
AGR_Sou_2019_01436,South_Zone,Kerala_Highland,2019,Rabi,Wheat,22.56,33.75,157.47,57.57,12.36,6.55,0.752,163.7,21.1,289.2,4126.3
AGR_Sou_2019_01437,South_Zone,Kerala_Highland,2019,Kharif,Soybean,24.4,33.69,1387.43,86.47,10.71,8.44,0.872,173.7,26.6,185.1,3342.39
AGR_Sou_2020_01438,South_Zone,AP_Coastal,2020,Zaid,Wheat,27.45,36.47,61.48,44.17,16.07,5.97,0.767,193.6,24.4,189.0,3879.88
AGR_Sou_2020_01439,South_Zone,TN_Delta,2020,Kharif,Rice,25.29,34.88,1391.92,95.0,10.0,7.49,0.214,221.0,28.7,264.4,5059.36
AGR_Sou_2021_01440,South_Zone,Karnataka_Deccan,2021,Rabi,Pulses,21.59,34.76,260.77,44.01,10.76,6.34,0.731,161.8,23.8,134.7,1975.55
AGR_Sou_2018_01441,South_Zone,Kerala_Highland,2018,Kharif,Cotton,,37.56,1475.25,95.0,10.34,6.93,0.351,205.4,34.2,180.7,2959.31
AGR_Sou_2022_01442,South_Zone,Karnataka_Deccan,2022,Kharif,Cotton,25.32,34.56,1245.83,89.73,10.86,7.26,0.573,165.5,35.5,177.3,3030.55
AGR_Sou_2020_01443,South_Zone,AP_Coastal,2020,Rabi,Wheat,21.13,31.96,132.36,49.31,15.62,6.8,0.392,125.8,25.2,225.7,3682.13
AGR_Sou_2022_01444,South_Zone,Karnataka_Deccan,2022,Kharif,Cotton,26.47,35.33,1274.99,87.4,10.21,7.29,0.643,280.0,23.6,287.1,3284.18
AGR_Sou_2018_01445,South_Zone,TN_Delta,2018,Zaid,Rice,,35.16,45.13,59.52,10.66,7.05,0.624,197.5,14.5,253.6,4433.47
AGR_Sou_2020_01446,South_Zone,TN_Delta,2020,Kharif,Wheat,27.1,37.86,1536.28,95.0,10.56,8.41,0.498,237.4,25.0,288.0,4817.88
AGR_Sou_2019_01447,South_Zone,TN_Delta,2019,Kharif,Rice,24.87,38.73,1171.36,82.74,10.0,6.69,0.563,167.6,23.7,189.3,4816.59
AGR_Sou_2023_01448,South_Zone,AP_Coastal,2023,Kharif,Maize,25.38,35.37,1161.33,85.61,10.0,6.1,0.674,165.5,23.1,201.4,4385.51
AGR_Sou_2023_01449,South_Zone,Kerala_Highland,2023,Kharif,Maize,,36.1,902.97,86.02,10.0,7.16,0.744,250.1,25.5,308.6,4963.75
AGR_Sou_2019_01450,South_Zone,Kerala_Highland,2019,Rabi,Wheat,19.15,30.62,116.61,47.54,17.13,6.35,0.719,221.5,21.9,241.0,4073.8
AGR_Sou_2018_01451,South_Zone,Karnataka_Deccan,2018,Kharif,Pulses,27.18,,821.08,75.86,10.77,7.42,0.568,256.6,20.9,219.9,2738.9
AGR_Sou_2022_01452,South_Zone,TN_Delta,2022,Zaid,Wheat,28.07,35.53,89.41,38.02,14.37,6.36,0.306,184.2,22.2,195.6,3603.39
AGR_Sou_2020_01453,South_Zone,Karnataka_Deccan,2020,Kharif,Maize,27.83,39.61,1050.89,73.21,10.0,6.97,0.2,157.5,16.9,269.5,3762.28
AGR_Sou_2022_01454,South_Zone,TN_Delta,2022,Zaid,Cotton,31.09,38.55,77.63,69.99,12.87,6.99,0.477,108.8,8.0,192.6,2203.85
AGR_Sou_2019_01455,South_Zone,TN_Delta,2019,Rabi,Wheat,20.22,33.54,294.46,54.83,11.33,5.55,0.582,144.6,10.7,216.9,3909.74
AGR_Sou_2023_01456,South_Zone,Kerala_Highland,2023,Kharif,Maize,27.59,36.35,1894.34,95.0,10.0,6.44,0.371,191.8,33.7,287.1,3685.18
AGR_Sou_2018_01457,South_Zone,AP_Coastal,2018,Kharif,Rice,24.98,38.42,1133.08,85.49,10.22,6.2,0.866,137.5,18.6,211.1,4983.53
AGR_Sou_2019_01458,South_Zone,AP_Coastal,2019,Rabi,Rice,19.77,31.3,201.12,66.72,10.0,6.56,0.665,182.7,25.9,110.0,4372.63
AGR_Sou_2022_01459,South_Zone,Karnataka_Deccan,2022,Kharif,Maize,28.21,37.04,1101.96,83.17,11.02,6.88,0.682,201.0,18.0,110.0,4528.75
AGR_Sou_2021_01460,South_Zone,Kerala_Highland,2021,Kharif,Soybean,23.04,32.61,1412.94,95.0,13.07,6.94,0.484,253.7,28.4,198.6,3310.04
AGR_Sou_2018_01461,South_Zone,TN_Delta,2018,Kharif,Pulses,25.68,35.87,1092.27,95.0,10.0,8.15,0.653,113.0,20.3,110.0,2109.17
AGR_Sou_2018_01462,South_Zone,AP_Coastal,2018,Kharif,Maize,25.27,36.5,1495.15,82.59,10.0,6.39,0.775,165.0,30.1,177.5,4285.21
AGR_Sou_2023_01463,South_Zone,AP_Coastal,2023,Rabi,Pulses,22.85,34.1,126.72,45.88,12.04,5.78,0.218,166.4,18.1,302.8,1506.91
AGR_Sou_2018_01464,South_Zone,AP_Coastal,2018,Kharif,Cotton,25.45,,1100.76,95.0,10.0,7.06,0.749,208.8,32.7,190.8,3185.27
AGR_Sou_2020_01465,South_Zone,Kerala_Highland,2020,Rabi,Cotton,22.03,35.01,299.65,61.92,13.05,6.55,0.285,230.5,29.5,201.3,2659.11
AGR_Sou_2023_01466,South_Zone,TN_Delta,2023,Kharif,Wheat,27.07,38.18,1065.31,85.69,10.0,6.22,0.372,176.3,16.0,262.1,4482.81
AGR_Sou_2022_01467,South_Zone,Karnataka_Deccan,2022,Rabi,Pulses,19.71,,260.68,52.45,10.4,7.13,0.546,185.6,30.8,225.5,1593.96
AGR_Sou_2018_01468,South_Zone,Karnataka_Deccan,2018,Rabi,Maize,23.97,36.32,247.99,74.95,10.76,6.23,0.523,165.9,16.5,110.0,3689.23
AGR_Sou_2023_01469,South_Zone,AP_Coastal,2023,Kharif,Maize,26.76,34.25,1213.28,91.68,10.0,6.75,0.768,168.4,33.6,271.2,4332.52
AGR_Sou_2020_01470,South_Zone,Karnataka_Deccan,2020,Rabi,Wheat,22.34,34.85,292.95,50.38,11.84,7.08,0.638,178.6,19.2,169.5,4682.5
AGR_Sou_2020_01471,South_Zone,Karnataka_Deccan,2020,Kharif,Soybean,25.86,,1582.78,95.0,10.0,6.3,0.66,204.2,19.9,226.6,3240.66
AGR_Sou_2021_01472,South_Zone,Karnataka_Deccan,2021,Rabi,Pulses,20.26,27.63,252.45,69.25,10.64,6.39,0.748,127.9,27.6,202.9,1650.59
AGR_Sou_2021_01473,South_Zone,Kerala_Highland,2021,Rabi,Soybean,,34.57,116.12,58.27,10.0,7.12,0.469,124.8,20.5,247.0,2393.73
AGR_Sou_2019_01474,South_Zone,Karnataka_Deccan,2019,Rabi,Pulses,24.72,35.2,138.67,66.18,14.61,6.83,0.638,203.2,23.9,240.5,1754.43
AGR_Sou_2021_01475,South_Zone,Karnataka_Deccan,2021,Zaid,Rice,26.87,35.96,95.83,59.16,10.0,7.22,0.71,177.8,31.9,172.3,4510.2
AGR_Sou_2022_01476,South_Zone,AP_Coastal,2022,Zaid,Soybean,28.35,38.97,101.12,63.94,13.03,6.95,0.543,217.6,16.5,290.3,2628.55
AGR_Sou_2020_01477,South_Zone,Kerala_Highland,2020,Kharif,Rice,29.88,42.95,741.98,83.27,10.0,7.58,0.637,169.7,22.6,171.0,4739.84
AGR_Sou_2018_01478,South_Zone,Karnataka_Deccan,2018,Kharif,Soybean,27.26,36.45,1626.08,,10.0,7.33,0.296,212.7,8.0,204.1,3214.92
AGR_Sou_2020_01479,South_Zone,Karnataka_Deccan,2020,Kharif,Soybean,28.72,40.5,1657.56,95.0,10.17,7.49,0.64,207.1,16.1,246.5,3117.52
AGR_Sou_2019_01480,South_Zone,TN_Delta,2019,Rabi,Wheat,21.73,29.4,215.55,67.55,10.0,5.94,0.381,185.8,20.6,258.7,3679.15
AGR_Sou_2023_01481,South_Zone,AP_Coastal,2023,Rabi,Pulses,21.17,29.44,201.25,52.59,11.76,6.86,0.719,217.5,18.1,257.4,1694.39
AGR_Sou_2023_01482,South_Zone,AP_Coastal,2023,Kharif,Rice,21.94,33.77,819.87,70.76,10.0,7.57,0.847,151.2,26.9,193.0,4995.79
AGR_Sou_2023_01483,South_Zone,Kerala_Highland,2023,Kharif,Wheat,27.24,38.92,372.36,71.2,11.15,7.62,0.437,211.4,15.1,214.4,4520.21
AGR_Sou_2023_01484,South_Zone,AP_Coastal,2023,Zaid,Maize,26.24,33.49,106.13,38.31,13.54,7.2,0.877,176.2,20.8,176.6,3975.68
AGR_Sou_2020_01485,South_Zone,Kerala_Highland,2020,Rabi,Maize,22.43,33.57,317.63,69.42,10.34,6.12,0.382,180.7,25.3,121.6,3933.51
AGR_Sou_2022_01486,South_Zone,TN_Delta,2022,Rabi,Wheat,20.07,28.74,203.66,63.75,11.06,7.55,0.921,151.2,15.7,232.1,4222.08
AGR_Sou_2020_01487,South_Zone,Karnataka_Deccan,2020,Zaid,Pulses,25.77,34.99,120.47,45.15,15.35,6.29,0.642,198.5,25.7,274.5,1818.85
AGR_Sou_2022_01488,South_Zone,TN_Delta,2022,Kharif,Rice,25.51,39.23,1123.39,73.31,10.0,6.82,0.384,125.3,16.7,192.5,4298.59
AGR_Sou_2019_01489,South_Zone,TN_Delta,2019,Rabi,Cotton,22.86,36.01,245.65,60.11,13.12,6.02,0.72,211.5,12.3,176.9,2554.41
AGR_Sou_2022_01490,South_Zone,Karnataka_Deccan,2022,Zaid,Soybean,29.0,38.5,41.44,51.44,14.05,7.34,0.789,185.3,22.8,260.4,2439.27
AGR_Sou_2023_01491,South_Zone,Karnataka_Deccan,2023,Kharif,Soybean,23.62,34.58,1079.04,75.47,10.81,5.89,0.358,235.4,24.4,252.0,3227.32
AGR_Sou_2020_01492,South_Zone,AP_Coastal,2020,Kharif,Cotton,25.92,34.92,1228.26,95.0,10.0,6.71,0.782,164.4,25.9,276.3,3193.64
AGR_Sou_2018_01493,South_Zone,Kerala_Highland,2018,Rabi,Rice,24.32,37.34,135.21,60.87,13.96,6.29,0.772,214.8,20.6,254.8,4773.09
AGR_Sou_2021_01494,South_Zone,AP_Coastal,2021,Kharif,Pulses,26.82,38.3,972.55,81.89,10.0,6.73,0.804,246.0,23.8,183.5,2497.91
AGR_Sou_2023_01495,South_Zone,TN_Delta,2023,Kharif,Soybean,26.4,34.89,1815.2,95.0,10.0,6.66,0.607,182.6,23.2,288.7,2914.97
AGR_Sou_2021_01496,South_Zone,Kerala_Highland,2021,Rabi,Rice,20.83,31.89,332.95,68.72,11.2,6.7,0.409,173.9,20.2,257.3,4518.76
AGR_Sou_2020_01497,South_Zone,AP_Coastal,2020,Kharif,Maize,,38.68,1133.78,95.0,10.5,7.76,0.866,149.5,21.4,268.1,4104.92
AGR_Sou_2020_01498,South_Zone,Karnataka_Deccan,2020,Kharif,Rice,25.52,38.02,1127.58,88.1,11.37,5.2,0.513,148.1,26.2,176.7,4911.49
AGR_Sou_2021_01499,South_Zone,TN_Delta,2021,Kharif,Wheat,27.45,34.55,1537.85,95.0,11.51,7.26,0.556,150.5,33.2,218.6,4676.32
AGR_Sou_2020_01500,South_Zone,Kerala_Highland,2020,Rabi,Pulses,22.49,36.27,267.35,44.08,14.78,7.2,0.647,133.5,17.2,213.7,1744.87
AGR_Sou_2023_01501,South_Zone,Kerala_Highland,2023,Kharif,Maize,24.56,,992.5,63.46,14.88,6.46,0.495,183.4,30.6,149.5,3904.27
AGR_Sou_2021_01502,South_Zone,AP_Coastal,2021,Kharif,Soybean,29.3,36.87,396.49,62.75,11.03,7.22,0.349,225.3,22.3,216.1,3495.13
AGR_Sou_2020_01503,South_Zone,Kerala_Highland,2020,Kharif,Rice,27.32,34.83,901.72,89.19,11.19,6.86,0.636,177.9,18.6,249.7,5000.99
AGR_Sou_2022_01504,South_Zone,AP_Coastal,2022,Rabi,Wheat,21.53,29.99,156.77,52.14,16.24,7.22,0.386,138.8,36.2,223.8,3257.8
AGR_Sou_2023_01505,South_Zone,AP_Coastal,2023,Zaid,Soybean,29.14,40.81,135.79,36.12,14.77,7.1,0.752,178.3,25.0,275.5,2497.16
AGR_Sou_2023_01506,South_Zone,TN_Delta,2023,Kharif,Pulses,26.63,,824.51,67.66,13.77,6.76,0.966,198.4,15.1,266.6,2585.86
AGR_Sou_2021_01507,South_Zone,AP_Coastal,2021,Rabi,Rice,22.83,31.38,371.55,46.7,14.87,6.23,1.028,210.4,23.1,211.5,5760.76
AGR_Sou_2020_01508,South_Zone,Kerala_Highland,2020,Kharif,Wheat,25.74,36.56,1430.6,,10.0,5.86,0.728,178.5,26.7,176.8,4616.63
AGR_Sou_2021_01509,South_Zone,Kerala_Highland,2021,Rabi,Soybean,20.78,31.04,207.76,62.46,10.0,6.81,0.678,186.8,21.9,190.7,2641.03
AGR_Sou_2020_01510,South_Zone,Kerala_Highland,2020,Kharif,Cotton,25.71,39.26,1116.59,82.18,10.95,7.54,0.39,211.8,19.6,242.3,2759.11
AGR_Sou_2023_01511,South_Zone,TN_Delta,2023,Zaid,Cotton,26.77,36.68,60.12,55.7,15.99,7.69,0.444,180.0,15.3,216.5,2193.73
AGR_Sou_2022_01512,South_Zone,TN_Delta,2022,Zaid,Maize,,37.73,173.23,60.68,15.62,6.08,0.704,176.7,23.5,240.4,3376.87
AGR_Sou_2020_01513,South_Zone,AP_Coastal,2020,Kharif,Maize,26.59,35.0,927.08,81.04,10.0,7.24,0.547,165.7,32.9,228.8,4290.65
AGR_Sou_2019_01514,South_Zone,TN_Delta,2019,Kharif,Wheat,24.56,35.25,,95.0,10.0,6.41,0.932,203.6,15.0,257.6,4890.48
AGR_Sou_2020_01515,South_Zone,AP_Coastal,2020,Kharif,Pulses,26.84,40.37,1198.3,91.81,10.0,7.65,0.7,174.3,24.5,131.2,2375.18
AGR_Sou_2019_01516,South_Zone,Karnataka_Deccan,2019,Kharif,Soybean,24.72,37.5,501.03,47.36,15.99,7.51,0.579,217.4,21.8,219.8,3041.28
AGR_Sou_2020_01517,South_Zone,AP_Coastal,2020,Kharif,Cotton,25.3,33.78,525.27,55.7,10.85,7.53,0.78,208.7,18.8,178.9,2997.69
AGR_Sou_2022_01518,South_Zone,Karnataka_Deccan,2022,Kharif,Maize,25.26,35.03,867.46,69.54,13.21,7.35,0.337,103.5,31.5,149.7,3613.44
AGR_Sou_2022_01519,South_Zone,TN_Delta,2022,Kharif,Maize,27.55,35.91,1247.12,95.0,10.0,6.87,0.762,195.1,16.4,250.1,4604.34
AGR_Sou_2021_01520,South_Zone,TN_Delta,2021,Rabi,Maize,22.18,32.48,131.77,,13.8,7.03,0.2,154.2,32.6,265.6,3240.5
AGR_Sou_2019_01521,South_Zone,Karnataka_Deccan,2019,Kharif,Pulses,26.25,38.58,1142.68,95.0,10.0,7.34,0.612,152.6,24.8,213.8,2034.17
AGR_Sou_2021_01522,South_Zone,Kerala_Highland,2021,Rabi,Cotton,22.12,33.39,256.97,49.07,10.93,6.92,0.561,147.5,21.8,121.5,2397.12
AGR_Sou_2023_01523,South_Zone,TN_Delta,2023,Kharif,Wheat,25.63,36.97,919.08,80.67,12.49,6.96,0.844,127.2,20.6,215.4,4676.68
AGR_Sou_2018_01524,South_Zone,Kerala_Highland,2018,Kharif,Maize,27.63,36.81,1274.66,89.45,10.0,6.0,0.422,188.7,18.9,153.8,4029.89
AGR_Sou_2018_01525,South_Zone,Karnataka_Deccan,2018,Kharif,Pulses,24.29,33.51,785.49,69.28,10.0,7.04,0.2,147.1,28.5,265.5,2031.91
AGR_Sou_2021_01526,South_Zone,Karnataka_Deccan,2021,Rabi,Rice,22.61,33.15,288.79,55.25,11.2,6.88,0.953,141.1,22.3,322.3,4872.8
AGR_Sou_2023_01527,South_Zone,AP_Coastal,2023,Kharif,Pulses,23.89,,996.03,83.97,10.94,6.92,0.511,213.1,25.2,231.7,2461.3
AGR_Sou_2022_01528,South_Zone,Karnataka_Deccan,2022,Kharif,Rice,25.55,39.25,1353.05,82.96,10.0,6.34,0.917,238.2,30.6,191.8,5656.52
AGR_Sou_2022_01529,South_Zone,Kerala_Highland,2022,Zaid,Cotton,,35.38,110.48,62.44,14.47,6.82,0.898,152.8,28.7,212.7,2336.62
AGR_Sou_2022_01530,South_Zone,Karnataka_Deccan,2022,Kharif,Maize,26.32,36.96,947.48,84.81,10.0,7.18,0.747,222.2,16.5,268.1,4849.21
AGR_Sou_2022_01531,South_Zone,Kerala_Highland,2022,Kharif,Cotton,26.47,36.83,1498.29,95.0,10.0,5.61,0.59,254.9,25.3,248.1,3230.06
AGR_Sou_2021_01532,South_Zone,Karnataka_Deccan,2021,Rabi,Maize,,33.3,285.83,55.52,12.45,7.06,0.584,207.6,27.3,232.4,4136.19
AGR_Sou_2023_01533,South_Zone,Karnataka_Deccan,2023,Rabi,Rice,21.84,30.37,299.91,65.8,10.84,6.72,0.639,166.8,24.1,211.9,4704.56
AGR_Sou_2019_01534,South_Zone,AP_Coastal,2019,Rabi,Wheat,22.78,36.51,108.57,34.31,15.34,7.34,0.507,119.6,21.5,252.8,3508.91
AGR_Sou_2023_01535,South_Zone,TN_Delta,2023,Kharif,Rice,24.85,32.12,1327.96,95.0,10.0,6.96,0.427,165.4,25.0,207.9,4443.98
AGR_Sou_2022_01536,South_Zone,TN_Delta,2022,Rabi,Soybean,20.35,28.25,183.97,70.07,10.0,6.57,0.658,208.5,20.1,263.5,2565.65
AGR_Sou_2023_01537,South_Zone,AP_Coastal,2023,Rabi,Cotton,24.08,36.21,227.97,73.05,10.98,7.57,0.498,214.3,24.0,198.9,2742.29
AGR_Sou_2019_01538,South_Zone,AP_Coastal,2019,Kharif,Maize,25.04,34.94,659.15,89.54,11.99,7.07,0.664,171.4,19.3,127.8,4117.58
AGR_Sou_2019_01539,South_Zone,Kerala_Highland,2019,Rabi,Rice,21.35,28.92,212.72,59.53,12.64,7.54,0.684,138.1,22.1,177.6,4036.24
AGR_Sou_2020_01540,South_Zone,AP_Coastal,2020,Kharif,Rice,27.39,37.15,747.57,71.74,12.18,6.68,0.521,186.7,34.3,217.9,5007.74
AGR_Sou_2021_01541,South_Zone,TN_Delta,2021,Kharif,Cotton,23.63,32.26,,95.0,10.0,7.5,0.771,204.7,19.3,340.4,3018.8
AGR_Sou_2019_01542,South_Zone,TN_Delta,2019,Rabi,Pulses,23.79,36.26,290.27,56.46,13.43,6.0,0.688,128.9,22.8,241.0,1982.2
AGR_Sou_2020_01543,South_Zone,TN_Delta,2020,Kharif,Soybean,25.97,38.36,1044.5,78.01,12.93,6.84,0.639,210.4,22.7,242.5,3212.0
AGR_Sou_2020_01544,South_Zone,TN_Delta,2020,Rabi,Maize,19.91,31.6,254.95,65.78,10.0,6.01,0.849,149.2,28.1,220.2,3923.69
AGR_Sou_2023_01545,South_Zone,TN_Delta,2023,Rabi,Soybean,20.35,31.62,208.15,58.7,10.78,6.84,0.366,148.8,34.6,190.8,2570.38
AGR_Sou_2023_01546,South_Zone,TN_Delta,2023,Kharif,Soybean,26.88,38.17,1174.27,94.19,10.31,6.48,0.387,146.9,12.8,186.6,2390.59
AGR_Sou_2019_01547,South_Zone,TN_Delta,2019,Zaid,Rice,26.43,36.51,122.06,51.62,11.59,7.37,0.705,113.6,32.9,241.0,4138.09
AGR_Sou_2020_01548,South_Zone,Kerala_Highland,2020,Kharif,Maize,28.76,41.33,,,15.85,6.14,0.766,238.4,31.1,239.1,4147.48
AGR_Sou_2023_01549,South_Zone,TN_Delta,2023,Rabi,Cotton,20.24,33.05,230.75,52.45,10.0,5.81,0.596,153.3,22.0,183.2,2292.87
AGR_Sou_2020_01550,South_Zone,Kerala_Highland,2020,Kharif,Maize,25.52,33.62,1294.4,93.08,10.0,5.96,0.672,166.4,33.9,240.2,4305.97
AGR_Sou_2021_01551,South_Zone,AP_Coastal,2021,Rabi,Pulses,,31.3,280.68,74.62,12.21,7.51,0.625,184.8,18.3,184.5,1937.35
AGR_Sou_2021_01552,South_Zone,Kerala_Highland,2021,Kharif,Maize,25.79,33.75,,72.23,10.91,7.9,0.707,165.5,30.6,174.7,4364.48
AGR_Sou_2019_01553,South_Zone,Kerala_Highland,2019,Kharif,Soybean,24.3,32.2,980.96,91.07,10.0,6.1,0.518,181.2,20.0,143.5,3186.84
AGR_Sou_2020_01554,South_Zone,TN_Delta,2020,Zaid,Cotton,27.65,37.11,184.47,,11.52,6.28,0.2,160.7,22.3,207.6,2103.07
AGR_Sou_2021_01555,South_Zone,Kerala_Highland,2021,Rabi,Maize,19.94,28.23,376.9,72.58,10.56,6.65,0.325,212.0,26.5,143.0,3998.35
AGR_Sou_2021_01556,South_Zone,TN_Delta,2021,Rabi,Cotton,22.15,,236.13,50.59,11.12,7.85,0.274,161.9,23.3,183.0,2284.01
AGR_Sou_2019_01557,South_Zone,Kerala_Highland,2019,Kharif,Cotton,23.85,32.55,535.72,67.14,10.0,6.88,0.549,197.0,23.7,126.6,3242.34
AGR_Sou_2021_01558,South_Zone,Kerala_Highland,2021,Rabi,Cotton,22.3,30.01,304.05,60.24,15.87,6.6,0.626,135.6,23.6,257.1,2695.55
AGR_Sou_2023_01559,South_Zone,AP_Coastal,2023,Rabi,Rice,,35.6,175.58,53.12,10.0,7.29,0.954,222.5,18.5,131.7,4973.93
AGR_Sou_2018_01560,South_Zone,AP_Coastal,2018,Rabi,Wheat,24.14,32.42,228.09,62.55,10.47,6.71,0.952,178.6,18.1,303.8,4602.68
AGR_Sou_2018_01561,South_Zone,AP_Coastal,2018,Kharif,Pulses,28.16,35.5,1075.37,,10.0,6.01,0.415,204.2,18.8,125.9,2336.01
AGR_Sou_2022_01562,South_Zone,TN_Delta,2022,Rabi,Maize,21.58,30.04,158.93,46.53,14.43,8.14,0.669,220.2,26.4,143.4,3708.27
AGR_Sou_2018_01563,South_Zone,AP_Coastal,2018,Kharif,Soybean,27.47,40.69,1313.72,95.0,10.14,7.14,0.543,213.9,11.1,254.2,3116.8
AGR_Sou_2021_01564,South_Zone,Karnataka_Deccan,2021,Rabi,Soybean,21.93,29.02,218.65,45.41,12.23,6.85,0.484,178.9,23.2,143.7,2617.59
AGR_Sou_2019_01565,South_Zone,AP_Coastal,2019,Rabi,Pulses,21.56,29.24,87.71,,11.13,6.55,0.697,221.8,21.6,231.0,1405.35
AGR_Sou_2022_01566,South_Zone,Kerala_Highland,2022,Rabi,Pulses,18.91,31.11,261.87,55.3,15.3,6.57,0.769,204.6,29.4,254.3,1884.38
AGR_Sou_2020_01567,South_Zone,Kerala_Highland,2020,Kharif,Cotton,25.83,39.49,1695.02,95.0,10.0,6.82,0.3,105.7,25.1,212.9,2189.96
AGR_Sou_2019_01568,South_Zone,Kerala_Highland,2019,Kharif,Maize,25.73,38.82,654.87,68.84,11.44,7.69,0.646,104.4,17.1,197.2,3882.97
AGR_Sou_2018_01569,South_Zone,AP_Coastal,2018,Kharif,Rice,24.37,37.64,1463.72,95.0,10.0,7.31,0.695,158.0,32.5,264.2,4885.58
AGR_Sou_2021_01570,South_Zone,TN_Delta,2021,Rabi,Rice,21.08,33.93,185.02,58.5,12.03,6.74,0.649,245.4,25.7,218.1,5004.18
AGR_Sou_2018_01571,South_Zone,Karnataka_Deccan,2018,Kharif,Soybean,,31.62,337.67,66.81,11.55,7.07,0.664,198.9,13.8,186.6,3146.16
AGR_Sou_2023_01572,South_Zone,AP_Coastal,2023,Kharif,Soybean,25.47,,1172.55,88.76,13.66,6.84,0.398,213.5,11.4,222.1,3313.45
AGR_Sou_2018_01573,South_Zone,Karnataka_Deccan,2018,Zaid,Maize,29.42,42.19,100.25,49.17,12.81,6.1,0.428,141.8,27.9,144.1,2895.16
AGR_Sou_2020_01574,South_Zone,Karnataka_Deccan,2020,Kharif,Pulses,25.16,36.56,977.19,93.86,10.0,5.79,0.616,230.9,22.0,180.7,2318.39
AGR_Sou_2023_01575,South_Zone,Kerala_Highland,2023,Kharif,Rice,23.61,37.42,1195.73,80.39,10.0,6.14,0.75,172.5,21.4,159.2,5388.55
AGR_Sou_2019_01576,South_Zone,TN_Delta,2019,Rabi,Wheat,21.39,,149.97,53.3,14.73,6.31,0.51,124.7,17.7,168.5,3577.5
AGR_Sou_2020_01577,South_Zone,Karnataka_Deccan,2020,Rabi,Maize,24.69,32.29,194.43,63.65,13.19,5.78,0.454,153.2,20.7,241.8,3465.31
AGR_Sou_2021_01578,South_Zone,TN_Delta,2021,Kharif,Cotton,27.34,37.2,1053.8,71.92,11.31,5.96,0.646,161.0,29.2,294.7,2832.62
AGR_Sou_2023_01579,South_Zone,Karnataka_Deccan,2023,Zaid,Wheat,27.61,38.55,126.41,55.76,13.56,6.8,0.445,173.0,27.4,227.7,3799.5
AGR_Sou_2022_01580,South_Zone,AP_Coastal,2022,Kharif,Rice,26.11,34.32,1218.87,95.0,10.0,6.83,1.051,146.8,25.0,281.1,5448.41
AGR_Sou_2023_01581,South_Zone,Karnataka_Deccan,2023,Kharif,Maize,26.17,,1174.62,71.14,11.06,6.92,0.509,211.6,24.5,200.2,4343.89
AGR_Sou_2020_01582,South_Zone,AP_Coastal,2020,Rabi,Soybean,22.72,30.0,167.39,47.01,13.02,6.14,0.75,147.1,25.2,241.8,2518.42
AGR_Sou_2022_01583,South_Zone,TN_Delta,2022,Zaid,Soybean,29.32,41.19,106.27,45.4,14.43,7.07,0.614,157.3,15.5,138.6,2086.39
AGR_Sou_2023_01584,South_Zone,TN_Delta,2023,Kharif,Soybean,27.32,41.02,1278.04,92.78,10.0,7.29,0.49,218.1,23.8,139.2,3377.08
AGR_Sou_2023_01585,South_Zone,Kerala_Highland,2023,Kharif,Pulses,,31.07,734.33,80.19,10.0,7.12,0.714,195.9,23.2,174.4,2199.19
AGR_Sou_2023_01586,South_Zone,TN_Delta,2023,Rabi,Wheat,22.93,36.41,226.34,60.08,11.66,7.8,0.524,179.0,32.4,179.0,4123.85
AGR_Sou_2021_01587,South_Zone,Karnataka_Deccan,2021,Rabi,Rice,24.83,38.74,319.81,,12.57,6.08,0.608,158.6,26.5,164.2,4621.25
AGR_Sou_2018_01588,South_Zone,Kerala_Highland,2018,Rabi,Maize,22.45,35.74,32.68,60.6,11.54,7.67,0.324,164.8,26.0,173.5,2766.22
AGR_Sou_2023_01589,South_Zone,TN_Delta,2023,Rabi,Pulses,23.4,31.76,277.27,57.73,10.0,6.77,0.651,230.2,22.4,173.3,1788.45
AGR_Sou_2020_01590,South_Zone,Kerala_Highland,2020,Kharif,Pulses,22.25,31.69,874.58,94.97,10.5,6.84,0.614,148.9,18.1,201.3,2027.68
AGR_Sou_2021_01591,South_Zone,Kerala_Highland,2021,Kharif,Rice,24.68,36.46,703.48,85.67,10.0,6.95,0.51,172.6,28.1,189.6,4711.88
AGR_Sou_2018_01592,South_Zone,Kerala_Highland,2018,Rabi,Rice,20.6,31.24,138.02,47.98,13.61,6.45,0.639,179.8,27.2,218.5,4484.33
AGR_Sou_2023_01593,South_Zone,Kerala_Highland,2023,Rabi,Pulses,20.77,28.31,,59.05,12.25,7.01,0.568,148.5,26.7,156.9,1536.36
AGR_Sou_2021_01594,South_Zone,Karnataka_Deccan,2021,Kharif,Cotton,26.41,35.53,1171.78,95.0,12.64,6.48,0.423,190.5,26.0,210.6,3035.76
AGR_Sou_2023_01595,South_Zone,AP_Coastal,2023,Zaid,Wheat,26.48,40.24,85.87,41.95,14.74,7.4,0.626,142.6,23.1,167.2,3406.99
AGR_Sou_2021_01596,South_Zone,AP_Coastal,2021,Rabi,Cotton,21.52,35.47,222.08,49.41,14.66,7.26,0.736,238.0,30.1,191.9,2617.24
AGR_Sou_2022_01597,South_Zone,TN_Delta,2022,Zaid,Cotton,26.56,38.59,164.99,65.5,14.83,7.03,0.515,202.4,23.2,287.3,2038.17
AGR_Sou_2020_01598,South_Zone,Kerala_Highland,2020,Kharif,Cotton,28.22,36.62,1111.46,84.03,11.02,6.2,0.55,177.5,35.4,177.2,3130.01
AGR_Sou_2022_01599,South_Zone,TN_Delta,2022,Kharif,Rice,,36.55,213.37,49.13,13.85,6.32,0.729,190.9,13.8,253.4,5005.63
AGR_Sou_2018_01600,South_Zone,TN_Delta,2018,Rabi,Maize,23.3,32.21,388.71,58.11,10.0,7.73,0.425,148.2,17.8,140.7,3911.53
AGR_Sou_2020_01601,South_Zone,Kerala_Highland,2020,Zaid,Soybean,26.67,35.04,56.96,,13.83,7.18,0.522,122.7,20.4,234.6,2366.19
AGR_Sou_2020_01602,South_Zone,Kerala_Highland,2020,Kharif,Cotton,25.45,35.46,1899.34,95.0,10.0,5.2,0.581,164.1,31.3,221.7,2581.96
AGR_Sou_2022_01603,South_Zone,Kerala_Highland,2022,Kharif,Pulses,24.0,32.71,984.52,85.92,10.0,6.65,0.703,155.4,24.3,129.8,2366.77
AGR_Sou_2020_01604,South_Zone,TN_Delta,2020,Kharif,Pulses,23.57,,995.08,86.58,10.0,7.03,0.305,107.8,26.7,140.3,1702.69
AGR_Sou_2023_01605,South_Zone,Kerala_Highland,2023,Kharif,Wheat,25.02,35.94,939.34,70.7,10.0,6.83,0.521,134.8,29.3,228.0,4257.94
AGR_Sou_2022_01606,South_Zone,AP_Coastal,2022,Rabi,Rice,25.53,36.69,140.85,72.79,10.18,7.58,0.511,194.9,23.9,216.4,4332.25
AGR_Sou_2021_01607,South_Zone,AP_Coastal,2021,Kharif,Cotton,25.91,35.93,507.99,45.5,15.85,7.97,0.433,173.4,22.6,171.7,3005.39
AGR_Sou_2019_01608,South_Zone,Kerala_Highland,2019,Rabi,Maize,21.99,31.27,327.86,56.67,12.89,7.6,0.81,216.0,22.9,198.1,3958.5
AGR_Sou_2020_01609,South_Zone,AP_Coastal,2020,Rabi,Wheat,20.13,,272.85,54.48,10.21,7.29,0.746,161.4,14.5,328.8,4277.39
AGR_Sou_2022_01610,South_Zone,TN_Delta,2022,Rabi,Maize,24.54,36.95,243.37,50.2,10.0,5.97,0.604,157.0,25.6,244.8,3634.93
AGR_Sou_2023_01611,South_Zone,Karnataka_Deccan,2023,Kharif,Cotton,27.34,36.62,1598.73,95.0,10.0,5.53,0.337,171.5,11.2,287.3,2634.91
AGR_Sou_2022_01612,South_Zone,Kerala_Highland,2022,Rabi,Rice,24.03,32.4,195.4,54.02,12.94,7.47,0.586,196.7,21.5,269.5,4796.77
AGR_Sou_2022_01613,South_Zone,Kerala_Highland,2022,Kharif,Pulses,26.65,38.6,968.85,84.37,10.0,7.14,0.91,208.3,30.9,172.1,2674.99
AGR_Sou_2018_01614,South_Zone,TN_Delta,2018,Zaid,Soybean,29.09,40.99,159.48,55.66,12.17,7.76,0.656,253.3,14.4,176.8,2848.16
AGR_Sou_2022_01615,South_Zone,Karnataka_Deccan,2022,Rabi,Rice,21.06,31.59,272.65,61.53,10.0,5.28,0.64,247.2,17.0,188.7,5294.03
AGR_Sou_2018_01616,South_Zone,TN_Delta,2018,Zaid,Maize,27.09,38.67,111.16,73.47,10.51,7.29,0.572,176.8,26.6,222.6,3356.74
AGR_Sou_2019_01617,South_Zone,Karnataka_Deccan,2019,Rabi,Maize,21.9,32.19,224.36,52.35,13.64,6.38,0.206,211.7,22.1,202.6,3420.9
AGR_Sou_2022_01618,South_Zone,AP_Coastal,2022,Zaid,Rice,27.5,36.27,125.96,51.61,15.66,6.17,0.413,212.0,23.1,276.6,4721.21
AGR_Sou_2018_01619,South_Zone,TN_Delta,2018,Rabi,Maize,19.4,28.03,,68.16,14.7,6.8,0.643,158.8,20.4,190.5,3723.69
AGR_Sou_2018_01620,South_Zone,TN_Delta,2018,Kharif,Wheat,26.18,37.23,1544.74,95.0,11.07,7.08,0.958,192.3,22.0,207.8,4953.06
AGR_Sou_2021_01621,South_Zone,Karnataka_Deccan,2021,Kharif,Cotton,23.95,32.42,1831.97,95.0,10.0,7.04,0.637,188.5,14.2,313.3,2726.75
AGR_Sou_2022_01622,South_Zone,TN_Delta,2022,Rabi,Soybean,20.1,31.25,197.97,42.26,10.82,8.02,0.585,161.9,31.8,221.3,2488.9
AGR_Sou_2020_01623,South_Zone,TN_Delta,2020,Rabi,Cotton,20.72,28.2,189.52,76.62,12.77,6.75,0.795,181.5,28.7,254.2,2755.7
AGR_Sou_2022_01624,South_Zone,TN_Delta,2022,Rabi,Wheat,19.92,32.08,,,14.91,5.36,0.567,212.9,11.0,202.9,4167.37
AGR_Sou_2021_01625,South_Zone,Kerala_Highland,2021,Kharif,Soybean,27.66,36.57,849.43,86.87,10.0,7.43,0.209,150.3,13.8,268.2,3032.89
AGR_Sou_2018_01626,South_Zone,AP_Coastal,2018,Rabi,Maize,,30.92,245.4,58.9,13.75,7.03,0.693,166.4,29.3,138.0,3736.35
AGR_Sou_2022_01627,South_Zone,TN_Delta,2022,Kharif,Cotton,26.34,34.77,649.95,76.8,10.0,6.02,0.523,224.4,10.8,248.9,3234.43
AGR_Sou_2018_01628,South_Zone,Karnataka_Deccan,2018,Rabi,Soybean,22.42,32.27,161.35,56.17,10.0,6.58,0.834,205.4,31.9,205.1,2945.13
AGR_Sou_2021_01629,South_Zone,AP_Coastal,2021,Kharif,Soybean,,33.96,1085.75,83.58,10.63,7.2,0.425,200.3,19.7,278.0,3362.68
AGR_Sou_2019_01630,South_Zone,TN_Delta,2019,Kharif,Cotton,26.21,34.21,1273.52,95.0,10.0,6.94,0.2,182.7,17.7,203.8,2823.37
AGR_Sou_2021_01631,South_Zone,TN_Delta,2021,Rabi,Pulses,20.62,28.2,77.04,45.71,12.8,7.23,0.595,170.7,29.9,163.0,1096.53
AGR_Sou_2023_01632,South_Zone,Karnataka_Deccan,2023,Kharif,Rice,26.76,37.75,,83.77,14.54,6.38,0.686,200.6,16.7,228.0,5214.64
AGR_Sou_2022_01633,South_Zone,TN_Delta,2022,Kharif,Maize,25.54,35.68,1178.35,92.03,10.0,7.07,1.051,197.3,17.8,147.7,4614.18
AGR_Sou_2020_01634,South_Zone,TN_Delta,2020,Rabi,Wheat,20.81,29.4,255.51,62.63,11.45,6.07,0.365,168.9,13.5,191.4,3893.82
AGR_Sou_2021_01635,South_Zone,Kerala_Highland,2021,Rabi,Cotton,22.28,29.86,205.81,,14.36,6.86,0.659,163.4,13.2,183.7,2152.44
AGR_Sou_2021_01636,South_Zone,Kerala_Highland,2021,Kharif,Rice,27.4,36.91,600.34,61.81,14.99,6.1,0.766,216.3,22.5,129.8,5572.01
AGR_Sou_2019_01637,South_Zone,Karnataka_Deccan,2019,Kharif,Cotton,25.3,32.45,1222.99,95.0,10.0,7.06,0.983,252.9,18.5,279.6,3448.64
AGR_Sou_2022_01638,South_Zone,Karnataka_Deccan,2022,Kharif,Maize,23.46,37.46,998.69,86.35,10.0,7.57,0.584,196.1,31.4,276.3,3979.26
AGR_Sou_2022_01639,South_Zone,Karnataka_Deccan,2022,Kharif,Soybean,25.21,36.06,578.96,72.7,11.81,6.87,0.61,190.1,29.4,212.6,3068.62
AGR_Sou_2020_01640,South_Zone,Kerala_Highland,2020,Kharif,Rice,,35.56,1041.6,95.0,10.0,7.56,0.484,239.3,16.4,243.7,5649.1
AGR_Sou_2021_01641,South_Zone,Karnataka_Deccan,2021,Kharif,Wheat,,36.99,1314.39,82.05,12.5,6.88,0.784,142.6,29.4,185.6,4794.69
AGR_Sou_2018_01642,South_Zone,Karnataka_Deccan,2018,Zaid,Wheat,31.81,44.19,138.74,53.18,11.93,6.69,0.739,180.6,20.8,220.0,3856.42
AGR_Sou_2020_01643,South_Zone,AP_Coastal,2020,Kharif,Maize,27.55,40.62,1350.41,74.33,10.64,7.65,0.869,203.9,29.6,203.1,4433.67
AGR_Sou_2019_01644,South_Zone,TN_Delta,2019,Kharif,Cotton,27.01,36.59,1190.44,93.67,10.9,6.5,0.771,94.6,18.3,149.5,2930.1
AGR_Sou_2022_01645,South_Zone,Kerala_Highland,2022,Rabi,Wheat,22.27,34.15,300.34,63.99,10.74,6.02,0.552,235.3,23.1,192.4,4514.06
AGR_Sou_2022_01646,South_Zone,Kerala_Highland,2022,Kharif,Cotton,24.75,32.39,1236.9,95.0,10.0,7.24,0.749,160.4,20.4,189.8,3268.78
AGR_Sou_2018_01647,South_Zone,Karnataka_Deccan,2018,Rabi,Wheat,,33.47,214.87,63.45,10.0,6.15,0.381,117.7,21.0,204.9,3813.73
AGR_Sou_2022_01648,South_Zone,TN_Delta,2022,Kharif,Wheat,25.35,39.17,947.44,95.0,10.0,5.61,0.33,173.6,24.1,266.7,4396.51
AGR_Sou_2020_01649,South_Zone,TN_Delta,2020,Rabi,Pulses,21.31,33.38,130.79,43.98,14.32,6.94,0.286,205.5,20.3,285.9,1430.37
AGR_Sou_2023_01650,South_Zone,AP_Coastal,2023,Kharif,Wheat,29.43,37.53,429.59,64.67,13.22,8.31,0.772,155.4,25.8,207.7,4684.08
AGR_Sou_2022_01651,South_Zone,Kerala_Highland,2022,Kharif,Cotton,24.97,35.07,1122.49,83.67,10.0,6.15,0.726,170.9,16.7,218.0,3256.8
AGR_Sou_2021_01652,South_Zone,AP_Coastal,2021,Rabi,Wheat,21.48,33.37,222.9,71.33,12.88,5.98,0.58,165.7,21.7,258.9,4017.27
AGR_Sou_2021_01653,South_Zone,AP_Coastal,2021,Rabi,Wheat,24.57,37.96,,65.38,10.0,6.55,0.566,188.4,19.0,124.4,4074.98
AGR_Sou_2022_01654,South_Zone,Kerala_Highland,2022,Kharif,Maize,24.61,32.68,,78.06,11.29,7.35,0.785,194.2,33.6,235.2,4397.22
AGR_Sou_2021_01655,South_Zone,Karnataka_Deccan,2021,Kharif,Rice,26.71,33.82,989.57,82.37,11.64,6.0,0.256,116.7,16.4,211.6,4676.1
AGR_Sou_2018_01656,South_Zone,Kerala_Highland,2018,Kharif,Rice,27.78,40.11,1040.42,95.0,10.27,6.49,0.479,203.7,28.7,236.1,5146.02
AGR_Sou_2023_01657,South_Zone,Karnataka_Deccan,2023,Kharif,Maize,27.37,,1078.14,95.0,10.0,6.57,0.718,121.1,23.0,127.4,3852.51
AGR_Sou_2019_01658,South_Zone,AP_Coastal,2019,Kharif,Pulses,26.48,36.3,1136.41,84.23,10.0,6.41,0.994,146.2,25.6,155.4,2751.53
AGR_Sou_2023_01659,South_Zone,AP_Coastal,2023,Kharif,Wheat,,,1267.5,84.51,10.68,5.79,0.609,225.2,17.8,182.7,5056.67
AGR_Sou_2019_01660,South_Zone,AP_Coastal,2019,Kharif,Cotton,26.15,39.34,983.86,92.05,10.29,5.8,0.801,200.8,8.8,234.7,2779.66
AGR_Sou_2019_01661,South_Zone,TN_Delta,2019,Kharif,Maize,27.19,38.91,685.65,64.48,13.29,6.45,0.481,228.7,15.4,129.6,4124.78
AGR_Sou_2023_01662,South_Zone,Kerala_Highland,2023,Kharif,Pulses,26.34,33.5,1682.17,95.0,10.0,6.11,0.68,177.7,24.4,214.7,2460.51
AGR_Sou_2020_01663,South_Zone,AP_Coastal,2020,Rabi,Soybean,23.11,30.66,292.31,54.7,10.33,6.68,0.69,220.1,26.0,279.7,3126.11
AGR_Sou_2021_01664,South_Zone,TN_Delta,2021,Rabi,Maize,18.95,27.75,232.39,39.66,15.66,6.64,0.794,189.9,21.7,171.2,3679.65
AGR_Sou_2019_01665,South_Zone,Kerala_Highland,2019,Kharif,Maize,25.52,36.38,1478.54,95.0,10.0,6.25,0.632,208.4,22.5,154.0,4428.13
AGR_Sou_2021_01666,South_Zone,Kerala_Highland,2021,Rabi,Soybean,21.55,35.34,,66.08,10.0,6.46,0.697,190.2,23.3,242.2,3105.44
AGR_Sou_2022_01667,South_Zone,Kerala_Highland,2022,Kharif,Rice,25.39,33.97,1303.62,,10.91,7.59,0.434,191.5,23.7,219.5,4936.22
AGR_Sou_2023_01668,South_Zone,AP_Coastal,2023,Kharif,Cotton,,34.69,891.18,76.04,10.87,7.88,0.506,197.2,18.0,204.1,3192.19
AGR_Sou_2020_01669,South_Zone,TN_Delta,2020,Rabi,Rice,21.9,29.03,341.07,41.81,12.75,6.85,0.428,130.9,23.7,225.4,4254.7
AGR_Sou_2019_01670,South_Zone,Kerala_Highland,2019,Rabi,Wheat,,30.36,166.3,57.35,10.99,6.79,0.417,160.5,18.7,331.0,3856.88
AGR_Sou_2021_01671,South_Zone,AP_Coastal,2021,Rabi,Pulses,23.37,31.29,296.65,77.92,10.0,6.09,0.628,196.2,24.3,222.5,1949.01
AGR_Sou_2019_01672,South_Zone,Karnataka_Deccan,2019,Rabi,Maize,22.43,34.19,208.6,73.36,10.0,6.3,0.79,144.4,22.3,283.1,3828.96
AGR_Sou_2020_01673,South_Zone,Kerala_Highland,2020,Rabi,Pulses,21.46,30.84,165.2,55.81,10.66,5.87,0.467,137.0,21.6,153.1,1412.96
AGR_Sou_2019_01674,South_Zone,Kerala_Highland,2019,Zaid,Cotton,29.08,36.73,99.28,60.44,11.19,6.53,0.498,155.3,16.7,207.7,2156.56
AGR_Sou_2022_01675,South_Zone,AP_Coastal,2022,Zaid,Pulses,28.46,40.18,197.98,70.57,10.0,6.74,0.516,232.4,30.7,217.9,1686.6
AGR_Sou_2022_01676,South_Zone,TN_Delta,2022,Rabi,Pulses,21.51,29.63,238.5,65.91,10.0,6.05,0.362,165.9,16.7,225.3,1642.69
AGR_Sou_2018_01677,South_Zone,AP_Coastal,2018,Kharif,Wheat,26.95,39.5,1018.37,90.03,10.0,6.6,0.343,187.7,22.0,114.2,4620.59
AGR_Sou_2020_01678,South_Zone,AP_Coastal,2020,Rabi,Rice,22.71,30.89,188.69,43.19,10.93,6.79,0.358,201.1,25.5,122.8,4338.48
AGR_Sou_2021_01679,South_Zone,Karnataka_Deccan,2021,Kharif,Wheat,,32.55,920.89,86.02,10.0,6.26,0.736,113.0,28.6,137.6,4489.46
AGR_Sou_2020_01680,South_Zone,AP_Coastal,2020,Kharif,Pulses,26.02,33.86,1122.72,94.54,10.0,6.52,0.745,217.1,20.1,210.0,2599.0
AGR_Sou_2018_01681,South_Zone,AP_Coastal,2018,Rabi,Soybean,20.36,28.39,379.8,56.53,10.23,6.92,0.264,245.0,15.6,143.5,2985.03
AGR_Sou_2021_01682,South_Zone,Kerala_Highland,2021,Kharif,Soybean,25.33,33.49,868.27,84.66,10.0,6.15,0.73,174.5,17.6,230.3,3185.44
AGR_Sou_2021_01683,South_Zone,Karnataka_Deccan,2021,Kharif,Wheat,24.33,34.76,1033.77,84.7,10.0,7.77,0.386,187.2,23.0,174.9,4742.55
AGR_Sou_2020_01684,South_Zone,Karnataka_Deccan,2020,Rabi,Wheat,21.19,33.57,183.0,64.2,10.0,6.2,0.46,203.1,25.8,219.9,4087.71
AGR_Sou_2018_01685,South_Zone,AP_Coastal,2018,Kharif,Cotton,22.62,35.86,554.32,49.99,10.75,7.96,0.552,105.0,23.5,157.3,2914.41
AGR_Sou_2023_01686,South_Zone,TN_Delta,2023,Zaid,Rice,28.65,41.9,110.0,,14.16,6.73,0.909,190.3,24.0,171.5,4799.93
AGR_Sou_2020_01687,South_Zone,Karnataka_Deccan,2020,Kharif,Cotton,27.08,35.83,757.47,68.43,10.95,6.03,0.602,182.4,16.9,193.6,3121.57
AGR_Sou_2018_01688,South_Zone,TN_Delta,2018,Kharif,Maize,27.79,39.84,216.89,58.41,14.26,8.43,0.528,190.7,26.8,241.1,3727.32
AGR_Sou_2020_01689,South_Zone,Karnataka_Deccan,2020,Rabi,Pulses,23.71,31.7,287.44,65.79,10.0,7.64,0.453,189.6,31.2,239.4,2106.36
AGR_Sou_2020_01690,South_Zone,AP_Coastal,2020,Rabi,Cotton,21.42,32.29,293.87,72.52,10.0,6.25,1.048,182.0,20.5,158.1,2981.8
AGR_Sou_2020_01691,South_Zone,Karnataka_Deccan,2020,Kharif,Pulses,25.39,37.6,837.63,78.45,10.0,6.51,0.458,160.7,31.5,121.2,2280.55
AGR_Sou_2021_01692,South_Zone,Kerala_Highland,2021,Rabi,Pulses,22.41,31.34,249.12,53.62,10.0,6.74,0.557,154.2,22.0,168.4,1716.83
AGR_Sou_2019_01693,South_Zone,Karnataka_Deccan,2019,Rabi,Rice,22.56,29.62,243.02,53.41,12.66,7.37,0.97,155.2,8.6,247.3,5076.16
AGR_Sou_2020_01694,South_Zone,AP_Coastal,2020,Kharif,Pulses,25.61,36.85,,95.0,10.0,7.97,0.923,229.8,24.7,143.0,2114.32
AGR_Sou_2019_01695,South_Zone,Kerala_Highland,2019,Kharif,Cotton,25.81,36.13,1166.07,90.33,12.26,7.1,0.352,224.5,26.8,255.0,3210.06
AGR_Sou_2018_01696,South_Zone,TN_Delta,2018,Rabi,Cotton,25.19,34.64,283.12,56.36,10.0,5.87,0.772,227.6,22.0,289.6,2765.24
AGR_Sou_2020_01697,South_Zone,AP_Coastal,2020,Rabi,Pulses,21.82,35.47,134.18,60.24,10.0,7.67,0.694,191.9,27.8,252.0,1798.64
AGR_Sou_2023_01698,South_Zone,TN_Delta,2023,Kharif,Wheat,25.2,38.5,1189.92,79.69,10.0,7.29,0.596,177.9,25.5,254.8,4424.8
AGR_Sou_2018_01699,South_Zone,AP_Coastal,2018,Zaid,Rice,27.01,38.18,112.6,72.24,10.0,6.43,0.5,171.5,25.9,176.1,4296.18
AGR_Sou_2020_01700,South_Zone,Karnataka_Deccan,2020,Kharif,Pulses,26.32,34.32,1068.9,77.87,11.23,6.36,0.722,191.4,27.8,223.4,2590.94
AGR_Sou_2018_01701,South_Zone,AP_Coastal,2018,Kharif,Wheat,25.41,32.91,1041.04,80.47,10.0,6.91,0.694,224.9,19.4,124.1,5262.62
AGR_Sou_2018_01702,South_Zone,TN_Delta,2018,Kharif,Soybean,25.63,34.12,1015.78,81.42,11.31,6.62,0.6,151.0,27.9,168.0,3312.15
AGR_Sou_2023_01703,South_Zone,Karnataka_Deccan,2023,Rabi,Cotton,22.7,35.88,207.13,81.11,10.99,7.39,0.381,176.3,24.5,167.7,2375.63
AGR_Sou_2021_01704,South_Zone,TN_Delta,2021,Rabi,Maize,21.22,32.44,300.41,58.32,13.91,7.64,0.663,165.0,20.4,163.1,4065.39
AGR_Sou_2018_01705,South_Zone,TN_Delta,2018,Kharif,Maize,25.57,38.53,767.17,67.64,13.14,6.85,0.2,155.3,24.8,174.5,3636.39
AGR_Sou_2018_01706,South_Zone,TN_Delta,2018,Kharif,Rice,25.45,39.3,1037.73,73.1,11.84,5.33,0.624,167.6,27.8,187.1,5006.62
AGR_Sou_2020_01707,South_Zone,AP_Coastal,2020,Rabi,Soybean,,28.57,232.64,65.2,10.07,5.62,0.574,167.7,24.4,247.8,2482.7
AGR_Sou_2020_01708,South_Zone,Karnataka_Deccan,2020,Kharif,Pulses,28.09,39.25,1420.22,81.7,11.98,7.49,0.457,200.7,12.8,177.7,2451.77
AGR_Sou_2018_01709,South_Zone,Karnataka_Deccan,2018,Kharif,Maize,25.61,37.7,725.56,82.86,10.0,7.04,0.697,223.4,17.1,200.5,4329.27
AGR_Sou_2019_01710,South_Zone,TN_Delta,2019,Rabi,Soybean,22.38,33.05,179.68,72.48,10.0,6.95,0.762,160.3,27.3,153.4,2654.83
AGR_Sou_2021_01711,South_Zone,Karnataka_Deccan,2021,Kharif,Cotton,26.55,36.77,1776.25,95.0,10.0,5.44,0.42,163.8,26.2,256.2,2586.08
AGR_Sou_2022_01712,South_Zone,AP_Coastal,2022,Kharif,Rice,26.91,35.81,1346.05,,10.13,7.11,0.306,220.4,10.4,169.0,5260.33
AGR_Sou_2020_01713,South_Zone,TN_Delta,2020,Kharif,Rice,28.37,36.87,1062.15,84.04,10.0,6.5,0.376,185.8,23.7,143.3,4815.85
AGR_Sou_2018_01714,South_Zone,AP_Coastal,2018,Rabi,Cotton,20.95,31.54,143.23,56.94,11.94,7.21,1.003,181.4,20.1,207.9,2494.31
AGR_Sou_2020_01715,South_Zone,AP_Coastal,2020,Kharif,Cotton,26.96,40.44,982.96,92.68,10.0,6.81,0.814,184.8,35.5,232.2,2920.1
AGR_Sou_2019_01716,South_Zone,Kerala_Highland,2019,Kharif,Soybean,24.6,37.22,1492.59,88.52,10.0,6.89,0.467,252.1,24.5,145.2,3322.76
AGR_Sou_2023_01717,South_Zone,TN_Delta,2023,Rabi,Wheat,21.42,33.37,71.09,53.28,12.16,6.58,0.483,197.5,28.9,151.1,3857.39
AGR_Sou_2019_01718,South_Zone,Karnataka_Deccan,2019,Kharif,Pulses,27.56,35.36,1222.66,77.79,11.13,6.94,0.977,171.6,20.8,251.0,2621.45
AGR_Sou_2021_01719,South_Zone,AP_Coastal,2021,Kharif,Soybean,27.81,39.95,1679.93,95.0,12.65,5.89,0.579,154.4,24.2,238.6,2734.8
AGR_Sou_2021_01720,South_Zone,Karnataka_Deccan,2021,Kharif,Maize,26.02,34.88,936.04,95.0,10.0,7.24,0.535,226.4,21.9,136.7,4696.97
AGR_Sou_2022_01721,South_Zone,AP_Coastal,2022,Rabi,Pulses,21.47,31.86,,53.39,14.11,6.87,0.606,169.2,27.1,280.4,1556.09
AGR_Sou_2023_01722,South_Zone,Karnataka_Deccan,2023,Kharif,Soybean,,33.77,1488.54,95.0,11.11,7.49,0.592,124.7,13.7,220.9,3057.31
AGR_Sou_2021_01723,South_Zone,TN_Delta,2021,Rabi,Wheat,23.48,35.65,178.25,52.19,13.31,6.56,0.465,181.8,16.2,114.7,4052.71
AGR_Sou_2020_01724,South_Zone,Karnataka_Deccan,2020,Rabi,Cotton,23.36,34.32,241.98,55.57,13.1,6.49,0.603,200.9,25.9,110.0,2826.69
AGR_Sou_2020_01725,South_Zone,Karnataka_Deccan,2020,Rabi,Rice,23.3,36.33,279.88,34.52,15.63,6.9,0.595,160.8,11.3,179.2,4287.62
AGR_Sou_2021_01726,South_Zone,AP_Coastal,2021,Rabi,Cotton,21.77,34.04,195.35,49.33,10.0,6.32,0.742,151.9,15.7,193.9,2407.53
AGR_Sou_2019_01727,South_Zone,Kerala_Highland,2019,Rabi,Wheat,22.69,34.23,155.7,57.42,11.64,5.66,0.578,154.5,20.2,159.5,3871.96
AGR_Sou_2021_01728,South_Zone,Kerala_Highland,2021,Kharif,Cotton,25.49,,1340.75,92.37,14.04,7.14,0.713,183.7,11.0,173.2,3177.19
AGR_Sou_2023_01729,South_Zone,TN_Delta,2023,Kharif,Pulses,26.54,37.26,1093.92,,10.0,7.04,0.457,124.3,28.9,214.6,2266.05
AGR_Sou_2019_01730,South_Zone,Kerala_Highland,2019,Rabi,Soybean,20.55,31.51,250.33,63.91,11.21,7.79,0.456,132.4,26.9,110.0,2651.61
AGR_Sou_2020_01731,South_Zone,Karnataka_Deccan,2020,Zaid,Pulses,29.24,40.34,155.65,80.1,10.0,7.4,0.858,146.5,16.4,166.3,1656.05
AGR_Sou_2019_01732,South_Zone,TN_Delta,2019,Rabi,Soybean,22.85,36.72,223.1,49.5,13.0,7.3,0.415,186.8,18.4,151.2,2610.97
AGR_Sou_2020_01733,South_Zone,AP_Coastal,2020,Zaid,Soybean,29.95,,119.98,45.29,10.69,7.3,0.84,162.8,28.2,244.7,2077.95
AGR_Sou_2019_01734,South_Zone,Kerala_Highland,2019,Rabi,Wheat,20.57,29.37,253.36,42.75,15.86,7.04,0.712,135.0,26.4,199.3,3886.09
AGR_Sou_2020_01735,South_Zone,AP_Coastal,2020,Kharif,Soybean,25.67,35.16,768.16,88.88,12.08,6.88,0.613,212.1,23.7,176.8,3559.77
AGR_Sou_2018_01736,South_Zone,AP_Coastal,2018,Rabi,Maize,18.2,25.31,62.6,51.48,12.22,8.02,0.632,146.2,20.3,256.0,2779.28
AGR_Sou_2023_01737,South_Zone,Kerala_Highland,2023,Kharif,Wheat,26.11,34.19,1307.13,89.1,10.0,6.02,0.48,163.8,26.4,184.7,4918.93
AGR_Sou_2021_01738,South_Zone,TN_Delta,2021,Rabi,Wheat,22.26,32.58,102.29,36.54,17.79,7.0,0.348,211.0,22.5,267.2,3887.08
AGR_Sou_2020_01739,South_Zone,TN_Delta,2020,Rabi,Cotton,20.97,33.06,221.66,56.13,10.0,6.97,0.504,176.3,27.7,173.5,2416.62
AGR_Sou_2019_01740,South_Zone,Karnataka_Deccan,2019,Kharif,Soybean,23.93,33.36,1037.92,82.56,10.05,6.3,0.313,206.1,16.2,239.8,3162.82
AGR_Sou_2020_01741,South_Zone,Kerala_Highland,2020,Rabi,Wheat,23.67,33.68,177.68,48.56,15.22,6.06,0.515,207.3,32.4,233.2,4295.56
AGR_Sou_2019_01742,South_Zone,TN_Delta,2019,Kharif,Cotton,26.68,37.44,1031.66,85.41,13.83,6.67,0.603,226.2,19.7,201.7,3114.11
AGR_Sou_2019_01743,South_Zone,Kerala_Highland,2019,Kharif,Rice,26.91,39.87,1232.41,95.0,10.0,6.9,0.655,132.3,14.2,206.3,4409.15
AGR_Sou_2023_01744,South_Zone,Kerala_Highland,2023,Kharif,Rice,27.21,38.94,1462.03,95.0,10.0,6.94,0.752,152.4,20.8,178.5,5103.98
AGR_Sou_2021_01745,South_Zone,Karnataka_Deccan,2021,Rabi,Rice,19.75,28.76,358.7,,11.18,6.33,0.227,212.6,26.2,156.5,4899.86
AGR_Sou_2022_01746,South_Zone,TN_Delta,2022,Rabi,Maize,21.69,34.93,230.76,,10.71,7.07,0.456,186.5,19.8,231.0,3565.16
AGR_Sou_2022_01747,South_Zone,Kerala_Highland,2022,Kharif,Soybean,25.81,39.62,,74.96,10.0,6.37,0.599,184.2,22.3,183.4,3104.79
AGR_Sou_2019_01748,South_Zone,TN_Delta,2019,Rabi,Cotton,19.38,31.62,276.72,59.0,12.8,6.52,0.496,206.2,14.0,179.1,2764.91
AGR_Sou_2023_01749,South_Zone,TN_Delta,2023,Rabi,Pulses,22.05,,169.82,43.25,13.22,6.95,0.392,213.1,17.5,174.0,1418.33
AGR_Sou_2023_01750,South_Zone,Kerala_Highland,2023,Kharif,Soybean,24.47,,1605.76,95.0,11.96,6.9,0.813,177.3,23.8,250.1,3053.29
AGR_Sou_2022_01751,South_Zone,AP_Coastal,2022,Rabi,Rice,19.06,32.88,237.81,44.54,12.52,6.62,0.749,217.1,14.9,204.0,4900.86
AGR_Sou_2023_01752,South_Zone,TN_Delta,2023,Rabi,Pulses,20.51,28.61,233.6,61.88,13.6,6.37,0.495,144.2,15.3,176.1,1498.38
AGR_Sou_2021_01753,South_Zone,Kerala_Highland,2021,Kharif,Soybean,23.89,33.89,1102.44,95.0,10.0,8.15,0.625,187.5,28.9,216.7,3336.85
AGR_Sou_2021_01754,South_Zone,AP_Coastal,2021,Kharif,Pulses,25.41,37.12,748.97,67.72,10.0,8.21,0.42,223.9,18.0,213.8,2480.95
AGR_Sou_2021_01755,South_Zone,Kerala_Highland,2021,Kharif,Rice,25.2,36.03,361.59,52.61,12.12,7.43,0.509,213.9,11.7,261.7,5298.72
AGR_Sou_2020_01756,South_Zone,TN_Delta,2020,Kharif,Cotton,21.35,29.9,1311.24,95.0,10.0,8.46,0.601,240.4,25.8,266.7,2881.09
AGR_Sou_2019_01757,South_Zone,Kerala_Highland,2019,Kharif,Maize,25.37,35.24,1245.0,94.22,10.0,7.56,0.682,236.6,30.8,148.6,4500.7
AGR_Sou_2023_01758,South_Zone,Karnataka_Deccan,2023,Rabi,Soybean,20.35,27.79,240.49,50.54,12.44,6.74,0.468,151.4,27.8,110.0,2457.07
AGR_Sou_2023_01759,South_Zone,Kerala_Highland,2023,Kharif,Cotton,23.37,,1240.6,91.11,10.08,7.51,0.574,222.5,19.2,146.7,3129.82
AGR_Sou_2021_01760,South_Zone,Kerala_Highland,2021,Kharif,Rice,26.46,36.41,1434.54,93.75,10.1,6.78,0.529,168.3,28.6,184.5,5076.28
AGR_Sou_2020_01761,South_Zone,Karnataka_Deccan,2020,Kharif,Maize,,36.27,1400.97,95.0,10.0,7.35,0.475,170.0,16.9,244.5,4028.02
AGR_Sou_2019_01762,South_Zone,Karnataka_Deccan,2019,Kharif,Pulses,25.54,37.32,853.88,80.19,11.27,5.95,0.413,236.6,15.1,194.3,2002.57
AGR_Sou_2022_01763,South_Zone,AP_Coastal,2022,Kharif,Rice,26.44,34.59,1287.14,86.08,14.11,7.14,0.327,246.7,10.9,256.5,5196.32
AGR_Sou_2023_01764,South_Zone,AP_Coastal,2023,Kharif,Cotton,25.86,33.2,649.04,62.6,10.0,7.12,0.67,177.8,22.3,251.2,3155.55
AGR_Sou_2019_01765,South_Zone,Karnataka_Deccan,2019,Kharif,Rice,26.31,34.65,952.2,81.03,10.0,7.94,0.849,202.3,21.4,210.3,5402.52
AGR_Sou_2021_01766,South_Zone,Kerala_Highland,2021,Rabi,Wheat,21.81,34.51,243.55,42.64,14.53,6.56,0.503,199.2,40.3,177.3,4192.93
AGR_Sou_2018_01767,South_Zone,AP_Coastal,2018,Rabi,Soybean,22.38,33.98,293.54,59.37,12.15,7.19,0.46,129.8,22.9,214.8,2594.96
AGR_Sou_2018_01768,South_Zone,AP_Coastal,2018,Kharif,Pulses,26.93,37.17,1383.21,95.0,10.0,5.93,0.748,140.0,24.6,261.4,2207.08
AGR_Sou_2023_01769,South_Zone,Karnataka_Deccan,2023,Kharif,Soybean,25.13,38.14,1027.66,74.37,12.74,7.25,0.268,202.8,27.3,176.1,3146.8
AGR_Sou_2022_01770,South_Zone,TN_Delta,2022,Kharif,Soybean,27.49,35.42,1015.9,92.12,10.0,7.82,0.331,156.1,22.2,183.0,3234.65
AGR_Sou_2018_01771,South_Zone,Kerala_Highland,2018,Rabi,Cotton,21.32,32.58,255.82,85.2,12.16,7.03,0.311,131.9,33.4,157.9,2352.12
AGR_Sou_2023_01772,South_Zone,Karnataka_Deccan,2023,Rabi,Soybean,21.1,28.77,180.14,65.1,10.78,7.61,0.691,168.0,17.7,255.7,2494.61
AGR_Sou_2018_01773,South_Zone,AP_Coastal,2018,Rabi,Wheat,,30.28,223.24,62.38,10.0,6.76,0.825,164.2,24.4,227.2,3886.24
AGR_Sou_2022_01774,South_Zone,TN_Delta,2022,Kharif,Pulses,26.43,37.34,1124.66,88.65,10.0,7.69,0.517,196.4,20.7,182.7,2439.37
AGR_Sou_2022_01775,South_Zone,AP_Coastal,2022,Kharif,Pulses,24.95,38.85,1539.04,92.58,10.0,7.47,0.27,183.5,23.5,250.5,2058.48
AGR_Sou_2020_01776,South_Zone,Karnataka_Deccan,2020,Rabi,Pulses,20.36,32.65,,57.28,10.48,6.57,0.688,220.6,19.6,150.3,1763.9
AGR_Sou_2023_01777,South_Zone,TN_Delta,2023,Kharif,Cotton,26.8,38.4,787.39,73.68,11.91,6.6,0.355,201.2,21.0,203.8,2988.61
AGR_Sou_2021_01778,South_Zone,Karnataka_Deccan,2021,Rabi,Maize,21.05,,248.85,76.44,11.08,7.49,0.222,238.6,18.4,219.8,3585.02
AGR_Sou_2022_01779,South_Zone,TN_Delta,2022,Rabi,Soybean,21.99,33.6,184.51,49.44,15.05,7.73,0.228,131.7,17.3,305.1,2219.35
AGR_Sou_2019_01780,South_Zone,Karnataka_Deccan,2019,Kharif,Rice,26.72,33.91,1467.74,91.73,10.0,7.39,0.556,252.6,20.0,215.4,5707.06
AGR_Sou_2022_01781,South_Zone,TN_Delta,2022,Zaid,Soybean,27.53,37.17,67.41,69.32,10.0,5.92,0.365,221.8,17.6,200.7,2352.58
AGR_Sou_2020_01782,South_Zone,TN_Delta,2020,Rabi,Soybean,22.56,33.29,246.49,62.73,13.99,7.76,0.544,113.2,30.7,252.0,2657.89
AGR_Sou_2023_01783,South_Zone,Kerala_Highland,2023,Rabi,Wheat,20.28,32.28,195.79,68.5,10.75,6.68,0.47,197.3,16.8,168.7,3746.89
AGR_Sou_2018_01784,South_Zone,Kerala_Highland,2018,Rabi,Rice,22.34,,255.92,,14.57,7.06,0.836,135.0,17.9,201.1,4956.36
AGR_Sou_2019_01785,South_Zone,Kerala_Highland,2019,Kharif,Maize,25.07,37.83,846.79,67.78,12.77,7.11,0.481,204.3,25.8,265.3,4247.36
AGR_Sou_2021_01786,South_Zone,AP_Coastal,2021,Zaid,Wheat,28.13,41.63,119.48,43.59,13.11,7.49,0.734,199.6,34.5,235.4,4115.59
AGR_Sou_2022_01787,South_Zone,TN_Delta,2022,Kharif,Pulses,,35.11,1109.24,85.85,13.64,5.92,0.844,168.3,24.9,251.9,2305.54
AGR_Sou_2019_01788,South_Zone,Karnataka_Deccan,2019,Rabi,Wheat,23.42,35.5,250.0,56.08,11.53,6.77,0.521,257.7,21.4,233.6,4578.0
AGR_Sou_2019_01789,South_Zone,AP_Coastal,2019,Rabi,Rice,22.45,31.62,,74.95,12.27,7.58,0.726,182.2,11.2,170.9,5061.09
AGR_Sou_2018_01790,South_Zone,Kerala_Highland,2018,Rabi,Rice,21.55,,295.74,75.55,10.0,7.42,0.349,160.9,24.2,192.5,4398.29
AGR_Sou_2022_01791,South_Zone,TN_Delta,2022,Kharif,Pulses,26.7,40.45,122.59,51.36,13.68,6.73,0.451,189.8,22.8,122.7,1533.15
AGR_Sou_2023_01792,South_Zone,Kerala_Highland,2023,Kharif,Soybean,27.7,,1391.52,79.9,10.52,7.66,0.295,152.6,21.9,222.0,3088.15
AGR_Sou_2021_01793,South_Zone,AP_Coastal,2021,Kharif,Cotton,29.59,,1094.21,95.0,10.0,7.0,0.648,151.9,17.2,162.5,2644.65
AGR_Sou_2018_01794,South_Zone,Karnataka_Deccan,2018,Rabi,Wheat,21.9,29.22,263.05,50.67,13.53,7.58,0.801,125.2,16.0,233.5,4109.28
AGR_Sou_2021_01795,South_Zone,Kerala_Highland,2021,Zaid,Pulses,27.63,39.35,151.95,45.38,12.21,6.43,0.496,152.4,17.7,216.4,1684.96
AGR_Sou_2018_01796,South_Zone,Karnataka_Deccan,2018,Kharif,Pulses,24.24,34.32,1759.65,95.0,10.0,7.69,0.671,160.3,28.2,163.0,2316.95
AGR_Sou_2018_01797,South_Zone,Kerala_Highland,2018,Kharif,Rice,25.74,38.04,1269.32,87.41,10.0,6.33,0.968,199.3,26.9,159.3,5533.99
AGR_Sou_2021_01798,South_Zone,Karnataka_Deccan,2021,Rabi,Wheat,21.81,30.65,213.75,61.2,15.04,7.25,0.452,215.8,28.8,236.8,4383.49
AGR_Sou_2023_01799,South_Zone,Karnataka_Deccan,2023,Zaid,Soybean,,40.19,,75.99,10.0,6.74,0.523,170.4,22.0,253.6,2333.75
AGR_Sou_2019_01800,South_Zone,AP_Coastal,2019,Rabi,Cotton,18.57,25.96,91.47,48.3,12.41,5.7,0.552,191.0,21.5,185.7,2008.12
AGR_Sou_2023_01801,South_Zone,Kerala_Highland,2023,Rabi,Maize,20.14,28.42,200.53,42.51,14.74,6.68,0.575,166.7,16.0,238.2,3398.62
AGR_Sou_2019_01802,South_Zone,Karnataka_Deccan,2019,Kharif,Soybean,25.84,37.93,1111.83,77.46,10.0,6.43,0.681,212.1,33.3,292.3,3150.86
AGR_Sou_2022_01803,South_Zone,Kerala_Highland,2022,Zaid,Rice,30.54,38.63,89.85,58.76,12.68,6.65,0.719,159.0,10.8,192.6,4368.83
AGR_Sou_2021_01804,South_Zone,AP_Coastal,2021,Rabi,Pulses,20.28,28.89,291.94,55.83,10.0,7.0,0.725,198.5,16.1,189.4,1796.62
AGR_Sou_2020_01805,South_Zone,Kerala_Highland,2020,Rabi,Rice,20.71,32.93,335.22,51.45,11.32,7.18,0.897,206.2,27.3,217.8,5180.19
AGR_Sou_2019_01806,South_Zone,Karnataka_Deccan,2019,Kharif,Soybean,24.57,34.99,1639.76,95.0,10.0,6.26,0.262,154.5,13.6,328.0,2823.54
AGR_Sou_2018_01807,South_Zone,Kerala_Highland,2018,Kharif,Rice,24.45,34.68,1112.98,75.78,12.5,6.42,0.617,120.2,32.1,167.2,4984.84
AGR_Sou_2018_01808,South_Zone,AP_Coastal,2018,Rabi,Soybean,25.21,36.2,178.06,50.73,11.92,6.9,0.907,159.2,20.2,185.6,2788.37
AGR_Sou_2023_01809,South_Zone,Kerala_Highland,2023,Zaid,Maize,27.87,37.09,157.87,54.94,11.14,6.77,0.794,155.8,18.4,220.8,3677.8
AGR_Sou_2019_01810,South_Zone,AP_Coastal,2019,Kharif,Wheat,25.97,39.16,,87.89,10.03,6.99,0.575,134.3,24.0,256.5,4030.22
AGR_Sou_2019_01811,South_Zone,AP_Coastal,2019,Rabi,Rice,22.07,30.02,277.33,53.03,11.83,6.35,0.446,125.4,25.3,310.7,4196.73
AGR_Sou_2019_01812,South_Zone,AP_Coastal,2019,Kharif,Soybean,26.2,39.33,1295.55,95.0,10.11,6.75,0.325,200.0,28.5,211.9,2990.3
AGR_Sou_2020_01813,South_Zone,Karnataka_Deccan,2020,Rabi,Wheat,21.26,28.49,265.37,70.62,10.1,6.13,0.2,180.9,21.7,267.1,3643.79
AGR_Sou_2020_01814,South_Zone,Kerala_Highland,2020,Kharif,Rice,24.81,38.5,1115.78,78.21,10.0,6.25,0.673,204.8,29.0,183.4,5395.12
AGR_Sou_2022_01815,South_Zone,AP_Coastal,2022,Kharif,Soybean,23.89,34.12,790.82,87.58,10.0,7.33,0.332,135.6,11.5,214.4,3188.75
AGR_Sou_2021_01816,South_Zone,Karnataka_Deccan,2021,Kharif,Wheat,25.49,33.2,1411.32,95.0,10.0,5.99,0.952,193.3,19.5,203.1,5076.62
AGR_Sou_2020_01817,South_Zone,Karnataka_Deccan,2020,Rabi,Maize,24.65,35.39,214.9,66.08,12.13,6.76,0.606,216.8,27.3,252.8,4210.12
AGR_Sou_2020_01818,South_Zone,TN_Delta,2020,Kharif,Rice,22.19,30.41,1522.21,95.0,10.0,6.0,0.578,151.8,14.2,179.9,4984.5
AGR_Sou_2022_01819,South_Zone,Kerala_Highland,2022,Kharif,Soybean,25.74,33.13,1308.56,95.0,10.32,6.21,0.338,139.5,21.8,220.4,3038.07
AGR_Sou_2019_01820,South_Zone,Karnataka_Deccan,2019,Rabi,Wheat,22.37,35.09,215.73,43.75,13.5,6.98,0.742,171.4,20.3,222.8,4770.58
AGR_Sou_2023_01821,South_Zone,Kerala_Highland,2023,Kharif,Wheat,25.17,33.19,,79.49,10.0,6.32,0.554,179.8,27.8,143.4,4655.35
AGR_Sou_2023_01822,South_Zone,Karnataka_Deccan,2023,Kharif,Cotton,26.22,39.61,1175.68,94.67,10.0,6.48,0.78,137.4,13.8,154.2,2876.24
AGR_Sou_2018_01823,South_Zone,AP_Coastal,2018,Kharif,Soybean,27.73,37.71,1421.02,95.0,10.0,6.52,0.743,150.2,27.6,188.0,3090.19
AGR_Sou_2020_01824,South_Zone,AP_Coastal,2020,Rabi,Wheat,19.17,30.08,210.48,48.79,10.49,7.12,0.837,207.6,21.2,288.8,4423.56
AGR_Sou_2019_01825,South_Zone,AP_Coastal,2019,Zaid,Rice,26.6,36.61,127.05,47.33,13.47,7.05,0.419,165.3,16.5,301.7,4308.39
AGR_Sou_2023_01826,South_Zone,TN_Delta,2023,Kharif,Cotton,,36.3,706.0,80.0,10.0,6.14,0.214,173.9,18.6,198.0,2815.36
AGR_Sou_2021_01827,South_Zone,Kerala_Highland,2021,Rabi,Rice,20.99,31.0,218.2,52.65,13.56,6.42,0.838,161.4,15.9,239.2,4702.62
AGR_Sou_2020_01828,South_Zone,AP_Coastal,2020,Kharif,Wheat,26.34,34.05,1471.29,95.0,10.04,7.53,0.464,141.2,28.6,213.5,4481.19
AGR_Sou_2021_01829,South_Zone,AP_Coastal,2021,Kharif,Wheat,26.26,36.27,1093.03,77.44,10.14,6.1,0.644,151.2,23.9,237.2,4703.95
AGR_Sou_2022_01830,South_Zone,Kerala_Highland,2022,Kharif,Rice,27.24,35.81,885.58,91.45,10.58,6.52,0.582,215.0,18.5,202.1,5714.76
AGR_Sou_2020_01831,South_Zone,TN_Delta,2020,Kharif,Pulses,26.91,34.95,790.47,77.39,13.66,7.02,0.855,139.3,21.4,242.8,2329.41
AGR_Sou_2023_01832,South_Zone,AP_Coastal,2023,Rabi,Pulses,22.0,31.46,168.71,39.19,14.43,6.99,0.587,240.2,8.0,169.9,1694.66
AGR_Sou_2022_01833,South_Zone,TN_Delta,2022,Rabi,Maize,21.92,34.58,251.53,50.25,13.78,6.38,0.742,191.3,25.4,165.9,4144.92
AGR_Sou_2022_01834,South_Zone,Karnataka_Deccan,2022,Kharif,Rice,25.16,38.08,1535.05,95.0,10.0,7.42,0.229,174.3,28.2,147.8,4690.31
AGR_Sou_2022_01835,South_Zone,Kerala_Highland,2022,Kharif,Pulses,27.85,41.51,1100.18,95.0,10.0,6.69,0.449,174.7,26.4,150.9,2250.04
AGR_Sou_2023_01836,South_Zone,TN_Delta,2023,Rabi,Cotton,22.04,30.83,286.99,47.98,11.99,7.22,0.578,178.7,29.0,110.0,2783.58
AGR_Sou_2019_01837,South_Zone,Karnataka_Deccan,2019,Rabi,Cotton,24.17,,106.52,43.3,16.74,7.3,0.57,143.9,21.3,265.0,2272.41
AGR_Sou_2022_01838,South_Zone,Kerala_Highland,2022,Kharif,Soybean,25.12,37.24,1214.04,78.69,10.83,7.13,0.76,133.5,22.2,154.4,3160.5
AGR_Sou_2021_01839,South_Zone,Kerala_Highland,2021,Rabi,Wheat,22.34,30.45,218.35,78.81,10.0,6.79,0.683,137.5,26.2,305.3,4009.23
AGR_Sou_2018_01840,South_Zone,Karnataka_Deccan,2018,Rabi,Maize,24.29,34.06,182.8,52.51,18.28,6.1,0.666,187.9,22.2,138.4,3568.43
AGR_Sou_2020_01841,South_Zone,AP_Coastal,2020,Rabi,Rice,21.46,29.48,190.77,44.3,12.85,6.35,0.525,180.6,20.0,134.3,4309.92
AGR_Sou_2021_01842,South_Zone,TN_Delta,2021,Kharif,Cotton,25.52,35.61,1344.78,79.48,10.0,6.83,0.924,201.6,21.2,245.1,3223.41
AGR_Sou_2021_01843,South_Zone,TN_Delta,2021,Kharif,Pulses,25.23,32.94,893.77,86.74,11.99,6.05,0.548,250.7,26.5,173.9,2286.41
AGR_Sou_2023_01844,South_Zone,AP_Coastal,2023,Kharif,Maize,24.14,34.42,995.32,77.82,13.73,6.52,0.338,203.1,22.8,255.4,4117.21
AGR_Sou_2020_01845,South_Zone,Karnataka_Deccan,2020,Rabi,Rice,20.31,31.71,239.26,,10.0,7.08,0.692,177.0,21.6,256.5,4730.19
AGR_Sou_2018_01846,South_Zone,AP_Coastal,2018,Kharif,Maize,27.32,34.68,1444.09,82.16,11.19,7.9,0.711,134.2,14.2,176.1,4383.28
AGR_Sou_2019_01847,South_Zone,Kerala_Highland,2019,Kharif,Cotton,24.7,35.16,1076.4,82.27,10.02,7.19,0.252,131.0,23.9,198.8,2560.17
AGR_Sou_2022_01848,South_Zone,TN_Delta,2022,Kharif,Rice,24.24,35.74,465.75,58.92,11.56,6.69,0.401,204.3,22.7,291.3,5152.59
AGR_Sou_2020_01849,South_Zone,Karnataka_Deccan,2020,Rabi,Cotton,21.39,30.33,193.25,46.62,12.84,6.89,0.878,120.7,27.0,298.7,2041.38
AGR_Sou_2023_01850,South_Zone,TN_Delta,2023,Zaid,Maize,27.03,38.59,134.26,59.82,13.6,6.62,0.93,169.5,25.8,284.8,3879.32
AGR_Sou_2021_01851,South_Zone,AP_Coastal,2021,Rabi,Rice,22.5,,386.3,64.04,10.0,6.87,0.412,193.2,25.6,233.7,5052.18
AGR_Sou_2022_01852,South_Zone,TN_Delta,2022,Kharif,Rice,25.84,38.96,1336.39,,10.0,5.78,0.698,196.7,19.2,229.3,5154.76
AGR_Sou_2023_01853,South_Zone,TN_Delta,2023,Rabi,Wheat,23.57,30.76,265.46,73.58,10.0,7.39,0.604,214.1,18.9,256.0,4295.32
AGR_Sou_2021_01854,South_Zone,Kerala_Highland,2021,Rabi,Pulses,22.15,32.7,135.01,68.28,10.0,7.86,0.704,227.8,24.8,274.7,1885.66
AGR_Sou_2019_01855,South_Zone,TN_Delta,2019,Rabi,Cotton,19.98,32.14,212.67,66.77,10.0,7.0,0.851,138.8,23.0,178.6,2683.09
AGR_Sou_2020_01856,South_Zone,TN_Delta,2020,Rabi,Cotton,22.53,31.9,133.3,41.93,15.46,6.36,0.56,199.5,31.2,249.1,2303.05
AGR_Sou_2023_01857,South_Zone,Karnataka_Deccan,2023,Rabi,Wheat,24.13,32.5,207.52,51.47,11.84,6.58,0.615,222.5,24.0,239.7,4582.12
AGR_Sou_2018_01858,South_Zone,Kerala_Highland,2018,Kharif,Wheat,25.81,36.39,1180.18,86.76,10.0,6.87,0.564,185.8,26.6,207.5,4593.37
AGR_Sou_2019_01859,South_Zone,TN_Delta,2019,Rabi,Wheat,21.82,31.98,149.22,45.77,11.04,7.19,0.827,191.4,10.6,146.6,4291.03
AGR_Sou_2018_01860,South_Zone,Karnataka_Deccan,2018,Rabi,Cotton,,29.85,331.1,59.68,10.0,6.34,0.692,212.1,24.6,132.7,2674.37
AGR_Sou_2018_01861,South_Zone,TN_Delta,2018,Kharif,Cotton,25.0,38.8,852.78,75.99,10.0,6.23,0.624,181.8,18.7,195.7,2815.48
AGR_Sou_2020_01862,South_Zone,AP_Coastal,2020,Rabi,Soybean,22.19,35.94,270.68,46.24,12.61,6.66,0.322,160.5,19.8,274.3,2372.26
AGR_Sou_2021_01863,South_Zone,TN_Delta,2021,Zaid,Maize,29.36,36.69,90.0,43.19,14.57,6.65,0.476,221.1,11.9,291.6,3681.09
AGR_Sou_2023_01864,South_Zone,TN_Delta,2023,Kharif,Soybean,23.18,32.92,1272.92,95.0,12.14,6.77,0.572,194.8,24.2,186.6,3440.9
AGR_Sou_2023_01865,South_Zone,AP_Coastal,2023,Kharif,Wheat,25.59,36.33,545.89,56.36,14.04,7.78,0.889,186.3,29.1,219.3,4705.57
AGR_Sou_2019_01866,South_Zone,Kerala_Highland,2019,Kharif,Cotton,26.77,,1286.4,82.89,10.0,7.3,0.46,215.5,11.2,224.9,3237.08
AGR_Sou_2020_01867,South_Zone,Karnataka_Deccan,2020,Rabi,Wheat,20.12,29.1,256.74,57.07,11.77,7.16,0.611,174.4,15.7,244.8,4198.48
AGR_Sou_2022_01868,South_Zone,TN_Delta,2022,Kharif,Soybean,29.64,,424.32,60.04,11.82,6.13,0.761,125.3,26.0,166.0,3212.41
AGR_Sou_2018_01869,South_Zone,TN_Delta,2018,Rabi,Pulses,20.39,27.55,220.69,57.51,12.2,7.42,0.754,160.1,20.4,228.6,1685.46
AGR_Sou_2019_01870,South_Zone,AP_Coastal,2019,Rabi,Cotton,21.24,33.44,253.63,54.11,10.68,7.3,0.591,147.8,27.9,119.3,2381.03
AGR_Sou_2023_01871,South_Zone,Karnataka_Deccan,2023,Zaid,Rice,27.96,38.95,110.24,62.58,15.23,7.65,0.423,207.1,21.6,267.3,4579.49
AGR_Sou_2018_01872,South_Zone,Karnataka_Deccan,2018,Kharif,Soybean,29.96,39.11,1445.37,93.56,10.0,7.02,0.616,206.3,21.8,213.2,3353.76
AGR_Sou_2019_01873,South_Zone,Kerala_Highland,2019,Rabi,Wheat,23.72,32.27,301.2,58.24,15.14,6.2,0.837,235.7,25.1,280.9,5115.74
AGR_Sou_2022_01874,South_Zone,AP_Coastal,2022,Kharif,Maize,26.74,35.23,1243.78,95.0,10.0,7.1,0.908,216.9,21.3,249.8,4524.96
AGR_Sou_2019_01875,South_Zone,AP_Coastal,2019,Zaid,Soybean,25.4,38.55,131.7,,13.42,6.11,0.582,145.7,19.0,225.9,2312.18
AGR_Sou_2018_01876,South_Zone,Kerala_Highland,2018,Rabi,Rice,21.61,32.3,109.26,49.91,13.27,6.12,0.315,164.7,18.5,241.1,3847.57
AGR_Sou_2023_01877,South_Zone,Kerala_Highland,2023,Kharif,Rice,27.45,41.37,,91.65,10.3,6.19,0.516,188.7,25.9,232.7,4812.3
AGR_Sou_2018_01878,South_Zone,AP_Coastal,2018,Rabi,Rice,21.77,30.28,244.4,38.11,15.05,7.69,0.369,185.7,28.6,252.1,4517.58
AGR_Sou_2021_01879,South_Zone,Kerala_Highland,2021,Rabi,Maize,,33.43,273.8,,13.57,7.37,0.407,169.0,17.2,223.1,3685.8
AGR_Sou_2019_01880,South_Zone,AP_Coastal,2019,Kharif,Pulses,26.1,36.62,926.84,82.28,10.0,7.32,0.494,195.1,22.3,258.2,2403.26
AGR_Sou_2019_01881,South_Zone,TN_Delta,2019,Kharif,Maize,25.47,,359.73,61.52,14.22,7.01,0.2,146.4,21.8,216.0,3584.94
AGR_Sou_2021_01882,South_Zone,Karnataka_Deccan,2021,Kharif,Rice,,37.77,971.86,67.65,10.36,6.64,0.764,167.4,24.3,257.8,5090.34
AGR_Sou_2023_01883,South_Zone,Karnataka_Deccan,2023,Kharif,Maize,26.95,40.87,1231.65,91.31,10.0,8.2,0.709,180.1,20.0,254.0,3951.92
AGR_Sou_2018_01884,South_Zone,TN_Delta,2018,Kharif,Rice,26.14,38.21,1050.66,78.17,10.0,6.65,0.201,164.4,22.1,284.9,4725.33
AGR_Sou_2021_01885,South_Zone,Karnataka_Deccan,2021,Zaid,Wheat,29.16,42.93,182.51,50.56,12.71,7.58,0.581,195.0,24.5,236.1,3744.36
AGR_Sou_2021_01886,South_Zone,Kerala_Highland,2021,Kharif,Rice,25.2,37.91,1323.8,80.17,10.0,7.2,0.77,221.8,25.3,175.8,5518.16
AGR_Sou_2022_01887,South_Zone,Kerala_Highland,2022,Kharif,Wheat,24.48,32.17,1289.56,95.0,10.0,5.57,0.54,177.1,28.1,187.9,4575.51
AGR_Sou_2023_01888,South_Zone,Kerala_Highland,2023,Kharif,Rice,27.13,38.69,838.71,69.28,10.94,6.85,0.775,177.9,16.0,198.3,5106.72
AGR_Sou_2021_01889,South_Zone,Kerala_Highland,2021,Kharif,Pulses,25.66,38.81,1353.89,93.24,10.0,7.14,0.836,137.7,18.0,215.1,2450.45
AGR_Sou_2019_01890,South_Zone,Karnataka_Deccan,2019,Rabi,Pulses,21.29,30.41,215.24,64.05,12.1,6.46,1.019,183.3,20.8,194.5,1923.77
AGR_Sou_2021_01891,South_Zone,AP_Coastal,2021,Zaid,Maize,29.74,40.9,137.44,57.67,15.94,6.94,0.591,223.6,21.5,140.8,3686.73
AGR_Sou_2020_01892,South_Zone,Karnataka_Deccan,2020,Rabi,Rice,20.6,33.24,,77.52,13.28,6.02,0.434,236.0,20.6,228.3,4794.19
AGR_Sou_2023_01893,South_Zone,AP_Coastal,2023,Kharif,Soybean,23.89,32.4,1402.0,95.0,10.0,6.61,0.2,202.8,20.7,274.8,2983.15
AGR_Sou_2021_01894,South_Zone,AP_Coastal,2021,Kharif,Pulses,26.25,35.73,,95.0,10.0,6.43,0.61,116.5,13.9,196.5,2333.91
AGR_Sou_2019_01895,South_Zone,AP_Coastal,2019,Rabi,Wheat,23.81,32.68,313.15,55.63,15.52,7.63,0.856,192.2,26.6,252.9,4998.06
AGR_Sou_2022_01896,South_Zone,TN_Delta,2022,Rabi,Cotton,22.18,30.67,186.11,64.51,10.0,7.86,0.531,214.3,20.3,199.5,2029.26
AGR_Sou_2020_01897,South_Zone,Karnataka_Deccan,2020,Rabi,Maize,24.31,33.7,176.01,51.31,12.26,7.22,0.59,157.6,23.0,249.3,3411.65
AGR_Sou_2018_01898,South_Zone,Kerala_Highland,2018,Kharif,Rice,26.7,34.74,1572.42,89.23,10.0,7.02,0.725,193.9,10.6,223.6,5700.94
AGR_Sou_2022_01899,South_Zone,Kerala_Highland,2022,Rabi,Cotton,21.17,33.23,171.85,67.91,13.1,5.86,0.69,123.4,16.2,289.6,2256.15
AGR_Sou_2022_01900,South_Zone,TN_Delta,2022,Rabi,Soybean,21.16,33.86,275.17,43.73,16.26,6.13,0.723,194.5,20.4,180.8,3049.69
AGR_Sou_2021_01901,South_Zone,Kerala_Highland,2021,Rabi,Pulses,22.99,32.01,272.96,46.3,12.78,6.4,0.583,211.5,21.2,189.4,2023.45
AGR_Sou_2021_01902,South_Zone,AP_Coastal,2021,Kharif,Wheat,24.14,33.39,1351.62,84.69,10.0,7.17,0.494,199.8,26.6,195.2,4453.61
AGR_Sou_2022_01903,South_Zone,AP_Coastal,2022,Rabi,Wheat,23.38,35.51,206.81,68.07,13.2,6.89,0.435,163.1,20.5,168.8,4099.06
AGR_Sou_2020_01904,South_Zone,Kerala_Highland,2020,Rabi,Cotton,23.39,33.28,161.33,57.07,11.56,7.13,0.337,166.0,17.7,180.4,2100.03
AGR_Sou_2021_01905,South_Zone,Kerala_Highland,2021,Kharif,Soybean,27.32,35.38,674.53,71.73,10.81,6.24,0.842,236.1,21.3,212.3,3856.47
AGR_Sou_2023_01906,South_Zone,TN_Delta,2023,Kharif,Pulses,24.64,36.9,1635.01,95.0,12.37,6.47,0.352,146.7,19.4,175.4,2001.36
AGR_Sou_2022_01907,South_Zone,AP_Coastal,2022,Rabi,Wheat,22.2,30.77,315.09,48.8,10.12,6.67,0.664,202.2,31.6,185.7,4420.09
AGR_Sou_2021_01908,South_Zone,Kerala_Highland,2021,Kharif,Cotton,23.94,37.91,1153.66,78.83,10.0,6.86,0.367,182.8,14.2,219.5,2769.44
AGR_Sou_2021_01909,South_Zone,Kerala_Highland,2021,Kharif,Soybean,26.82,38.43,954.1,85.92,10.94,6.31,0.542,145.4,25.8,202.5,2968.81
AGR_Sou_2022_01910,South_Zone,TN_Delta,2022,Zaid,Soybean,29.43,41.24,93.34,56.99,12.58,7.89,0.529,216.6,38.4,258.7,2253.01
AGR_Sou_2023_01911,South_Zone,TN_Delta,2023,Rabi,Maize,17.99,29.91,359.59,68.07,10.24,6.3,0.825,180.5,15.7,231.5,4187.44
AGR_Sou_2021_01912,South_Zone,TN_Delta,2021,Rabi,Soybean,25.11,,231.85,59.96,12.22,7.39,0.233,178.4,24.5,256.3,2507.52
AGR_Sou_2023_01913,South_Zone,Karnataka_Deccan,2023,Rabi,Wheat,21.29,31.8,258.59,66.71,10.0,7.0,0.536,174.5,24.9,154.1,4294.01
AGR_Sou_2023_01914,South_Zone,Karnataka_Deccan,2023,Kharif,Pulses,24.18,36.75,1417.64,95.0,11.04,6.48,0.582,96.3,15.5,197.6,2101.67
AGR_Sou_2019_01915,South_Zone,Kerala_Highland,2019,Rabi,Maize,23.59,30.89,172.72,57.05,10.0,5.84,0.492,197.2,32.0,245.8,3570.75
AGR_Sou_2023_01916,South_Zone,Kerala_Highland,2023,Zaid,Rice,29.77,,116.95,58.43,10.17,7.23,0.848,174.7,25.7,235.9,4755.5
AGR_Sou_2021_01917,South_Zone,Karnataka_Deccan,2021,Rabi,Rice,22.01,34.51,312.23,67.69,10.0,7.2,0.721,173.7,16.3,240.6,5163.9
AGR_Sou_2018_01918,South_Zone,Karnataka_Deccan,2018,Kharif,Maize,24.57,33.07,1135.09,95.0,11.92,6.06,0.72,244.0,20.5,157.9,4724.03
AGR_Sou_2023_01919,South_Zone,TN_Delta,2023,Rabi,Cotton,24.3,32.45,,52.87,14.3,6.19,0.61,134.7,13.7,204.8,2382.78
AGR_Sou_2020_01920,South_Zone,AP_Coastal,2020,Kharif,Soybean,26.87,36.57,1312.32,79.3,11.1,6.58,0.581,204.0,8.0,113.8,3336.3
AGR_Sou_2018_01921,South_Zone,Karnataka_Deccan,2018,Kharif,Rice,27.69,36.53,1270.33,95.0,11.43,6.88,0.637,190.4,29.8,168.6,5413.05
AGR_Sou_2021_01922,South_Zone,TN_Delta,2021,Kharif,Rice,25.42,35.45,923.58,71.53,10.84,6.48,0.67,158.0,34.2,183.1,5273.04
AGR_Sou_2019_01923,South_Zone,Karnataka_Deccan,2019,Kharif,Wheat,30.54,42.11,1245.88,92.75,10.0,6.54,0.346,133.9,25.8,194.2,4079.16
AGR_Sou_2023_01924,South_Zone,Kerala_Highland,2023,Zaid,Rice,27.17,38.18,45.61,38.2,11.92,6.07,0.259,173.7,12.0,235.8,3982.31
AGR_Sou_2018_01925,South_Zone,Kerala_Highland,2018,Kharif,Maize,24.14,31.41,935.6,88.6,10.0,6.39,0.683,192.4,16.2,228.1,4130.78
AGR_Sou_2019_01926,South_Zone,TN_Delta,2019,Kharif,Soybean,26.28,37.69,1175.2,94.03,10.94,7.27,0.583,167.3,29.1,240.3,3061.03
AGR_Sou_2023_01927,South_Zone,TN_Delta,2023,Rabi,Soybean,21.72,32.31,164.57,48.53,12.09,6.27,0.666,133.1,23.2,136.4,2388.76
AGR_Sou_2018_01928,South_Zone,TN_Delta,2018,Kharif,Soybean,27.16,37.56,1625.1,95.0,10.0,6.91,0.225,163.4,24.5,255.3,2500.53
AGR_Sou_2019_01929,South_Zone,Karnataka_Deccan,2019,Kharif,Cotton,26.56,35.34,774.2,83.64,11.2,6.54,0.66,249.8,23.7,158.0,3216.01
AGR_Sou_2022_01930,South_Zone,Kerala_Highland,2022,Kharif,Maize,25.14,34.54,1084.94,86.24,10.0,6.51,0.731,189.7,9.1,260.6,4543.88
AGR_Sou_2023_01931,South_Zone,AP_Coastal,2023,Kharif,Maize,25.74,36.43,1052.85,95.0,10.0,7.46,0.219,184.0,29.9,162.0,3873.17
AGR_Sou_2023_01932,South_Zone,TN_Delta,2023,Kharif,Wheat,27.06,40.64,1171.36,85.92,10.0,5.3,0.864,142.5,22.3,144.1,4688.82
AGR_Sou_2020_01933,South_Zone,AP_Coastal,2020,Rabi,Maize,24.22,34.83,225.05,58.48,12.41,6.97,0.882,227.4,15.9,264.1,4468.26
AGR_Sou_2020_01934,South_Zone,Kerala_Highland,2020,Rabi,Soybean,21.99,35.51,,47.02,13.5,7.25,0.702,208.6,18.8,207.3,2850.57
AGR_Sou_2022_01935,South_Zone,Karnataka_Deccan,2022,Rabi,Maize,21.45,32.39,187.93,61.75,13.22,6.56,0.408,191.2,18.8,128.7,3440.45
AGR_Sou_2018_01936,South_Zone,AP_Coastal,2018,Zaid,Cotton,27.92,36.04,143.19,53.42,13.97,6.7,0.214,146.2,27.9,170.9,1990.83
AGR_Sou_2019_01937,South_Zone,TN_Delta,2019,Rabi,Cotton,23.12,35.79,185.09,62.83,13.33,7.0,0.709,163.4,15.3,271.1,2598.22
AGR_Sou_2022_01938,South_Zone,AP_Coastal,2022,Rabi,Pulses,19.82,27.28,257.47,,13.18,7.41,0.423,208.9,18.0,229.1,1598.99
AGR_Sou_2018_01939,South_Zone,Kerala_Highland,2018,Kharif,Wheat,26.84,39.23,967.77,70.26,12.07,6.79,0.314,257.2,20.9,186.4,4570.7
AGR_Sou_2022_01940,South_Zone,AP_Coastal,2022,Kharif,Wheat,24.97,33.58,1335.87,84.25,10.0,7.45,1.135,191.7,22.6,197.5,5139.46
AGR_Sou_2018_01941,South_Zone,AP_Coastal,2018,Rabi,Maize,23.61,,146.44,63.13,11.6,7.24,0.2,210.7,20.7,180.2,3397.2
AGR_Sou_2019_01942,South_Zone,TN_Delta,2019,Kharif,Pulses,25.11,36.53,1756.37,95.0,10.0,7.29,0.418,163.0,17.2,128.9,1728.87
AGR_Sou_2021_01943,South_Zone,Kerala_Highland,2021,Kharif,Wheat,24.77,36.4,1034.37,,10.08,6.82,0.337,211.3,25.7,201.4,4294.58
AGR_Sou_2022_01944,South_Zone,Karnataka_Deccan,2022,Rabi,Soybean,21.13,,244.66,56.18,10.8,6.21,0.523,168.8,18.4,164.3,2821.39
AGR_Sou_2018_01945,South_Zone,Karnataka_Deccan,2018,Rabi,Cotton,23.14,30.84,246.67,67.71,13.96,7.71,0.617,149.7,29.6,110.0,2334.64
AGR_Sou_2020_01946,South_Zone,Kerala_Highland,2020,Rabi,Cotton,22.73,,232.48,70.61,11.02,7.17,0.656,212.8,27.0,196.4,2694.63
AGR_Sou_2022_01947,South_Zone,Kerala_Highland,2022,Kharif,Rice,27.89,34.99,1001.96,89.09,10.0,7.34,0.635,173.0,22.9,211.1,5061.52
AGR_Sou_2022_01948,South_Zone,AP_Coastal,2022,Kharif,Rice,21.4,30.04,1051.23,79.06,10.0,7.74,0.921,154.2,28.1,239.2,5247.98
AGR_Sou_2023_01949,South_Zone,Kerala_Highland,2023,Zaid,Cotton,28.3,40.46,46.77,46.04,15.25,7.43,0.506,197.1,27.3,159.8,2098.67
AGR_Sou_2018_01950,South_Zone,Karnataka_Deccan,2018,Kharif,Pulses,24.42,36.84,592.9,61.5,10.0,7.25,0.561,186.1,26.1,207.5,2123.71
AGR_Sou_2023_01951,South_Zone,AP_Coastal,2023,Rabi,Soybean,21.89,35.26,276.16,69.12,10.88,5.91,0.408,219.9,28.2,150.2,3147.85
AGR_Sou_2020_01952,South_Zone,Karnataka_Deccan,2020,Kharif,Cotton,27.57,39.3,542.68,77.49,12.02,7.49,0.523,98.0,23.4,202.2,2730.28
AGR_Sou_2021_01953,South_Zone,AP_Coastal,2021,Zaid,Wheat,26.72,36.71,151.85,53.81,11.69,7.0,0.677,159.8,25.8,238.2,3860.84
AGR_Sou_2022_01954,South_Zone,AP_Coastal,2022,Rabi,Wheat,21.66,30.35,296.06,51.89,10.0,6.74,0.844,154.1,20.5,282.8,4439.17
AGR_Sou_2019_01955,South_Zone,Karnataka_Deccan,2019,Rabi,Rice,23.53,35.61,248.23,73.22,11.56,5.2,0.502,212.9,19.4,163.1,4724.19
AGR_Sou_2018_01956,South_Zone,TN_Delta,2018,Kharif,Pulses,24.97,35.28,1207.0,84.85,11.81,6.16,0.334,170.2,21.6,187.3,2191.73
AGR_Sou_2020_01957,South_Zone,AP_Coastal,2020,Kharif,Cotton,24.84,,750.26,55.35,13.59,7.6,0.681,156.5,23.0,173.9,2780.59
AGR_Sou_2020_01958,South_Zone,Kerala_Highland,2020,Kharif,Maize,,33.97,556.56,66.04,11.6,7.67,0.705,183.7,22.8,221.1,4492.19
AGR_Sou_2019_01959,South_Zone,AP_Coastal,2019,Zaid,Pulses,31.52,42.41,151.94,57.09,12.22,6.95,0.762,226.6,27.5,280.6,1765.94
AGR_Sou_2019_01960,South_Zone,TN_Delta,2019,Zaid,Cotton,29.53,36.61,181.12,68.41,12.16,6.8,0.473,209.9,26.0,266.0,2714.74
AGR_Sou_2018_01961,South_Zone,Karnataka_Deccan,2018,Kharif,Soybean,23.52,34.23,,93.85,10.35,7.82,0.766,90.2,30.4,276.0,2928.41
AGR_Sou_2019_01962,South_Zone,Karnataka_Deccan,2019,Kharif,Soybean,26.53,37.98,902.71,75.89,10.87,6.32,0.808,204.1,13.8,199.1,3338.55
AGR_Sou_2021_01963,South_Zone,Karnataka_Deccan,2021,Kharif,Wheat,24.22,32.36,1588.54,93.07,10.55,7.05,0.721,181.9,9.2,176.8,4649.12
AGR_Sou_2019_01964,South_Zone,TN_Delta,2019,Rabi,Rice,21.0,29.05,,43.88,16.6,6.45,0.742,155.1,12.2,207.6,4451.04
AGR_Sou_2019_01965,South_Zone,AP_Coastal,2019,Rabi,Rice,22.7,34.29,149.08,64.1,10.87,7.23,0.764,189.0,18.7,207.4,4744.77
AGR_Sou_2018_01966,South_Zone,AP_Coastal,2018,Kharif,Soybean,26.34,34.2,1713.29,95.0,10.0,6.67,0.46,201.1,30.1,226.4,2845.01
AGR_Sou_2023_01967,South_Zone,AP_Coastal,2023,Kharif,Soybean,26.36,36.27,1015.26,86.03,10.0,7.34,0.724,224.6,26.3,231.1,3355.89
AGR_Sou_2022_01968,South_Zone,Karnataka_Deccan,2022,Rabi,Rice,22.13,31.72,407.7,58.45,12.8,6.49,0.64,223.6,22.9,161.1,5240.3
AGR_Sou_2019_01969,South_Zone,Kerala_Highland,2019,Rabi,Pulses,24.54,34.1,203.71,81.54,10.0,7.2,0.561,165.4,14.8,212.6,1451.66
AGR_Sou_2021_01970,South_Zone,TN_Delta,2021,Rabi,Pulses,21.86,30.16,109.9,58.31,11.39,6.7,0.716,166.3,30.2,243.3,1505.77
AGR_Sou_2019_01971,South_Zone,Kerala_Highland,2019,Kharif,Wheat,25.55,,734.35,63.37,11.43,7.19,0.783,174.0,25.1,124.2,4668.21
AGR_Sou_2020_01972,South_Zone,Kerala_Highland,2020,Kharif,Soybean,26.62,39.03,,84.58,12.68,6.47,0.625,196.3,17.5,209.7,3358.56
AGR_Sou_2023_01973,South_Zone,TN_Delta,2023,Kharif,Soybean,27.2,36.27,1341.32,95.0,10.0,6.53,0.572,178.7,21.6,250.5,3302.35
AGR_Sou_2020_01974,South_Zone,TN_Delta,2020,Kharif,Rice,25.45,39.26,,95.0,10.0,7.08,0.555,143.9,25.7,207.9,4102.05
AGR_Sou_2023_01975,South_Zone,Kerala_Highland,2023,Kharif,Wheat,26.48,39.41,1800.46,,13.92,6.49,0.52,146.9,27.2,246.9,4175.72
AGR_Sou_2018_01976,South_Zone,AP_Coastal,2018,Kharif,Soybean,26.32,39.34,1182.15,87.35,10.0,6.03,0.536,195.1,18.8,169.9,3114.56
AGR_Sou_2023_01977,South_Zone,Kerala_Highland,2023,Rabi,Cotton,21.94,30.57,199.8,57.04,14.57,6.42,0.613,146.8,17.5,174.9,2234.38
AGR_Sou_2022_01978,South_Zone,AP_Coastal,2022,Rabi,Cotton,22.63,32.58,412.83,65.76,13.46,6.19,0.519,194.2,20.1,197.5,3016.49
AGR_Sou_2023_01979,South_Zone,Karnataka_Deccan,2023,Kharif,Rice,26.36,36.95,992.76,95.0,11.41,6.27,0.996,196.7,15.0,197.2,5781.5
AGR_Sou_2020_01980,South_Zone,Karnataka_Deccan,2020,Rabi,Pulses,22.2,30.89,301.85,72.42,11.1,6.86,0.962,204.5,14.2,154.5,2069.6
AGR_Sou_2022_01981,South_Zone,TN_Delta,2022,Kharif,Wheat,25.65,37.1,264.29,54.08,16.31,5.9,1.046,191.3,28.7,193.3,4574.12
AGR_Sou_2023_01982,South_Zone,Kerala_Highland,2023,Kharif,Maize,29.18,37.27,1008.57,86.8,10.0,6.35,0.476,164.4,16.3,252.3,4219.06
AGR_Sou_2023_01983,South_Zone,Karnataka_Deccan,2023,Zaid,Maize,30.05,43.57,99.41,35.49,15.28,6.86,0.639,219.4,31.8,247.9,3480.69
AGR_Sou_2018_01984,South_Zone,Karnataka_Deccan,2018,Kharif,Pulses,26.26,38.86,1627.39,95.0,10.0,7.93,0.664,219.0,25.0,211.2,2421.34
AGR_Sou_2019_01985,South_Zone,TN_Delta,2019,Rabi,Maize,19.83,28.25,107.12,41.89,11.97,6.67,0.575,125.9,19.6,214.6,3042.72
AGR_Sou_2022_01986,South_Zone,Karnataka_Deccan,2022,Kharif,Pulses,,38.6,1202.56,82.61,11.28,6.88,0.551,185.0,12.5,216.3,2083.83
AGR_Sou_2018_01987,South_Zone,AP_Coastal,2018,Kharif,Rice,26.53,36.73,1231.18,,10.0,6.85,0.274,195.2,15.7,220.0,5139.03
AGR_Sou_2022_01988,South_Zone,TN_Delta,2022,Kharif,Pulses,26.75,38.9,1462.65,95.0,10.46,6.66,0.624,200.5,19.7,278.0,2259.54
AGR_Sou_2021_01989,South_Zone,Karnataka_Deccan,2021,Rabi,Soybean,23.28,35.35,94.62,59.99,15.32,6.81,0.708,171.1,21.0,223.8,2360.19
AGR_Sou_2020_01990,South_Zone,TN_Delta,2020,Rabi,Pulses,22.0,31.23,100.16,66.63,11.89,6.52,0.791,148.9,31.3,217.6,1407.82
AGR_Sou_2023_01991,South_Zone,AP_Coastal,2023,Rabi,Pulses,23.9,,241.96,50.46,13.57,6.01,0.759,171.7,27.3,256.6,1859.56
AGR_Sou_2022_01992,South_Zone,Kerala_Highland,2022,Kharif,Maize,27.23,37.51,1336.45,95.0,10.0,7.08,0.575,206.1,24.5,217.5,4342.28
AGR_Sou_2020_01993,South_Zone,Kerala_Highland,2020,Rabi,Maize,23.28,36.05,154.76,61.03,13.12,7.5,0.613,151.4,19.1,212.8,3484.39
AGR_Sou_2020_01994,South_Zone,TN_Delta,2020,Kharif,Pulses,27.18,35.19,1389.0,95.0,10.0,7.46,0.746,224.9,25.3,295.0,2278.76
AGR_Sou_2018_01995,South_Zone,Kerala_Highland,2018,Kharif,Rice,28.71,37.2,1853.21,95.0,10.0,6.16,0.502,164.6,8.0,203.1,4340.27
AGR_Sou_2018_01996,South_Zone,TN_Delta,2018,Zaid,Rice,29.81,41.91,114.23,52.66,12.96,6.65,0.922,140.8,13.8,223.7,4242.38
AGR_Sou_2023_01997,South_Zone,Kerala_Highland,2023,Kharif,Maize,24.67,36.91,781.87,,10.0,6.98,0.31,216.7,22.3,219.3,3942.24
AGR_Sou_2023_01998,South_Zone,Karnataka_Deccan,2023,Kharif,Soybean,26.07,36.28,1254.97,85.75,10.27,6.75,0.551,159.6,22.7,160.6,3176.92
AGR_Sou_2022_01999,South_Zone,TN_Delta,2022,Rabi,Pulses,22.35,35.22,293.93,54.58,13.67,6.69,0.635,204.3,44.6,290.4,2118.48
AGR_Sou_2022_02000,South_Zone,TN_Delta,2022,Kharif,Wheat,25.53,34.62,1682.51,95.0,12.89,6.1,0.659,133.4,24.4,224.7,4508.83
AGR_Sou_2019_02001,South_Zone,Karnataka_Deccan,2019,Kharif,Wheat,28.54,40.31,,86.26,10.0,7.61,0.924,221.8,21.6,176.9,4757.27
AGR_Sou_2023_02002,South_Zone,AP_Coastal,2023,Kharif,Cotton,24.34,34.14,1238.1,85.39,12.81,5.74,0.82,114.1,13.7,201.1,2966.45
AGR_Sou_2020_02003,South_Zone,Karnataka_Deccan,2020,Rabi,Wheat,21.88,34.28,245.55,59.96,10.0,7.02,0.527,198.3,16.9,224.4,4232.92
AGR_Sou_2020_02004,South_Zone,Kerala_Highland,2020,Rabi,Rice,24.55,32.28,197.93,73.66,10.0,7.24,0.491,178.2,8.0,176.5,4463.24
AGR_Sou_2023_02005,South_Zone,TN_Delta,2023,Rabi,Pulses,23.88,34.59,310.8,54.98,10.0,7.34,0.463,143.4,24.1,249.8,2016.1
AGR_Sou_2021_02006,South_Zone,Karnataka_Deccan,2021,Rabi,Wheat,22.49,,179.78,57.61,12.69,6.03,0.751,215.4,19.2,199.1,4308.04
AGR_Sou_2023_02007,South_Zone,TN_Delta,2023,Kharif,Rice,24.67,35.73,970.64,78.09,10.63,5.91,0.853,191.3,16.6,175.7,5420.7
AGR_Sou_2023_02008,South_Zone,AP_Coastal,2023,Rabi,Cotton,22.24,31.35,286.11,48.91,15.04,7.13,0.389,161.9,13.8,244.2,2474.92
AGR_Sou_2021_02009,South_Zone,AP_Coastal,2021,Kharif,Maize,26.72,34.85,865.48,73.87,11.04,6.2,0.333,140.3,15.3,268.7,3912.2
AGR_Sou_2021_02010,South_Zone,Karnataka_Deccan,2021,Rabi,Soybean,22.36,35.28,85.4,69.67,10.0,6.52,0.592,218.6,17.3,235.7,2629.74
AGR_Sou_2018_02011,South_Zone,Karnataka_Deccan,2018,Rabi,Maize,25.01,34.6,133.72,61.3,13.64,6.12,0.23,280.0,18.5,164.8,3632.91
AGR_Sou_2022_02012,South_Zone,TN_Delta,2022,Rabi,Cotton,23.96,36.7,282.05,75.01,11.44,7.15,0.466,185.9,19.2,166.9,2584.87
AGR_Sou_2022_02013,South_Zone,Karnataka_Deccan,2022,Rabi,Rice,22.95,36.61,290.43,68.51,11.5,7.75,0.568,199.9,19.4,269.2,4750.61
AGR_Sou_2021_02014,South_Zone,Karnataka_Deccan,2021,Kharif,Soybean,24.99,37.55,903.24,89.64,10.0,7.84,0.297,130.6,19.5,149.7,3066.91
AGR_Sou_2020_02015,South_Zone,Kerala_Highland,2020,Kharif,Rice,25.86,38.6,1659.1,95.0,10.0,5.65,0.947,239.0,25.3,187.3,5523.04
AGR_Sou_2020_02016,South_Zone,Kerala_Highland,2020,Rabi,Wheat,21.75,28.77,,63.3,14.71,6.83,0.54,211.6,14.1,231.6,4493.42
AGR_Sou_2020_02017,South_Zone,Kerala_Highland,2020,Zaid,Pulses,28.6,35.62,70.35,65.43,10.22,6.93,0.448,157.6,20.2,218.6,1696.83
AGR_Sou_2022_02018,South_Zone,Kerala_Highland,2022,Kharif,Soybean,25.28,37.26,1310.35,93.49,11.63,5.86,0.587,137.6,25.1,237.7,2823.71
AGR_Sou_2021_02019,South_Zone,AP_Coastal,2021,Kharif,Soybean,27.3,39.52,1262.35,95.0,10.0,7.18,0.998,250.8,29.3,186.0,3444.28
AGR_Sou_2018_02020,South_Zone,Karnataka_Deccan,2018,Rabi,Soybean,21.16,33.44,134.8,63.38,10.0,6.97,0.432,90.0,12.8,202.7,2238.43
AGR_Sou_2022_02021,South_Zone,Kerala_Highland,2022,Kharif,Pulses,26.58,39.62,325.29,50.24,12.35,6.46,0.601,186.9,9.1,270.0,1993.7
AGR_Sou_2018_02022,South_Zone,Karnataka_Deccan,2018,Kharif,Pulses,,33.74,1065.05,95.0,11.66,7.28,0.297,173.4,30.5,219.6,1989.88
AGR_Sou_2020_02023,South_Zone,TN_Delta,2020,Rabi,Soybean,22.98,34.32,205.01,46.82,10.0,7.47,0.838,149.6,20.1,290.8,2683.89
AGR_Sou_2021_02024,South_Zone,AP_Coastal,2021,Kharif,Pulses,25.49,33.52,600.71,79.24,13.87,6.84,0.814,155.9,28.4,206.7,2385.69
AGR_Sou_2022_02025,South_Zone,TN_Delta,2022,Kharif,Wheat,25.27,34.47,729.82,77.81,11.6,7.72,0.524,211.3,19.7,288.6,4676.87
AGR_Sou_2021_02026,South_Zone,AP_Coastal,2021,Rabi,Pulses,20.71,32.55,291.65,59.15,14.21,6.98,0.865,164.6,25.5,159.2,2100.79
AGR_Sou_2022_02027,South_Zone,TN_Delta,2022,Rabi,Soybean,22.04,30.12,108.62,67.89,10.0,7.84,0.599,211.2,28.2,299.8,2594.12
AGR_Sou_2019_02028,South_Zone,AP_Coastal,2019,Rabi,Pulses,25.45,36.82,153.51,59.63,14.0,7.02,0.756,224.2,13.3,251.2,1982.3
AGR_Sou_2023_02029,South_Zone,AP_Coastal,2023,Kharif,Soybean,26.84,40.32,1396.06,88.87,11.86,6.45,0.699,207.6,11.7,225.1,3405.74
AGR_Sou_2021_02030,South_Zone,Karnataka_Deccan,2021,Kharif,Wheat,25.45,32.64,1279.91,90.87,10.0,7.36,0.902,129.3,24.7,130.9,4618.13
AGR_Sou_2021_02031,South_Zone,Kerala_Highland,2021,Zaid,Wheat,26.11,34.28,125.76,59.03,10.51,6.52,0.658,228.5,24.6,260.9,4055.82
AGR_Sou_2018_02032,South_Zone,Kerala_Highland,2018,Kharif,Rice,,36.89,1661.96,95.0,11.93,6.58,0.874,163.6,22.7,308.7,4936.38
AGR_Sou_2023_02033,South_Zone,Kerala_Highland,2023,Rabi,Wheat,19.98,28.03,176.46,,13.45,6.8,0.458,208.4,23.8,168.4,3766.63
AGR_Sou_2022_02034,South_Zone,Karnataka_Deccan,2022,Kharif,Rice,28.7,41.98,806.21,,10.0,6.12,0.601,196.1,12.3,269.7,5161.94
AGR_Sou_2022_02035,South_Zone,TN_Delta,2022,Kharif,Soybean,24.79,36.04,1367.26,86.15,10.0,7.26,0.641,173.6,21.1,266.2,3494.97
AGR_Sou_2022_02036,South_Zone,AP_Coastal,2022,Kharif,Soybean,25.27,33.5,1184.35,95.0,10.0,6.72,0.449,161.5,19.0,244.9,3220.28
AGR_Sou_2018_02037,South_Zone,Kerala_Highland,2018,Kharif,Rice,,38.66,870.34,72.89,10.38,6.79,0.996,180.2,18.5,180.3,5472.85
AGR_Sou_2020_02038,South_Zone,Karnataka_Deccan,2020,Kharif,Rice,24.75,,1144.76,66.3,10.0,7.02,0.864,183.5,22.4,205.5,5485.01
AGR_Sou_2022_02039,South_Zone,AP_Coastal,2022,Kharif,Maize,24.7,32.32,1120.65,84.83,10.0,6.33,0.35,187.9,29.5,217.3,4437.47
AGR_Sou_2021_02040,South_Zone,AP_Coastal,2021,Rabi,Maize,21.22,31.87,128.48,46.19,15.29,8.02,0.462,148.6,17.7,236.5,3170.52
AGR_Sou_2021_02041,South_Zone,Karnataka_Deccan,2021,Kharif,Soybean,24.24,31.93,610.87,87.64,10.0,7.09,0.81,231.9,20.4,209.6,3649.76
AGR_Sou_2022_02042,South_Zone,TN_Delta,2022,Kharif,Soybean,28.26,36.04,713.04,80.77,10.0,6.05,0.834,153.3,14.7,194.0,3423.84
AGR_Sou_2018_02043,South_Zone,Kerala_Highland,2018,Rabi,Pulses,20.52,31.33,289.93,66.06,10.95,5.75,0.515,241.8,25.4,215.1,2077.94
AGR_Sou_2021_02044,South_Zone,Kerala_Highland,2021,Rabi,Cotton,23.37,,163.61,58.08,10.0,5.2,0.772,164.9,21.1,228.4,2838.19
AGR_Sou_2023_02045,South_Zone,TN_Delta,2023,Rabi,Cotton,21.11,33.35,,60.77,12.35,6.17,0.494,103.9,19.7,260.2,2636.34
AGR_Sou_2023_02046,South_Zone,Kerala_Highland,2023,Kharif,Maize,24.13,37.15,959.47,67.03,10.0,6.71,0.525,194.0,23.6,225.4,3998.38
AGR_Sou_2020_02047,South_Zone,Karnataka_Deccan,2020,Rabi,Maize,20.3,30.36,179.02,66.21,10.96,7.34,0.475,151.3,16.7,215.6,3553.3
AGR_Sou_2021_02048,South_Zone,AP_Coastal,2021,Rabi,Rice,,35.35,81.35,49.43,11.35,6.85,0.583,154.6,28.5,206.5,4111.28
AGR_Sou_2023_02049,South_Zone,AP_Coastal,2023,Kharif,Wheat,27.62,36.93,1002.13,95.0,10.0,6.05,0.615,227.4,18.2,180.4,5129.2
AGR_Sou_2022_02050,South_Zone,TN_Delta,2022,Rabi,Wheat,25.09,33.95,262.33,54.26,10.01,6.5,0.611,188.4,17.5,200.3,4215.39
AGR_Sou_2020_02051,South_Zone,Karnataka_Deccan,2020,Kharif,Rice,26.31,40.23,1037.53,74.53,10.82,6.33,0.672,186.5,27.2,232.7,5244.35
AGR_Sou_2023_02052,South_Zone,TN_Delta,2023,Kharif,Pulses,23.8,34.75,1453.18,95.0,10.0,6.58,0.705,142.4,17.9,156.8,2500.42
AGR_Sou_2018_02053,South_Zone,Kerala_Highland,2018,Rabi,Pulses,22.84,32.32,133.23,58.98,11.08,7.25,0.864,207.4,34.0,170.2,1888.92
AGR_Sou_2018_02054,South_Zone,Karnataka_Deccan,2018,Kharif,Wheat,25.61,39.17,1175.66,66.96,10.93,7.82,0.813,128.6,21.8,192.2,4409.36
AGR_Sou_2019_02055,South_Zone,TN_Delta,2019,Kharif,Pulses,27.36,35.32,1297.92,95.0,10.0,7.28,0.776,141.9,37.0,199.1,2374.29
AGR_Sou_2020_02056,South_Zone,AP_Coastal,2020,Kharif,Soybean,26.48,39.04,1014.43,89.04,10.0,6.17,0.484,193.8,20.2,187.1,3283.96
AGR_Sou_2018_02057,South_Zone,TN_Delta,2018,Kharif,Pulses,26.36,33.44,624.62,52.57,12.85,6.13,0.354,223.1,26.4,234.8,2335.74
AGR_Sou_2020_02058,South_Zone,AP_Coastal,2020,Kharif,Soybean,25.55,37.04,1264.05,95.0,10.0,5.85,0.342,178.4,18.9,169.7,3111.47
AGR_Sou_2021_02059,South_Zone,TN_Delta,2021,Kharif,Pulses,26.68,36.53,1182.31,94.13,10.0,7.53,0.2,233.5,20.3,228.5,2279.32
AGR_Sou_2023_02060,South_Zone,Kerala_Highland,2023,Kharif,Wheat,25.96,37.52,1302.94,95.0,10.0,7.34,0.489,167.3,22.0,220.9,4406.5
AGR_Sou_2022_02061,South_Zone,TN_Delta,2022,Kharif,Wheat,25.78,34.33,,95.0,10.0,7.13,0.465,217.1,25.1,233.0,4641.12
AGR_Sou_2023_02062,South_Zone,TN_Delta,2023,Rabi,Wheat,23.56,31.92,200.03,,13.95,6.35,0.736,144.2,23.8,221.3,4114.58
AGR_Sou_2018_02063,South_Zone,AP_Coastal,2018,Kharif,Cotton,26.16,37.18,,61.36,12.81,6.49,0.759,207.3,30.4,282.7,3312.29
AGR_Sou_2019_02064,South_Zone,Kerala_Highland,2019,Rabi,Soybean,24.32,32.18,,,14.41,6.11,0.798,222.5,20.1,309.9,3065.63
AGR_Sou_2020_02065,South_Zone,Karnataka_Deccan,2020,Rabi,Soybean,21.79,34.27,314.92,71.65,12.64,6.59,0.476,164.3,20.0,272.8,3035.26
AGR_Sou_2019_02066,South_Zone,AP_Coastal,2019,Zaid,Wheat,27.38,38.35,101.54,45.21,11.82,6.01,1.016,109.5,22.5,149.4,3804.44
AGR_Sou_2023_02067,South_Zone,AP_Coastal,2023,Zaid,Rice,,40.81,110.59,57.3,13.27,6.21,0.281,194.8,26.5,238.6,4027.19
AGR_Sou_2022_02068,South_Zone,Karnataka_Deccan,2022,Kharif,Rice,27.78,35.69,740.27,82.54,11.16,6.71,0.481,159.7,23.7,235.7,5162.12
AGR_Sou_2019_02069,South_Zone,Kerala_Highland,2019,Kharif,Soybean,24.23,32.44,561.72,78.43,10.1,6.52,0.593,137.7,11.8,165.6,2937.09
AGR_Sou_2019_02070,South_Zone,Karnataka_Deccan,2019,Kharif,Rice,25.23,37.96,1399.34,95.0,10.0,7.36,0.588,211.0,20.4,225.4,5213.61
AGR_Sou_2022_02071,South_Zone,AP_Coastal,2022,Kharif,Wheat,27.13,,639.67,63.01,10.0,7.21,0.777,215.0,23.8,163.9,4735.51
AGR_Sou_2023_02072,South_Zone,TN_Delta,2023,Rabi,Maize,20.11,32.93,252.28,62.75,14.61,7.58,0.743,181.4,22.3,184.8,3964.09
AGR_Sou_2021_02073,South_Zone,Kerala_Highland,2021,Kharif,Wheat,26.04,35.39,661.95,77.49,12.14,6.34,0.329,112.6,25.1,185.5,4031.75
AGR_Sou_2022_02074,South_Zone,Kerala_Highland,2022,Rabi,Cotton,19.86,30.65,214.87,51.07,16.07,6.89,0.723,234.4,36.6,154.4,2606.22
AGR_Sou_2022_02075,South_Zone,Kerala_Highland,2022,Zaid,Soybean,28.77,39.2,143.98,34.47,15.35,6.67,0.798,217.4,26.6,170.1,2981.03
AGR_Sou_2022_02076,South_Zone,AP_Coastal,2022,Kharif,Cotton,27.3,35.77,1265.42,88.18,10.0,6.4,0.513,160.3,23.1,263.0,3042.86
AGR_Sou_2021_02077,South_Zone,AP_Coastal,2021,Zaid,Pulses,27.76,38.03,136.08,48.79,13.44,7.07,0.948,182.5,26.3,190.4,1728.91
AGR_Sou_2021_02078,South_Zone,TN_Delta,2021,Kharif,Cotton,25.33,35.31,1255.31,95.0,12.83,6.4,0.602,190.5,22.6,167.7,3281.36
AGR_Sou_2021_02079,South_Zone,TN_Delta,2021,Rabi,Pulses,22.39,34.96,243.69,47.05,10.53,7.21,0.786,205.7,34.1,271.1,1928.83
AGR_Sou_2022_02080,South_Zone,Kerala_Highland,2022,Rabi,Maize,20.93,31.39,234.93,62.59,12.48,6.44,0.893,156.9,13.3,204.4,3807.7
AGR_Sou_2021_02081,South_Zone,Kerala_Highland,2021,Kharif,Pulses,25.37,33.07,1683.92,89.95,10.0,6.2,0.61,162.9,30.2,205.6,2402.45
AGR_Sou_2022_02082,South_Zone,TN_Delta,2022,Kharif,Soybean,27.58,37.79,827.24,79.06,10.0,6.66,0.647,216.2,26.9,221.8,3348.68
AGR_Sou_2021_02083,South_Zone,Karnataka_Deccan,2021,Rabi,Wheat,22.43,32.82,231.63,48.99,10.66,5.92,0.65,189.0,21.4,227.1,4507.16
AGR_Sou_2019_02084,South_Zone,TN_Delta,2019,Zaid,Soybean,25.7,34.46,99.29,54.11,12.18,6.71,0.642,204.5,9.7,187.4,2779.73
AGR_Sou_2018_02085,South_Zone,TN_Delta,2018,Kharif,Maize,24.71,32.59,1410.37,88.5,10.0,6.2,0.562,196.2,25.3,219.0,3952.08
AGR_Sou_2020_02086,South_Zone,AP_Coastal,2020,Rabi,Rice,20.72,31.88,212.53,65.68,10.0,6.32,0.776,111.2,17.5,230.9,3938.54
AGR_Sou_2018_02087,South_Zone,Kerala_Highland,2018,Kharif,Soybean,27.73,37.45,859.03,88.81,10.0,6.21,1.017,213.0,34.2,114.5,3432.74
AGR_Sou_2022_02088,South_Zone,Kerala_Highland,2022,Zaid,Wheat,28.6,41.26,143.41,41.83,12.94,6.69,0.392,147.8,19.3,278.5,3546.82
AGR_Sou_2022_02089,South_Zone,TN_Delta,2022,Rabi,Cotton,21.57,34.48,198.59,34.64,16.01,7.6,0.678,164.0,23.2,155.2,2639.07
AGR_Sou_2022_02090,South_Zone,TN_Delta,2022,Rabi,Wheat,21.94,34.92,165.68,76.99,13.04,7.12,0.529,167.2,23.2,205.0,4193.46
AGR_Sou_2018_02091,South_Zone,Karnataka_Deccan,2018,Kharif,Wheat,23.87,36.28,1390.45,79.75,10.0,6.7,0.873,181.8,15.8,310.4,4987.66
AGR_Sou_2019_02092,South_Zone,Karnataka_Deccan,2019,Rabi,Cotton,21.19,34.21,262.95,52.3,12.55,6.95,0.834,162.6,10.5,201.1,2743.74
AGR_Sou_2023_02093,South_Zone,Karnataka_Deccan,2023,Kharif,Soybean,29.7,37.28,811.41,67.7,10.0,6.36,0.422,220.6,21.7,261.9,3418.01
AGR_Sou_2018_02094,South_Zone,TN_Delta,2018,Kharif,Pulses,25.61,37.11,1221.86,94.97,10.0,6.6,0.413,156.7,16.7,233.1,2420.53
AGR_Sou_2021_02095,South_Zone,Karnataka_Deccan,2021,Zaid,Soybean,28.86,,152.65,61.78,11.14,6.92,0.584,205.1,31.0,249.9,2781.15
AGR_Sou_2020_02096,South_Zone,TN_Delta,2020,Rabi,Wheat,21.0,34.19,289.77,70.22,10.0,7.88,0.2,114.5,24.6,163.5,3602.55
AGR_Sou_2019_02097,South_Zone,Karnataka_Deccan,2019,Kharif,Cotton,23.26,32.97,852.13,,10.0,6.12,0.755,161.7,26.1,290.2,3086.35
AGR_Sou_2022_02098,South_Zone,TN_Delta,2022,Rabi,Maize,23.5,32.28,246.65,47.15,13.52,6.34,0.413,153.5,24.7,184.1,3540.14
AGR_Sou_2018_02099,South_Zone,Karnataka_Deccan,2018,Kharif,Rice,25.4,34.46,690.46,47.44,15.01,7.77,0.474,201.9,32.3,269.1,5243.22
AGR_Sou_2018_02100,South_Zone,Karnataka_Deccan,2018,Rabi,Rice,22.21,31.64,235.87,68.54,10.0,7.13,0.815,203.4,15.3,159.9,4875.29
AGR_Sou_2018_02101,South_Zone,Karnataka_Deccan,2018,Rabi,Maize,21.16,33.37,219.32,43.66,16.45,7.08,0.806,141.7,24.1,228.1,3858.59
AGR_Sou_2023_02102,South_Zone,TN_Delta,2023,Kharif,Pulses,26.94,40.4,728.75,74.18,10.0,6.83,0.707,121.0,18.3,228.8,2081.24
AGR_Sou_2019_02103,South_Zone,Karnataka_Deccan,2019,Zaid,Soybean,26.9,39.46,112.38,54.43,11.31,6.32,0.642,201.8,22.8,223.1,2400.32
AGR_Sou_2018_02104,South_Zone,Kerala_Highland,2018,Kharif,Soybean,25.58,37.55,381.47,73.51,10.72,6.53,0.395,161.4,8.0,233.8,2999.07
AGR_Sou_2021_02105,South_Zone,TN_Delta,2021,Kharif,Cotton,28.54,40.51,705.53,48.73,15.66,6.45,0.951,149.6,17.5,195.9,3091.47
AGR_Sou_2023_02106,South_Zone,AP_Coastal,2023,Rabi,Wheat,22.36,33.86,259.0,50.22,12.84,5.57,0.455,181.0,8.0,142.9,4180.42
AGR_Sou_2022_02107,South_Zone,Karnataka_Deccan,2022,Kharif,Soybean,26.05,38.44,,76.23,11.76,6.85,0.581,217.1,25.2,211.9,3537.65
AGR_Sou_2021_02108,South_Zone,Karnataka_Deccan,2021,Rabi,Wheat,24.42,34.13,,63.38,10.0,7.23,0.442,137.5,32.4,169.8,3440.57
AGR_Sou_2022_02109,South_Zone,AP_Coastal,2022,Kharif,Cotton,26.89,40.09,1627.3,95.0,10.0,6.84,0.727,199.0,24.2,251.7,3033.78
AGR_Sou_2019_02110,South_Zone,Karnataka_Deccan,2019,Kharif,Pulses,25.66,36.01,,58.83,10.51,7.45,0.727,190.9,17.6,269.9,2676.2
AGR_Sou_2018_02111,South_Zone,AP_Coastal,2018,Kharif,Soybean,24.45,34.12,1165.39,80.38,10.0,6.43,0.933,188.4,19.4,159.3,3597.61
AGR_Sou_2022_02112,South_Zone,TN_Delta,2022,Rabi,Rice,19.65,27.23,,49.84,15.22,7.29,0.406,131.1,20.4,241.0,4147.55
AGR_Sou_2018_02113,South_Zone,AP_Coastal,2018,Rabi,Soybean,22.27,35.73,139.67,63.82,10.4,7.63,0.804,216.1,17.2,227.7,3139.74
AGR_Sou_2019_02114,South_Zone,TN_Delta,2019,Kharif,Pulses,24.24,34.15,1185.82,81.14,10.0,5.96,0.693,173.1,24.1,227.7,2564.12
AGR_Sou_2018_02115,South_Zone,AP_Coastal,2018,Kharif,Soybean,28.57,36.21,1288.01,91.19,10.0,6.25,0.607,171.0,19.1,185.1,3253.29
AGR_Sou_2020_02116,South_Zone,Karnataka_Deccan,2020,Zaid,Soybean,27.83,38.07,133.92,71.93,10.51,6.28,0.456,211.9,34.3,255.1,2445.26
AGR_Sou_2019_02117,South_Zone,Karnataka_Deccan,2019,Kharif,Wheat,25.69,37.32,756.18,83.09,11.56,7.04,0.392,186.6,17.1,242.4,4660.07
AGR_Sou_2021_02118,South_Zone,TN_Delta,2021,Rabi,Wheat,21.15,32.67,99.63,44.38,14.38,6.44,0.673,264.3,10.6,227.6,4174.36
AGR_Sou_2023_02119,South_Zone,AP_Coastal,2023,Kharif,Cotton,24.32,37.78,,95.0,10.7,6.26,0.528,174.9,20.1,186.9,2936.3
AGR_Sou_2023_02120,South_Zone,Karnataka_Deccan,2023,Kharif,Maize,25.93,36.55,,83.05,10.0,6.63,0.621,212.5,14.5,148.9,4257.87
AGR_Sou_2022_02121,South_Zone,AP_Coastal,2022,Kharif,Pulses,21.89,30.42,1516.53,95.0,10.0,7.04,0.278,182.5,17.3,116.0,1978.67
AGR_Sou_2018_02122,South_Zone,Kerala_Highland,2018,Kharif,Rice,26.5,39.23,897.58,82.08,10.0,7.21,0.709,181.2,19.1,210.9,5130.26
AGR_Sou_2021_02123,South_Zone,Kerala_Highland,2021,Rabi,Pulses,20.83,30.55,124.38,54.08,14.46,6.33,0.731,170.6,28.5,224.2,1449.47
AGR_Sou_2022_02124,South_Zone,Karnataka_Deccan,2022,Kharif,Maize,24.93,38.9,1040.75,74.39,11.24,6.77,0.403,177.7,19.8,249.7,3556.29
AGR_Sou_2020_02125,South_Zone,TN_Delta,2020,Kharif,Pulses,25.11,36.51,1265.26,91.33,10.0,7.07,0.592,186.9,20.1,269.5,2298.76
AGR_Sou_2022_02126,South_Zone,Kerala_Highland,2022,Kharif,Cotton,24.31,36.34,684.71,61.58,10.0,8.12,0.815,203.5,10.4,145.9,3284.02
AGR_Sou_2020_02127,South_Zone,AP_Coastal,2020,Rabi,Pulses,20.66,33.72,349.48,64.15,10.0,7.41,0.477,200.3,15.3,234.4,2141.29
AGR_Sou_2021_02128,South_Zone,Kerala_Highland,2021,Kharif,Wheat,24.5,32.35,966.51,77.95,14.18,6.65,0.778,219.3,25.5,189.9,5253.13
AGR_Sou_2022_02129,South_Zone,Karnataka_Deccan,2022,Kharif,Soybean,26.87,38.1,,65.18,10.0,7.0,0.89,171.2,22.4,165.9,3235.64
AGR_Sou_2022_02130,South_Zone,TN_Delta,2022,Rabi,Cotton,22.88,35.4,133.19,63.93,13.19,7.39,0.743,237.1,35.2,228.3,2767.66
AGR_Sou_2023_02131,South_Zone,Kerala_Highland,2023,Zaid,Maize,32.43,44.16,57.52,55.02,10.0,6.61,0.505,178.9,20.1,182.2,2953.93
AGR_Sou_2019_02132,South_Zone,AP_Coastal,2019,Kharif,Cotton,26.61,34.71,364.73,60.93,10.77,6.58,0.666,181.4,18.2,261.6,3262.19
AGR_Sou_2019_02133,South_Zone,TN_Delta,2019,Kharif,Maize,28.27,36.13,950.03,93.0,10.0,7.11,0.905,225.6,26.1,147.5,4656.1
AGR_Sou_2022_02134,South_Zone,Karnataka_Deccan,2022,Rabi,Rice,23.96,31.84,216.79,46.96,12.11,8.1,1.035,115.1,22.3,294.1,4759.18
AGR_Sou_2019_02135,South_Zone,Karnataka_Deccan,2019,Rabi,Rice,19.53,32.48,267.0,64.57,12.56,6.35,0.407,195.8,20.8,259.2,4377.67
AGR_Sou_2019_02136,South_Zone,Karnataka_Deccan,2019,Rabi,Rice,23.24,31.72,254.91,55.06,13.61,6.36,0.473,168.5,18.4,220.9,4695.01
AGR_Sou_2023_02137,South_Zone,Karnataka_Deccan,2023,Rabi,Maize,23.54,32.9,306.25,48.77,12.75,7.96,0.717,159.1,20.9,236.0,4113.24
AGR_Sou_2023_02138,South_Zone,Karnataka_Deccan,2023,Kharif,Rice,,35.69,1022.13,75.53,10.0,6.65,0.429,206.2,25.5,198.3,5287.86
AGR_Sou_2022_02139,South_Zone,TN_Delta,2022,Kharif,Soybean,29.62,36.87,2027.12,92.84,10.0,6.92,0.775,201.3,29.6,145.5,3026.77
AGR_Sou_2023_02140,South_Zone,Kerala_Highland,2023,Kharif,Pulses,26.21,34.88,335.17,63.77,13.75,6.41,0.682,117.9,25.5,220.0,2039.21
AGR_Sou_2022_02141,South_Zone,Karnataka_Deccan,2022,Kharif,Rice,28.29,41.05,936.25,63.86,10.0,6.06,0.314,159.1,25.8,238.3,4439.08
AGR_Sou_2022_02142,South_Zone,Karnataka_Deccan,2022,Zaid,Wheat,29.26,37.02,141.62,39.5,14.18,6.65,0.562,148.7,23.9,278.3,3790.27
AGR_Sou_2018_02143,South_Zone,Karnataka_Deccan,2018,Rabi,Wheat,18.4,31.13,278.77,60.67,11.23,6.55,0.504,132.3,27.2,214.6,4064.09
AGR_Sou_2020_02144,South_Zone,TN_Delta,2020,Kharif,Pulses,,37.01,,76.12,10.0,7.4,0.416,148.7,22.4,163.9,2197.84
AGR_Sou_2023_02145,South_Zone,Kerala_Highland,2023,Kharif,Soybean,25.06,38.98,671.37,59.68,14.81,6.43,0.478,200.9,20.2,226.9,3208.74
AGR_Sou_2018_02146,South_Zone,Karnataka_Deccan,2018,Kharif,Pulses,22.99,36.5,1239.43,93.45,10.0,6.35,0.472,190.7,26.8,214.6,2208.67
AGR_Sou_2020_02147,South_Zone,AP_Coastal,2020,Zaid,Soybean,29.58,43.41,98.89,51.56,11.89,6.17,0.914,142.6,16.9,262.2,2306.42
AGR_Sou_2023_02148,South_Zone,Karnataka_Deccan,2023,Kharif,Cotton,,35.03,1253.08,95.0,10.0,6.06,0.364,160.5,23.7,129.7,2750.33
AGR_Sou_2020_02149,South_Zone,Kerala_Highland,2020,Kharif,Wheat,26.67,33.88,1074.1,77.14,10.0,7.77,0.637,118.7,16.7,230.0,4423.45
AGR_Sou_2023_02150,South_Zone,Karnataka_Deccan,2023,Kharif,Cotton,23.7,34.26,1608.16,95.0,10.0,6.18,0.517,172.7,22.0,188.3,3001.07
AGR_Sou_2018_02151,South_Zone,AP_Coastal,2018,Kharif,Soybean,26.26,37.72,812.68,74.26,10.0,7.2,0.559,212.5,22.3,160.4,3210.75
AGR_Sou_2018_02152,South_Zone,TN_Delta,2018,Kharif,Rice,26.4,38.71,952.61,85.33,10.0,7.12,0.482,216.8,23.8,225.0,5301.4
AGR_Sou_2018_02153,South_Zone,Kerala_Highland,2018,Zaid,Wheat,28.94,36.16,99.46,52.14,13.74,6.59,0.479,192.2,16.4,254.1,3916.08
AGR_Sou_2020_02154,South_Zone,Karnataka_Deccan,2020,Kharif,Maize,24.57,33.15,563.12,78.15,10.94,6.32,0.715,218.6,21.2,268.0,4613.16
AGR_Sou_2022_02155,South_Zone,TN_Delta,2022,Rabi,Wheat,21.73,33.0,168.89,60.59,11.35,5.66,0.643,140.8,9.4,113.6,3735.47
AGR_Sou_2020_02156,South_Zone,AP_Coastal,2020,Kharif,Cotton,25.9,36.82,1270.62,95.0,11.58,7.29,0.661,150.1,20.3,215.5,2920.6
AGR_Sou_2018_02157,South_Zone,TN_Delta,2018,Kharif,Maize,24.23,35.75,1260.36,95.0,10.0,7.2,0.895,165.9,18.6,204.8,4471.47
AGR_Sou_2021_02158,South_Zone,TN_Delta,2021,Rabi,Wheat,,35.6,256.82,47.05,12.75,7.19,0.666,182.3,14.8,220.5,4072.45
AGR_Sou_2020_02159,South_Zone,TN_Delta,2020,Rabi,Wheat,24.02,31.05,261.61,60.8,10.0,7.54,0.845,131.8,23.6,228.4,4479.23
AGR_Sou_2021_02160,South_Zone,TN_Delta,2021,Kharif,Pulses,29.49,38.61,627.09,60.06,10.0,6.22,0.785,207.8,31.2,220.0,2145.13
AGR_Sou_2023_02161,South_Zone,TN_Delta,2023,Kharif,Cotton,27.96,39.83,1535.37,95.0,10.0,7.26,0.554,216.4,14.3,208.9,2821.98
AGR_Sou_2018_02162,South_Zone,Karnataka_Deccan,2018,Kharif,Pulses,23.57,,1655.1,95.0,10.0,7.05,0.659,157.0,26.9,231.8,2002.73
AGR_Sou_2021_02163,South_Zone,Kerala_Highland,2021,Rabi,Cotton,20.65,,,51.37,11.15,6.64,0.659,154.5,24.5,247.3,2139.87
AGR_Sou_2018_02164,South_Zone,AP_Coastal,2018,Kharif,Maize,25.11,37.14,1179.48,76.86,10.0,7.33,0.347,190.5,22.8,171.4,4108.74
AGR_Sou_2020_02165,South_Zone,Kerala_Highland,2020,Zaid,Maize,30.15,43.22,97.88,50.93,10.63,7.23,0.651,247.8,15.1,211.8,3845.96
AGR_Sou_2022_02166,South_Zone,TN_Delta,2022,Kharif,Maize,26.09,34.37,1106.13,76.2,11.46,6.72,1.006,223.2,27.4,168.5,5323.13
AGR_Sou_2020_02167,South_Zone,Karnataka_Deccan,2020,Kharif,Rice,25.5,33.25,1112.46,94.36,12.23,6.61,0.704,188.8,18.6,185.5,5379.38
AGR_Sou_2021_02168,South_Zone,Karnataka_Deccan,2021,Rabi,Wheat,20.33,33.8,198.44,58.82,15.14,6.29,0.564,228.4,18.0,198.6,3903.75
AGR_Sou_2021_02169,South_Zone,AP_Coastal,2021,Rabi,Soybean,23.18,30.34,183.48,57.39,11.65,7.6,0.5,175.5,23.4,207.7,2467.48
AGR_Sou_2022_02170,South_Zone,AP_Coastal,2022,Rabi,Rice,21.9,34.18,122.64,53.06,13.12,6.85,0.602,239.0,31.9,187.8,4642.4
AGR_Sou_2020_02171,South_Zone,TN_Delta,2020,Kharif,Wheat,25.58,36.5,,77.11,10.0,6.6,0.606,215.0,17.4,196.6,5009.83
AGR_Sou_2022_02172,South_Zone,Karnataka_Deccan,2022,Zaid,Wheat,29.13,37.46,128.09,,12.03,7.41,0.818,182.9,30.8,161.1,4238.04
AGR_Sou_2022_02173,South_Zone,TN_Delta,2022,Kharif,Soybean,28.39,38.36,897.28,77.01,11.57,6.29,0.64,96.7,22.0,171.8,2790.62
AGR_Sou_2020_02174,South_Zone,Karnataka_Deccan,2020,Kharif,Wheat,26.11,33.39,1105.61,86.42,10.0,7.81,0.839,239.2,11.4,160.0,5141.98
AGR_Sou_2023_02175,South_Zone,AP_Coastal,2023,Kharif,Maize,26.8,39.76,955.98,44.66,10.0,6.49,0.579,195.4,17.6,198.1,3934.03
AGR_Sou_2021_02176,South_Zone,Karnataka_Deccan,2021,Kharif,Cotton,22.48,33.33,1749.01,95.0,10.0,6.81,0.542,148.8,15.3,302.2,2515.17
AGR_Sou_2021_02177,South_Zone,AP_Coastal,2021,Rabi,Soybean,22.94,32.15,321.58,54.01,11.77,7.59,0.94,186.1,25.6,252.1,3213.17
AGR_Sou_2019_02178,South_Zone,TN_Delta,2019,Kharif,Wheat,25.39,36.69,1457.25,95.0,13.08,6.37,0.695,192.7,24.3,332.5,4708.51
AGR_Sou_2019_02179,South_Zone,AP_Coastal,2019,Kharif,Maize,25.51,33.35,770.58,92.24,10.0,6.83,0.651,146.2,18.0,197.5,4140.01
AGR_Sou_2020_02180,South_Zone,Karnataka_Deccan,2020,Kharif,Pulses,23.86,31.29,961.98,74.17,10.0,6.85,0.74,202.7,27.7,207.6,2357.61
AGR_Sou_2020_02181,South_Zone,AP_Coastal,2020,Kharif,Wheat,23.93,31.25,1190.11,91.15,11.98,6.6,0.576,173.8,16.5,110.0,4517.3
AGR_Sou_2018_02182,South_Zone,Kerala_Highland,2018,Rabi,Maize,19.72,31.29,166.14,48.95,17.54,7.22,0.644,103.9,21.3,157.6,3133.94
AGR_Sou_2019_02183,South_Zone,Kerala_Highland,2019,Rabi,Wheat,,32.07,264.63,47.32,16.6,6.67,0.528,232.1,21.0,259.4,4277.6
AGR_Sou_2022_02184,South_Zone,Kerala_Highland,2022,Rabi,Wheat,21.67,29.62,257.8,69.53,10.0,6.73,0.645,157.4,23.8,177.2,4020.08
AGR_Sou_2023_02185,South_Zone,Karnataka_Deccan,2023,Kharif,Soybean,25.68,37.17,807.47,72.53,10.08,7.45,0.682,210.4,28.9,322.3,3086.68
AGR_Sou_2020_02186,South_Zone,AP_Coastal,2020,Rabi,Wheat,23.97,35.3,111.76,30.06,16.2,6.91,0.406,180.8,27.6,193.3,3697.27
AGR_Sou_2023_02187,South_Zone,AP_Coastal,2023,Rabi,Rice,23.73,34.87,176.53,64.74,13.86,6.6,0.44,207.0,26.7,205.3,4448.57
AGR_Sou_2021_02188,South_Zone,Kerala_Highland,2021,Kharif,Maize,23.8,34.83,,95.0,10.0,6.54,1.052,187.7,19.7,246.0,4710.02
AGR_Sou_2021_02189,South_Zone,Karnataka_Deccan,2021,Rabi,Wheat,22.58,30.14,296.37,49.85,15.91,6.52,0.602,190.7,22.7,189.7,4155.03
AGR_Sou_2018_02190,South_Zone,Karnataka_Deccan,2018,Rabi,Wheat,20.62,32.86,125.05,38.32,16.16,7.12,0.405,178.0,27.4,240.4,3653.11
AGR_Sou_2019_02191,South_Zone,TN_Delta,2019,Rabi,Cotton,23.63,34.45,245.24,55.4,11.99,6.33,0.727,148.6,10.5,193.9,2544.06
AGR_Sou_2022_02192,South_Zone,Karnataka_Deccan,2022,Kharif,Cotton,24.42,37.68,811.89,78.53,14.24,6.38,0.477,133.5,19.8,214.9,2775.69
AGR_Sou_2019_02193,South_Zone,TN_Delta,2019,Rabi,Maize,22.74,35.25,271.18,54.23,10.0,7.18,0.53,139.1,21.5,201.6,3709.45
AGR_Sou_2020_02194,South_Zone,Kerala_Highland,2020,Kharif,Cotton,,37.37,1171.63,90.49,12.37,6.22,0.521,189.4,19.5,215.5,2854.99
AGR_Sou_2021_02195,South_Zone,TN_Delta,2021,Rabi,Rice,22.58,35.62,252.7,71.75,10.71,6.95,0.394,212.8,22.7,228.9,4826.69
AGR_Sou_2022_02196,South_Zone,AP_Coastal,2022,Kharif,Pulses,27.73,36.07,1114.07,95.0,10.0,7.19,0.947,194.9,25.3,206.2,2430.1
AGR_Sou_2020_02197,South_Zone,AP_Coastal,2020,Zaid,Rice,30.16,40.33,108.66,46.04,14.48,6.49,0.566,90.0,14.5,189.1,3657.58
AGR_Sou_2019_02198,South_Zone,AP_Coastal,2019,Kharif,Wheat,27.79,37.77,1105.15,74.65,10.77,6.6,0.593,164.7,25.0,200.0,4658.28
AGR_Sou_2021_02199,South_Zone,AP_Coastal,2021,Rabi,Rice,21.73,31.67,210.14,35.39,13.78,7.74,0.328,104.3,32.0,275.9,3823.77
AGR_Sou_2023_02200,South_Zone,Karnataka_Deccan,2023,Rabi,Cotton,21.96,35.46,252.78,50.95,14.25,6.42,0.386,165.3,25.5,206.9,2654.08
AGR_Sou_2023_02201,South_Zone,AP_Coastal,2023,Rabi,Wheat,19.14,31.63,134.69,56.8,11.38,6.17,0.938,182.4,25.7,274.4,4266.78
AGR_Sou_2022_02202,South_Zone,TN_Delta,2022,Rabi,Rice,20.34,30.88,305.43,60.08,12.46,6.45,0.695,168.0,24.2,277.6,4659.49
AGR_Sou_2022_02203,South_Zone,Karnataka_Deccan,2022,Kharif,Pulses,26.94,34.89,379.5,62.41,10.0,7.3,0.359,153.9,21.5,277.0,2308.06
AGR_Sou_2022_02204,South_Zone,Kerala_Highland,2022,Rabi,Pulses,25.66,33.92,188.05,54.7,12.27,7.26,0.282,200.5,23.6,146.6,1838.76
AGR_Sou_2020_02205,South_Zone,Karnataka_Deccan,2020,Kharif,Soybean,24.58,38.12,1297.85,95.0,10.0,6.89,0.749,216.6,30.6,168.2,3336.54
AGR_Sou_2023_02206,South_Zone,Karnataka_Deccan,2023,Kharif,Maize,23.54,31.24,678.11,67.7,11.98,7.44,0.766,137.2,23.7,278.3,4106.49
AGR_Sou_2023_02207,South_Zone,Kerala_Highland,2023,Kharif,Pulses,25.82,36.7,1023.14,63.81,10.0,7.11,0.372,244.2,27.1,240.1,2475.03
AGR_Sou_2022_02208,South_Zone,AP_Coastal,2022,Kharif,Wheat,27.55,38.26,1488.83,95.0,10.0,5.91,0.47,222.1,21.8,231.6,4726.48
AGR_Sou_2022_02209,South_Zone,Kerala_Highland,2022,Kharif,Wheat,,35.64,1371.58,95.0,10.0,6.35,0.612,152.5,9.3,168.4,4524.4
AGR_Sou_2023_02210,South_Zone,Karnataka_Deccan,2023,Rabi,Wheat,24.13,35.29,335.67,60.03,11.21,7.61,0.553,192.4,23.7,232.0,4393.53
AGR_Sou_2021_02211,South_Zone,Kerala_Highland,2021,Kharif,Wheat,28.71,41.52,,83.18,12.66,8.03,0.494,155.5,30.1,218.3,4346.78
AGR_Sou_2020_02212,South_Zone,Karnataka_Deccan,2020,Zaid,Rice,27.81,41.51,126.86,52.16,10.76,7.87,0.415,190.5,19.3,185.8,4028.22
AGR_Sou_2023_02213,South_Zone,Karnataka_Deccan,2023,Kharif,Cotton,27.04,39.72,695.8,,10.0,6.95,0.761,150.2,19.2,262.4,2912.34
AGR_Sou_2021_02214,South_Zone,AP_Coastal,2021,Rabi,Rice,18.76,32.05,269.76,63.9,12.77,7.12,0.676,198.7,28.3,308.9,4584.43
AGR_Sou_2021_02215,South_Zone,TN_Delta,2021,Kharif,Wheat,25.29,37.57,1525.28,91.13,11.35,7.26,0.838,192.9,10.5,181.4,4856.82
AGR_Sou_2022_02216,South_Zone,TN_Delta,2022,Kharif,Pulses,25.05,34.37,737.87,75.71,11.28,7.03,0.476,138.1,24.7,228.4,2399.07
AGR_Sou_2021_02217,South_Zone,Kerala_Highland,2021,Kharif,Cotton,25.48,39.08,1196.84,84.65,12.31,8.02,0.626,192.6,22.3,251.7,3046.9
AGR_Sou_2022_02218,South_Zone,Karnataka_Deccan,2022,Rabi,Wheat,18.99,31.69,75.31,44.77,11.29,6.7,0.723,179.8,22.3,292.5,3589.67
AGR_Sou_2020_02219,South_Zone,Kerala_Highland,2020,Zaid,Maize,27.45,36.88,122.85,37.98,17.02,8.1,0.715,187.0,22.9,222.8,3807.48
AGR_Sou_2022_02220,South_Zone,Karnataka_Deccan,2022,Kharif,Pulses,27.67,36.22,519.97,64.92,11.04,7.27,0.526,211.2,20.6,248.4,2554.11
AGR_Sou_2019_02221,South_Zone,AP_Coastal,2019,Kharif,Rice,26.93,39.01,1115.75,85.17,10.0,6.32,0.677,258.1,33.2,219.1,5463.44
AGR_Sou_2021_02222,South_Zone,Kerala_Highland,2021,Kharif,Soybean,25.09,33.83,1013.26,93.36,10.0,7.22,0.324,130.5,17.6,110.0,2984.29
AGR_Sou_2021_02223,South_Zone,TN_Delta,2021,Rabi,Rice,22.51,32.04,203.28,55.79,15.21,7.21,0.268,191.8,22.1,267.5,4103.5
AGR_Sou_2022_02224,South_Zone,AP_Coastal,2022,Kharif,Soybean,26.56,38.96,482.34,65.34,10.0,6.98,0.529,157.1,28.6,253.2,2767.26
AGR_Sou_2020_02225,South_Zone,AP_Coastal,2020,Kharif,Maize,25.96,39.72,1366.18,95.0,10.56,6.36,0.452,171.9,21.6,238.9,4151.54
AGR_Sou_2019_02226,South_Zone,AP_Coastal,2019,Kharif,Pulses,22.84,35.88,1435.97,88.8,10.0,6.67,0.737,202.4,22.6,170.5,2285.05
AGR_Sou_2019_02227,South_Zone,TN_Delta,2019,Rabi,Rice,23.23,33.6,161.08,48.1,10.0,6.91,0.591,164.4,13.5,169.5,4352.51
AGR_Sou_2020_02228,South_Zone,TN_Delta,2020,Kharif,Wheat,28.03,36.48,737.35,73.02,10.48,7.85,0.646,217.1,27.2,224.1,4789.11
AGR_Sou_2021_02229,South_Zone,TN_Delta,2021,Rabi,Rice,22.97,35.45,261.37,68.4,10.98,8.08,0.39,237.6,28.7,242.7,5056.93
AGR_Sou_2022_02230,South_Zone,Karnataka_Deccan,2022,Rabi,Soybean,23.63,34.5,254.87,68.58,16.43,6.99,0.439,182.9,17.0,215.4,3010.52
AGR_Sou_2019_02231,South_Zone,Kerala_Highland,2019,Kharif,Soybean,25.55,36.91,1233.75,,10.0,6.0,0.274,143.9,24.3,214.6,2843.76
AGR_Sou_2019_02232,South_Zone,TN_Delta,2019,Rabi,Rice,21.65,35.29,130.5,41.1,12.82,6.92,1.057,136.2,21.5,219.4,4786.75
AGR_Sou_2023_02233,South_Zone,Karnataka_Deccan,2023,Rabi,Pulses,20.72,28.17,253.35,65.1,11.63,7.24,0.538,195.5,18.1,200.4,1746.06
AGR_Sou_2023_02234,South_Zone,Karnataka_Deccan,2023,Rabi,Rice,,30.49,142.2,55.78,10.0,6.52,0.427,166.1,22.4,241.4,3932.59
AGR_Sou_2021_02235,South_Zone,Kerala_Highland,2021,Rabi,Soybean,19.47,30.75,161.58,69.85,14.04,6.5,0.637,183.2,13.7,256.2,2239.78
AGR_Sou_2019_02236,South_Zone,Karnataka_Deccan,2019,Rabi,Soybean,21.41,29.19,,63.2,12.88,7.07,0.776,184.1,15.7,149.0,3118.19
AGR_Sou_2020_02237,South_Zone,Kerala_Highland,2020,Zaid,Cotton,26.8,35.93,104.77,49.24,11.47,6.94,0.497,143.8,24.3,220.6,1944.41
AGR_Sou_2018_02238,South_Zone,AP_Coastal,2018,Rabi,Rice,22.24,32.55,162.38,72.35,10.17,6.19,0.2,130.0,27.7,204.0,3796.79
AGR_Sou_2021_02239,South_Zone,TN_Delta,2021,Rabi,Cotton,24.99,34.76,237.94,41.91,13.48,7.26,0.573,259.2,18.1,148.3,2723.15
AGR_Sou_2021_02240,South_Zone,Karnataka_Deccan,2021,Rabi,Wheat,22.47,30.07,137.06,54.66,14.65,6.77,0.598,178.2,23.0,278.2,3997.1
AGR_Sou_2020_02241,South_Zone,Kerala_Highland,2020,Rabi,Wheat,20.82,,224.28,50.42,12.22,6.02,0.702,174.8,22.8,225.0,3971.61
AGR_Sou_2020_02242,South_Zone,AP_Coastal,2020,Rabi,Pulses,23.29,32.57,97.89,52.97,11.76,7.18,0.779,165.8,14.8,285.0,1525.2
AGR_Sou_2021_02243,South_Zone,Kerala_Highland,2021,Rabi,Rice,24.26,32.62,97.39,65.55,10.89,7.63,0.798,175.4,25.8,232.0,4486.98
AGR_Sou_2020_02244,South_Zone,TN_Delta,2020,Kharif,Rice,,32.94,705.63,,10.0,6.46,0.617,206.6,26.5,237.7,5542.85
AGR_Sou_2019_02245,South_Zone,Karnataka_Deccan,2019,Rabi,Soybean,20.66,31.58,234.78,61.42,13.99,5.61,0.685,262.1,19.4,227.7,2947.18
AGR_Sou_2018_02246,South_Zone,AP_Coastal,2018,Rabi,Wheat,21.69,28.96,196.23,61.66,10.32,7.04,0.836,247.9,28.5,230.4,4650.48
AGR_Sou_2021_02247,South_Zone,TN_Delta,2021,Rabi,Cotton,,35.74,183.62,52.36,10.0,7.28,0.2,192.2,28.8,126.8,2297.21
AGR_Sou_2023_02248,South_Zone,AP_Coastal,2023,Kharif,Maize,26.18,35.48,768.52,91.9,10.15,6.88,0.759,159.2,16.7,233.1,4336.34
AGR_Sou_2022_02249,South_Zone,Kerala_Highland,2022,Rabi,Maize,19.88,31.14,200.84,43.25,13.15,6.26,0.316,128.6,25.2,194.9,2845.28
AGR_Sou_2019_02250,South_Zone,AP_Coastal,2019,Rabi,Soybean,22.51,33.58,261.56,48.79,15.71,5.37,0.501,185.4,21.6,256.3,2609.4
AGR_Sou_2023_02251,South_Zone,AP_Coastal,2023,Zaid,Wheat,31.05,39.56,95.3,48.32,13.35,6.17,1.007,139.8,21.2,198.3,4202.44
AGR_Sou_2023_02252,South_Zone,AP_Coastal,2023,Kharif,Rice,25.71,38.36,770.63,94.79,10.0,5.49,0.453,198.9,18.9,187.5,5054.06
AGR_Sou_2019_02253,South_Zone,Karnataka_Deccan,2019,Rabi,Maize,22.1,30.56,,52.74,11.81,7.16,0.694,153.5,23.3,210.9,3554.72
AGR_Sou_2018_02254,South_Zone,Karnataka_Deccan,2018,Kharif,Cotton,27.11,34.77,1512.8,95.0,11.7,7.5,0.672,166.6,20.4,204.2,3124.36
AGR_Sou_2023_02255,South_Zone,Kerala_Highland,2023,Kharif,Cotton,25.29,37.58,1541.28,95.0,10.0,5.99,0.772,154.7,23.1,185.1,3087.53
AGR_Sou_2018_02256,South_Zone,Karnataka_Deccan,2018,Kharif,Soybean,26.53,38.87,1344.44,95.0,10.33,6.54,0.543,231.5,28.5,245.3,3349.39
AGR_Sou_2023_02257,South_Zone,AP_Coastal,2023,Kharif,Soybean,24.65,,1034.95,86.15,10.0,6.35,0.722,191.8,21.4,241.1,3227.99
AGR_Sou_2019_02258,South_Zone,Karnataka_Deccan,2019,Kharif,Pulses,25.53,38.84,866.96,80.52,10.94,6.78,0.546,168.9,25.6,233.4,2278.68
AGR_Sou_2023_02259,South_Zone,AP_Coastal,2023,Rabi,Cotton,23.29,34.18,,36.98,12.3,6.22,0.926,123.8,13.8,207.0,2559.95
AGR_Sou_2020_02260,South_Zone,TN_Delta,2020,Rabi,Rice,21.24,32.93,182.39,,11.92,8.06,0.741,179.4,32.2,168.5,4518.65
AGR_Sou_2018_02261,South_Zone,Karnataka_Deccan,2018,Kharif,Pulses,24.3,34.61,1037.67,87.87,10.0,5.87,0.697,151.3,14.0,224.7,2121.98
AGR_Sou_2018_02262,South_Zone,AP_Coastal,2018,Kharif,Cotton,24.76,34.86,1133.95,95.0,12.29,6.83,0.55,191.7,10.1,242.1,2937.05
AGR_Sou_2023_02263,South_Zone,Kerala_Highland,2023,Kharif,Rice,24.67,34.0,1175.87,86.67,11.22,7.0,0.561,120.8,32.2,217.3,4832.85
AGR_Sou_2019_02264,South_Zone,Karnataka_Deccan,2019,Rabi,Soybean,18.86,30.75,160.68,45.9,11.98,6.88,0.715,169.5,15.7,313.4,2432.77
AGR_Sou_2019_02265,South_Zone,Kerala_Highland,2019,Kharif,Pulses,,40.87,1529.44,95.0,10.0,6.94,0.819,115.7,17.6,212.3,2286.24
AGR_Sou_2023_02266,South_Zone,TN_Delta,2023,Kharif,Wheat,26.4,33.95,1586.11,95.0,10.25,6.69,0.2,189.7,13.0,240.4,4233.25
AGR_Sou_2018_02267,South_Zone,Karnataka_Deccan,2018,Zaid,Pulses,27.56,40.21,,55.53,10.89,6.14,0.753,160.2,34.4,208.5,1476.65
AGR_Sou_2019_02268,South_Zone,AP_Coastal,2019,Zaid,Rice,26.39,37.74,78.52,61.38,11.42,6.21,0.581,159.5,17.7,187.7,3931.21
AGR_Sou_2022_02269,South_Zone,Karnataka_Deccan,2022,Rabi,Soybean,24.49,34.39,102.26,50.57,16.47,6.58,0.532,197.1,23.1,138.0,2254.64
AGR_Sou_2019_02270,South_Zone,Karnataka_Deccan,2019,Rabi,Rice,19.96,27.82,199.02,52.33,10.94,5.59,0.614,160.7,16.9,234.8,4334.01
AGR_Sou_2019_02271,South_Zone,Kerala_Highland,2019,Rabi,Rice,21.8,33.39,194.33,63.66,11.56,6.52,0.549,170.5,19.7,182.3,4265.51
AGR_Sou_2019_02272,South_Zone,Karnataka_Deccan,2019,Kharif,Cotton,24.58,37.67,899.04,90.43,10.0,5.75,0.321,217.1,26.7,215.8,3105.57
AGR_Sou_2018_02273,South_Zone,TN_Delta,2018,Rabi,Wheat,21.61,32.97,258.93,55.31,10.17,5.47,0.479,191.2,29.4,277.7,4193.8
AGR_Sou_2018_02274,South_Zone,AP_Coastal,2018,Rabi,Cotton,23.42,32.99,158.12,54.24,10.47,6.24,0.798,166.9,16.8,168.0,2477.01
AGR_Sou_2023_02275,South_Zone,Kerala_Highland,2023,Kharif,Wheat,25.35,33.7,1028.01,70.96,12.77,5.7,0.882,192.2,26.1,212.8,5225.45
AGR_Sou_2022_02276,South_Zone,TN_Delta,2022,Rabi,Maize,22.27,36.19,169.53,61.4,10.36,6.8,0.713,113.0,28.3,302.0,3200.27
AGR_Sou_2022_02277,South_Zone,AP_Coastal,2022,Kharif,Rice,24.51,32.98,1488.79,95.0,10.0,7.78,0.737,280.0,27.9,213.4,5977.29
AGR_Sou_2022_02278,South_Zone,AP_Coastal,2022,Zaid,Wheat,29.64,38.65,104.93,40.88,13.84,5.84,0.488,150.0,17.1,245.2,3600.0
AGR_Sou_2018_02279,South_Zone,Kerala_Highland,2018,Zaid,Rice,29.21,38.87,109.16,51.87,16.12,6.25,0.771,119.5,15.7,244.6,4271.2
AGR_Sou_2022_02280,South_Zone,TN_Delta,2022,Kharif,Rice,28.72,38.75,1508.78,95.0,10.0,7.37,0.719,162.4,19.8,206.2,5304.7
AGR_Sou_2023_02281,South_Zone,AP_Coastal,2023,Zaid,Rice,,39.46,157.42,60.46,14.12,7.29,0.351,190.5,23.2,263.4,4466.41
AGR_Sou_2021_02282,South_Zone,Karnataka_Deccan,2021,Kharif,Cotton,,35.96,153.78,51.87,15.19,6.4,0.688,181.2,18.5,268.8,2382.49
AGR_Sou_2019_02283,South_Zone,Karnataka_Deccan,2019,Kharif,Rice,24.95,38.31,1572.01,95.0,10.0,6.27,0.521,182.4,24.2,188.0,4964.32
AGR_Sou_2023_02284,South_Zone,TN_Delta,2023,Rabi,Rice,23.79,35.13,156.36,52.2,11.45,7.23,0.624,223.0,28.0,221.0,4686.36
AGR_Sou_2019_02285,South_Zone,AP_Coastal,2019,Kharif,Maize,27.32,36.7,1507.56,92.79,10.0,6.61,0.323,151.4,23.4,273.8,3911.07
AGR_Sou_2019_02286,South_Zone,Kerala_Highland,2019,Rabi,Maize,20.21,31.75,195.82,59.9,10.35,5.65,0.538,179.7,12.6,153.4,3356.7
AGR_Sou_2020_02287,South_Zone,Kerala_Highland,2020,Kharif,Pulses,26.24,33.98,688.99,87.95,10.0,6.49,1.071,151.9,15.8,216.2,2267.74
AGR_Sou_2021_02288,South_Zone,Karnataka_Deccan,2021,Kharif,Pulses,23.4,30.88,327.49,55.85,10.0,7.08,0.54,190.3,25.7,227.4,2075.72
AGR_Sou_2023_02289,South_Zone,AP_Coastal,2023,Kharif,Soybean,27.86,37.22,968.78,75.1,11.01,6.72,0.353,132.7,20.4,192.3,3059.96
AGR_Sou_2018_02290,South_Zone,TN_Delta,2018,Kharif,Cotton,24.26,38.09,799.75,75.26,11.64,6.66,0.2,118.9,18.2,220.4,2474.74
AGR_Sou_2018_02291,South_Zone,Kerala_Highland,2018,Rabi,Wheat,24.05,38.0,294.41,48.17,11.96,5.88,0.519,178.9,17.7,149.1,4183.26
AGR_Sou_2020_02292,South_Zone,Karnataka_Deccan,2020,Kharif,Maize,26.61,38.35,1136.47,77.04,11.33,7.2,0.634,208.7,12.7,253.2,4139.29
AGR_Sou_2020_02293,South_Zone,Kerala_Highland,2020,Rabi,Soybean,24.93,,120.26,52.13,10.81,6.7,0.667,125.9,20.3,204.4,2433.56
AGR_Sou_2019_02294,South_Zone,Karnataka_Deccan,2019,Zaid,Rice,26.93,37.96,125.93,65.09,10.0,6.34,0.704,165.7,16.1,272.3,4600.46
AGR_Sou_2023_02295,South_Zone,TN_Delta,2023,Rabi,Pulses,21.98,33.04,303.91,63.98,14.38,7.02,0.552,193.4,22.0,114.1,2176.27
AGR_Sou_2018_02296,South_Zone,Karnataka_Deccan,2018,Rabi,Cotton,21.16,33.73,242.12,52.58,12.72,6.87,1.017,195.5,22.3,221.3,2853.4
AGR_Sou_2019_02297,South_Zone,AP_Coastal,2019,Rabi,Soybean,20.19,33.05,272.9,59.1,11.22,7.53,0.746,188.8,26.8,227.5,2860.21
AGR_Sou_2021_02298,South_Zone,Karnataka_Deccan,2021,Kharif,Rice,24.22,34.37,1207.85,91.02,10.0,6.42,0.503,211.2,20.3,203.0,5095.23
AGR_Sou_2023_02299,South_Zone,AP_Coastal,2023,Kharif,Soybean,24.97,32.96,1027.51,95.0,10.0,6.48,0.348,169.6,18.1,289.8,3196.37
AGR_Sou_2018_02300,South_Zone,TN_Delta,2018,Kharif,Wheat,26.2,39.58,393.17,61.98,10.89,6.56,0.815,188.4,26.3,222.5,4864.49
AGR_Sou_2022_02301,South_Zone,AP_Coastal,2022,Rabi,Maize,21.68,34.37,218.96,51.54,13.3,6.62,0.573,180.4,28.6,275.4,3487.32
AGR_Sou_2019_02302,South_Zone,AP_Coastal,2019,Kharif,Pulses,25.99,39.55,1236.81,95.0,10.02,6.49,0.279,90.0,27.8,259.1,1820.78
AGR_Sou_2022_02303,South_Zone,Karnataka_Deccan,2022,Rabi,Pulses,22.51,35.61,105.41,43.27,16.23,7.05,0.459,177.9,27.4,178.1,1560.35
AGR_Sou_2023_02304,South_Zone,Karnataka_Deccan,2023,Rabi,Rice,21.29,33.88,201.9,63.05,10.0,7.63,0.349,156.3,25.6,110.0,4111.26
AGR_Sou_2022_02305,South_Zone,AP_Coastal,2022,Kharif,Rice,25.04,36.5,918.15,84.64,11.51,6.68,1.016,153.8,23.0,201.9,5284.57
AGR_Sou_2018_02306,South_Zone,Kerala_Highland,2018,Rabi,Cotton,23.61,33.57,312.42,43.74,11.41,7.1,0.287,138.6,24.5,181.5,2449.59
AGR_Sou_2020_02307,South_Zone,Kerala_Highland,2020,Kharif,Soybean,26.54,36.6,964.9,84.44,10.81,7.44,0.67,167.1,22.6,161.7,3274.58
AGR_Sou_2021_02308,South_Zone,Kerala_Highland,2021,Kharif,Cotton,26.12,38.79,584.8,80.95,10.0,7.43,0.605,176.4,32.3,238.9,2789.69
AGR_Sou_2019_02309,South_Zone,Karnataka_Deccan,2019,Rabi,Maize,20.41,28.3,301.71,60.34,10.0,7.79,0.731,218.2,21.0,195.9,4003.37
AGR_Sou_2019_02310,South_Zone,TN_Delta,2019,Rabi,Wheat,23.26,,325.63,57.26,10.0,7.52,0.618,234.6,9.7,197.0,4644.92
AGR_Sou_2019_02311,South_Zone,AP_Coastal,2019,Kharif,Rice,23.59,36.78,1015.89,95.0,10.0,7.9,0.396,161.0,28.0,192.5,4880.04
AGR_Sou_2018_02312,South_Zone,Kerala_Highland,2018,Kharif,Wheat,25.65,36.44,1133.07,95.0,10.14,7.44,0.612,197.7,15.2,211.6,4656.78
AGR_Sou_2021_02313,South_Zone,Kerala_Highland,2021,Kharif,Wheat,26.56,35.14,1101.43,95.0,10.0,6.01,0.352,207.7,24.1,194.1,4496.08
AGR_Sou_2022_02314,South_Zone,Kerala_Highland,2022,Zaid,Cotton,27.17,38.74,135.7,43.95,16.75,7.82,0.719,138.8,19.1,187.3,2097.27
AGR_Sou_2018_02315,South_Zone,AP_Coastal,2018,Rabi,Soybean,20.75,,261.36,71.53,10.93,6.04,0.556,119.4,23.8,272.4,2651.35
AGR_Sou_2019_02316,South_Zone,AP_Coastal,2019,Rabi,Wheat,23.63,34.89,,80.5,10.28,6.25,0.723,174.0,22.2,275.4,4613.96
AGR_Sou_2021_02317,South_Zone,Karnataka_Deccan,2021,Rabi,Pulses,21.87,31.48,441.6,73.7,10.0,7.03,0.734,216.0,18.9,200.5,2280.79
AGR_Sou_2021_02318,South_Zone,TN_Delta,2021,Kharif,Pulses,26.7,38.26,1248.03,85.58,10.43,6.71,0.456,143.0,20.2,228.9,2076.9
AGR_Sou_2019_02319,South_Zone,Kerala_Highland,2019,Zaid,Pulses,25.39,35.92,145.15,57.29,15.1,6.59,0.971,201.1,30.8,227.4,1955.25
AGR_Sou_2023_02320,South_Zone,TN_Delta,2023,Zaid,Rice,28.23,39.85,99.74,50.71,10.0,8.28,0.438,194.1,26.3,198.9,4051.48
AGR_Sou_2019_02321,South_Zone,Kerala_Highland,2019,Kharif,Maize,24.6,37.48,1004.03,83.33,10.0,5.88,0.654,195.3,22.1,226.2,4170.56
AGR_Sou_2018_02322,South_Zone,Karnataka_Deccan,2018,Rabi,Cotton,24.16,33.57,264.38,72.06,10.0,6.83,0.345,161.3,19.0,219.1,2335.49
AGR_Sou_2021_02323,South_Zone,Kerala_Highland,2021,Rabi,Pulses,21.89,,301.87,66.17,11.36,7.01,0.397,246.6,20.5,225.7,1828.17
AGR_Sou_2020_02324,South_Zone,TN_Delta,2020,Rabi,Cotton,22.02,31.79,348.76,42.46,14.26,5.47,0.478,226.3,27.3,242.3,2981.22
AGR_Sou_2018_02325,South_Zone,AP_Coastal,2018,Kharif,Pulses,25.73,33.64,1482.21,95.0,12.8,6.49,0.529,189.0,20.3,287.9,2354.25
AGR_Sou_2021_02326,South_Zone,AP_Coastal,2021,Kharif,Maize,28.75,38.97,922.4,95.0,10.0,6.24,0.603,146.2,25.6,165.7,4141.99
AGR_Sou_2023_02327,South_Zone,Kerala_Highland,2023,Rabi,Pulses,23.13,30.65,264.35,59.58,13.51,7.55,0.623,216.8,14.2,259.5,1853.55
AGR_Sou_2018_02328,South_Zone,AP_Coastal,2018,Rabi,Rice,21.74,31.39,214.47,55.4,10.48,6.49,0.772,210.7,24.7,262.4,5054.2
AGR_Sou_2019_02329,South_Zone,Kerala_Highland,2019,Rabi,Pulses,24.0,33.85,150.06,48.5,10.0,6.68,0.553,235.6,31.1,151.1,1852.74
AGR_Sou_2019_02330,South_Zone,AP_Coastal,2019,Rabi,Maize,20.92,33.9,290.68,70.42,10.0,7.06,0.559,200.5,16.9,197.5,3919.74
AGR_Sou_2021_02331,South_Zone,AP_Coastal,2021,Zaid,Rice,26.99,37.99,96.68,,13.51,6.33,0.348,174.1,16.6,192.7,3971.92
AGR_Sou_2018_02332,South_Zone,Kerala_Highland,2018,Kharif,Pulses,26.67,35.22,440.53,,11.46,7.18,0.462,205.5,17.2,188.5,2487.86
AGR_Sou_2020_02333,South_Zone,AP_Coastal,2020,Kharif,Soybean,,,1160.08,68.96,14.51,8.31,0.634,162.9,21.0,133.4,2953.1
AGR_Sou_2023_02334,South_Zone,TN_Delta,2023,Kharif,Pulses,27.54,38.04,532.12,87.23,11.43,7.15,0.551,186.7,22.4,231.2,2143.89
AGR_Sou_2021_02335,South_Zone,Karnataka_Deccan,2021,Kharif,Rice,23.19,31.53,1073.07,93.06,10.0,6.03,0.563,185.6,27.1,110.0,4864.16
AGR_Sou_2020_02336,South_Zone,TN_Delta,2020,Rabi,Soybean,21.81,30.82,218.92,,10.0,7.33,0.764,144.4,13.4,180.4,2451.57
AGR_Sou_2022_02337,South_Zone,TN_Delta,2022,Zaid,Pulses,29.6,38.74,108.6,41.54,12.64,5.95,0.507,224.7,15.5,277.0,1546.14
AGR_Sou_2018_02338,South_Zone,Karnataka_Deccan,2018,Rabi,Rice,19.91,29.87,214.04,63.12,10.82,6.62,0.525,211.4,16.7,167.0,4656.68
AGR_Sou_2020_02339,South_Zone,AP_Coastal,2020,Kharif,Pulses,23.97,35.26,760.16,72.47,11.92,6.95,0.568,205.8,28.0,117.7,2613.04
AGR_Sou_2020_02340,South_Zone,Karnataka_Deccan,2020,Rabi,Pulses,20.86,31.94,191.95,60.74,12.51,7.05,0.473,191.5,25.6,267.5,1414.65
AGR_Sou_2023_02341,South_Zone,AP_Coastal,2023,Rabi,Maize,21.05,34.1,126.5,48.45,13.13,6.99,0.493,185.6,24.4,175.1,3248.45
AGR_Sou_2021_02342,South_Zone,Kerala_Highland,2021,Kharif,Soybean,24.12,34.04,1091.78,92.68,10.0,7.16,0.672,171.1,22.7,278.4,3267.77
AGR_Sou_2023_02343,South_Zone,Kerala_Highland,2023,Kharif,Rice,,36.75,1856.28,95.0,10.0,7.45,0.701,228.3,16.5,181.8,4963.22
AGR_Sou_2021_02344,South_Zone,Karnataka_Deccan,2021,Rabi,Maize,22.7,35.06,240.74,56.07,13.98,6.52,1.013,188.3,29.4,250.0,4406.66
AGR_Sou_2021_02345,South_Zone,AP_Coastal,2021,Kharif,Soybean,27.06,38.83,952.42,78.73,10.27,6.77,0.46,202.5,27.2,110.0,3330.44
AGR_Sou_2021_02346,South_Zone,Karnataka_Deccan,2021,Rabi,Cotton,20.97,33.0,212.85,66.65,11.99,6.83,0.47,201.5,15.8,204.7,2690.37
AGR_Sou_2023_02347,South_Zone,AP_Coastal,2023,Kharif,Rice,26.39,33.99,963.0,63.37,10.0,6.72,0.742,182.7,17.4,169.5,5572.73
AGR_Sou_2020_02348,South_Zone,Karnataka_Deccan,2020,Kharif,Rice,25.5,32.52,747.27,82.17,10.0,7.16,0.487,187.1,21.4,151.0,5093.22
AGR_Sou_2020_02349,South_Zone,Karnataka_Deccan,2020,Rabi,Cotton,25.67,34.76,254.15,,14.45,7.57,0.655,195.2,22.7,238.8,3085.69
AGR_Sou_2019_02350,South_Zone,TN_Delta,2019,Kharif,Soybean,26.72,38.77,534.39,66.28,11.84,6.93,0.761,163.5,26.0,174.8,3154.78
AGR_Sou_2023_02351,South_Zone,AP_Coastal,2023,Kharif,Cotton,25.39,35.97,887.2,76.67,11.29,6.56,0.534,123.0,20.5,240.0,3042.59
AGR_Sou_2018_02352,South_Zone,Karnataka_Deccan,2018,Rabi,Rice,19.8,30.58,235.99,75.9,12.22,6.45,0.57,215.9,23.6,135.7,4775.42
AGR_Sou_2022_02353,South_Zone,AP_Coastal,2022,Rabi,Cotton,,31.76,253.68,49.48,13.22,6.97,0.565,134.4,16.8,204.1,2147.3
AGR_Sou_2019_02354,South_Zone,AP_Coastal,2019,Kharif,Wheat,24.0,33.24,1192.19,95.0,10.0,5.88,0.45,165.3,25.3,144.4,4711.21
AGR_Sou_2022_02355,South_Zone,Karnataka_Deccan,2022,Kharif,Pulses,26.24,,1298.01,95.0,10.27,6.17,0.593,132.9,21.9,191.0,2162.38
AGR_Sou_2023_02356,South_Zone,AP_Coastal,2023,Rabi,Soybean,22.58,35.89,149.66,67.91,11.22,7.09,0.718,171.2,11.5,160.4,2936.86
AGR_Sou_2019_02357,South_Zone,AP_Coastal,2019,Rabi,Rice,21.92,28.93,222.89,52.3,13.91,7.38,0.315,197.1,15.5,165.5,4454.82
AGR_Sou_2018_02358,South_Zone,TN_Delta,2018,Kharif,Cotton,26.27,37.51,1120.43,95.0,10.0,6.03,0.781,228.8,26.1,241.9,3312.2
AGR_Sou_2023_02359,South_Zone,AP_Coastal,2023,Zaid,Soybean,29.69,42.24,96.56,30.0,12.47,6.75,0.676,194.4,25.6,177.6,2389.11
AGR_Sou_2019_02360,South_Zone,Karnataka_Deccan,2019,Kharif,Wheat,,38.74,902.16,74.52,12.84,6.56,0.651,174.3,22.7,200.0,4695.19
AGR_Sou_2022_02361,South_Zone,Kerala_Highland,2022,Zaid,Rice,28.67,37.02,140.57,57.38,12.64,7.43,0.663,144.8,20.1,178.2,4034.84
AGR_Sou_2020_02362,South_Zone,AP_Coastal,2020,Rabi,Soybean,22.04,31.01,256.99,36.31,18.65,5.65,0.347,200.9,26.6,270.4,2913.86
AGR_Sou_2022_02363,South_Zone,TN_Delta,2022,Kharif,Soybean,26.36,33.41,1017.62,90.66,10.0,7.29,0.502,224.5,20.9,306.6,3108.2
AGR_Sou_2020_02364,South_Zone,Karnataka_Deccan,2020,Kharif,Maize,24.59,36.95,1041.96,59.13,12.43,5.79,0.724,209.1,8.3,223.5,4425.98
AGR_Sou_2021_02365,South_Zone,AP_Coastal,2021,Rabi,Soybean,21.63,30.71,229.37,54.89,10.0,6.54,0.987,163.1,26.1,194.8,2742.78
AGR_Sou_2020_02366,South_Zone,Karnataka_Deccan,2020,Kharif,Wheat,27.53,41.26,1313.3,95.0,10.0,6.31,0.721,117.9,27.2,208.9,4082.84
AGR_Sou_2018_02367,South_Zone,AP_Coastal,2018,Zaid,Wheat,25.62,37.48,80.58,30.0,14.0,6.37,0.737,147.4,31.4,219.5,3753.21
AGR_Sou_2022_02368,South_Zone,AP_Coastal,2022,Rabi,Maize,24.28,37.13,337.41,51.35,11.83,6.88,0.766,159.0,25.4,163.9,3998.57
AGR_Sou_2023_02369,South_Zone,AP_Coastal,2023,Kharif,Pulses,24.21,31.37,1115.39,66.81,10.48,6.92,0.491,170.0,19.4,268.6,2147.35
AGR_Sou_2021_02370,South_Zone,Kerala_Highland,2021,Kharif,Maize,25.42,34.1,826.89,92.45,10.0,6.76,0.699,199.9,24.2,249.7,4103.95
AGR_Sou_2022_02371,South_Zone,Karnataka_Deccan,2022,Zaid,Rice,28.91,38.78,,45.98,13.12,7.49,0.512,165.7,16.2,184.0,4157.43
AGR_Sou_2018_02372,South_Zone,AP_Coastal,2018,Rabi,Pulses,23.49,35.99,252.7,59.68,10.0,6.58,0.317,195.9,16.7,114.4,1952.52
AGR_Sou_2018_02373,South_Zone,Karnataka_Deccan,2018,Kharif,Soybean,24.48,32.68,1558.71,95.0,10.0,6.49,0.593,159.0,28.7,167.1,3003.98
AGR_Sou_2018_02374,South_Zone,Kerala_Highland,2018,Rabi,Wheat,20.92,30.61,268.75,,11.31,7.36,0.727,234.2,28.7,197.7,4667.57
AGR_Sou_2022_02375,South_Zone,AP_Coastal,2022,Rabi,Wheat,23.4,36.44,250.74,50.52,12.27,7.11,0.357,138.0,42.8,188.9,3754.64
AGR_Sou_2018_02376,South_Zone,AP_Coastal,2018,Kharif,Soybean,25.97,33.65,1187.45,95.0,10.89,7.1,0.612,177.4,21.8,175.2,3407.33
AGR_Sou_2021_02377,South_Zone,AP_Coastal,2021,Rabi,Maize,21.48,34.53,132.94,59.11,10.63,6.76,0.448,172.1,22.7,237.2,3243.85
AGR_Sou_2021_02378,South_Zone,TN_Delta,2021,Kharif,Maize,28.12,41.85,1342.85,95.0,11.82,6.44,0.441,180.7,28.3,120.3,3834.37
AGR_Sou_2022_02379,South_Zone,AP_Coastal,2022,Kharif,Soybean,26.37,34.87,867.24,71.98,11.39,8.5,0.458,236.9,21.4,246.8,3605.96
AGR_Sou_2019_02380,South_Zone,AP_Coastal,2019,Kharif,Cotton,27.58,34.99,1292.91,95.0,14.29,7.01,0.835,211.1,11.2,164.7,3437.3
AGR_Sou_2023_02381,South_Zone,Karnataka_Deccan,2023,Rabi,Maize,21.7,30.4,139.03,61.07,11.39,6.4,0.356,152.7,22.2,205.9,3237.72
AGR_Sou_2020_02382,South_Zone,AP_Coastal,2020,Kharif,Pulses,27.09,35.05,1234.07,95.0,10.0,6.65,0.901,148.0,38.1,317.9,2502.47
AGR_Sou_2018_02383,South_Zone,TN_Delta,2018,Kharif,Wheat,28.45,37.56,955.66,74.65,10.95,6.48,0.72,145.5,13.0,236.1,4524.26
AGR_Sou_2022_02384,South_Zone,Kerala_Highland,2022,Kharif,Rice,25.7,38.91,1128.65,95.0,10.96,6.53,0.6,191.3,17.3,182.3,5079.47
AGR_Sou_2020_02385,South_Zone,AP_Coastal,2020,Kharif,Rice,,40.34,1267.28,84.33,10.22,7.15,0.415,170.2,36.2,242.9,4908.77
AGR_Sou_2023_02386,South_Zone,Karnataka_Deccan,2023,Rabi,Wheat,19.88,27.21,277.57,54.94,12.79,8.04,0.422,180.1,22.6,206.0,3648.15
AGR_Sou_2022_02387,South_Zone,Karnataka_Deccan,2022,Rabi,Rice,21.93,28.96,39.0,60.19,14.54,5.96,0.445,160.0,11.5,256.6,3978.72
AGR_Sou_2019_02388,South_Zone,Karnataka_Deccan,2019,Kharif,Cotton,24.98,37.69,1231.06,86.29,10.0,6.62,0.534,197.5,23.5,239.3,2890.68
AGR_Sou_2021_02389,South_Zone,AP_Coastal,2021,Zaid,Cotton,28.0,38.66,106.87,62.79,13.36,7.06,0.546,204.6,14.4,157.3,2213.22
AGR_Sou_2022_02390,South_Zone,AP_Coastal,2022,Kharif,Maize,27.62,38.31,1128.68,95.0,10.0,7.19,0.371,173.1,22.2,168.6,3935.09
AGR_Sou_2020_02391,South_Zone,Kerala_Highland,2020,Kharif,Wheat,29.3,36.93,1341.49,95.0,10.0,6.19,0.496,233.5,26.5,173.9,5089.39
AGR_Sou_2022_02392,South_Zone,Kerala_Highland,2022,Kharif,Wheat,25.7,39.27,961.07,81.14,10.53,6.54,0.669,186.4,23.5,254.1,4683.54
AGR_Sou_2018_02393,South_Zone,Kerala_Highland,2018,Kharif,Pulses,27.55,36.1,1756.14,95.0,10.0,7.3,0.466,199.7,21.9,267.7,2312.58
AGR_Sou_2023_02394,South_Zone,TN_Delta,2023,Kharif,Maize,28.07,40.74,919.98,72.38,13.74,6.91,0.552,128.2,13.2,182.8,3639.91
AGR_Sou_2019_02395,South_Zone,AP_Coastal,2019,Kharif,Soybean,25.63,37.17,1108.32,89.95,10.0,6.68,0.58,218.4,21.9,116.6,3424.42
AGR_Sou_2020_02396,South_Zone,AP_Coastal,2020,Kharif,Wheat,25.57,32.75,1926.38,95.0,10.0,6.14,0.681,244.9,21.3,189.9,4513.45
AGR_Sou_2022_02397,South_Zone,Karnataka_Deccan,2022,Kharif,Soybean,24.41,33.12,1533.2,88.81,10.0,7.26,0.414,237.6,31.7,268.0,3221.52
AGR_Sou_2018_02398,South_Zone,Karnataka_Deccan,2018,Rabi,Wheat,19.27,31.62,272.15,73.82,10.0,7.58,0.517,191.3,16.0,225.3,4321.61
AGR_Sou_2018_02399,South_Zone,TN_Delta,2018,Rabi,Soybean,24.49,38.16,,66.78,16.21,7.56,0.653,198.1,18.2,232.9,2780.66
AGR_Sou_2020_02400,South_Zone,AP_Coastal,2020,Kharif,Cotton,,36.42,644.12,89.54,10.0,6.7,0.952,97.1,14.6,252.4,2700.18
AGR_Sou_2019_02401,South_Zone,Karnataka_Deccan,2019,Rabi,Pulses,21.44,31.53,220.42,61.22,10.98,6.44,0.2,211.0,15.7,237.7,1855.48
AGR_Sou_2019_02402,South_Zone,Kerala_Highland,2019,Kharif,Cotton,23.18,31.23,1189.06,84.79,11.62,6.33,1.154,206.1,19.1,237.2,3436.1
AGR_Sou_2023_02403,South_Zone,TN_Delta,2023,Rabi,Cotton,22.71,36.65,78.73,72.39,10.0,6.33,0.584,225.6,22.2,206.8,2178.23
AGR_Sou_2019_02404,South_Zone,AP_Coastal,2019,Rabi,Wheat,25.21,36.09,133.62,51.38,10.0,6.57,0.626,209.9,23.3,231.7,4141.62
AGR_Sou_2019_02405,South_Zone,AP_Coastal,2019,Rabi,Maize,21.94,29.48,318.71,,10.0,6.32,0.561,214.7,24.3,215.8,3819.87
AGR_Sou_2021_02406,South_Zone,AP_Coastal,2021,Rabi,Rice,19.32,,210.38,53.28,13.22,6.29,0.549,177.7,30.9,252.9,4767.29
AGR_Sou_2023_02407,South_Zone,AP_Coastal,2023,Kharif,Cotton,23.5,,1641.31,95.0,10.0,7.26,0.447,152.6,25.1,144.2,2517.9
AGR_Sou_2018_02408,South_Zone,Kerala_Highland,2018,Kharif,Wheat,26.11,36.95,,75.95,11.0,6.76,0.378,237.7,25.1,252.3,4571.04
AGR_Sou_2023_02409,South_Zone,Karnataka_Deccan,2023,Rabi,Rice,19.45,30.01,202.42,55.84,12.8,6.47,0.71,181.8,24.1,199.3,4591.39
AGR_Sou_2018_02410,South_Zone,Kerala_Highland,2018,Rabi,Maize,22.21,30.56,206.37,46.61,14.03,8.01,0.633,165.0,14.8,218.6,3425.12
AGR_Sou_2022_02411,South_Zone,TN_Delta,2022,Kharif,Cotton,26.72,35.92,1130.58,89.03,10.0,7.16,0.471,128.1,23.2,260.3,2751.08
AGR_Sou_2019_02412,South_Zone,Karnataka_Deccan,2019,Kharif,Rice,26.42,35.69,1443.36,95.0,10.0,7.01,0.415,159.1,14.1,222.1,4818.16
AGR_Sou_2019_02413,South_Zone,Karnataka_Deccan,2019,Kharif,Cotton,25.19,32.36,1538.64,95.0,10.0,6.97,0.477,176.4,28.8,210.2,2812.58
AGR_Sou_2021_02414,South_Zone,Kerala_Highland,2021,Kharif,Pulses,25.12,32.96,1889.42,95.0,10.0,6.73,0.687,141.6,20.8,265.0,1883.04
AGR_Sou_2023_02415,South_Zone,Karnataka_Deccan,2023,Kharif,Cotton,30.31,39.78,765.24,71.29,14.91,5.75,0.713,240.8,19.1,215.6,3163.3
AGR_Sou_2020_02416,South_Zone,Karnataka_Deccan,2020,Kharif,Wheat,22.3,34.51,275.47,42.52,18.12,6.73,0.86,171.0,25.3,179.2,4449.77
AGR_Sou_2023_02417,South_Zone,Kerala_Highland,2023,Zaid,Wheat,28.26,39.34,91.42,55.28,14.47,6.39,0.48,205.9,25.1,272.8,3812.93
AGR_Sou_2019_02418,South_Zone,Karnataka_Deccan,2019,Kharif,Cotton,26.71,34.05,999.53,85.8,10.0,7.55,0.751,146.7,15.8,144.7,3012.79
AGR_Sou_2018_02419,South_Zone,AP_Coastal,2018,Rabi,Pulses,22.82,35.26,215.2,66.74,10.05,6.92,0.69,140.6,22.2,167.8,1867.38
AGR_Sou_2020_02420,South_Zone,TN_Delta,2020,Rabi,Rice,20.98,34.24,242.99,51.58,13.21,7.54,0.684,165.2,29.7,286.1,4659.47
AGR_Sou_2022_02421,South_Zone,Kerala_Highland,2022,Rabi,Soybean,20.16,33.98,327.88,47.4,11.09,5.87,0.67,200.7,15.6,181.2,3097.6
AGR_Sou_2020_02422,South_Zone,TN_Delta,2020,Rabi,Soybean,21.32,31.43,238.87,55.46,11.92,6.36,0.589,185.1,15.0,165.2,2961.92
AGR_Sou_2022_02423,South_Zone,TN_Delta,2022,Rabi,Cotton,23.99,37.34,,66.98,12.03,6.52,0.693,178.1,24.7,192.7,2531.07
AGR_Sou_2022_02424,South_Zone,Kerala_Highland,2022,Kharif,Wheat,28.83,38.06,1107.04,95.0,10.0,7.05,0.555,180.5,26.5,324.5,4760.43
AGR_Sou_2022_02425,South_Zone,AP_Coastal,2022,Rabi,Wheat,25.24,32.38,387.04,61.8,13.21,6.62,0.775,137.9,8.6,155.5,4573.88
AGR_Sou_2019_02426,South_Zone,TN_Delta,2019,Kharif,Soybean,27.98,39.86,1499.58,95.0,10.0,7.55,0.589,192.8,8.0,289.2,3400.05
AGR_Sou_2022_02427,South_Zone,Karnataka_Deccan,2022,Kharif,Soybean,26.35,34.11,1346.41,82.46,11.36,6.35,0.543,147.1,28.1,228.6,3022.07
AGR_Sou_2022_02428,South_Zone,TN_Delta,2022,Zaid,Rice,28.75,38.81,133.28,36.73,11.44,6.88,0.5,202.7,26.7,128.0,4603.78
AGR_Sou_2022_02429,South_Zone,Karnataka_Deccan,2022,Rabi,Cotton,21.33,34.46,270.96,68.15,10.0,6.69,0.937,169.5,22.5,177.1,2651.93
AGR_Sou_2019_02430,South_Zone,Karnataka_Deccan,2019,Kharif,Pulses,27.27,39.49,957.95,93.31,10.0,6.62,0.685,115.3,31.9,215.2,1938.97
AGR_Sou_2022_02431,South_Zone,Karnataka_Deccan,2022,Kharif,Maize,28.98,41.21,1704.1,95.0,10.0,7.92,0.696,200.5,31.6,191.4,3921.0
AGR_Sou_2018_02432,South_Zone,Karnataka_Deccan,2018,Rabi,Pulses,19.78,33.59,351.56,57.53,14.67,7.1,0.529,225.6,34.6,159.7,2112.6
AGR_Sou_2020_02433,South_Zone,AP_Coastal,2020,Rabi,Soybean,20.85,33.14,215.01,48.71,10.58,6.03,0.833,203.2,24.5,164.1,2991.25
AGR_Sou_2023_02434,South_Zone,Karnataka_Deccan,2023,Kharif,Pulses,26.8,39.24,1188.93,92.49,10.0,6.59,0.597,178.1,26.3,217.4,2243.33
AGR_Sou_2021_02435,South_Zone,AP_Coastal,2021,Kharif,Soybean,29.57,37.0,742.69,74.21,10.0,6.3,0.608,232.8,21.2,154.6,3906.81
AGR_Sou_2020_02436,South_Zone,AP_Coastal,2020,Kharif,Soybean,25.21,35.13,1230.05,95.0,10.0,6.11,0.815,151.9,20.4,218.4,3308.88
AGR_Sou_2020_02437,South_Zone,AP_Coastal,2020,Kharif,Soybean,27.73,37.88,1024.17,79.58,11.98,6.93,0.522,156.7,22.2,275.7,3068.52
AGR_Sou_2019_02438,South_Zone,Kerala_Highland,2019,Rabi,Cotton,24.0,31.96,,61.81,12.13,6.56,0.45,173.0,18.7,260.0,2676.97
AGR_Sou_2022_02439,South_Zone,Karnataka_Deccan,2022,Kharif,Pulses,25.56,36.6,1344.72,94.9,10.0,6.18,0.712,144.2,19.6,242.7,1979.82
AGR_Sou_2020_02440,South_Zone,Karnataka_Deccan,2020,Kharif,Soybean,28.3,40.17,1332.37,95.0,10.0,7.09,0.602,198.6,8.1,277.5,3471.88
AGR_Sou_2023_02441,South_Zone,Karnataka_Deccan,2023,Rabi,Maize,23.74,33.51,157.25,55.12,13.13,7.3,0.572,156.8,27.1,223.1,3426.26
AGR_Sou_2018_02442,South_Zone,Kerala_Highland,2018,Rabi,Soybean,24.54,37.51,303.09,53.25,14.07,6.81,0.858,184.0,22.1,170.8,3289.08
AGR_Sou_2023_02443,South_Zone,TN_Delta,2023,Rabi,Wheat,21.33,30.62,290.68,68.38,10.0,7.35,0.376,176.6,18.4,195.8,4234.09
AGR_Sou_2019_02444,South_Zone,AP_Coastal,2019,Kharif,Rice,26.93,37.77,886.07,91.81,10.0,6.0,0.428,226.6,27.2,143.0,5176.06
AGR_Sou_2019_02445,South_Zone,Karnataka_Deccan,2019,Rabi,Cotton,22.79,30.58,193.76,,13.2,6.02,0.536,167.7,20.1,211.1,2361.97
AGR_Sou_2019_02446,South_Zone,Karnataka_Deccan,2019,Rabi,Maize,22.35,31.71,289.78,75.21,10.74,6.99,0.49,174.3,23.3,212.0,3732.55
AGR_Sou_2018_02447,South_Zone,Kerala_Highland,2018,Rabi,Cotton,21.13,29.92,290.64,59.02,13.8,7.4,0.665,146.3,29.0,208.8,2469.89
AGR_Sou_2022_02448,South_Zone,Kerala_Highland,2022,Kharif,Wheat,28.3,39.12,1786.12,,10.0,8.24,0.403,161.7,25.5,261.6,3960.6
AGR_Sou_2021_02449,South_Zone,AP_Coastal,2021,Rabi,Cotton,21.04,30.72,117.27,48.55,12.79,7.04,0.757,141.1,21.8,233.3,2253.88
AGR_Sou_2022_02450,South_Zone,Karnataka_Deccan,2022,Kharif,Rice,24.62,34.41,876.43,74.31,10.0,6.02,0.431,194.7,25.6,205.6,5097.66
AGR_Sou_2021_02451,South_Zone,Karnataka_Deccan,2021,Kharif,Soybean,23.34,36.93,1368.5,95.0,10.0,7.61,0.83,224.3,12.0,226.7,3706.22
AGR_Sou_2019_02452,South_Zone,TN_Delta,2019,Rabi,Cotton,19.47,28.51,163.73,62.37,12.32,6.53,0.781,188.5,33.1,130.0,2249.97
AGR_Sou_2021_02453,South_Zone,Kerala_Highland,2021,Kharif,Pulses,27.52,41.03,,75.64,11.56,7.31,0.769,165.0,19.2,209.8,1980.72
AGR_Sou_2021_02454,South_Zone,AP_Coastal,2021,Kharif,Pulses,27.98,38.77,1636.13,95.0,10.0,6.81,0.781,183.5,26.1,194.4,2377.85
AGR_Sou_2023_02455,South_Zone,Kerala_Highland,2023,Rabi,Pulses,20.06,28.34,,53.61,12.4,6.46,0.551,206.1,32.7,216.4,1625.32
AGR_Sou_2023_02456,South_Zone,Kerala_Highland,2023,Kharif,Cotton,26.25,38.48,650.17,82.74,10.09,6.17,0.649,162.4,15.3,206.5,3015.57
AGR_Sou_2020_02457,South_Zone,TN_Delta,2020,Kharif,Soybean,,31.42,607.58,61.82,14.1,6.38,0.662,232.3,22.5,203.7,3541.94
AGR_Sou_2022_02458,South_Zone,Kerala_Highland,2022,Zaid,Wheat,27.3,,71.48,51.9,10.24,6.25,0.87,188.3,23.4,242.3,4307.87
AGR_Sou_2023_02459,South_Zone,TN_Delta,2023,Rabi,Pulses,20.51,33.43,,57.95,12.55,5.79,0.647,202.8,23.5,177.4,1775.76
AGR_Sou_2022_02460,South_Zone,AP_Coastal,2022,Rabi,Pulses,22.47,36.17,248.66,63.41,10.0,6.43,0.656,156.2,16.4,162.2,2108.82
AGR_Sou_2020_02461,South_Zone,Kerala_Highland,2020,Kharif,Cotton,26.6,35.91,,95.0,10.0,6.65,0.513,209.2,27.3,292.1,3192.3
AGR_Sou_2021_02462,South_Zone,Kerala_Highland,2021,Rabi,Cotton,20.23,,214.6,64.7,11.17,7.4,0.486,222.0,21.9,149.7,2450.74
AGR_Sou_2018_02463,South_Zone,Karnataka_Deccan,2018,Rabi,Cotton,22.59,32.26,247.31,47.82,11.8,5.55,0.43,193.1,21.8,217.0,2538.32
AGR_Sou_2022_02464,South_Zone,Karnataka_Deccan,2022,Kharif,Wheat,24.27,,1079.69,84.78,10.0,7.97,0.618,202.2,25.1,252.6,4879.53
AGR_Sou_2018_02465,South_Zone,AP_Coastal,2018,Rabi,Pulses,24.74,32.54,214.37,54.12,12.18,7.04,0.704,172.9,17.0,292.5,1884.87
AGR_Sou_2023_02466,South_Zone,Kerala_Highland,2023,Kharif,Soybean,,36.97,1449.55,95.0,10.0,6.92,0.506,160.0,26.1,171.7,3300.17
AGR_Sou_2019_02467,South_Zone,Kerala_Highland,2019,Rabi,Rice,24.68,34.44,,50.71,11.49,7.04,0.253,162.7,24.7,192.2,4135.15
AGR_Sou_2022_02468,South_Zone,Karnataka_Deccan,2022,Rabi,Soybean,,35.47,156.96,57.78,10.0,6.5,0.704,208.7,16.2,197.8,2460.94
AGR_Sou_2021_02469,South_Zone,AP_Coastal,2021,Zaid,Soybean,28.09,37.54,110.4,62.68,10.0,7.08,0.256,180.9,19.7,191.2,2377.73
AGR_Sou_2020_02470,South_Zone,TN_Delta,2020,Kharif,Pulses,27.77,39.73,1306.63,81.42,10.0,7.25,0.539,209.9,24.3,213.4,2372.99
AGR_Sou_2022_02471,South_Zone,Kerala_Highland,2022,Kharif,Pulses,26.49,40.46,674.77,71.44,11.52,6.31,0.74,153.3,10.8,279.9,1881.54
AGR_Sou_2020_02472,South_Zone,AP_Coastal,2020,Kharif,Maize,27.6,38.37,1756.08,95.0,10.0,6.57,0.545,136.2,16.7,288.4,3550.4
AGR_Sou_2023_02473,South_Zone,TN_Delta,2023,Kharif,Maize,24.42,32.51,1035.42,84.45,10.6,6.37,0.86,214.4,15.2,166.0,4777.93
AGR_Sou_2020_02474,South_Zone,AP_Coastal,2020,Kharif,Wheat,,33.9,1132.91,95.0,10.0,6.9,0.531,184.1,31.8,204.2,4778.66
AGR_Sou_2020_02475,South_Zone,TN_Delta,2020,Zaid,Rice,25.91,36.69,130.89,75.34,11.3,7.07,0.408,159.4,25.1,194.2,4171.62
AGR_Sou_2023_02476,South_Zone,Kerala_Highland,2023,Rabi,Pulses,,34.9,267.11,55.97,14.04,8.47,0.632,172.1,31.1,173.9,1966.3
AGR_Sou_2019_02477,South_Zone,AP_Coastal,2019,Kharif,Cotton,24.42,35.59,1474.56,86.21,10.51,7.12,0.7,180.1,26.6,163.5,3045.09
AGR_Sou_2018_02478,South_Zone,AP_Coastal,2018,Kharif,Maize,28.64,38.1,1430.84,94.61,10.0,6.36,0.488,129.4,16.5,210.6,3856.27
AGR_Sou_2018_02479,South_Zone,TN_Delta,2018,Rabi,Pulses,23.26,35.32,212.14,53.77,10.99,6.59,0.893,222.5,26.4,259.6,1952.25
AGR_Sou_2020_02480,South_Zone,TN_Delta,2020,Kharif,Cotton,24.88,35.44,716.7,66.39,11.45,5.96,0.506,180.9,14.7,239.3,3149.38
AGR_Sou_2019_02481,South_Zone,Kerala_Highland,2019,Rabi,Soybean,22.06,30.99,,69.55,12.58,7.43,0.512,201.3,20.7,249.9,2790.58
AGR_Sou_2023_02482,South_Zone,TN_Delta,2023,Kharif,Rice,27.11,35.38,920.21,69.66,12.94,6.19,0.68,205.1,22.6,171.3,5293.17
AGR_Sou_2021_02483,South_Zone,Kerala_Highland,2021,Kharif,Soybean,24.8,37.02,1014.18,80.62,10.0,7.25,0.861,157.8,21.8,239.5,3364.4
AGR_Sou_2018_02484,South_Zone,Karnataka_Deccan,2018,Rabi,Cotton,24.18,37.67,241.98,63.7,13.27,6.64,0.615,148.2,29.5,313.3,2619.76
AGR_Sou_2018_02485,South_Zone,TN_Delta,2018,Rabi,Wheat,20.81,30.92,,54.48,15.0,6.4,0.661,197.8,19.2,241.0,4374.15
AGR_Sou_2018_02486,South_Zone,TN_Delta,2018,Kharif,Wheat,26.86,38.35,181.96,45.72,11.62,6.79,0.823,186.9,24.8,196.0,4358.33
AGR_Sou_2022_02487,South_Zone,Kerala_Highland,2022,Kharif,Rice,26.47,35.75,,95.0,10.0,7.29,0.685,150.8,14.4,180.4,5125.63
AGR_Sou_2021_02488,South_Zone,TN_Delta,2021,Kharif,Cotton,27.74,,977.0,,10.29,7.68,0.653,167.2,26.2,197.8,2609.54
AGR_Sou_2020_02489,South_Zone,TN_Delta,2020,Kharif,Maize,25.17,36.3,1124.68,95.0,10.0,7.75,0.478,177.8,21.4,191.4,4014.96
AGR_Sou_2021_02490,South_Zone,Karnataka_Deccan,2021,Rabi,Maize,,32.49,160.49,65.25,16.04,6.01,0.433,154.6,21.4,233.6,3264.25
AGR_Sou_2018_02491,South_Zone,AP_Coastal,2018,Kharif,Pulses,25.55,32.56,737.36,81.44,10.0,6.33,0.742,147.9,15.4,264.0,2444.2
AGR_Sou_2022_02492,South_Zone,AP_Coastal,2022,Kharif,Soybean,26.13,37.58,1175.76,,13.79,7.59,0.475,166.8,13.7,190.1,3119.01
AGR_Sou_2020_02493,South_Zone,Karnataka_Deccan,2020,Rabi,Maize,20.51,29.51,131.05,80.93,12.28,6.98,0.827,203.9,14.6,116.0,3411.41
AGR_Sou_2023_02494,South_Zone,AP_Coastal,2023,Kharif,Pulses,26.8,34.37,763.72,,10.81,6.64,0.62,126.8,19.6,223.9,2199.43
AGR_Sou_2018_02495,South_Zone,TN_Delta,2018,Kharif,Rice,27.54,38.66,1357.46,95.0,10.7,6.78,0.747,103.0,26.0,258.7,4684.86
AGR_Sou_2019_02496,South_Zone,AP_Coastal,2019,Rabi,Wheat,22.41,30.91,170.56,49.86,12.14,7.31,0.457,127.5,22.4,180.3,3378.82
AGR_Sou_2021_02497,South_Zone,Karnataka_Deccan,2021,Rabi,Soybean,21.57,28.97,207.71,44.53,12.16,8.5,0.557,128.7,13.2,143.3,2491.27
AGR_Sou_2019_02498,South_Zone,TN_Delta,2019,Rabi,Cotton,22.37,35.06,328.79,51.31,15.69,6.69,0.531,174.8,29.6,235.0,2922.06
AGR_Sou_2022_02499,South_Zone,Karnataka_Deccan,2022,Kharif,Pulses,24.29,36.0,,94.36,11.47,5.2,0.438,140.0,16.2,110.0,2189.77
AGR_Sou_2022_02500,South_Zone,AP_Coastal,2022,Kharif,Rice,26.91,35.31,804.65,89.72,10.0,5.79,0.662,177.4,28.2,229.5,5339.97
