Record_ID,Region,District,Year,Season,Crop,Temp_Min_C,Temp_Max_C,Rainfall_mm,Humidity_Pct,Solar_Rad_MJm2,Soil_pH,Organic_Carbon_Pct,Nitrogen_kg_ha,Phosphorus_kg_ha,Potassium_kg_ha,Crop_Yield_kg_ha
AGR_Cen_2018_00001,Central_Zone,CG_Plains,2018,Kharif,Maize,24.15,35.22,1122.49,87.64,11.99,7.41,0.668,227.7,22.4,170.8,4607.34
AGR_Cen_2023_00002,Central_Zone,UP_Bundelkhand,2023,Kharif,Cotton,23.27,37.21,867.2,68.49,10.0,7.21,0.505,105.3,16.2,199.9,2422.1
AGR_Cen_2021_00003,Central_Zone,MP_Narmada,2021,Rabi,Rice,19.11,28.67,172.01,62.15,10.86,6.64,0.433,156.3,22.6,193.3,3724.26
AGR_Cen_2023_00004,Central_Zone,JH_Plateau,2023,Rabi,Rice,19.16,30.9,,63.41,12.37,6.85,0.316,174.8,18.1,236.8,3919.19
AGR_Cen_2019_00005,Central_Zone,CG_Plains,2019,Kharif,Soybean,22.68,32.75,1147.86,87.76,12.2,7.43,0.498,152.5,18.3,223.6,3168.37
AGR_Cen_2018_00006,Central_Zone,CG_Plains,2018,Kharif,Pulses,22.04,32.3,694.07,81.43,10.07,7.16,0.297,177.1,9.7,210.8,2006.88
AGR_Cen_2023_00007,Central_Zone,MP_Narmada,2023,Kharif,Maize,22.81,36.59,632.43,60.58,10.0,6.69,0.984,130.3,8.1,256.0,4317.58
AGR_Cen_2023_00008,Central_Zone,JH_Plateau,2023,Rabi,Rice,19.18,28.33,216.3,53.48,10.05,6.57,0.257,97.3,15.8,281.5,3773.84
AGR_Cen_2022_00009,Central_Zone,MP_Narmada,2022,Rabi,Wheat,21.72,30.64,217.65,69.01,10.0,6.5,0.526,159.5,18.0,227.0,3993.48
AGR_Cen_2021_00010,Central_Zone,MP_Narmada,2021,Rabi,Pulses,18.58,26.1,251.15,66.27,11.49,6.77,0.378,112.0,28.8,196.8,1484.49
AGR_Cen_2021_00011,Central_Zone,CG_Plains,2021,Zaid,Wheat,,34.84,,59.48,13.77,7.2,0.624,179.7,20.6,209.0,4047.47
AGR_Cen_2023_00012,Central_Zone,JH_Plateau,2023,Rabi,Pulses,20.9,33.02,85.96,46.68,13.64,6.62,0.741,149.4,22.8,154.8,1262.4
AGR_Cen_2020_00013,Central_Zone,CG_Plains,2020,Zaid,Soybean,25.38,32.53,108.14,66.15,14.52,6.91,0.286,207.8,10.4,186.8,2627.99
AGR_Cen_2020_00014,Central_Zone,CG_Plains,2020,Kharif,Pulses,23.97,36.96,1111.25,86.59,10.1,7.14,0.561,161.7,28.3,236.8,2278.83
AGR_Cen_2019_00015,Central_Zone,MP_Narmada,2019,Kharif,Rice,25.96,33.07,978.01,71.57,15.84,7.19,0.682,174.0,22.8,167.4,5250.44
AGR_Cen_2023_00016,Central_Zone,MP_Narmada,2023,Rabi,Wheat,19.86,30.1,103.59,39.81,13.32,7.24,0.313,156.7,18.0,202.3,3030.97
AGR_Cen_2022_00017,Central_Zone,UP_Bundelkhand,2022,Kharif,Wheat,25.24,33.41,853.92,74.33,10.0,6.74,0.371,186.0,17.1,227.3,4555.42
AGR_Cen_2022_00018,Central_Zone,CG_Plains,2022,Rabi,Pulses,,,87.86,58.13,12.85,6.7,1.097,197.9,26.7,133.4,1580.5
AGR_Cen_2020_00019,Central_Zone,CG_Plains,2020,Kharif,Maize,24.95,35.63,1109.09,86.52,11.62,7.21,0.459,145.4,31.4,243.0,3848.08
AGR_Cen_2022_00020,Central_Zone,UP_Bundelkhand,2022,Kharif,Cotton,21.42,34.32,655.41,75.24,11.53,6.41,0.533,204.4,22.7,155.7,3226.87
AGR_Cen_2020_00021,Central_Zone,UP_Bundelkhand,2020,Kharif,Soybean,26.44,34.84,1161.71,71.97,11.31,5.93,0.748,202.3,23.7,131.8,3568.26
AGR_Cen_2022_00022,Central_Zone,MP_Narmada,2022,Kharif,Cotton,23.05,35.12,708.69,72.02,11.53,6.67,0.438,146.7,14.8,207.8,2969.99
AGR_Cen_2019_00023,Central_Zone,CG_Plains,2019,Rabi,Pulses,18.27,29.58,197.98,55.89,11.85,6.97,0.408,112.3,26.2,211.5,1360.46
AGR_Cen_2023_00024,Central_Zone,MP_Narmada,2023,Rabi,Maize,20.36,32.64,135.25,60.74,12.14,5.2,0.656,145.9,23.6,110.0,3185.64
AGR_Cen_2023_00025,Central_Zone,MP_Narmada,2023,Kharif,Pulses,23.95,37.02,1082.7,,10.61,7.99,0.843,208.2,25.0,194.0,2374.21
AGR_Cen_2018_00026,Central_Zone,CG_Plains,2018,Rabi,Rice,18.87,31.5,184.88,59.9,12.06,6.64,0.509,187.5,29.1,314.2,4246.44
AGR_Cen_2021_00027,Central_Zone,JH_Plateau,2021,Kharif,Wheat,21.51,30.21,1517.46,95.0,10.0,6.27,0.55,148.7,24.9,164.0,4250.7
AGR_Cen_2019_00028,Central_Zone,JH_Plateau,2019,Rabi,Wheat,,28.37,184.92,51.83,10.76,5.88,0.5,164.3,14.2,168.8,3655.81
AGR_Cen_2023_00029,Central_Zone,MP_Narmada,2023,Kharif,Rice,24.52,34.36,1344.62,93.8,12.23,7.31,0.332,122.0,28.3,214.3,4249.12
AGR_Cen_2022_00030,Central_Zone,CG_Plains,2022,Kharif,Pulses,23.06,36.86,556.99,60.39,12.66,6.59,0.285,166.2,22.3,164.6,2345.04
AGR_Cen_2023_00031,Central_Zone,CG_Plains,2023,Kharif,Wheat,22.51,32.43,815.9,77.86,10.99,7.04,0.909,203.3,10.9,247.9,5334.02
AGR_Cen_2020_00032,Central_Zone,CG_Plains,2020,Rabi,Rice,21.12,,188.93,,11.94,6.66,0.724,252.5,21.8,271.9,4980.91
AGR_Cen_2020_00033,Central_Zone,JH_Plateau,2020,Rabi,Soybean,,34.32,188.56,66.63,12.55,7.4,0.715,199.5,21.4,137.5,2896.8
AGR_Cen_2021_00034,Central_Zone,CG_Plains,2021,Kharif,Wheat,,38.14,1205.59,94.82,10.0,6.39,0.729,153.8,13.8,233.5,4599.93
AGR_Cen_2022_00035,Central_Zone,MP_Narmada,2022,Kharif,Wheat,23.62,31.51,1026.75,85.09,10.0,7.56,0.658,185.6,33.4,189.0,4535.42
AGR_Cen_2019_00036,Central_Zone,JH_Plateau,2019,Kharif,Soybean,23.17,32.69,,63.77,11.94,7.14,0.663,145.6,23.4,192.8,3068.54
AGR_Cen_2022_00037,Central_Zone,MP_Narmada,2022,Rabi,Wheat,18.58,29.79,242.28,50.5,10.31,6.42,0.665,165.2,24.7,166.6,4080.32
AGR_Cen_2021_00038,Central_Zone,CG_Plains,2021,Rabi,Rice,20.31,33.42,189.26,49.51,13.21,7.47,0.69,236.7,26.4,202.0,4969.59
AGR_Cen_2023_00039,Central_Zone,CG_Plains,2023,Rabi,Cotton,18.83,28.81,199.14,63.91,10.67,7.51,0.615,197.3,24.8,167.9,2369.76
AGR_Cen_2019_00040,Central_Zone,JH_Plateau,2019,Rabi,Pulses,22.52,33.28,280.01,70.07,12.48,6.42,0.566,158.4,18.8,279.6,1827.02
AGR_Cen_2023_00041,Central_Zone,MP_Narmada,2023,Rabi,Soybean,19.33,32.26,214.88,64.87,14.77,6.68,0.395,147.2,25.3,110.0,2450.96
AGR_Cen_2019_00042,Central_Zone,JH_Plateau,2019,Kharif,Soybean,22.97,30.56,711.23,82.41,11.51,6.24,0.574,160.6,20.6,196.5,3121.22
AGR_Cen_2018_00043,Central_Zone,MP_Narmada,2018,Kharif,Rice,23.93,34.03,624.67,61.45,12.57,7.14,0.749,170.9,20.7,246.7,5459.13
AGR_Cen_2023_00044,Central_Zone,CG_Plains,2023,Kharif,Wheat,24.52,36.65,1260.22,95.0,10.0,7.86,0.731,208.6,22.6,247.9,4871.96
AGR_Cen_2022_00045,Central_Zone,MP_Narmada,2022,Zaid,Cotton,26.02,37.31,50.52,51.65,13.87,7.07,0.494,100.4,32.0,203.5,2100.04
AGR_Cen_2018_00046,Central_Zone,MP_Narmada,2018,Rabi,Maize,19.16,26.77,128.18,47.95,11.9,7.57,0.519,199.4,30.3,298.6,3408.28
AGR_Cen_2022_00047,Central_Zone,MP_Narmada,2022,Kharif,Soybean,23.27,30.74,1017.6,75.69,10.0,7.8,0.799,213.6,23.0,178.2,3394.29
AGR_Cen_2021_00048,Central_Zone,MP_Narmada,2021,Zaid,Wheat,23.94,37.61,101.16,42.68,18.2,7.49,0.647,198.5,17.9,209.0,3873.51
AGR_Cen_2020_00049,Central_Zone,JH_Plateau,2020,Rabi,Wheat,22.33,,160.49,55.59,13.1,6.78,0.65,160.5,17.0,245.3,3718.5
AGR_Cen_2023_00050,Central_Zone,UP_Bundelkhand,2023,Kharif,Cotton,23.32,36.62,1525.77,95.0,10.0,6.51,0.691,176.2,20.8,147.0,3271.49
AGR_Cen_2020_00051,Central_Zone,CG_Plains,2020,Kharif,Maize,21.69,29.56,715.64,,10.27,6.6,0.682,157.0,35.6,184.0,3940.6
AGR_Cen_2023_00052,Central_Zone,UP_Bundelkhand,2023,Zaid,Soybean,25.15,33.99,88.27,53.55,11.57,7.2,0.659,156.5,18.9,253.2,2389.32
AGR_Cen_2023_00053,Central_Zone,MP_Narmada,2023,Zaid,Pulses,26.42,37.83,88.4,44.92,12.15,7.69,0.579,168.1,16.5,209.8,1557.52
AGR_Cen_2023_00054,Central_Zone,CG_Plains,2023,Kharif,Wheat,24.72,35.7,811.26,75.06,10.0,6.54,0.642,189.3,21.4,179.8,4816.57
AGR_Cen_2022_00055,Central_Zone,CG_Plains,2022,Kharif,Wheat,23.76,35.98,964.32,81.86,10.0,6.17,0.504,158.6,15.4,140.0,4500.93
AGR_Cen_2020_00056,Central_Zone,JH_Plateau,2020,Zaid,Wheat,26.33,,114.75,,12.54,6.67,0.47,157.5,17.3,268.2,3716.59
AGR_Cen_2020_00057,Central_Zone,UP_Bundelkhand,2020,Rabi,Cotton,21.64,34.85,178.31,,11.33,6.96,0.827,194.5,26.2,196.2,2478.3
AGR_Cen_2023_00058,Central_Zone,UP_Bundelkhand,2023,Rabi,Wheat,18.73,26.37,301.22,,12.73,5.83,0.816,134.6,16.2,207.0,3924.98
AGR_Cen_2021_00059,Central_Zone,JH_Plateau,2021,Kharif,Rice,25.62,39.17,1098.19,87.61,11.36,6.63,0.686,134.9,22.5,170.2,5040.23
AGR_Cen_2018_00060,Central_Zone,UP_Bundelkhand,2018,Kharif,Soybean,24.83,38.08,672.18,64.66,12.79,5.26,0.497,172.4,24.1,243.0,2894.85
AGR_Cen_2020_00061,Central_Zone,CG_Plains,2020,Kharif,Wheat,23.72,33.24,984.19,77.64,10.0,6.41,0.266,156.2,18.6,179.2,4082.14
AGR_Cen_2018_00062,Central_Zone,JH_Plateau,2018,Kharif,Maize,21.32,29.09,564.64,74.24,10.0,6.46,0.393,164.9,23.2,296.1,3655.23
AGR_Cen_2018_00063,Central_Zone,JH_Plateau,2018,Rabi,Pulses,20.07,33.02,205.34,62.07,11.15,7.04,0.389,148.1,20.5,185.7,1698.35
AGR_Cen_2023_00064,Central_Zone,JH_Plateau,2023,Rabi,Cotton,20.28,33.97,156.47,61.26,10.21,6.9,0.373,119.7,20.4,200.0,2109.93
AGR_Cen_2018_00065,Central_Zone,CG_Plains,2018,Kharif,Wheat,25.32,38.02,915.07,76.59,10.08,7.18,0.69,172.6,24.9,268.1,4787.57
AGR_Cen_2021_00066,Central_Zone,MP_Narmada,2021,Zaid,Rice,25.26,37.4,61.21,65.78,10.74,6.47,0.466,128.1,17.7,110.0,3923.96
AGR_Cen_2022_00067,Central_Zone,CG_Plains,2022,Kharif,Soybean,24.41,32.43,1051.64,77.83,10.0,7.39,0.404,202.1,26.4,219.8,3231.67
AGR_Cen_2019_00068,Central_Zone,CG_Plains,2019,Kharif,Maize,24.7,36.28,1419.58,92.29,10.0,7.23,0.508,147.5,24.8,246.1,3784.29
AGR_Cen_2023_00069,Central_Zone,CG_Plains,2023,Rabi,Maize,19.28,28.89,242.69,69.82,11.01,6.84,0.459,128.9,27.0,300.3,2970.14
AGR_Cen_2021_00070,Central_Zone,CG_Plains,2021,Rabi,Wheat,,31.68,270.92,64.66,11.76,6.36,0.803,154.3,22.9,203.8,4307.64
AGR_Cen_2021_00071,Central_Zone,CG_Plains,2021,Rabi,Soybean,19.55,28.15,144.28,50.74,16.07,6.48,0.697,254.3,15.1,141.8,2776.08
AGR_Cen_2023_00072,Central_Zone,CG_Plains,2023,Kharif,Wheat,24.26,37.28,1059.55,95.0,10.0,7.39,0.73,142.7,15.8,285.5,4477.1
AGR_Cen_2020_00073,Central_Zone,UP_Bundelkhand,2020,Kharif,Maize,24.05,37.26,1818.8,95.0,13.48,6.46,0.583,151.0,18.8,277.1,3686.8
AGR_Cen_2023_00074,Central_Zone,CG_Plains,2023,Kharif,Rice,24.67,38.59,544.99,69.64,13.63,7.08,0.763,216.4,19.5,211.1,5325.06
AGR_Cen_2022_00075,Central_Zone,UP_Bundelkhand,2022,Zaid,Maize,27.52,41.4,74.31,56.75,10.8,8.34,0.432,184.0,20.2,203.9,2995.7
AGR_Cen_2019_00076,Central_Zone,UP_Bundelkhand,2019,Rabi,Cotton,20.81,30.47,136.27,52.89,12.04,6.72,0.819,200.6,33.4,167.5,2371.48
AGR_Cen_2021_00077,Central_Zone,UP_Bundelkhand,2021,Rabi,Pulses,20.15,31.31,157.82,54.01,11.53,7.21,0.697,170.1,14.2,251.5,1872.2
AGR_Cen_2023_00078,Central_Zone,MP_Narmada,2023,Rabi,Wheat,17.3,30.75,134.92,71.13,12.85,6.36,0.604,213.1,30.5,275.0,4055.91
AGR_Cen_2022_00079,Central_Zone,MP_Narmada,2022,Rabi,Cotton,,27.26,114.96,67.12,11.19,5.27,0.317,167.7,12.3,251.7,2068.27
AGR_Cen_2020_00080,Central_Zone,CG_Plains,2020,Rabi,Soybean,19.83,31.72,160.39,40.74,14.08,7.44,0.768,200.9,33.4,147.0,2753.78
AGR_Cen_2023_00081,Central_Zone,JH_Plateau,2023,Kharif,Soybean,24.58,35.6,664.38,60.36,10.99,7.41,0.951,128.1,24.4,280.3,3290.15
AGR_Cen_2021_00082,Central_Zone,UP_Bundelkhand,2021,Kharif,Cotton,26.2,34.48,554.98,53.37,10.24,6.29,0.795,170.2,18.9,165.9,3046.92
AGR_Cen_2019_00083,Central_Zone,JH_Plateau,2019,Rabi,Cotton,18.26,25.91,276.63,60.59,14.99,6.42,0.527,203.7,26.7,232.6,2180.38
AGR_Cen_2018_00084,Central_Zone,JH_Plateau,2018,Rabi,Rice,19.52,27.01,137.3,39.97,15.78,7.43,0.48,264.6,26.0,237.8,4531.32
AGR_Cen_2022_00085,Central_Zone,JH_Plateau,2022,Kharif,Soybean,23.17,34.25,1298.77,88.17,10.0,6.53,0.768,141.5,18.4,228.9,3169.34
AGR_Cen_2023_00086,Central_Zone,MP_Narmada,2023,Kharif,Rice,22.33,33.5,1181.66,95.0,10.0,7.01,0.928,172.6,18.4,148.5,5427.71
AGR_Cen_2018_00087,Central_Zone,CG_Plains,2018,Kharif,Soybean,24.49,35.36,952.54,73.81,10.0,7.73,0.564,187.7,17.8,139.3,3074.45
AGR_Cen_2018_00088,Central_Zone,MP_Narmada,2018,Kharif,Wheat,,39.17,805.83,78.05,10.96,6.63,0.596,175.7,18.7,206.5,4591.7
AGR_Cen_2021_00089,Central_Zone,JH_Plateau,2021,Zaid,Maize,22.29,30.99,108.63,54.01,11.48,5.87,0.39,190.6,20.4,178.4,3149.47
AGR_Cen_2021_00090,Central_Zone,UP_Bundelkhand,2021,Kharif,Soybean,27.05,38.48,1344.52,90.71,10.0,6.64,0.579,204.2,24.6,208.3,3122.85
AGR_Cen_2019_00091,Central_Zone,MP_Narmada,2019,Kharif,Pulses,24.02,37.25,642.93,74.32,13.92,7.61,0.966,216.9,21.4,226.1,2428.14
AGR_Cen_2023_00092,Central_Zone,JH_Plateau,2023,Rabi,Maize,18.07,29.6,,55.01,10.0,6.09,0.574,170.6,16.7,226.2,3188.98
AGR_Cen_2020_00093,Central_Zone,UP_Bundelkhand,2020,Rabi,Cotton,21.55,31.38,219.79,56.92,10.0,6.67,0.458,211.0,32.6,227.3,2487.08
AGR_Cen_2022_00094,Central_Zone,JH_Plateau,2022,Kharif,Soybean,22.74,32.72,970.32,81.42,10.0,7.5,0.422,180.9,23.7,193.0,2904.07
AGR_Cen_2019_00095,Central_Zone,CG_Plains,2019,Kharif,Soybean,22.79,33.93,1013.73,86.87,10.0,8.05,0.451,90.0,21.5,245.9,2670.66
AGR_Cen_2022_00096,Central_Zone,UP_Bundelkhand,2022,Rabi,Wheat,23.51,32.0,143.69,50.07,14.67,6.79,0.462,175.8,14.3,280.2,3689.53
AGR_Cen_2019_00097,Central_Zone,UP_Bundelkhand,2019,Rabi,Rice,22.68,33.98,124.37,57.0,12.91,5.85,0.744,212.6,38.4,222.3,4635.18
AGR_Cen_2018_00098,Central_Zone,JH_Plateau,2018,Rabi,Rice,20.92,28.36,154.21,54.54,14.11,7.49,1.12,234.1,30.5,257.6,5287.72
AGR_Cen_2018_00099,Central_Zone,CG_Plains,2018,Rabi,Soybean,19.52,33.39,92.67,30.0,15.06,6.88,0.569,229.4,23.9,182.7,2442.18
AGR_Cen_2018_00100,Central_Zone,MP_Narmada,2018,Kharif,Soybean,22.74,35.53,744.43,66.71,13.71,7.18,0.595,210.5,24.5,246.4,3367.98
AGR_Cen_2021_00101,Central_Zone,CG_Plains,2021,Rabi,Pulses,19.96,29.16,179.99,40.32,18.01,6.3,0.505,174.1,16.1,231.5,1721.79
AGR_Cen_2021_00102,Central_Zone,CG_Plains,2021,Kharif,Soybean,26.02,37.29,1417.39,95.0,11.08,7.71,0.59,214.7,38.0,182.1,3298.56
AGR_Cen_2019_00103,Central_Zone,MP_Narmada,2019,Rabi,Wheat,21.34,,142.14,63.45,10.85,6.67,0.509,129.8,26.2,145.9,3766.86
AGR_Cen_2018_00104,Central_Zone,UP_Bundelkhand,2018,Rabi,Pulses,20.05,,83.58,39.51,11.77,7.25,0.223,162.0,22.9,318.2,1550.17
AGR_Cen_2023_00105,Central_Zone,MP_Narmada,2023,Kharif,Cotton,24.73,37.52,1491.45,95.0,10.0,6.26,0.556,153.5,27.1,316.4,2813.97
AGR_Cen_2018_00106,Central_Zone,CG_Plains,2018,Zaid,Rice,26.89,37.52,76.71,59.94,12.0,7.0,0.72,146.0,22.6,181.4,4199.28
AGR_Cen_2023_00107,Central_Zone,UP_Bundelkhand,2023,Rabi,Rice,21.83,33.02,203.97,66.68,10.46,6.26,0.68,216.7,8.0,199.6,4889.7
AGR_Cen_2020_00108,Central_Zone,MP_Narmada,2020,Kharif,Cotton,24.08,34.11,1074.05,,12.26,6.88,0.56,171.6,12.7,177.5,3047.63
AGR_Cen_2023_00109,Central_Zone,CG_Plains,2023,Kharif,Maize,22.64,34.9,1059.2,92.72,10.0,6.44,0.589,195.2,17.9,214.9,4207.83
AGR_Cen_2023_00110,Central_Zone,UP_Bundelkhand,2023,Rabi,Cotton,21.46,33.48,30.91,45.35,12.75,6.45,0.652,174.7,29.0,228.3,2030.97
AGR_Cen_2023_00111,Central_Zone,MP_Narmada,2023,Rabi,Pulses,17.33,,264.55,44.25,11.43,7.0,0.618,194.7,20.9,198.8,1529.34
AGR_Cen_2019_00112,Central_Zone,CG_Plains,2019,Rabi,Soybean,18.69,26.59,161.65,56.28,13.52,7.23,0.733,148.3,31.5,170.4,2327.16
AGR_Cen_2018_00113,Central_Zone,UP_Bundelkhand,2018,Rabi,Maize,18.97,32.91,253.83,71.6,13.36,7.35,0.479,186.7,23.8,214.8,3521.7
AGR_Cen_2022_00114,Central_Zone,MP_Narmada,2022,Kharif,Cotton,24.1,33.68,1174.42,83.46,11.7,6.88,0.504,147.1,34.9,205.2,2898.51
AGR_Cen_2018_00115,Central_Zone,CG_Plains,2018,Rabi,Cotton,21.09,32.65,,55.18,15.73,7.17,0.591,166.3,32.3,251.1,2243.97
AGR_Cen_2022_00116,Central_Zone,CG_Plains,2022,Rabi,Cotton,20.69,27.79,279.39,68.91,10.9,6.16,0.644,222.0,19.2,233.2,2545.07
AGR_Cen_2022_00117,Central_Zone,JH_Plateau,2022,Kharif,Maize,25.05,36.02,966.71,75.99,10.0,7.05,0.624,151.2,31.5,244.6,3944.26
AGR_Cen_2023_00118,Central_Zone,CG_Plains,2023,Kharif,Wheat,23.86,33.28,839.36,86.26,10.68,6.07,0.549,219.8,20.7,204.5,5067.37
AGR_Cen_2021_00119,Central_Zone,CG_Plains,2021,Kharif,Rice,23.01,36.01,1147.89,91.6,10.0,7.18,0.625,188.0,18.5,232.8,5061.53
AGR_Cen_2019_00120,Central_Zone,UP_Bundelkhand,2019,Kharif,Pulses,25.05,32.59,1710.86,95.0,10.0,6.91,0.546,182.3,12.3,262.2,1918.59
AGR_Cen_2019_00121,Central_Zone,MP_Narmada,2019,Kharif,Cotton,25.2,37.74,874.02,70.69,12.85,6.58,0.566,171.8,17.5,214.7,2767.06
AGR_Cen_2021_00122,Central_Zone,CG_Plains,2021,Kharif,Cotton,23.43,36.7,809.9,78.73,10.0,6.61,0.605,150.8,29.0,252.3,2676.16
AGR_Cen_2019_00123,Central_Zone,MP_Narmada,2019,Kharif,Soybean,26.49,38.39,651.14,92.1,10.33,6.97,0.538,166.6,23.4,135.3,3192.52
AGR_Cen_2021_00124,Central_Zone,MP_Narmada,2021,Rabi,Maize,20.86,28.85,239.97,63.95,13.85,6.19,0.48,189.2,24.3,178.5,3575.07
AGR_Cen_2018_00125,Central_Zone,MP_Narmada,2018,Kharif,Pulses,23.93,,722.13,83.98,15.01,6.11,0.53,172.5,37.4,153.0,2337.18
AGR_Cen_2019_00126,Central_Zone,CG_Plains,2019,Rabi,Soybean,21.26,33.42,274.78,61.99,13.47,6.43,0.622,172.8,15.5,114.8,2823.5
AGR_Cen_2019_00127,Central_Zone,JH_Plateau,2019,Kharif,Soybean,23.25,30.45,1078.98,74.61,11.86,5.2,0.541,137.7,30.0,265.9,2956.76
AGR_Cen_2020_00128,Central_Zone,CG_Plains,2020,Rabi,Cotton,19.79,,199.17,48.29,14.6,6.78,0.844,186.4,19.3,168.7,2355.54
AGR_Cen_2018_00129,Central_Zone,CG_Plains,2018,Rabi,Cotton,19.06,28.31,310.24,60.66,10.35,7.86,0.614,186.4,21.1,227.7,2790.92
AGR_Cen_2018_00130,Central_Zone,CG_Plains,2018,Kharif,Maize,24.27,36.83,961.47,95.0,10.0,5.55,0.911,154.8,16.6,264.5,4410.51
AGR_Cen_2019_00131,Central_Zone,CG_Plains,2019,Zaid,Maize,24.37,38.15,100.64,65.32,11.42,6.63,0.687,127.5,15.6,111.1,3346.75
AGR_Cen_2022_00132,Central_Zone,MP_Narmada,2022,Kharif,Cotton,25.83,35.01,1507.67,95.0,10.0,7.0,0.676,138.2,31.5,260.3,3303.61
AGR_Cen_2021_00133,Central_Zone,CG_Plains,2021,Kharif,Maize,,37.32,279.7,64.19,15.06,6.76,0.659,241.9,27.1,189.1,4129.72
AGR_Cen_2023_00134,Central_Zone,CG_Plains,2023,Kharif,Cotton,23.85,32.24,1142.39,74.17,10.0,7.26,0.968,226.2,16.1,229.9,3320.81
AGR_Cen_2019_00135,Central_Zone,CG_Plains,2019,Kharif,Soybean,26.38,39.27,630.7,76.01,12.73,7.67,0.509,230.7,20.4,186.6,2988.11
AGR_Cen_2020_00136,Central_Zone,MP_Narmada,2020,Kharif,Wheat,22.41,32.03,921.31,81.4,10.0,6.63,0.513,154.0,25.3,162.1,4716.01
AGR_Cen_2019_00137,Central_Zone,JH_Plateau,2019,Kharif,Pulses,22.96,35.2,686.6,65.61,10.19,7.41,0.49,117.9,28.5,202.9,2225.74
AGR_Cen_2022_00138,Central_Zone,CG_Plains,2022,Kharif,Rice,23.94,34.4,,66.24,16.04,6.75,0.333,97.5,9.3,180.9,4626.41
AGR_Cen_2021_00139,Central_Zone,JH_Plateau,2021,Zaid,Rice,22.96,33.37,129.22,57.92,16.14,7.77,0.547,165.2,15.3,178.6,4453.23
AGR_Cen_2023_00140,Central_Zone,JH_Plateau,2023,Kharif,Rice,23.48,35.24,745.06,70.21,10.0,6.85,0.264,165.9,25.2,113.7,4816.62
AGR_Cen_2018_00141,Central_Zone,UP_Bundelkhand,2018,Kharif,Cotton,25.29,33.48,783.81,69.89,10.17,6.86,0.537,277.8,18.2,216.4,3189.35
AGR_Cen_2020_00142,Central_Zone,UP_Bundelkhand,2020,Kharif,Wheat,24.07,36.05,849.5,87.83,14.34,8.05,0.903,198.4,18.9,168.8,5125.25
AGR_Cen_2019_00143,Central_Zone,MP_Narmada,2019,Kharif,Pulses,23.04,30.42,861.9,62.54,11.17,7.28,0.528,214.8,19.9,170.5,2044.18
AGR_Cen_2023_00144,Central_Zone,CG_Plains,2023,Kharif,Rice,24.54,36.1,767.91,81.57,10.68,5.62,0.731,138.0,19.0,142.8,4991.95
AGR_Cen_2018_00145,Central_Zone,JH_Plateau,2018,Kharif,Maize,,35.99,613.69,65.98,12.88,6.99,0.263,189.2,21.1,184.8,3909.33
AGR_Cen_2020_00146,Central_Zone,JH_Plateau,2020,Kharif,Wheat,24.04,31.34,918.93,95.0,10.0,6.98,0.792,133.6,23.3,240.4,4388.75
AGR_Cen_2020_00147,Central_Zone,CG_Plains,2020,Rabi,Rice,17.48,25.95,144.24,,13.95,6.53,0.53,193.6,23.0,211.6,4261.74
AGR_Cen_2021_00148,Central_Zone,CG_Plains,2021,Kharif,Maize,24.38,38.18,1102.59,86.93,10.0,6.73,0.453,232.9,18.6,261.8,3958.59
AGR_Cen_2018_00149,Central_Zone,JH_Plateau,2018,Rabi,Soybean,22.32,33.58,254.89,70.42,10.0,6.33,0.588,218.9,30.6,171.8,2942.06
AGR_Cen_2018_00150,Central_Zone,JH_Plateau,2018,Kharif,Pulses,24.55,33.94,949.42,71.66,10.0,7.06,0.689,206.9,18.6,247.8,2472.69
AGR_Cen_2018_00151,Central_Zone,JH_Plateau,2018,Rabi,Pulses,21.13,30.56,228.0,47.41,14.79,5.71,0.525,198.6,24.7,151.4,1791.58
AGR_Cen_2019_00152,Central_Zone,UP_Bundelkhand,2019,Kharif,Cotton,24.49,33.88,1069.39,84.41,10.0,6.9,0.618,215.2,34.7,184.1,2797.38
AGR_Cen_2020_00153,Central_Zone,MP_Narmada,2020,Rabi,Cotton,19.73,31.33,260.21,45.5,14.87,7.32,0.646,161.4,16.9,297.5,2462.96
AGR_Cen_2022_00154,Central_Zone,JH_Plateau,2022,Kharif,Maize,24.2,31.24,573.45,62.39,10.0,7.52,0.697,110.8,23.6,113.9,4112.05
AGR_Cen_2020_00155,Central_Zone,CG_Plains,2020,Kharif,Cotton,24.29,34.75,1041.41,84.08,10.0,6.82,0.707,202.8,30.3,226.8,3439.64
AGR_Cen_2021_00156,Central_Zone,UP_Bundelkhand,2021,Kharif,Cotton,23.91,34.02,,95.0,10.0,7.1,0.408,220.2,20.5,231.6,3077.32
AGR_Cen_2020_00157,Central_Zone,CG_Plains,2020,Kharif,Rice,26.42,38.75,806.83,81.54,13.75,7.54,0.698,145.4,27.7,245.4,4950.44
AGR_Cen_2018_00158,Central_Zone,MP_Narmada,2018,Rabi,Soybean,16.66,26.43,140.53,62.94,11.25,6.51,0.459,205.9,17.2,210.4,2227.33
AGR_Cen_2019_00159,Central_Zone,UP_Bundelkhand,2019,Kharif,Soybean,21.2,33.32,965.49,88.1,10.24,7.88,0.67,158.3,17.7,206.4,3001.8
AGR_Cen_2023_00160,Central_Zone,CG_Plains,2023,Rabi,Pulses,17.28,27.46,185.69,49.25,14.99,7.33,0.353,195.1,24.6,179.1,1386.18
AGR_Cen_2020_00161,Central_Zone,JH_Plateau,2020,Rabi,Cotton,20.32,32.39,201.88,73.2,10.16,7.05,0.449,197.9,15.0,203.1,2371.78
AGR_Cen_2022_00162,Central_Zone,CG_Plains,2022,Kharif,Wheat,24.63,32.27,849.89,66.54,12.27,7.37,0.806,163.2,14.0,133.5,4618.95
AGR_Cen_2018_00163,Central_Zone,UP_Bundelkhand,2018,Zaid,Rice,28.32,,128.14,43.7,13.28,7.87,0.439,202.0,8.0,221.7,4409.3
AGR_Cen_2018_00164,Central_Zone,CG_Plains,2018,Kharif,Rice,22.43,32.79,1112.09,58.77,10.0,7.78,0.602,201.5,23.7,110.0,5252.87
AGR_Cen_2023_00165,Central_Zone,JH_Plateau,2023,Kharif,Maize,23.09,,732.5,81.13,10.0,5.2,0.49,192.1,22.4,200.6,4054.44
AGR_Cen_2022_00166,Central_Zone,MP_Narmada,2022,Zaid,Wheat,25.17,38.79,84.76,69.06,15.84,6.5,0.809,166.3,19.4,178.6,3777.54
AGR_Cen_2018_00167,Central_Zone,UP_Bundelkhand,2018,Rabi,Wheat,17.46,29.75,226.74,49.78,12.38,6.21,0.657,167.3,25.6,205.2,4219.94
AGR_Cen_2020_00168,Central_Zone,UP_Bundelkhand,2020,Rabi,Maize,19.76,26.88,140.91,72.38,12.0,6.09,0.817,182.5,16.7,241.8,3681.4
AGR_Cen_2022_00169,Central_Zone,CG_Plains,2022,Kharif,Maize,24.27,31.39,1390.08,95.0,10.0,6.19,0.587,188.8,15.8,316.0,4239.05
AGR_Cen_2022_00170,Central_Zone,CG_Plains,2022,Rabi,Maize,18.58,25.86,173.09,54.89,11.2,5.93,0.738,179.8,15.5,211.4,3355.0
AGR_Cen_2022_00171,Central_Zone,UP_Bundelkhand,2022,Kharif,Rice,22.75,30.81,624.99,69.49,15.16,6.47,0.677,151.5,25.6,212.1,5085.43
AGR_Cen_2023_00172,Central_Zone,MP_Narmada,2023,Zaid,Maize,24.91,34.72,121.4,61.56,12.83,6.51,0.456,171.6,13.9,171.6,3116.02
AGR_Cen_2018_00173,Central_Zone,MP_Narmada,2018,Kharif,Soybean,22.94,30.62,1077.22,94.5,10.0,7.16,0.58,243.0,24.1,183.0,3415.48
AGR_Cen_2022_00174,Central_Zone,JH_Plateau,2022,Kharif,Soybean,25.36,36.99,657.85,82.3,10.0,6.9,0.745,145.8,18.0,192.4,3217.84
AGR_Cen_2020_00175,Central_Zone,CG_Plains,2020,Rabi,Rice,18.49,30.15,165.61,58.92,12.99,6.68,0.496,184.0,16.5,220.7,4209.4
AGR_Cen_2018_00176,Central_Zone,JH_Plateau,2018,Rabi,Cotton,19.57,27.57,242.02,51.95,15.07,6.48,0.401,138.8,25.0,171.2,2119.85
AGR_Cen_2021_00177,Central_Zone,UP_Bundelkhand,2021,Rabi,Wheat,,29.98,165.74,62.06,12.65,6.54,0.479,121.8,30.2,295.1,3510.43
AGR_Cen_2020_00178,Central_Zone,JH_Plateau,2020,Zaid,Cotton,,35.28,96.24,74.21,13.64,7.08,0.327,194.0,22.8,233.6,2410.74
AGR_Cen_2019_00179,Central_Zone,CG_Plains,2019,Kharif,Wheat,24.32,32.24,1617.03,95.0,10.0,5.2,0.554,226.2,30.3,283.1,4631.2
AGR_Cen_2023_00180,Central_Zone,MP_Narmada,2023,Kharif,Pulses,23.45,34.41,502.08,65.04,12.14,6.54,0.832,170.5,21.5,161.5,2460.09
AGR_Cen_2023_00181,Central_Zone,CG_Plains,2023,Zaid,Maize,28.21,38.09,92.81,43.24,11.58,7.06,0.84,183.5,22.8,207.2,3730.84
AGR_Cen_2019_00182,Central_Zone,JH_Plateau,2019,Kharif,Wheat,25.39,37.52,998.89,84.58,10.91,5.75,0.408,208.9,14.9,184.7,4577.48
AGR_Cen_2023_00183,Central_Zone,JH_Plateau,2023,Kharif,Rice,25.21,33.41,438.89,68.74,11.32,6.69,0.582,135.4,24.9,196.2,5405.03
AGR_Cen_2020_00184,Central_Zone,CG_Plains,2020,Kharif,Pulses,25.79,33.15,717.58,53.99,15.79,7.04,0.306,167.2,28.2,158.4,2191.88
AGR_Cen_2019_00185,Central_Zone,CG_Plains,2019,Rabi,Pulses,20.71,31.88,377.69,62.08,11.68,6.51,0.511,132.3,26.9,196.3,2192.37
AGR_Cen_2022_00186,Central_Zone,UP_Bundelkhand,2022,Kharif,Rice,,35.71,817.68,87.14,11.64,6.43,0.419,217.1,24.0,158.9,5225.5
AGR_Cen_2018_00187,Central_Zone,CG_Plains,2018,Zaid,Wheat,25.46,36.21,100.52,65.43,15.67,7.54,0.495,172.5,32.6,190.3,3890.91
AGR_Cen_2018_00188,Central_Zone,UP_Bundelkhand,2018,Kharif,Wheat,26.38,36.99,859.45,82.27,10.33,7.47,0.548,200.1,15.6,215.1,4452.99
AGR_Cen_2021_00189,Central_Zone,JH_Plateau,2021,Rabi,Rice,20.08,33.88,94.34,80.64,10.0,6.18,0.504,148.3,17.9,113.7,4018.35
AGR_Cen_2022_00190,Central_Zone,MP_Narmada,2022,Kharif,Soybean,25.89,37.62,1098.05,81.57,13.6,6.8,0.626,208.7,17.2,180.8,3210.34
AGR_Cen_2018_00191,Central_Zone,JH_Plateau,2018,Kharif,Soybean,23.91,35.37,734.66,81.84,10.0,6.79,0.366,241.4,10.8,231.7,3462.63
AGR_Cen_2021_00192,Central_Zone,UP_Bundelkhand,2021,Rabi,Cotton,,30.42,167.69,63.03,10.45,6.01,0.662,121.7,22.6,257.1,2091.52
AGR_Cen_2018_00193,Central_Zone,JH_Plateau,2018,Zaid,Soybean,26.59,34.29,58.72,44.7,14.09,7.01,0.7,154.1,16.7,194.1,2649.03
AGR_Cen_2018_00194,Central_Zone,UP_Bundelkhand,2018,Kharif,Wheat,,37.87,904.17,75.14,12.44,5.48,0.613,170.4,22.5,173.0,4431.63
AGR_Cen_2018_00195,Central_Zone,MP_Narmada,2018,Rabi,Maize,21.32,33.03,166.17,30.17,16.72,6.53,0.589,164.9,14.2,221.1,3374.59
AGR_Cen_2021_00196,Central_Zone,JH_Plateau,2021,Zaid,Pulses,,35.53,129.72,48.3,13.98,6.63,0.376,208.5,27.3,193.4,1677.42
AGR_Cen_2021_00197,Central_Zone,CG_Plains,2021,Kharif,Cotton,22.65,33.25,871.52,70.53,10.0,7.73,0.579,210.6,14.0,144.2,3131.94
AGR_Cen_2018_00198,Central_Zone,UP_Bundelkhand,2018,Rabi,Pulses,21.41,29.19,64.96,43.89,12.5,7.13,1.088,214.6,19.2,214.4,1560.55
AGR_Cen_2019_00199,Central_Zone,MP_Narmada,2019,Kharif,Cotton,23.95,34.65,1013.64,84.58,10.0,7.61,0.664,128.3,21.9,211.0,3111.4
AGR_Cen_2020_00200,Central_Zone,UP_Bundelkhand,2020,Kharif,Cotton,24.09,34.74,1013.65,71.5,10.0,6.38,0.709,191.8,23.5,124.7,3222.03
AGR_Cen_2020_00201,Central_Zone,UP_Bundelkhand,2020,Kharif,Cotton,24.56,,1050.89,87.89,10.0,6.64,0.473,140.5,20.4,206.3,2650.01
AGR_Cen_2020_00202,Central_Zone,JH_Plateau,2020,Kharif,Cotton,23.24,30.95,964.79,74.18,10.0,6.53,0.506,189.7,21.8,193.4,2883.86
AGR_Cen_2022_00203,Central_Zone,JH_Plateau,2022,Kharif,Wheat,23.63,36.34,992.87,95.0,10.32,7.34,0.713,210.4,26.2,224.8,4971.56
AGR_Cen_2022_00204,Central_Zone,UP_Bundelkhand,2022,Kharif,Wheat,24.6,31.92,1228.87,95.0,10.0,5.81,0.311,205.6,19.0,225.4,4664.55
AGR_Cen_2022_00205,Central_Zone,CG_Plains,2022,Kharif,Maize,22.15,30.98,1030.94,85.6,10.0,5.9,0.934,164.3,12.6,221.1,4566.61
AGR_Cen_2019_00206,Central_Zone,UP_Bundelkhand,2019,Kharif,Rice,25.06,37.34,955.83,92.99,10.45,6.25,0.2,181.0,22.6,302.7,4594.59
AGR_Cen_2023_00207,Central_Zone,JH_Plateau,2023,Rabi,Rice,19.8,30.18,186.87,57.04,12.71,6.93,0.617,178.7,14.2,258.2,4367.59
AGR_Cen_2019_00208,Central_Zone,CG_Plains,2019,Kharif,Soybean,,30.81,1237.39,95.0,10.0,7.19,0.717,178.6,23.4,206.3,3336.86
AGR_Cen_2021_00209,Central_Zone,CG_Plains,2021,Zaid,Cotton,,36.38,96.36,63.97,10.0,6.44,0.881,187.9,31.1,186.2,2331.79
AGR_Cen_2020_00210,Central_Zone,MP_Narmada,2020,Kharif,Soybean,24.4,34.23,840.87,89.04,10.0,8.08,0.41,153.9,30.1,135.8,3266.03
AGR_Cen_2022_00211,Central_Zone,MP_Narmada,2022,Kharif,Pulses,24.45,38.43,,95.0,10.07,6.44,0.596,192.0,23.2,202.1,2064.86
AGR_Cen_2020_00212,Central_Zone,UP_Bundelkhand,2020,Kharif,Rice,22.85,30.75,870.08,88.86,10.0,6.55,0.687,181.8,22.6,308.3,5146.4
AGR_Cen_2021_00213,Central_Zone,JH_Plateau,2021,Kharif,Cotton,21.38,35.24,656.8,62.92,10.47,7.07,0.602,213.5,25.5,265.7,2955.43
AGR_Cen_2020_00214,Central_Zone,MP_Narmada,2020,Kharif,Maize,26.61,39.12,1188.74,73.33,10.0,6.61,0.737,203.1,10.1,149.7,4331.18
AGR_Cen_2021_00215,Central_Zone,MP_Narmada,2021,Rabi,Maize,19.98,31.03,,52.2,13.19,6.16,0.556,130.1,16.7,300.5,3089.38
AGR_Cen_2021_00216,Central_Zone,MP_Narmada,2021,Kharif,Maize,25.79,33.55,1322.48,95.0,10.0,7.55,0.493,125.8,23.7,210.4,4053.04
AGR_Cen_2019_00217,Central_Zone,JH_Plateau,2019,Kharif,Maize,22.17,35.71,695.12,76.37,13.21,7.12,0.635,174.5,19.4,203.6,4328.98
AGR_Cen_2019_00218,Central_Zone,MP_Narmada,2019,Rabi,Wheat,19.3,28.74,166.11,67.29,12.51,7.84,0.652,227.0,25.3,197.9,4390.99
AGR_Cen_2023_00219,Central_Zone,UP_Bundelkhand,2023,Kharif,Maize,23.69,32.86,466.96,62.33,11.83,6.77,0.904,249.2,16.5,238.2,4937.78
AGR_Cen_2018_00220,Central_Zone,CG_Plains,2018,Kharif,Cotton,23.28,,1209.05,84.07,12.3,7.23,0.551,211.1,30.5,162.2,2933.41
AGR_Cen_2020_00221,Central_Zone,MP_Narmada,2020,Rabi,Soybean,19.14,26.66,98.08,55.41,16.87,7.42,0.688,151.9,19.3,261.3,1999.95
AGR_Cen_2022_00222,Central_Zone,UP_Bundelkhand,2022,Rabi,Soybean,21.21,,,65.63,10.45,7.65,0.484,210.3,23.3,208.9,3020.91
AGR_Cen_2020_00223,Central_Zone,UP_Bundelkhand,2020,Kharif,Rice,25.47,35.16,1172.6,95.0,10.0,6.7,0.535,217.5,22.7,181.9,5558.99
AGR_Cen_2020_00224,Central_Zone,MP_Narmada,2020,Rabi,Cotton,19.1,27.96,198.13,67.18,14.95,7.73,0.597,191.1,20.0,180.8,2383.15
AGR_Cen_2023_00225,Central_Zone,UP_Bundelkhand,2023,Rabi,Pulses,22.37,30.64,139.1,48.06,11.4,5.8,0.707,241.1,29.0,272.9,1728.36
AGR_Cen_2022_00226,Central_Zone,JH_Plateau,2022,Kharif,Wheat,25.32,35.76,945.5,94.13,10.0,6.3,0.672,160.9,24.0,209.0,4804.82
AGR_Cen_2021_00227,Central_Zone,UP_Bundelkhand,2021,Kharif,Maize,23.44,31.76,617.93,66.43,15.69,6.74,0.877,161.7,18.7,261.6,3962.76
AGR_Cen_2020_00228,Central_Zone,MP_Narmada,2020,Zaid,Maize,26.8,38.75,167.21,49.14,15.86,7.6,0.515,190.5,17.3,213.9,3431.42
AGR_Cen_2021_00229,Central_Zone,MP_Narmada,2021,Kharif,Cotton,20.65,33.11,910.5,90.05,10.17,7.21,0.622,176.7,31.0,205.6,2700.66
AGR_Cen_2020_00230,Central_Zone,JH_Plateau,2020,Rabi,Soybean,21.0,31.65,198.64,41.04,14.2,6.21,0.585,181.4,25.7,217.2,2388.57
AGR_Cen_2021_00231,Central_Zone,MP_Narmada,2021,Rabi,Maize,19.65,31.48,100.78,41.52,13.35,6.53,0.355,163.4,27.2,208.4,2953.4
AGR_Cen_2019_00232,Central_Zone,CG_Plains,2019,Kharif,Cotton,24.18,35.05,296.17,50.26,16.74,7.42,0.642,185.8,25.5,208.4,2822.37
AGR_Cen_2023_00233,Central_Zone,CG_Plains,2023,Zaid,Pulses,26.04,37.62,73.95,66.37,12.22,5.46,0.45,135.8,10.8,220.4,1321.05
AGR_Cen_2019_00234,Central_Zone,UP_Bundelkhand,2019,Zaid,Wheat,25.67,,81.55,48.71,12.4,7.84,0.738,138.4,30.8,187.1,3676.46
AGR_Cen_2021_00235,Central_Zone,MP_Narmada,2021,Kharif,Wheat,22.92,,1579.39,91.84,10.0,7.24,0.816,151.6,22.7,234.2,4440.8
AGR_Cen_2022_00236,Central_Zone,CG_Plains,2022,Zaid,Soybean,25.95,35.04,126.94,68.13,11.33,7.53,0.61,251.0,28.6,231.9,2965.35
AGR_Cen_2019_00237,Central_Zone,UP_Bundelkhand,2019,Rabi,Wheat,20.96,33.42,107.67,62.57,10.0,5.9,0.349,168.0,22.9,110.0,3328.73
AGR_Cen_2019_00238,Central_Zone,UP_Bundelkhand,2019,Kharif,Maize,26.06,39.11,551.55,47.02,10.91,6.67,0.678,177.8,29.2,143.9,4057.74
AGR_Cen_2022_00239,Central_Zone,JH_Plateau,2022,Rabi,Cotton,,31.16,199.38,66.08,12.9,6.57,0.499,202.3,12.3,250.8,2383.85
AGR_Cen_2018_00240,Central_Zone,MP_Narmada,2018,Rabi,Wheat,20.76,30.4,185.28,48.84,13.2,6.65,0.799,160.3,19.1,262.7,4206.23
AGR_Cen_2023_00241,Central_Zone,MP_Narmada,2023,Kharif,Wheat,22.31,30.03,804.01,63.59,15.01,6.84,0.392,164.7,15.4,221.3,4654.31
AGR_Cen_2023_00242,Central_Zone,UP_Bundelkhand,2023,Kharif,Wheat,24.56,33.4,37.8,54.97,11.68,5.65,1.067,153.4,22.2,186.9,4108.21
AGR_Cen_2023_00243,Central_Zone,UP_Bundelkhand,2023,Kharif,Cotton,26.27,36.44,,95.0,10.0,5.97,0.63,234.3,17.2,189.9,3008.84
AGR_Cen_2020_00244,Central_Zone,UP_Bundelkhand,2020,Zaid,Pulses,26.17,34.28,90.68,57.3,16.21,6.9,0.571,220.7,23.8,219.2,1879.98
AGR_Cen_2021_00245,Central_Zone,UP_Bundelkhand,2021,Kharif,Rice,24.5,32.43,825.52,80.81,10.0,7.57,0.563,150.9,25.0,288.9,4617.85
AGR_Cen_2022_00246,Central_Zone,MP_Narmada,2022,Rabi,Soybean,17.09,26.33,223.82,47.09,13.63,7.91,0.677,159.7,20.2,176.9,2640.4
AGR_Cen_2020_00247,Central_Zone,CG_Plains,2020,Kharif,Cotton,25.6,35.55,983.02,,10.0,7.42,0.739,149.5,28.9,237.7,3216.5
AGR_Cen_2020_00248,Central_Zone,JH_Plateau,2020,Rabi,Pulses,22.77,29.83,156.77,37.36,14.82,8.13,0.728,177.8,13.1,220.9,1378.43
AGR_Cen_2023_00249,Central_Zone,JH_Plateau,2023,Kharif,Pulses,20.25,32.27,892.89,66.37,11.33,5.21,0.579,183.8,18.2,246.7,2518.22
AGR_Cen_2021_00250,Central_Zone,MP_Narmada,2021,Rabi,Soybean,19.14,27.92,224.29,46.52,11.8,7.53,0.305,213.2,16.0,281.4,2630.58
AGR_Cen_2021_00251,Central_Zone,MP_Narmada,2021,Kharif,Rice,23.38,36.89,1043.51,72.9,12.64,6.9,0.837,184.3,21.8,200.8,5433.67
AGR_Cen_2021_00252,Central_Zone,MP_Narmada,2021,Rabi,Rice,19.53,31.02,,58.4,12.92,5.9,0.792,155.2,21.6,257.5,4668.79
AGR_Cen_2020_00253,Central_Zone,MP_Narmada,2020,Rabi,Cotton,18.57,28.69,180.77,57.1,11.44,7.46,0.859,231.4,13.1,213.2,2644.49
AGR_Cen_2019_00254,Central_Zone,UP_Bundelkhand,2019,Kharif,Wheat,24.32,31.36,1052.28,77.29,10.75,6.44,0.78,180.2,11.7,150.7,4800.31
AGR_Cen_2019_00255,Central_Zone,MP_Narmada,2019,Kharif,Wheat,26.23,34.5,824.14,68.21,11.97,7.91,0.61,149.9,23.0,269.4,4591.93
AGR_Cen_2021_00256,Central_Zone,MP_Narmada,2021,Rabi,Cotton,17.57,31.25,85.83,77.9,10.54,6.3,0.891,135.0,18.4,141.0,1845.1
AGR_Cen_2018_00257,Central_Zone,MP_Narmada,2018,Rabi,Cotton,21.74,29.46,,72.9,12.0,6.95,0.417,178.8,26.4,117.9,2477.28
AGR_Cen_2020_00258,Central_Zone,JH_Plateau,2020,Kharif,Rice,23.97,33.44,513.21,52.63,12.59,6.6,0.559,210.1,13.3,219.7,5299.14
AGR_Cen_2019_00259,Central_Zone,UP_Bundelkhand,2019,Rabi,Maize,18.4,25.99,193.78,54.95,14.13,7.41,0.588,196.3,17.3,178.6,3565.1
AGR_Cen_2018_00260,Central_Zone,JH_Plateau,2018,Kharif,Wheat,24.55,32.95,1346.42,95.0,12.56,6.61,0.655,151.9,25.6,234.4,4424.08
AGR_Cen_2022_00261,Central_Zone,JH_Plateau,2022,Kharif,Soybean,23.58,34.49,765.67,74.02,12.31,6.55,0.714,134.0,9.1,269.9,3244.27
AGR_Cen_2019_00262,Central_Zone,MP_Narmada,2019,Kharif,Pulses,23.86,33.33,524.51,49.09,14.21,6.08,0.545,218.7,21.9,196.1,2315.57
AGR_Cen_2022_00263,Central_Zone,JH_Plateau,2022,Zaid,Maize,28.74,35.84,177.34,49.68,15.2,6.9,0.639,207.5,30.2,201.2,3917.99
AGR_Cen_2022_00264,Central_Zone,JH_Plateau,2022,Kharif,Cotton,,31.02,939.59,86.32,10.0,7.03,0.821,203.7,23.6,229.1,3223.96
AGR_Cen_2021_00265,Central_Zone,CG_Plains,2021,Rabi,Cotton,21.73,35.09,57.11,40.06,14.39,6.98,0.562,152.8,24.3,145.8,2029.37
AGR_Cen_2022_00266,Central_Zone,UP_Bundelkhand,2022,Rabi,Maize,,29.3,94.33,42.85,14.16,6.37,0.934,90.0,22.5,168.6,3188.66
AGR_Cen_2018_00267,Central_Zone,UP_Bundelkhand,2018,Rabi,Rice,19.14,30.68,226.13,68.89,11.2,6.14,0.433,150.9,12.4,136.0,4076.57
AGR_Cen_2020_00268,Central_Zone,UP_Bundelkhand,2020,Rabi,Soybean,18.93,29.95,177.97,60.92,13.04,7.02,0.561,232.0,29.7,189.3,2708.54
AGR_Cen_2023_00269,Central_Zone,JH_Plateau,2023,Kharif,Cotton,24.71,,1010.53,95.0,10.0,7.07,0.322,172.6,34.6,252.6,2936.43
AGR_Cen_2019_00270,Central_Zone,UP_Bundelkhand,2019,Rabi,Cotton,22.13,32.09,194.73,73.63,12.34,6.61,0.881,166.1,15.8,241.5,2549.76
AGR_Cen_2019_00271,Central_Zone,CG_Plains,2019,Rabi,Maize,18.86,27.15,288.56,54.32,13.28,6.53,0.493,257.3,23.9,193.5,3793.26
AGR_Cen_2020_00272,Central_Zone,CG_Plains,2020,Kharif,Maize,21.96,,787.39,62.8,12.8,7.4,0.617,125.2,23.9,123.1,3880.81
AGR_Cen_2022_00273,Central_Zone,CG_Plains,2022,Rabi,Wheat,,29.32,329.7,54.86,13.82,6.79,0.962,167.9,24.3,220.9,4492.36
AGR_Cen_2020_00274,Central_Zone,JH_Plateau,2020,Kharif,Rice,23.61,33.72,660.54,72.56,11.17,5.96,0.267,216.7,25.8,200.1,5006.63
AGR_Cen_2023_00275,Central_Zone,JH_Plateau,2023,Kharif,Wheat,23.58,36.72,972.5,80.83,10.0,8.01,0.383,164.6,26.8,240.3,4400.07
AGR_Cen_2022_00276,Central_Zone,MP_Narmada,2022,Kharif,Wheat,24.65,31.84,808.83,74.3,11.34,6.29,0.686,159.6,15.3,261.1,4637.46
AGR_Cen_2019_00277,Central_Zone,UP_Bundelkhand,2019,Kharif,Rice,23.96,35.95,660.52,73.58,10.0,7.36,0.651,154.7,37.6,181.8,4908.64
AGR_Cen_2019_00278,Central_Zone,MP_Narmada,2019,Rabi,Rice,19.11,,124.22,62.53,12.78,6.23,0.734,280.0,19.3,272.6,4980.28
AGR_Cen_2023_00279,Central_Zone,UP_Bundelkhand,2023,Rabi,Cotton,20.49,29.9,,56.46,14.61,6.76,0.898,189.0,21.2,131.4,2531.89
AGR_Cen_2020_00280,Central_Zone,UP_Bundelkhand,2020,Kharif,Wheat,23.76,32.39,862.64,,13.01,7.43,0.549,171.9,20.1,168.8,4693.14
AGR_Cen_2020_00281,Central_Zone,MP_Narmada,2020,Kharif,Wheat,22.84,32.84,998.01,88.67,10.0,6.18,0.599,126.7,21.7,214.4,4325.34
AGR_Cen_2018_00282,Central_Zone,UP_Bundelkhand,2018,Rabi,Maize,19.29,27.36,165.59,44.64,13.33,6.26,0.458,190.8,21.0,209.6,3321.19
AGR_Cen_2021_00283,Central_Zone,JH_Plateau,2021,Kharif,Rice,24.76,32.28,674.93,81.03,13.91,6.78,0.645,204.0,18.5,155.5,5456.28
AGR_Cen_2020_00284,Central_Zone,UP_Bundelkhand,2020,Rabi,Cotton,,,79.53,61.54,11.22,7.13,0.95,163.5,16.8,205.1,2046.03
AGR_Cen_2018_00285,Central_Zone,JH_Plateau,2018,Rabi,Maize,19.84,31.79,181.38,41.98,10.11,6.14,0.508,168.9,16.7,137.2,3403.32
AGR_Cen_2022_00286,Central_Zone,JH_Plateau,2022,Kharif,Pulses,22.45,35.17,70.3,47.72,12.35,6.75,0.702,195.9,23.7,233.8,1473.1
AGR_Cen_2019_00287,Central_Zone,CG_Plains,2019,Zaid,Pulses,,30.57,90.29,58.97,10.0,6.62,0.807,166.2,27.5,237.4,1616.07
AGR_Cen_2023_00288,Central_Zone,JH_Plateau,2023,Rabi,Pulses,19.01,31.76,245.2,48.22,13.52,7.35,0.64,207.0,32.0,187.8,1888.55
AGR_Cen_2019_00289,Central_Zone,CG_Plains,2019,Rabi,Pulses,21.57,34.85,246.81,53.09,14.94,7.66,0.606,230.4,21.9,219.1,1867.26
AGR_Cen_2018_00290,Central_Zone,CG_Plains,2018,Rabi,Cotton,16.83,30.49,150.28,49.72,11.41,6.25,0.536,149.4,20.2,231.9,1970.71
AGR_Cen_2020_00291,Central_Zone,MP_Narmada,2020,Rabi,Cotton,19.21,30.49,223.21,68.87,10.0,6.91,0.663,144.5,16.8,225.3,2219.85
AGR_Cen_2020_00292,Central_Zone,MP_Narmada,2020,Kharif,Rice,24.7,32.26,774.78,78.09,10.0,5.75,0.566,194.0,21.7,205.9,5173.12
AGR_Cen_2021_00293,Central_Zone,JH_Plateau,2021,Rabi,Soybean,,34.67,,45.91,11.87,6.83,0.844,213.0,12.8,215.1,2589.24
AGR_Cen_2018_00294,Central_Zone,CG_Plains,2018,Rabi,Maize,20.16,32.56,170.89,49.32,11.22,6.95,0.334,197.3,23.0,216.1,3159.03
AGR_Cen_2019_00295,Central_Zone,JH_Plateau,2019,Kharif,Rice,24.71,36.69,684.77,73.67,13.85,6.26,0.699,183.5,13.1,216.9,5207.44
AGR_Cen_2023_00296,Central_Zone,JH_Plateau,2023,Kharif,Maize,25.07,36.13,684.51,75.82,12.45,7.42,0.675,106.2,26.6,188.8,4095.26
AGR_Cen_2019_00297,Central_Zone,CG_Plains,2019,Kharif,Rice,26.39,39.87,1355.99,94.39,10.0,5.85,0.488,197.2,25.7,217.4,5129.02
AGR_Cen_2018_00298,Central_Zone,UP_Bundelkhand,2018,Zaid,Cotton,25.58,38.66,90.4,34.12,13.41,6.2,0.649,203.7,18.6,177.0,2280.56
AGR_Cen_2022_00299,Central_Zone,UP_Bundelkhand,2022,Kharif,Soybean,23.67,34.99,336.52,63.73,12.33,6.81,0.803,110.8,24.7,306.8,2973.34
AGR_Cen_2018_00300,Central_Zone,JH_Plateau,2018,Rabi,Rice,19.59,30.51,200.62,53.54,18.02,6.94,0.575,201.7,16.7,159.7,4349.61
AGR_Cen_2021_00301,Central_Zone,CG_Plains,2021,Zaid,Pulses,24.42,32.94,154.7,57.01,10.99,7.86,0.326,214.5,26.2,169.8,1641.3
AGR_Cen_2021_00302,Central_Zone,JH_Plateau,2021,Rabi,Cotton,,33.54,153.34,70.22,10.0,7.04,0.52,131.3,8.8,260.5,2218.08
AGR_Cen_2020_00303,Central_Zone,UP_Bundelkhand,2020,Zaid,Pulses,28.03,39.94,120.06,49.38,13.34,6.42,0.647,185.4,26.9,156.2,1558.59
AGR_Cen_2018_00304,Central_Zone,CG_Plains,2018,Kharif,Rice,,39.05,660.63,74.29,11.66,7.16,0.295,193.9,23.2,153.8,4746.95
AGR_Cen_2019_00305,Central_Zone,CG_Plains,2019,Kharif,Rice,23.83,37.6,839.83,73.32,11.42,7.77,0.534,246.1,23.0,223.8,5221.14
AGR_Cen_2018_00306,Central_Zone,CG_Plains,2018,Kharif,Maize,25.57,35.03,604.43,75.61,10.48,5.59,0.678,146.6,30.0,277.1,4140.31
AGR_Cen_2019_00307,Central_Zone,JH_Plateau,2019,Rabi,Pulses,18.31,30.69,241.46,75.63,10.0,7.08,0.575,154.4,12.0,187.4,1655.52
AGR_Cen_2018_00308,Central_Zone,UP_Bundelkhand,2018,Rabi,Maize,23.05,34.74,224.08,55.08,10.0,6.8,0.56,175.8,12.3,179.3,4205.08
AGR_Cen_2018_00309,Central_Zone,MP_Narmada,2018,Rabi,Cotton,18.72,29.85,238.85,61.02,13.97,6.53,0.491,280.0,29.5,267.9,2613.21
AGR_Cen_2018_00310,Central_Zone,UP_Bundelkhand,2018,Kharif,Maize,24.62,34.03,1011.13,91.09,10.0,7.69,1.04,167.6,23.0,247.5,4495.44
AGR_Cen_2018_00311,Central_Zone,JH_Plateau,2018,Kharif,Cotton,22.59,33.97,867.1,87.15,10.0,6.39,0.343,105.3,23.2,213.8,2727.09
AGR_Cen_2023_00312,Central_Zone,UP_Bundelkhand,2023,Kharif,Maize,25.46,34.7,1457.26,91.6,10.0,6.89,0.551,182.3,29.2,187.6,4249.45
AGR_Cen_2022_00313,Central_Zone,JH_Plateau,2022,Rabi,Soybean,19.84,27.52,182.38,68.12,11.83,8.26,0.507,199.5,17.0,163.1,2466.32
AGR_Cen_2023_00314,Central_Zone,CG_Plains,2023,Zaid,Wheat,24.81,33.59,65.78,59.45,11.69,6.76,0.323,197.2,26.1,248.9,3547.23
AGR_Cen_2020_00315,Central_Zone,MP_Narmada,2020,Kharif,Wheat,25.55,34.55,1125.19,88.78,10.42,6.69,0.79,202.5,19.6,288.5,4829.64
AGR_Cen_2022_00316,Central_Zone,UP_Bundelkhand,2022,Kharif,Wheat,24.7,36.07,1166.35,91.68,10.0,6.78,0.859,230.0,24.2,225.8,4996.63
AGR_Cen_2020_00317,Central_Zone,CG_Plains,2020,Kharif,Soybean,,35.67,985.52,89.75,10.0,7.86,0.404,196.8,23.2,235.3,3091.01
AGR_Cen_2018_00318,Central_Zone,UP_Bundelkhand,2018,Rabi,Wheat,,31.5,349.11,56.44,10.91,6.63,0.58,160.4,26.7,282.8,4237.13
AGR_Cen_2018_00319,Central_Zone,CG_Plains,2018,Kharif,Pulses,24.59,34.94,786.06,88.44,10.0,5.89,0.751,175.1,32.6,202.3,2473.24
AGR_Cen_2019_00320,Central_Zone,CG_Plains,2019,Kharif,Soybean,23.73,32.41,917.64,82.16,11.61,6.92,0.438,186.0,16.3,211.9,2992.08
AGR_Cen_2020_00321,Central_Zone,UP_Bundelkhand,2020,Kharif,Wheat,,31.5,898.32,60.07,14.75,6.14,0.599,200.3,24.3,205.8,4872.28
AGR_Cen_2021_00322,Central_Zone,JH_Plateau,2021,Kharif,Wheat,,37.57,547.47,66.81,10.21,7.06,0.706,230.9,29.3,193.6,5079.07
AGR_Cen_2019_00323,Central_Zone,UP_Bundelkhand,2019,Kharif,Soybean,23.77,37.25,400.29,79.68,10.0,6.54,0.546,166.8,26.0,165.9,3019.12
AGR_Cen_2020_00324,Central_Zone,UP_Bundelkhand,2020,Kharif,Cotton,21.41,30.05,769.35,83.91,10.0,7.85,0.518,207.2,26.3,212.6,2989.26
AGR_Cen_2018_00325,Central_Zone,MP_Narmada,2018,Kharif,Pulses,22.31,35.49,1437.86,81.24,10.0,7.12,0.631,185.4,30.8,256.0,2412.89
AGR_Cen_2023_00326,Central_Zone,MP_Narmada,2023,Zaid,Maize,25.55,36.76,66.91,48.13,10.28,8.18,0.66,197.5,21.0,234.2,3424.62
AGR_Cen_2023_00327,Central_Zone,UP_Bundelkhand,2023,Zaid,Cotton,27.1,35.81,103.15,45.03,15.12,6.81,0.872,195.8,21.8,199.1,2596.56
AGR_Cen_2021_00328,Central_Zone,JH_Plateau,2021,Kharif,Wheat,24.87,33.96,839.64,74.32,10.96,6.14,0.962,181.3,24.8,308.1,5034.86
AGR_Cen_2020_00329,Central_Zone,JH_Plateau,2020,Kharif,Pulses,,37.24,1557.75,81.26,10.0,8.08,0.2,150.9,16.2,132.0,2137.75
AGR_Cen_2018_00330,Central_Zone,UP_Bundelkhand,2018,Rabi,Wheat,21.79,29.09,190.18,69.66,10.0,6.58,0.506,131.9,17.1,293.9,3385.19
AGR_Cen_2022_00331,Central_Zone,UP_Bundelkhand,2022,Kharif,Soybean,26.5,,986.29,95.0,10.0,6.28,0.679,149.9,22.8,260.9,2835.61
AGR_Cen_2019_00332,Central_Zone,JH_Plateau,2019,Kharif,Wheat,22.61,30.89,505.89,73.7,11.23,6.39,0.713,235.3,27.6,213.5,4995.13
AGR_Cen_2020_00333,Central_Zone,JH_Plateau,2020,Rabi,Maize,22.43,35.39,216.63,37.93,13.59,6.64,0.615,147.0,23.4,174.9,3765.1
AGR_Cen_2018_00334,Central_Zone,MP_Narmada,2018,Kharif,Pulses,23.5,35.1,1805.78,,10.0,6.7,0.681,152.8,26.8,185.9,1702.24
AGR_Cen_2018_00335,Central_Zone,CG_Plains,2018,Zaid,Pulses,23.81,36.64,119.3,67.92,10.0,7.95,0.817,163.6,21.0,172.1,1654.9
AGR_Cen_2023_00336,Central_Zone,CG_Plains,2023,Rabi,Maize,20.61,32.32,136.14,53.07,12.43,6.31,0.618,239.1,26.4,213.4,3709.99
AGR_Cen_2018_00337,Central_Zone,CG_Plains,2018,Kharif,Soybean,24.36,37.9,883.96,91.93,10.21,6.68,0.34,219.1,29.1,185.0,3120.91
AGR_Cen_2018_00338,Central_Zone,MP_Narmada,2018,Kharif,Rice,25.14,39.12,534.66,64.48,12.61,6.37,0.615,170.9,20.7,205.7,4909.61
AGR_Cen_2019_00339,Central_Zone,CG_Plains,2019,Rabi,Rice,20.71,30.34,273.99,76.49,12.11,7.21,0.235,155.0,23.8,290.1,4207.77
AGR_Cen_2019_00340,Central_Zone,JH_Plateau,2019,Kharif,Soybean,,33.88,1056.63,75.85,10.0,6.96,0.768,165.7,21.3,234.8,3420.53
AGR_Cen_2020_00341,Central_Zone,MP_Narmada,2020,Kharif,Wheat,25.68,36.14,1320.11,95.0,10.0,7.06,0.717,193.6,27.6,177.8,4998.18
AGR_Cen_2021_00342,Central_Zone,CG_Plains,2021,Rabi,Wheat,20.25,29.37,285.48,65.51,12.86,6.71,0.937,197.8,19.9,121.5,4561.69
AGR_Cen_2019_00343,Central_Zone,UP_Bundelkhand,2019,Kharif,Maize,25.86,34.29,556.49,81.83,14.58,5.8,0.756,168.4,24.9,193.2,4216.2
AGR_Cen_2020_00344,Central_Zone,MP_Narmada,2020,Kharif,Cotton,23.49,35.71,992.47,81.77,10.0,6.34,0.85,172.1,10.2,183.4,3119.37
AGR_Cen_2020_00345,Central_Zone,UP_Bundelkhand,2020,Kharif,Wheat,23.99,34.88,758.05,72.18,10.56,6.72,0.568,177.4,14.3,205.9,4759.86
AGR_Cen_2018_00346,Central_Zone,MP_Narmada,2018,Rabi,Wheat,16.95,25.07,248.92,50.98,11.48,7.06,0.707,220.0,22.1,141.3,4377.32
AGR_Cen_2020_00347,Central_Zone,JH_Plateau,2020,Kharif,Cotton,26.34,39.78,672.69,78.32,11.27,7.16,0.728,180.9,20.0,216.9,3082.87
AGR_Cen_2019_00348,Central_Zone,JH_Plateau,2019,Kharif,Wheat,25.96,37.29,1597.48,94.89,10.0,6.26,0.472,215.2,17.6,228.0,4603.04
AGR_Cen_2019_00349,Central_Zone,MP_Narmada,2019,Zaid,Wheat,24.11,35.0,120.42,54.6,10.0,6.08,0.739,215.5,24.4,148.8,4428.07
AGR_Cen_2020_00350,Central_Zone,CG_Plains,2020,Rabi,Wheat,18.21,26.36,,51.53,11.48,5.89,0.554,226.2,30.0,229.9,4355.8
AGR_Cen_2018_00351,Central_Zone,CG_Plains,2018,Rabi,Soybean,18.29,30.3,161.92,61.22,11.56,7.45,0.854,183.5,27.6,219.9,2614.14
AGR_Cen_2023_00352,Central_Zone,JH_Plateau,2023,Rabi,Cotton,19.81,27.87,165.37,50.0,11.46,7.53,0.313,219.2,20.4,247.8,2006.79
AGR_Cen_2022_00353,Central_Zone,CG_Plains,2022,Kharif,Rice,,37.46,974.69,94.57,10.0,6.89,0.951,165.2,27.8,246.4,5314.42
AGR_Cen_2020_00354,Central_Zone,MP_Narmada,2020,Kharif,Maize,23.75,37.54,955.29,90.87,10.0,6.99,0.314,172.1,14.0,250.6,3839.89
AGR_Cen_2020_00355,Central_Zone,JH_Plateau,2020,Rabi,Cotton,18.19,25.96,57.82,64.78,10.67,6.2,0.581,193.9,9.4,240.4,1946.04
AGR_Cen_2018_00356,Central_Zone,MP_Narmada,2018,Kharif,Cotton,23.0,33.86,1312.35,84.27,10.0,7.57,0.842,179.2,19.4,119.7,3171.81
AGR_Cen_2022_00357,Central_Zone,JH_Plateau,2022,Kharif,Maize,23.93,37.85,1181.59,,10.32,6.29,0.665,194.1,24.7,250.6,4069.9
AGR_Cen_2022_00358,Central_Zone,CG_Plains,2022,Rabi,Pulses,22.41,34.79,221.05,35.57,12.54,6.49,0.984,144.9,19.2,229.6,1714.24
AGR_Cen_2018_00359,Central_Zone,UP_Bundelkhand,2018,Zaid,Pulses,,37.35,125.18,49.86,10.86,5.76,0.488,235.8,26.1,300.8,1549.52
AGR_Cen_2020_00360,Central_Zone,JH_Plateau,2020,Rabi,Cotton,18.97,30.44,163.03,46.05,14.12,7.46,0.764,168.3,8.0,153.1,2163.48
AGR_Cen_2023_00361,Central_Zone,CG_Plains,2023,Kharif,Maize,22.54,35.9,859.38,90.86,10.0,6.19,0.571,111.5,27.3,234.3,3853.97
AGR_Cen_2020_00362,Central_Zone,JH_Plateau,2020,Kharif,Soybean,21.64,29.58,399.02,64.68,11.17,7.48,0.729,190.8,15.1,259.7,3201.65
AGR_Cen_2020_00363,Central_Zone,CG_Plains,2020,Kharif,Pulses,25.2,33.31,1151.9,89.88,10.04,7.24,0.533,181.9,32.7,229.5,2526.47
AGR_Cen_2023_00364,Central_Zone,CG_Plains,2023,Kharif,Soybean,24.73,36.82,539.12,54.05,12.34,6.42,0.769,125.0,17.6,146.2,3116.91
AGR_Cen_2021_00365,Central_Zone,UP_Bundelkhand,2021,Kharif,Cotton,24.58,33.71,440.3,70.63,11.6,6.26,0.607,159.5,19.3,224.0,2974.07
AGR_Cen_2018_00366,Central_Zone,UP_Bundelkhand,2018,Kharif,Soybean,23.02,34.29,1100.97,73.77,11.93,6.36,0.777,246.5,29.2,246.6,3716.1
AGR_Cen_2020_00367,Central_Zone,MP_Narmada,2020,Zaid,Soybean,21.84,,38.99,55.5,10.0,7.25,0.689,109.8,8.0,230.8,2095.78
AGR_Cen_2020_00368,Central_Zone,JH_Plateau,2020,Zaid,Rice,24.09,31.09,90.15,58.66,11.76,6.5,0.54,170.2,28.5,151.2,4078.97
AGR_Cen_2020_00369,Central_Zone,MP_Narmada,2020,Rabi,Wheat,21.21,29.46,187.72,54.59,11.58,6.99,0.592,129.3,18.1,244.4,3876.92
AGR_Cen_2022_00370,Central_Zone,CG_Plains,2022,Kharif,Pulses,,31.0,1170.29,76.88,10.0,7.64,0.274,225.8,10.9,200.0,2279.32
AGR_Cen_2020_00371,Central_Zone,UP_Bundelkhand,2020,Kharif,Soybean,23.84,37.67,1297.67,95.0,10.17,6.79,0.764,188.7,15.7,275.7,3357.25
AGR_Cen_2021_00372,Central_Zone,CG_Plains,2021,Rabi,Cotton,21.53,33.48,185.34,44.21,14.85,6.18,0.691,185.8,14.2,291.0,2706.53
AGR_Cen_2022_00373,Central_Zone,JH_Plateau,2022,Kharif,Soybean,23.79,37.3,908.14,82.71,10.0,7.73,0.777,193.0,17.8,142.2,3457.67
AGR_Cen_2020_00374,Central_Zone,MP_Narmada,2020,Kharif,Pulses,23.2,33.57,1033.63,,10.0,6.44,1.085,153.1,18.8,174.2,2353.27
AGR_Cen_2019_00375,Central_Zone,CG_Plains,2019,Kharif,Wheat,25.54,36.11,826.09,86.29,10.0,6.48,0.763,184.0,25.6,231.7,4680.85
AGR_Cen_2018_00376,Central_Zone,UP_Bundelkhand,2018,Kharif,Cotton,27.72,35.7,1712.93,95.0,10.0,6.5,0.449,212.0,25.1,220.7,2889.57
AGR_Cen_2022_00377,Central_Zone,JH_Plateau,2022,Kharif,Rice,23.77,34.79,1269.2,95.0,11.16,7.85,0.915,188.3,20.7,193.1,5541.86
AGR_Cen_2022_00378,Central_Zone,JH_Plateau,2022,Kharif,Cotton,24.9,36.6,640.07,72.17,11.57,6.7,0.429,196.0,28.4,180.0,2935.07
AGR_Cen_2021_00379,Central_Zone,MP_Narmada,2021,Kharif,Maize,25.05,37.43,1150.46,90.05,10.0,5.96,0.509,152.1,20.8,194.1,3800.97
AGR_Cen_2023_00380,Central_Zone,UP_Bundelkhand,2023,Kharif,Rice,22.0,32.56,900.25,85.93,10.0,6.42,0.472,191.2,22.3,198.4,5131.82
AGR_Cen_2018_00381,Central_Zone,JH_Plateau,2018,Kharif,Soybean,,33.39,1242.4,82.68,10.69,6.57,0.418,112.0,23.8,215.0,3034.77
AGR_Cen_2018_00382,Central_Zone,CG_Plains,2018,Kharif,Rice,20.17,27.22,1168.03,73.13,10.43,7.02,0.611,148.9,26.4,158.9,4748.31
AGR_Cen_2022_00383,Central_Zone,CG_Plains,2022,Kharif,Maize,22.48,35.93,627.44,70.62,11.65,5.78,0.537,207.1,24.2,170.6,4430.21
AGR_Cen_2021_00384,Central_Zone,UP_Bundelkhand,2021,Kharif,Soybean,,,929.45,95.0,10.0,6.45,0.676,202.1,34.3,226.8,3198.44
AGR_Cen_2022_00385,Central_Zone,UP_Bundelkhand,2022,Rabi,Rice,17.9,26.03,228.1,58.12,10.0,6.79,0.708,176.5,19.8,287.9,4358.83
AGR_Cen_2020_00386,Central_Zone,CG_Plains,2020,Kharif,Pulses,24.03,36.0,195.11,42.73,13.07,7.51,0.702,199.1,18.0,174.4,1952.02
AGR_Cen_2022_00387,Central_Zone,MP_Narmada,2022,Rabi,Maize,20.92,32.88,119.35,52.96,13.07,6.88,0.53,161.6,17.7,225.0,3406.8
AGR_Cen_2020_00388,Central_Zone,MP_Narmada,2020,Rabi,Pulses,20.77,31.51,82.67,58.16,14.55,7.28,0.614,169.0,31.9,169.7,1352.48
AGR_Cen_2019_00389,Central_Zone,CG_Plains,2019,Kharif,Cotton,24.03,33.94,1523.63,95.0,10.0,6.24,0.83,183.4,23.9,204.2,2982.58
AGR_Cen_2018_00390,Central_Zone,MP_Narmada,2018,Kharif,Maize,25.01,38.37,1233.44,72.27,13.87,6.29,0.724,175.5,23.2,247.8,4034.49
AGR_Cen_2019_00391,Central_Zone,JH_Plateau,2019,Kharif,Soybean,24.05,34.81,984.02,76.87,10.0,5.67,0.45,177.0,19.5,139.4,3139.01
AGR_Cen_2020_00392,Central_Zone,UP_Bundelkhand,2020,Rabi,Cotton,22.42,33.12,254.0,56.32,13.14,6.55,0.781,264.8,25.4,159.4,3192.17
AGR_Cen_2021_00393,Central_Zone,JH_Plateau,2021,Rabi,Soybean,22.02,34.88,57.1,58.52,11.63,6.55,0.607,193.7,26.0,273.2,2559.85
AGR_Cen_2023_00394,Central_Zone,CG_Plains,2023,Kharif,Wheat,24.61,33.65,932.01,,10.0,7.36,0.969,156.0,25.3,261.0,4809.15
AGR_Cen_2019_00395,Central_Zone,UP_Bundelkhand,2019,Rabi,Wheat,19.35,32.28,223.61,57.17,11.72,7.02,0.452,115.4,19.3,110.0,3646.19
AGR_Cen_2022_00396,Central_Zone,JH_Plateau,2022,Kharif,Cotton,23.49,32.05,805.08,79.28,10.0,6.4,0.731,202.9,18.4,202.8,3106.69
AGR_Cen_2019_00397,Central_Zone,MP_Narmada,2019,Kharif,Cotton,23.79,36.07,1084.32,84.86,10.0,5.77,0.818,143.1,27.7,183.9,3034.92
AGR_Cen_2023_00398,Central_Zone,UP_Bundelkhand,2023,Kharif,Soybean,22.36,29.85,1014.5,95.0,11.57,6.31,0.57,173.1,27.2,282.3,2904.68
AGR_Cen_2019_00399,Central_Zone,MP_Narmada,2019,Kharif,Wheat,22.33,33.37,873.28,93.21,10.16,7.44,0.568,124.3,38.8,166.1,4462.91
AGR_Cen_2020_00400,Central_Zone,CG_Plains,2020,Kharif,Cotton,24.0,33.21,384.1,61.28,12.87,7.87,0.652,122.2,19.2,271.4,2896.14
AGR_Cen_2020_00401,Central_Zone,CG_Plains,2020,Kharif,Pulses,26.17,37.99,647.89,70.01,13.24,6.84,0.388,152.9,34.1,222.7,2015.66
AGR_Cen_2018_00402,Central_Zone,JH_Plateau,2018,Kharif,Cotton,25.17,36.6,1078.7,70.81,11.32,6.73,0.38,233.4,18.5,232.0,2880.46
AGR_Cen_2020_00403,Central_Zone,CG_Plains,2020,Kharif,Rice,23.04,34.42,,65.41,10.6,6.11,0.446,205.9,24.4,179.7,5050.33
AGR_Cen_2023_00404,Central_Zone,JH_Plateau,2023,Rabi,Rice,,27.5,107.62,56.8,12.95,7.92,0.811,170.1,18.3,267.0,4382.19
AGR_Cen_2018_00405,Central_Zone,JH_Plateau,2018,Rabi,Rice,21.63,34.28,206.16,,14.39,6.54,0.498,184.8,23.0,193.7,4504.99
AGR_Cen_2023_00406,Central_Zone,UP_Bundelkhand,2023,Kharif,Cotton,22.26,31.07,984.64,78.92,10.0,7.21,0.812,175.3,14.6,215.7,3077.55
AGR_Cen_2021_00407,Central_Zone,JH_Plateau,2021,Kharif,Maize,24.67,37.95,945.96,86.74,10.0,6.91,0.939,227.9,24.0,186.6,4416.29
AGR_Cen_2021_00408,Central_Zone,UP_Bundelkhand,2021,Rabi,Pulses,20.75,30.94,168.88,67.73,14.07,5.87,0.518,183.8,26.9,142.3,1502.89
AGR_Cen_2020_00409,Central_Zone,CG_Plains,2020,Kharif,Maize,23.14,32.01,,94.73,10.68,6.28,0.921,159.0,18.6,181.9,4202.08
AGR_Cen_2019_00410,Central_Zone,JH_Plateau,2019,Kharif,Rice,23.03,34.26,554.8,62.22,10.0,6.67,0.527,161.1,24.1,173.2,4858.13
AGR_Cen_2023_00411,Central_Zone,JH_Plateau,2023,Kharif,Wheat,25.46,35.76,1102.77,81.84,10.07,7.26,0.401,229.9,18.0,231.1,4623.74
AGR_Cen_2020_00412,Central_Zone,CG_Plains,2020,Rabi,Wheat,23.06,33.22,206.17,48.53,12.75,6.91,0.644,203.2,13.8,241.5,4025.15
AGR_Cen_2020_00413,Central_Zone,MP_Narmada,2020,Kharif,Soybean,22.82,30.97,656.69,83.52,10.89,7.16,0.651,165.1,19.7,135.2,3053.72
AGR_Cen_2022_00414,Central_Zone,CG_Plains,2022,Rabi,Cotton,20.19,29.31,195.51,38.04,13.6,5.92,0.517,165.9,29.5,242.2,2137.02
AGR_Cen_2021_00415,Central_Zone,UP_Bundelkhand,2021,Rabi,Wheat,20.81,31.78,119.65,51.65,11.47,7.29,0.768,176.6,24.0,174.8,3895.53
AGR_Cen_2018_00416,Central_Zone,UP_Bundelkhand,2018,Kharif,Maize,22.39,36.02,1023.02,94.35,10.0,7.2,0.494,196.2,20.3,149.6,4143.13
AGR_Cen_2020_00417,Central_Zone,UP_Bundelkhand,2020,Kharif,Wheat,24.37,31.8,687.59,76.14,11.36,7.19,0.662,164.9,19.9,190.7,4621.52
AGR_Cen_2023_00418,Central_Zone,MP_Narmada,2023,Rabi,Rice,20.29,29.48,178.16,54.95,12.23,6.78,0.63,214.3,25.9,110.0,4948.2
AGR_Cen_2021_00419,Central_Zone,MP_Narmada,2021,Kharif,Soybean,27.32,35.39,841.52,64.69,11.16,5.97,0.972,179.7,29.4,110.0,3571.12
AGR_Cen_2020_00420,Central_Zone,MP_Narmada,2020,Kharif,Maize,24.6,35.03,1365.11,93.24,10.0,7.38,0.297,182.4,13.4,230.1,4170.05
AGR_Cen_2023_00421,Central_Zone,JH_Plateau,2023,Rabi,Soybean,,30.35,,52.38,12.28,7.16,0.779,179.7,16.0,158.9,2604.03
AGR_Cen_2022_00422,Central_Zone,UP_Bundelkhand,2022,Kharif,Wheat,24.12,35.5,,95.0,11.86,8.11,0.694,208.2,15.6,184.9,5037.07
AGR_Cen_2019_00423,Central_Zone,MP_Narmada,2019,Kharif,Soybean,25.05,37.77,705.96,59.68,11.73,8.11,0.591,159.5,20.1,110.0,3017.22
AGR_Cen_2019_00424,Central_Zone,CG_Plains,2019,Kharif,Soybean,24.47,32.45,1238.12,91.0,10.0,6.3,0.739,178.4,22.7,269.7,3530.67
AGR_Cen_2018_00425,Central_Zone,MP_Narmada,2018,Rabi,Wheat,18.21,25.93,262.84,60.89,10.1,6.5,0.53,210.7,15.9,110.0,3990.61
AGR_Cen_2020_00426,Central_Zone,MP_Narmada,2020,Rabi,Rice,20.16,31.86,119.45,56.23,15.81,7.22,0.834,161.5,25.1,148.4,4398.02
AGR_Cen_2021_00427,Central_Zone,CG_Plains,2021,Kharif,Wheat,26.12,39.69,541.66,77.97,11.43,5.7,0.695,232.5,30.3,207.0,4879.43
AGR_Cen_2018_00428,Central_Zone,CG_Plains,2018,Rabi,Rice,21.73,,214.53,57.54,14.25,7.62,0.905,192.2,25.1,269.4,4728.66
AGR_Cen_2020_00429,Central_Zone,MP_Narmada,2020,Rabi,Wheat,22.59,31.92,77.46,54.94,12.87,6.08,0.748,157.4,20.7,254.7,3873.22
AGR_Cen_2021_00430,Central_Zone,UP_Bundelkhand,2021,Rabi,Maize,22.31,,144.59,58.68,11.86,6.96,0.594,183.5,24.7,247.5,3558.7
AGR_Cen_2020_00431,Central_Zone,JH_Plateau,2020,Rabi,Wheat,21.83,35.07,211.75,74.2,10.0,7.05,0.687,135.5,29.4,218.2,3980.62
AGR_Cen_2023_00432,Central_Zone,MP_Narmada,2023,Rabi,Cotton,19.07,31.2,,33.78,15.0,6.15,0.666,208.6,9.7,213.0,2616.29
AGR_Cen_2021_00433,Central_Zone,UP_Bundelkhand,2021,Kharif,Wheat,23.25,35.68,1457.49,95.0,10.0,6.37,0.316,173.7,19.1,169.8,4383.68
AGR_Cen_2018_00434,Central_Zone,CG_Plains,2018,Kharif,Wheat,24.52,34.65,663.05,58.95,11.88,5.34,0.821,218.5,15.4,228.1,5140.8
AGR_Cen_2021_00435,Central_Zone,JH_Plateau,2021,Kharif,Soybean,24.45,32.07,,66.93,10.02,7.61,0.274,133.3,10.6,252.2,2923.9
AGR_Cen_2020_00436,Central_Zone,MP_Narmada,2020,Rabi,Rice,20.84,31.77,178.72,60.23,14.65,7.13,0.722,189.4,14.1,151.8,4744.88
AGR_Cen_2019_00437,Central_Zone,MP_Narmada,2019,Zaid,Maize,24.67,34.18,59.61,60.37,10.04,8.5,0.837,123.0,21.9,237.1,3431.27
AGR_Cen_2023_00438,Central_Zone,UP_Bundelkhand,2023,Rabi,Wheat,22.63,30.78,126.13,39.69,15.14,6.82,0.662,219.8,13.2,161.9,4521.86
AGR_Cen_2021_00439,Central_Zone,UP_Bundelkhand,2021,Rabi,Pulses,18.97,,25.23,48.49,10.82,7.33,0.571,176.9,19.3,219.7,1055.89
AGR_Cen_2019_00440,Central_Zone,MP_Narmada,2019,Rabi,Pulses,20.11,31.94,,80.27,10.0,6.63,0.684,237.9,35.7,197.0,1985.16
AGR_Cen_2022_00441,Central_Zone,MP_Narmada,2022,Rabi,Pulses,21.46,30.8,150.24,59.44,10.12,6.78,0.658,158.2,16.5,235.3,1881.64
AGR_Cen_2021_00442,Central_Zone,JH_Plateau,2021,Rabi,Wheat,19.53,27.98,127.23,68.84,10.0,6.68,0.858,238.2,16.8,268.6,4576.63
AGR_Cen_2018_00443,Central_Zone,UP_Bundelkhand,2018,Kharif,Wheat,21.8,35.12,417.85,55.1,12.32,6.47,0.272,137.1,17.7,251.9,4080.09
AGR_Cen_2018_00444,Central_Zone,UP_Bundelkhand,2018,Kharif,Maize,23.14,,,84.76,10.7,6.39,0.459,167.9,24.2,146.1,3927.5
AGR_Cen_2022_00445,Central_Zone,MP_Narmada,2022,Kharif,Rice,21.94,,1016.88,94.6,10.08,7.29,0.638,178.1,21.0,234.7,5000.46
AGR_Cen_2023_00446,Central_Zone,CG_Plains,2023,Kharif,Maize,22.73,,1176.96,95.0,10.0,7.1,1.1,280.0,25.3,110.5,5018.18
AGR_Cen_2018_00447,Central_Zone,JH_Plateau,2018,Rabi,Pulses,18.91,27.9,238.63,69.84,13.71,5.94,0.444,191.8,19.6,222.4,1626.47
AGR_Cen_2022_00448,Central_Zone,CG_Plains,2022,Rabi,Rice,21.46,31.89,81.33,52.61,10.51,7.48,0.301,199.7,17.4,287.5,4268.2
AGR_Cen_2018_00449,Central_Zone,UP_Bundelkhand,2018,Kharif,Maize,23.44,30.79,1036.13,72.14,10.08,7.8,0.62,138.4,28.8,204.5,3982.16
AGR_Cen_2018_00450,Central_Zone,JH_Plateau,2018,Zaid,Wheat,25.0,34.22,104.47,47.45,14.84,7.04,0.624,153.3,12.0,154.4,3857.11
AGR_Cen_2021_00451,Central_Zone,UP_Bundelkhand,2021,Rabi,Maize,18.41,27.1,98.41,37.16,12.45,6.7,0.643,195.7,24.4,161.9,3632.9
AGR_Cen_2020_00452,Central_Zone,CG_Plains,2020,Kharif,Rice,24.71,38.26,757.55,80.41,10.0,6.25,0.665,261.0,15.9,289.7,5692.06
AGR_Cen_2019_00453,Central_Zone,UP_Bundelkhand,2019,Kharif,Pulses,25.07,38.71,387.26,49.47,11.78,7.15,0.554,178.2,22.7,217.3,2331.63
AGR_Cen_2020_00454,Central_Zone,JH_Plateau,2020,Kharif,Cotton,25.03,33.22,1182.97,83.73,10.0,6.37,0.776,210.0,18.6,162.4,3081.43
AGR_Cen_2023_00455,Central_Zone,CG_Plains,2023,Kharif,Cotton,25.53,33.96,1183.61,95.0,10.0,6.47,0.451,170.3,20.3,211.5,2774.16
AGR_Cen_2021_00456,Central_Zone,JH_Plateau,2021,Kharif,Rice,,35.08,1029.0,95.0,10.11,6.24,0.635,166.5,12.9,235.1,5368.66
AGR_Cen_2023_00457,Central_Zone,UP_Bundelkhand,2023,Kharif,Wheat,24.84,32.76,1144.23,,12.43,6.81,0.453,175.6,23.1,281.2,4738.98
AGR_Cen_2022_00458,Central_Zone,JH_Plateau,2022,Rabi,Soybean,21.7,30.85,261.4,57.17,11.72,6.51,0.597,200.9,18.0,231.5,2848.24
AGR_Cen_2018_00459,Central_Zone,UP_Bundelkhand,2018,Kharif,Maize,23.43,33.84,714.49,72.19,10.0,6.51,0.481,188.8,12.3,185.4,4058.59
AGR_Cen_2019_00460,Central_Zone,JH_Plateau,2019,Zaid,Rice,27.6,36.13,100.27,49.76,16.19,7.62,0.826,254.7,24.8,179.0,5226.2
AGR_Cen_2018_00461,Central_Zone,JH_Plateau,2018,Kharif,Cotton,23.89,36.43,759.26,73.31,10.0,7.52,0.367,146.3,17.9,231.6,2724.45
AGR_Cen_2022_00462,Central_Zone,UP_Bundelkhand,2022,Rabi,Soybean,,29.4,73.3,52.77,15.04,6.74,0.442,179.0,25.2,246.0,2248.97
AGR_Cen_2018_00463,Central_Zone,CG_Plains,2018,Kharif,Maize,,36.78,,65.43,10.78,6.16,0.837,177.5,22.4,201.8,4603.14
AGR_Cen_2021_00464,Central_Zone,UP_Bundelkhand,2021,Kharif,Soybean,25.4,35.47,10.0,57.16,14.92,5.69,0.643,196.6,25.8,175.7,2291.8
AGR_Cen_2018_00465,Central_Zone,UP_Bundelkhand,2018,Kharif,Cotton,23.47,33.68,1044.64,86.48,10.36,7.12,1.034,169.4,29.6,177.1,3118.54
AGR_Cen_2021_00466,Central_Zone,JH_Plateau,2021,Kharif,Cotton,25.93,37.61,1039.12,94.36,10.0,7.76,0.974,166.7,23.0,154.3,3064.64
AGR_Cen_2019_00467,Central_Zone,UP_Bundelkhand,2019,Kharif,Soybean,23.96,,1272.32,89.99,12.64,6.55,0.445,252.7,29.9,243.7,3312.42
AGR_Cen_2023_00468,Central_Zone,UP_Bundelkhand,2023,Kharif,Rice,23.95,,974.88,73.22,11.99,7.01,0.574,147.8,15.9,218.9,5050.09
AGR_Cen_2023_00469,Central_Zone,MP_Narmada,2023,Kharif,Rice,23.37,35.55,619.75,67.23,10.0,7.05,0.643,200.6,19.0,217.8,5246.67
AGR_Cen_2019_00470,Central_Zone,CG_Plains,2019,Kharif,Cotton,21.45,32.34,,84.07,10.0,6.38,0.708,90.0,26.6,230.3,2658.58
AGR_Cen_2020_00471,Central_Zone,JH_Plateau,2020,Rabi,Maize,17.27,25.34,10.0,,13.57,5.2,0.62,145.8,19.2,265.0,2652.59
AGR_Cen_2021_00472,Central_Zone,MP_Narmada,2021,Kharif,Soybean,22.87,33.46,436.21,57.9,11.82,6.98,0.549,154.8,18.5,350.0,3267.75
AGR_Cen_2023_00473,Central_Zone,UP_Bundelkhand,2023,Kharif,Maize,22.24,30.93,1464.66,88.62,10.0,6.0,0.985,197.4,21.6,136.8,4612.6
AGR_Cen_2022_00474,Central_Zone,JH_Plateau,2022,Kharif,Wheat,20.81,30.79,989.95,93.03,10.0,6.52,0.68,123.4,18.5,149.1,4229.66
AGR_Cen_2023_00475,Central_Zone,CG_Plains,2023,Kharif,Cotton,25.5,33.71,1203.78,73.06,13.3,6.34,0.591,173.5,16.5,219.5,3152.46
AGR_Cen_2018_00476,Central_Zone,UP_Bundelkhand,2018,Kharif,Soybean,26.84,37.3,366.64,,16.25,8.21,0.876,191.9,14.8,187.9,3181.23
AGR_Cen_2020_00477,Central_Zone,CG_Plains,2020,Kharif,Pulses,,36.98,360.41,86.51,10.0,6.09,0.823,146.8,14.1,206.9,2219.72
AGR_Cen_2023_00478,Central_Zone,UP_Bundelkhand,2023,Kharif,Rice,24.47,37.8,1120.65,88.82,12.39,7.05,0.599,145.9,26.9,228.9,4793.47
AGR_Cen_2019_00479,Central_Zone,UP_Bundelkhand,2019,Rabi,Cotton,23.02,36.16,185.86,47.18,16.71,6.95,0.475,168.3,18.1,153.4,2319.04
AGR_Cen_2020_00480,Central_Zone,MP_Narmada,2020,Rabi,Pulses,20.7,31.14,167.41,57.84,12.91,6.75,0.277,165.3,35.0,176.3,1517.03
AGR_Cen_2018_00481,Central_Zone,CG_Plains,2018,Kharif,Rice,25.97,39.76,1063.13,72.43,10.0,6.08,0.303,139.1,21.2,155.6,4193.55
AGR_Cen_2018_00482,Central_Zone,MP_Narmada,2018,Kharif,Rice,24.95,35.1,1034.84,74.83,11.42,6.71,0.507,141.8,25.8,142.7,4762.11
AGR_Cen_2019_00483,Central_Zone,CG_Plains,2019,Rabi,Cotton,19.26,30.22,149.04,70.98,10.0,6.77,0.4,173.5,22.9,141.1,2190.82
AGR_Cen_2019_00484,Central_Zone,CG_Plains,2019,Rabi,Pulses,18.96,32.81,185.37,42.82,11.85,7.78,0.857,215.5,14.9,256.5,1756.98
AGR_Cen_2020_00485,Central_Zone,MP_Narmada,2020,Kharif,Soybean,24.03,36.25,976.83,76.47,11.64,6.73,0.497,148.7,22.4,167.6,3078.45
AGR_Cen_2023_00486,Central_Zone,CG_Plains,2023,Kharif,Cotton,25.21,34.58,1090.77,95.0,10.0,6.18,0.588,180.4,20.1,171.5,2996.69
AGR_Cen_2021_00487,Central_Zone,MP_Narmada,2021,Rabi,Soybean,20.82,34.66,,38.95,16.94,7.77,0.864,135.0,25.4,236.2,2487.71
AGR_Cen_2020_00488,Central_Zone,MP_Narmada,2020,Rabi,Rice,19.92,27.14,121.59,44.31,13.62,7.0,0.333,157.6,26.5,177.5,3698.78
AGR_Cen_2020_00489,Central_Zone,MP_Narmada,2020,Kharif,Rice,23.5,33.21,840.53,89.52,13.45,6.53,0.598,150.4,23.6,172.8,4914.7
AGR_Cen_2018_00490,Central_Zone,CG_Plains,2018,Kharif,Soybean,27.36,38.8,1088.65,95.0,10.0,6.7,0.664,179.7,25.4,197.4,3130.67
AGR_Cen_2023_00491,Central_Zone,JH_Plateau,2023,Kharif,Rice,24.82,,1009.67,95.0,10.0,7.55,0.772,153.1,31.1,269.1,5037.68
AGR_Cen_2020_00492,Central_Zone,JH_Plateau,2020,Rabi,Wheat,18.78,30.21,180.06,58.63,14.56,7.06,0.748,218.3,29.4,210.7,4335.33
AGR_Cen_2020_00493,Central_Zone,JH_Plateau,2020,Rabi,Cotton,22.93,32.46,222.02,58.78,11.96,6.23,0.438,202.9,23.9,195.1,2633.69
AGR_Cen_2023_00494,Central_Zone,MP_Narmada,2023,Rabi,Maize,20.39,34.07,247.68,52.52,13.9,7.26,0.3,152.6,20.3,110.0,3304.08
AGR_Cen_2020_00495,Central_Zone,UP_Bundelkhand,2020,Rabi,Rice,18.95,32.62,70.61,53.11,14.45,6.57,0.481,187.3,18.3,201.8,4224.91
AGR_Cen_2022_00496,Central_Zone,CG_Plains,2022,Rabi,Pulses,20.07,30.14,144.96,50.9,10.12,7.56,0.67,242.4,24.9,222.7,1495.25
AGR_Cen_2023_00497,Central_Zone,CG_Plains,2023,Zaid,Pulses,24.53,38.42,120.54,55.97,15.26,7.06,0.638,147.4,29.8,207.4,1420.13
AGR_Cen_2022_00498,Central_Zone,MP_Narmada,2022,Kharif,Rice,25.04,33.47,1056.82,81.1,11.24,5.8,0.708,200.5,15.5,227.3,5379.29
AGR_Cen_2021_00499,Central_Zone,UP_Bundelkhand,2021,Rabi,Wheat,19.92,27.21,240.88,42.61,12.97,6.37,0.754,211.8,20.3,144.4,4180.71
AGR_Cen_2019_00500,Central_Zone,CG_Plains,2019,Zaid,Maize,23.08,36.34,46.99,62.77,10.0,6.87,0.732,256.2,27.0,307.1,3697.56
AGR_Cen_2019_00501,Central_Zone,CG_Plains,2019,Rabi,Maize,,27.0,,73.55,10.0,6.15,0.975,191.4,25.8,229.0,3600.79
AGR_Cen_2019_00502,Central_Zone,UP_Bundelkhand,2019,Rabi,Wheat,22.24,31.08,226.97,51.78,12.96,6.86,0.567,138.5,25.9,292.8,3817.47
AGR_Cen_2023_00503,Central_Zone,JH_Plateau,2023,Rabi,Cotton,20.56,29.95,210.58,68.11,13.33,7.18,0.409,164.2,18.7,194.6,2215.12
AGR_Cen_2020_00504,Central_Zone,JH_Plateau,2020,Rabi,Wheat,20.04,30.72,155.16,59.71,11.46,5.94,0.626,216.5,24.4,150.7,4058.69
AGR_Cen_2021_00505,Central_Zone,CG_Plains,2021,Rabi,Cotton,18.51,31.11,187.25,57.81,11.84,6.52,0.472,194.6,19.2,155.4,2420.29
AGR_Cen_2018_00506,Central_Zone,CG_Plains,2018,Rabi,Wheat,19.89,31.42,191.0,61.95,10.85,5.51,0.876,189.3,14.3,295.6,4414.95
AGR_Cen_2018_00507,Central_Zone,MP_Narmada,2018,Rabi,Pulses,22.53,35.63,136.14,46.83,15.32,6.76,0.42,183.4,29.2,224.6,1305.46
AGR_Cen_2022_00508,Central_Zone,MP_Narmada,2022,Zaid,Pulses,25.03,37.39,90.09,60.57,13.06,7.86,0.522,164.3,8.0,149.6,1519.16
AGR_Cen_2022_00509,Central_Zone,UP_Bundelkhand,2022,Kharif,Soybean,23.17,30.97,755.78,75.92,10.0,6.35,0.573,145.9,15.4,254.7,3048.92
AGR_Cen_2018_00510,Central_Zone,JH_Plateau,2018,Rabi,Maize,22.8,31.93,214.44,47.71,12.22,6.97,0.532,168.4,8.6,234.3,3550.06
AGR_Cen_2019_00511,Central_Zone,CG_Plains,2019,Zaid,Soybean,23.16,30.87,101.81,63.92,12.98,7.56,0.709,157.7,20.8,183.5,2410.95
AGR_Cen_2019_00512,Central_Zone,MP_Narmada,2019,Rabi,Pulses,20.99,29.03,213.07,55.33,15.75,6.89,0.583,224.1,17.9,299.3,1914.4
AGR_Cen_2023_00513,Central_Zone,UP_Bundelkhand,2023,Kharif,Wheat,22.68,36.55,1268.98,95.0,10.0,7.57,0.69,196.9,25.2,189.0,4788.01
AGR_Cen_2022_00514,Central_Zone,JH_Plateau,2022,Kharif,Rice,23.65,35.11,1000.83,76.15,13.62,7.25,0.639,174.0,22.5,152.1,5123.41
AGR_Cen_2022_00515,Central_Zone,JH_Plateau,2022,Kharif,Rice,23.79,32.48,828.92,89.62,10.0,6.94,0.586,185.4,15.4,216.7,5230.89
AGR_Cen_2021_00516,Central_Zone,JH_Plateau,2021,Kharif,Cotton,,33.93,773.42,78.76,12.61,6.59,0.6,165.3,21.3,192.2,3010.66
AGR_Cen_2021_00517,Central_Zone,UP_Bundelkhand,2021,Rabi,Maize,21.58,34.86,121.25,61.19,10.0,7.57,0.369,155.8,35.5,165.8,3227.18
AGR_Cen_2019_00518,Central_Zone,CG_Plains,2019,Rabi,Rice,19.45,28.16,197.19,50.38,13.67,5.95,0.782,197.1,36.8,161.1,4764.0
AGR_Cen_2020_00519,Central_Zone,CG_Plains,2020,Rabi,Maize,20.68,31.97,183.55,56.71,13.41,6.14,0.537,205.4,16.9,151.0,3937.17
AGR_Cen_2019_00520,Central_Zone,JH_Plateau,2019,Rabi,Soybean,19.96,30.54,87.09,57.99,12.17,5.55,0.524,184.4,21.0,259.1,2230.05
AGR_Cen_2019_00521,Central_Zone,UP_Bundelkhand,2019,Kharif,Cotton,23.76,37.57,994.82,75.27,14.58,6.38,0.979,192.7,15.7,144.0,3247.17
AGR_Cen_2019_00522,Central_Zone,CG_Plains,2019,Rabi,Cotton,22.22,,180.22,58.34,10.0,7.1,0.687,149.6,18.3,238.2,2489.05
AGR_Cen_2021_00523,Central_Zone,JH_Plateau,2021,Zaid,Pulses,30.28,,81.14,59.35,11.17,6.0,0.872,130.9,23.4,191.5,1362.36
AGR_Cen_2019_00524,Central_Zone,MP_Narmada,2019,Rabi,Rice,20.19,31.23,122.46,60.52,11.53,7.65,0.975,130.8,25.0,167.4,4493.91
AGR_Cen_2020_00525,Central_Zone,CG_Plains,2020,Zaid,Rice,26.61,36.56,88.11,48.91,13.67,6.38,0.532,226.3,28.8,138.9,4567.61
AGR_Cen_2022_00526,Central_Zone,MP_Narmada,2022,Kharif,Rice,22.62,31.7,1080.26,79.48,10.0,6.42,0.258,201.7,28.9,185.5,4653.57
AGR_Cen_2023_00527,Central_Zone,JH_Plateau,2023,Rabi,Wheat,20.71,33.66,227.6,61.98,12.46,6.64,0.617,198.4,23.0,192.2,4394.79
AGR_Cen_2021_00528,Central_Zone,CG_Plains,2021,Kharif,Rice,23.49,32.39,1061.53,92.51,10.0,6.96,0.699,181.4,33.0,253.3,5256.27
AGR_Cen_2022_00529,Central_Zone,MP_Narmada,2022,Kharif,Rice,21.69,34.25,915.16,88.45,10.0,7.15,0.764,164.8,28.8,264.9,5246.35
AGR_Cen_2019_00530,Central_Zone,UP_Bundelkhand,2019,Kharif,Pulses,25.1,37.61,698.39,55.59,10.93,7.26,0.985,201.1,15.9,138.6,2394.4
AGR_Cen_2023_00531,Central_Zone,JH_Plateau,2023,Kharif,Soybean,22.5,34.74,1205.24,86.27,10.0,7.57,0.73,175.9,16.7,229.8,3621.56
AGR_Cen_2018_00532,Central_Zone,CG_Plains,2018,Kharif,Pulses,26.54,36.34,986.64,92.79,10.0,6.67,0.457,224.0,22.9,217.1,2268.12
AGR_Cen_2018_00533,Central_Zone,UP_Bundelkhand,2018,Rabi,Maize,19.6,32.34,230.95,59.59,11.81,6.51,0.747,167.4,25.9,227.1,3649.01
AGR_Cen_2023_00534,Central_Zone,JH_Plateau,2023,Kharif,Maize,24.39,33.75,1043.58,81.59,11.64,6.54,0.456,198.3,26.7,180.7,4335.8
AGR_Cen_2018_00535,Central_Zone,MP_Narmada,2018,Kharif,Wheat,22.41,36.08,1347.78,91.54,10.0,6.92,0.679,147.5,24.4,303.8,4510.05
AGR_Cen_2018_00536,Central_Zone,JH_Plateau,2018,Rabi,Rice,18.26,27.1,174.46,61.94,13.72,6.71,0.646,136.1,24.9,190.5,4164.15
AGR_Cen_2020_00537,Central_Zone,JH_Plateau,2020,Kharif,Pulses,25.88,38.0,609.74,,12.59,6.5,0.505,179.8,23.1,209.7,2263.58
AGR_Cen_2020_00538,Central_Zone,JH_Plateau,2020,Rabi,Wheat,22.17,35.36,56.37,69.21,11.09,5.2,0.582,207.7,24.2,181.7,3742.43
AGR_Cen_2019_00539,Central_Zone,JH_Plateau,2019,Rabi,Pulses,19.2,30.15,163.22,50.22,10.95,6.68,0.655,231.0,23.0,205.6,1518.51
AGR_Cen_2022_00540,Central_Zone,UP_Bundelkhand,2022,Rabi,Soybean,,27.9,86.6,48.24,17.45,6.88,0.674,169.4,23.4,266.9,2324.73
AGR_Cen_2023_00541,Central_Zone,MP_Narmada,2023,Kharif,Soybean,23.95,32.86,967.35,95.0,10.0,6.55,0.435,190.5,21.9,259.1,3051.06
AGR_Cen_2023_00542,Central_Zone,JH_Plateau,2023,Kharif,Cotton,22.4,32.4,793.21,90.13,10.0,7.23,0.913,183.1,17.8,186.9,2965.08
AGR_Cen_2023_00543,Central_Zone,CG_Plains,2023,Rabi,Soybean,20.0,31.32,139.98,58.77,10.0,5.57,0.356,204.5,18.9,233.0,2057.53
AGR_Cen_2022_00544,Central_Zone,CG_Plains,2022,Kharif,Rice,26.64,,1291.35,95.0,10.0,6.76,0.683,120.0,23.6,175.1,4814.75
AGR_Cen_2018_00545,Central_Zone,MP_Narmada,2018,Kharif,Wheat,,32.65,1166.34,82.05,10.0,7.2,0.975,240.5,23.3,228.6,5162.08
AGR_Cen_2020_00546,Central_Zone,UP_Bundelkhand,2020,Rabi,Wheat,17.73,27.45,230.48,54.28,15.79,6.39,0.514,230.6,26.9,251.4,4135.33
AGR_Cen_2020_00547,Central_Zone,CG_Plains,2020,Rabi,Rice,22.31,31.16,211.69,41.91,14.36,6.81,0.746,176.0,20.1,130.4,4648.23
AGR_Cen_2018_00548,Central_Zone,UP_Bundelkhand,2018,Kharif,Rice,26.06,34.72,696.74,69.54,12.83,6.48,0.831,122.5,25.6,218.6,5087.52
AGR_Cen_2021_00549,Central_Zone,UP_Bundelkhand,2021,Rabi,Soybean,21.8,31.67,264.67,62.55,11.54,7.22,0.287,178.6,16.8,225.4,2783.19
AGR_Cen_2021_00550,Central_Zone,MP_Narmada,2021,Kharif,Pulses,24.65,36.12,1041.33,93.2,10.0,5.47,0.358,230.4,10.1,215.8,2335.65
AGR_Cen_2018_00551,Central_Zone,MP_Narmada,2018,Zaid,Soybean,27.02,34.83,129.48,63.32,10.96,7.61,0.375,206.8,22.3,193.9,2436.83
AGR_Cen_2021_00552,Central_Zone,MP_Narmada,2021,Kharif,Rice,27.06,37.7,979.96,74.76,13.02,5.93,0.765,226.9,14.4,226.8,5328.61
AGR_Cen_2021_00553,Central_Zone,MP_Narmada,2021,Kharif,Maize,24.32,,890.71,95.0,10.0,6.39,0.426,212.9,19.0,208.8,4082.56
AGR_Cen_2018_00554,Central_Zone,MP_Narmada,2018,Kharif,Cotton,22.69,35.5,1056.49,75.65,10.0,6.36,0.502,183.1,34.5,133.1,2863.24
AGR_Cen_2022_00555,Central_Zone,MP_Narmada,2022,Rabi,Soybean,18.82,29.87,81.91,39.61,12.2,6.96,0.757,186.8,24.7,211.6,2445.4
AGR_Cen_2019_00556,Central_Zone,CG_Plains,2019,Kharif,Rice,22.96,35.07,1183.26,91.77,10.0,6.27,0.912,182.0,19.5,227.7,5468.79
AGR_Cen_2020_00557,Central_Zone,UP_Bundelkhand,2020,Kharif,Rice,24.57,34.09,1239.55,78.33,13.76,7.8,0.671,168.3,12.5,154.3,5476.42
AGR_Cen_2021_00558,Central_Zone,JH_Plateau,2021,Kharif,Maize,22.39,30.78,1133.98,94.28,10.0,7.89,0.661,208.2,16.5,218.3,4090.4
AGR_Cen_2020_00559,Central_Zone,UP_Bundelkhand,2020,Rabi,Soybean,20.26,30.26,114.2,46.17,12.54,6.87,0.923,132.7,28.5,196.6,2715.44
AGR_Cen_2019_00560,Central_Zone,JH_Plateau,2019,Zaid,Pulses,22.59,31.42,141.19,37.49,10.04,5.85,0.664,191.8,18.6,169.1,1629.64
AGR_Cen_2020_00561,Central_Zone,JH_Plateau,2020,Kharif,Wheat,22.43,31.59,840.56,80.26,12.36,6.13,0.69,159.3,31.2,175.0,4467.72
AGR_Cen_2021_00562,Central_Zone,MP_Narmada,2021,Rabi,Soybean,,27.06,158.96,55.74,13.41,6.86,0.766,174.1,19.9,225.6,2548.27
AGR_Cen_2019_00563,Central_Zone,CG_Plains,2019,Kharif,Cotton,24.08,36.21,1116.3,71.52,10.9,6.37,0.517,174.0,20.3,254.9,2884.75
AGR_Cen_2019_00564,Central_Zone,MP_Narmada,2019,Rabi,Maize,19.83,29.41,205.63,51.72,18.62,6.88,0.733,192.2,19.1,164.5,3575.28
AGR_Cen_2023_00565,Central_Zone,JH_Plateau,2023,Rabi,Soybean,19.6,26.88,206.52,64.81,14.28,7.26,0.766,132.5,19.4,206.6,2166.32
AGR_Cen_2019_00566,Central_Zone,CG_Plains,2019,Kharif,Cotton,25.36,34.41,362.51,,10.0,6.98,0.504,174.8,27.0,234.4,3015.16
AGR_Cen_2018_00567,Central_Zone,UP_Bundelkhand,2018,Kharif,Soybean,25.75,33.33,1235.39,89.31,10.0,5.96,0.879,146.3,23.9,203.9,3662.72
AGR_Cen_2023_00568,Central_Zone,MP_Narmada,2023,Rabi,Rice,17.98,25.23,231.8,64.44,10.41,6.8,0.934,207.2,15.8,238.6,4741.17
AGR_Cen_2018_00569,Central_Zone,JH_Plateau,2018,Zaid,Soybean,,39.84,102.86,61.59,11.25,5.84,0.579,139.6,15.9,207.2,1922.28
AGR_Cen_2023_00570,Central_Zone,MP_Narmada,2023,Rabi,Soybean,19.43,28.88,124.59,57.89,10.0,7.27,0.601,186.9,21.4,170.3,2113.2
AGR_Cen_2021_00571,Central_Zone,CG_Plains,2021,Kharif,Wheat,23.73,31.65,854.93,95.0,10.0,7.32,0.362,217.6,17.2,162.3,4707.92
AGR_Cen_2023_00572,Central_Zone,CG_Plains,2023,Rabi,Cotton,21.04,30.96,156.89,55.78,12.81,6.58,0.562,196.8,29.8,243.3,2508.88
AGR_Cen_2018_00573,Central_Zone,MP_Narmada,2018,Rabi,Pulses,20.28,28.78,207.82,63.57,10.48,6.33,0.639,164.8,20.7,268.3,1594.18
AGR_Cen_2023_00574,Central_Zone,MP_Narmada,2023,Rabi,Pulses,17.03,25.64,132.19,69.3,11.84,6.1,0.565,227.9,24.4,174.4,1458.04
AGR_Cen_2021_00575,Central_Zone,MP_Narmada,2021,Kharif,Cotton,,37.15,715.18,69.5,11.37,6.88,0.446,124.6,24.8,276.4,2462.59
AGR_Cen_2022_00576,Central_Zone,MP_Narmada,2022,Kharif,Soybean,24.84,33.52,1062.86,83.18,10.0,6.25,0.618,201.7,18.4,200.2,3329.49
AGR_Cen_2021_00577,Central_Zone,UP_Bundelkhand,2021,Rabi,Wheat,20.06,33.12,,68.57,10.99,6.43,0.649,156.7,19.2,256.5,4167.63
AGR_Cen_2018_00578,Central_Zone,MP_Narmada,2018,Rabi,Rice,19.4,30.88,249.3,78.56,10.0,6.7,0.83,200.2,14.1,223.2,5096.45
AGR_Cen_2018_00579,Central_Zone,CG_Plains,2018,Kharif,Rice,,30.37,774.11,72.55,14.29,6.16,0.274,176.4,22.1,132.5,4701.64
AGR_Cen_2021_00580,Central_Zone,CG_Plains,2021,Rabi,Maize,21.14,30.12,171.72,,10.55,6.07,0.638,171.7,28.4,232.7,3818.9
AGR_Cen_2022_00581,Central_Zone,UP_Bundelkhand,2022,Rabi,Rice,20.91,33.0,195.21,65.95,11.53,7.0,0.685,208.0,24.2,178.4,4790.05
AGR_Cen_2018_00582,Central_Zone,CG_Plains,2018,Kharif,Pulses,22.23,35.32,884.07,68.88,10.0,6.18,0.541,198.9,14.8,250.6,2219.75
AGR_Cen_2020_00583,Central_Zone,MP_Narmada,2020,Rabi,Wheat,21.6,32.34,313.64,52.11,11.58,6.71,0.727,158.6,21.3,222.3,4327.36
AGR_Cen_2019_00584,Central_Zone,MP_Narmada,2019,Rabi,Rice,,28.41,230.71,61.59,10.0,6.36,0.879,169.3,21.9,220.0,4718.48
AGR_Cen_2021_00585,Central_Zone,CG_Plains,2021,Kharif,Maize,24.94,37.77,635.92,75.52,13.19,6.21,0.563,235.5,23.2,221.7,4387.65
AGR_Cen_2019_00586,Central_Zone,CG_Plains,2019,Kharif,Cotton,25.72,34.1,788.68,,10.63,7.07,0.468,244.5,18.9,168.0,3116.67
AGR_Cen_2018_00587,Central_Zone,CG_Plains,2018,Kharif,Maize,24.49,33.61,714.24,58.72,10.0,6.92,0.693,194.5,10.3,209.0,4362.35
AGR_Cen_2021_00588,Central_Zone,MP_Narmada,2021,Rabi,Rice,18.69,29.61,282.49,59.83,10.0,5.81,0.627,257.5,24.8,213.8,5322.73
AGR_Cen_2022_00589,Central_Zone,MP_Narmada,2022,Rabi,Maize,,31.21,27.98,51.58,12.32,6.92,0.731,178.9,20.9,232.2,3252.63
AGR_Cen_2022_00590,Central_Zone,UP_Bundelkhand,2022,Zaid,Pulses,,31.33,,51.29,13.22,5.73,0.452,222.3,19.5,157.9,1177.92
AGR_Cen_2021_00591,Central_Zone,CG_Plains,2021,Rabi,Pulses,19.74,29.2,133.2,51.07,12.77,7.84,0.613,186.8,27.4,225.3,1561.1
AGR_Cen_2018_00592,Central_Zone,UP_Bundelkhand,2018,Kharif,Maize,22.87,34.7,761.07,66.6,10.14,8.11,0.634,176.7,23.8,209.9,4422.67
AGR_Cen_2020_00593,Central_Zone,JH_Plateau,2020,Rabi,Soybean,19.4,30.43,193.13,54.18,13.23,7.12,0.487,190.8,23.6,179.4,2314.59
AGR_Cen_2023_00594,Central_Zone,CG_Plains,2023,Kharif,Cotton,24.65,34.27,664.05,74.18,10.0,7.39,0.433,248.2,24.7,310.3,3226.54
AGR_Cen_2019_00595,Central_Zone,UP_Bundelkhand,2019,Kharif,Wheat,20.32,31.69,383.79,80.07,10.0,6.84,0.661,194.3,27.1,191.1,4579.42
AGR_Cen_2021_00596,Central_Zone,JH_Plateau,2021,Rabi,Soybean,19.62,28.76,218.57,58.32,12.65,6.93,0.629,134.4,27.1,249.7,2477.77
AGR_Cen_2019_00597,Central_Zone,UP_Bundelkhand,2019,Kharif,Wheat,24.95,33.7,1336.44,87.99,10.0,6.51,0.828,245.5,9.7,219.6,5057.86
AGR_Cen_2018_00598,Central_Zone,JH_Plateau,2018,Rabi,Rice,22.89,30.73,193.31,51.31,13.44,7.71,0.748,201.2,31.7,190.0,4882.4
AGR_Cen_2021_00599,Central_Zone,JH_Plateau,2021,Kharif,Maize,,34.2,793.53,,10.0,7.53,0.599,251.8,29.4,147.5,4320.07
AGR_Cen_2020_00600,Central_Zone,JH_Plateau,2020,Kharif,Pulses,,36.27,993.83,78.21,11.37,6.98,0.623,223.4,21.0,163.6,2369.71
AGR_Cen_2018_00601,Central_Zone,JH_Plateau,2018,Kharif,Cotton,25.02,38.68,668.54,75.07,12.24,5.9,0.585,174.5,15.1,145.4,2851.8
AGR_Cen_2019_00602,Central_Zone,MP_Narmada,2019,Kharif,Cotton,24.8,37.95,831.92,83.17,10.0,5.76,0.429,210.3,16.1,225.4,2909.43
AGR_Cen_2019_00603,Central_Zone,JH_Plateau,2019,Kharif,Cotton,21.36,30.72,974.65,88.06,10.0,6.94,0.53,154.6,21.6,129.4,2758.55
AGR_Cen_2022_00604,Central_Zone,CG_Plains,2022,Kharif,Maize,22.18,32.72,702.53,73.95,10.0,6.71,0.783,198.1,20.6,225.1,4344.26
AGR_Cen_2018_00605,Central_Zone,JH_Plateau,2018,Kharif,Soybean,22.42,35.43,800.82,70.79,10.72,6.79,0.695,235.4,20.8,274.1,3579.13
AGR_Cen_2020_00606,Central_Zone,CG_Plains,2020,Zaid,Maize,26.04,,,49.93,13.94,6.25,0.757,210.8,14.6,153.6,3732.48
AGR_Cen_2023_00607,Central_Zone,UP_Bundelkhand,2023,Kharif,Rice,23.04,36.6,1061.04,95.0,10.0,6.33,0.676,151.1,14.6,192.6,4767.18
AGR_Cen_2022_00608,Central_Zone,JH_Plateau,2022,Kharif,Cotton,24.73,37.09,706.94,75.61,10.0,7.05,0.566,158.0,33.8,243.0,2715.81
AGR_Cen_2021_00609,Central_Zone,MP_Narmada,2021,Rabi,Pulses,21.73,30.97,197.97,75.89,11.09,7.02,0.791,131.3,17.7,223.8,1806.75
AGR_Cen_2021_00610,Central_Zone,JH_Plateau,2021,Kharif,Maize,22.86,35.33,784.55,90.92,10.0,6.77,0.408,188.9,18.8,262.7,4234.75
AGR_Cen_2020_00611,Central_Zone,UP_Bundelkhand,2020,Rabi,Pulses,21.89,31.6,158.47,54.83,11.82,5.91,0.374,158.1,21.6,178.7,1551.78
AGR_Cen_2022_00612,Central_Zone,MP_Narmada,2022,Rabi,Cotton,17.74,25.17,188.3,57.58,12.05,6.8,0.711,205.8,23.3,231.2,2209.76
AGR_Cen_2022_00613,Central_Zone,CG_Plains,2022,Kharif,Pulses,25.56,35.04,,65.33,10.02,7.27,0.527,272.2,27.0,286.2,2661.92
AGR_Cen_2020_00614,Central_Zone,MP_Narmada,2020,Rabi,Wheat,,35.36,62.16,57.6,14.14,6.42,0.691,175.7,20.6,225.4,3855.17
AGR_Cen_2018_00615,Central_Zone,CG_Plains,2018,Rabi,Maize,,31.8,263.24,53.18,14.4,7.07,0.513,183.2,17.1,222.3,3847.83
AGR_Cen_2020_00616,Central_Zone,MP_Narmada,2020,Rabi,Maize,18.1,31.77,149.53,65.68,10.8,7.2,0.551,150.2,26.8,187.1,3323.12
AGR_Cen_2020_00617,Central_Zone,CG_Plains,2020,Rabi,Rice,20.15,32.86,312.53,61.02,11.32,7.32,0.64,145.6,19.7,162.8,4577.72
AGR_Cen_2019_00618,Central_Zone,UP_Bundelkhand,2019,Rabi,Maize,18.41,27.48,132.2,56.88,11.32,5.93,0.582,138.0,12.4,173.2,3224.53
AGR_Cen_2022_00619,Central_Zone,MP_Narmada,2022,Kharif,Cotton,24.99,33.41,1031.68,71.77,10.62,7.16,0.466,90.4,20.0,188.0,2760.06
AGR_Cen_2022_00620,Central_Zone,JH_Plateau,2022,Zaid,Wheat,27.26,35.48,55.85,64.27,10.64,7.51,0.58,139.3,34.8,250.9,3893.29
AGR_Cen_2021_00621,Central_Zone,MP_Narmada,2021,Kharif,Wheat,,35.18,678.28,82.05,10.0,6.09,0.877,150.2,8.0,225.8,4717.27
AGR_Cen_2020_00622,Central_Zone,CG_Plains,2020,Rabi,Cotton,19.76,30.3,278.63,57.09,12.67,6.37,0.364,224.8,8.0,263.2,2392.16
AGR_Cen_2022_00623,Central_Zone,UP_Bundelkhand,2022,Kharif,Pulses,22.93,35.25,828.39,64.38,16.98,7.2,0.761,231.1,27.1,238.8,2438.54
AGR_Cen_2018_00624,Central_Zone,MP_Narmada,2018,Kharif,Wheat,26.29,33.74,1265.76,84.89,10.0,6.87,0.491,138.3,24.4,154.0,4548.01
AGR_Cen_2021_00625,Central_Zone,UP_Bundelkhand,2021,Rabi,Cotton,20.68,,179.37,47.16,13.07,6.14,0.753,213.6,24.5,181.7,2442.57
AGR_Cen_2019_00626,Central_Zone,CG_Plains,2019,Kharif,Pulses,21.73,31.04,718.05,71.29,10.0,7.34,0.686,204.0,17.3,244.7,2477.78
AGR_Cen_2022_00627,Central_Zone,UP_Bundelkhand,2022,Rabi,Cotton,21.71,,223.11,72.96,13.3,7.93,0.282,163.3,21.4,204.8,2307.84
AGR_Cen_2018_00628,Central_Zone,UP_Bundelkhand,2018,Rabi,Rice,20.05,28.62,103.28,38.89,16.67,6.44,0.413,224.5,19.8,110.0,4245.67
AGR_Cen_2021_00629,Central_Zone,UP_Bundelkhand,2021,Kharif,Soybean,24.41,37.58,359.97,,10.46,6.91,1.043,174.3,19.9,243.2,3591.07
AGR_Cen_2021_00630,Central_Zone,JH_Plateau,2021,Rabi,Cotton,18.68,28.94,88.23,47.34,17.5,7.59,0.514,190.5,25.7,215.9,1801.99
AGR_Cen_2020_00631,Central_Zone,MP_Narmada,2020,Kharif,Pulses,23.93,37.29,1098.77,75.79,12.33,6.19,0.694,151.4,21.0,212.8,2132.72
AGR_Cen_2022_00632,Central_Zone,MP_Narmada,2022,Kharif,Soybean,24.63,31.99,1371.54,85.34,10.0,6.97,0.593,208.8,29.5,197.3,3170.5
AGR_Cen_2023_00633,Central_Zone,UP_Bundelkhand,2023,Rabi,Cotton,18.99,27.15,141.81,41.82,11.25,7.31,0.86,183.3,28.8,178.7,2165.04
AGR_Cen_2023_00634,Central_Zone,CG_Plains,2023,Kharif,Wheat,24.13,31.79,562.13,,13.05,6.54,0.572,167.2,14.2,283.3,4501.61
AGR_Cen_2020_00635,Central_Zone,JH_Plateau,2020,Rabi,Rice,,30.4,,67.37,10.0,6.6,0.624,249.5,23.8,222.7,4729.68
AGR_Cen_2023_00636,Central_Zone,MP_Narmada,2023,Kharif,Pulses,23.17,36.69,1178.25,76.02,10.29,6.77,0.552,240.4,18.6,195.9,2308.27
AGR_Cen_2021_00637,Central_Zone,MP_Narmada,2021,Rabi,Cotton,20.6,33.21,239.81,79.49,10.71,7.08,0.561,169.3,18.9,186.5,2302.76
AGR_Cen_2018_00638,Central_Zone,JH_Plateau,2018,Kharif,Cotton,23.77,33.29,1114.34,95.0,10.0,6.89,0.589,146.3,19.8,220.6,3058.03
AGR_Cen_2023_00639,Central_Zone,CG_Plains,2023,Rabi,Wheat,18.35,32.14,172.26,61.37,11.27,6.56,0.488,180.6,15.1,243.3,3825.62
AGR_Cen_2021_00640,Central_Zone,MP_Narmada,2021,Kharif,Pulses,23.75,32.02,512.76,52.24,11.39,6.49,0.857,143.1,29.6,236.5,2161.44
AGR_Cen_2021_00641,Central_Zone,CG_Plains,2021,Rabi,Maize,18.25,29.44,134.95,48.24,13.84,7.4,0.876,231.2,17.4,238.7,3869.97
AGR_Cen_2023_00642,Central_Zone,MP_Narmada,2023,Rabi,Soybean,23.03,35.68,99.82,55.12,13.1,6.07,0.203,118.6,26.5,350.0,1804.02
AGR_Cen_2021_00643,Central_Zone,JH_Plateau,2021,Kharif,Soybean,24.62,37.45,1105.4,95.0,10.0,6.57,0.429,219.3,14.9,218.6,3434.72
AGR_Cen_2021_00644,Central_Zone,MP_Narmada,2021,Rabi,Cotton,,33.08,234.11,54.02,11.73,7.47,0.778,204.0,12.4,190.1,2784.91
AGR_Cen_2019_00645,Central_Zone,CG_Plains,2019,Kharif,Pulses,26.91,39.87,485.83,72.83,10.0,6.13,0.345,175.9,18.7,190.8,2184.86
AGR_Cen_2019_00646,Central_Zone,MP_Narmada,2019,Rabi,Soybean,20.62,32.0,126.49,62.14,10.0,7.17,0.801,139.2,17.7,187.4,2663.48
AGR_Cen_2023_00647,Central_Zone,MP_Narmada,2023,Kharif,Maize,23.79,33.2,1070.77,,11.41,6.73,0.525,196.4,20.4,211.3,4193.09
AGR_Cen_2021_00648,Central_Zone,CG_Plains,2021,Kharif,Soybean,23.6,,1067.38,93.03,10.0,6.97,0.74,202.4,23.5,162.0,3428.46
AGR_Cen_2018_00649,Central_Zone,CG_Plains,2018,Kharif,Wheat,22.76,30.24,701.93,80.19,10.0,6.1,0.711,114.2,24.7,161.2,4225.97
AGR_Cen_2020_00650,Central_Zone,JH_Plateau,2020,Rabi,Pulses,19.19,32.78,246.95,50.86,13.33,7.43,0.519,224.7,15.1,172.6,1753.78
AGR_Cen_2018_00651,Central_Zone,MP_Narmada,2018,Rabi,Pulses,20.17,31.77,162.78,,14.01,7.24,0.601,178.5,9.5,237.8,1753.64
AGR_Cen_2021_00652,Central_Zone,CG_Plains,2021,Rabi,Wheat,17.2,25.89,49.82,57.28,10.25,6.87,0.578,203.0,25.5,255.5,3417.19
AGR_Cen_2021_00653,Central_Zone,MP_Narmada,2021,Zaid,Wheat,29.68,41.86,26.3,30.66,18.46,7.42,0.703,188.5,14.5,239.6,3753.46
AGR_Cen_2023_00654,Central_Zone,JH_Plateau,2023,Zaid,Maize,26.2,35.6,132.39,52.16,14.02,7.21,0.522,163.3,23.7,173.5,3455.05
AGR_Cen_2019_00655,Central_Zone,JH_Plateau,2019,Zaid,Wheat,28.55,40.96,94.04,76.55,11.78,6.25,0.653,204.2,23.9,216.5,4071.62
AGR_Cen_2023_00656,Central_Zone,MP_Narmada,2023,Kharif,Wheat,24.18,32.52,1124.8,79.26,10.0,7.32,0.523,178.0,14.8,179.5,4461.23
AGR_Cen_2023_00657,Central_Zone,UP_Bundelkhand,2023,Zaid,Wheat,25.97,37.31,,49.06,15.67,6.04,0.666,138.1,28.6,247.3,3574.48
AGR_Cen_2019_00658,Central_Zone,JH_Plateau,2019,Rabi,Pulses,18.4,25.41,258.18,65.27,10.5,7.15,0.609,203.5,17.3,190.1,1636.88
AGR_Cen_2018_00659,Central_Zone,MP_Narmada,2018,Kharif,Soybean,23.89,36.84,1146.51,,13.07,6.58,1.149,234.9,21.3,191.9,3819.89
AGR_Cen_2019_00660,Central_Zone,UP_Bundelkhand,2019,Kharif,Pulses,24.23,33.32,1078.01,91.43,10.0,6.2,0.538,176.6,24.9,200.3,2217.84
AGR_Cen_2021_00661,Central_Zone,CG_Plains,2021,Rabi,Maize,19.97,27.94,247.1,62.61,13.07,8.13,0.447,242.9,29.2,221.9,3883.7
AGR_Cen_2018_00662,Central_Zone,CG_Plains,2018,Rabi,Cotton,,28.32,163.49,52.13,14.07,5.92,0.449,163.2,17.5,196.1,2163.07
AGR_Cen_2018_00663,Central_Zone,CG_Plains,2018,Kharif,Rice,,34.74,1044.57,91.52,10.9,6.71,0.493,138.5,33.3,201.0,4917.32
AGR_Cen_2020_00664,Central_Zone,JH_Plateau,2020,Zaid,Maize,26.91,35.27,94.9,53.85,14.06,6.89,0.687,134.6,18.5,197.2,3446.06
AGR_Cen_2021_00665,Central_Zone,UP_Bundelkhand,2021,Kharif,Cotton,22.02,29.75,637.35,62.14,10.0,7.69,0.801,121.5,24.2,255.8,2749.67
AGR_Cen_2021_00666,Central_Zone,JH_Plateau,2021,Kharif,Cotton,24.71,36.0,1057.22,91.66,10.74,7.08,0.453,182.3,32.2,264.4,3123.3
AGR_Cen_2023_00667,Central_Zone,MP_Narmada,2023,Kharif,Soybean,25.06,33.1,620.76,60.75,12.43,6.43,0.665,135.4,17.6,181.7,3353.53
AGR_Cen_2023_00668,Central_Zone,MP_Narmada,2023,Rabi,Wheat,21.34,33.81,113.12,74.9,10.0,7.09,0.537,197.3,19.5,170.2,3918.44
AGR_Cen_2022_00669,Central_Zone,JH_Plateau,2022,Zaid,Pulses,25.97,,,78.44,10.0,7.02,0.837,189.3,37.2,172.6,1491.45
AGR_Cen_2019_00670,Central_Zone,MP_Narmada,2019,Kharif,Soybean,21.65,31.42,974.82,78.4,10.45,6.78,0.666,199.4,17.8,180.1,3242.3
AGR_Cen_2023_00671,Central_Zone,UP_Bundelkhand,2023,Kharif,Wheat,24.53,32.33,1127.69,,11.29,6.2,0.573,191.6,23.3,195.4,4766.2
AGR_Cen_2022_00672,Central_Zone,JH_Plateau,2022,Kharif,Cotton,27.5,41.08,628.22,,14.14,5.68,0.629,157.4,20.9,129.3,2891.58
AGR_Cen_2023_00673,Central_Zone,JH_Plateau,2023,Rabi,Pulses,21.2,32.42,202.41,73.54,11.95,7.12,0.576,195.8,22.8,153.8,1904.12
AGR_Cen_2018_00674,Central_Zone,MP_Narmada,2018,Rabi,Pulses,19.52,31.09,271.06,65.88,12.49,6.78,0.367,163.4,16.9,124.9,1803.21
AGR_Cen_2022_00675,Central_Zone,MP_Narmada,2022,Rabi,Maize,19.37,27.59,234.03,65.14,11.61,7.74,0.573,215.7,22.3,235.4,3631.84
AGR_Cen_2019_00676,Central_Zone,CG_Plains,2019,Kharif,Pulses,25.06,32.76,840.34,61.8,13.15,7.37,0.233,172.5,17.7,201.4,2129.62
AGR_Cen_2022_00677,Central_Zone,UP_Bundelkhand,2022,Kharif,Pulses,23.79,33.37,776.93,74.44,12.1,6.56,0.582,173.5,18.4,184.9,2428.59
AGR_Cen_2021_00678,Central_Zone,JH_Plateau,2021,Kharif,Rice,25.0,32.21,1192.95,87.47,10.0,5.88,0.579,180.7,16.2,231.1,4982.48
AGR_Cen_2019_00679,Central_Zone,CG_Plains,2019,Rabi,Soybean,19.2,27.03,147.49,54.56,13.05,7.25,0.259,199.6,29.5,282.1,2241.5
AGR_Cen_2019_00680,Central_Zone,UP_Bundelkhand,2019,Kharif,Rice,24.38,34.48,969.55,73.17,11.36,7.51,0.572,178.3,16.0,203.0,4978.39
AGR_Cen_2020_00681,Central_Zone,CG_Plains,2020,Rabi,Cotton,18.83,27.32,94.01,56.72,10.0,6.16,0.218,184.3,22.6,236.9,1840.74
AGR_Cen_2023_00682,Central_Zone,MP_Narmada,2023,Rabi,Wheat,19.0,26.66,85.68,63.66,12.63,7.08,0.794,104.9,20.1,211.4,3330.71
AGR_Cen_2022_00683,Central_Zone,JH_Plateau,2022,Kharif,Rice,22.85,36.42,800.22,82.91,13.59,7.53,0.575,201.2,23.8,191.9,5013.12
AGR_Cen_2020_00684,Central_Zone,CG_Plains,2020,Kharif,Rice,23.82,31.17,956.82,76.85,10.0,7.58,0.455,119.6,9.6,137.3,4602.58
AGR_Cen_2023_00685,Central_Zone,JH_Plateau,2023,Rabi,Cotton,21.15,34.61,103.35,50.47,10.79,6.88,0.427,201.9,24.0,111.2,2256.04
AGR_Cen_2023_00686,Central_Zone,JH_Plateau,2023,Kharif,Rice,23.77,37.51,1115.1,94.46,11.79,7.25,0.577,172.6,31.3,227.5,4679.96
AGR_Cen_2021_00687,Central_Zone,CG_Plains,2021,Zaid,Soybean,26.1,38.0,103.59,68.23,11.9,5.86,0.83,182.7,14.5,148.8,2526.07
AGR_Cen_2020_00688,Central_Zone,MP_Narmada,2020,Rabi,Wheat,20.99,31.16,164.5,52.33,16.45,7.07,0.595,207.5,17.9,110.0,4248.24
AGR_Cen_2022_00689,Central_Zone,JH_Plateau,2022,Rabi,Cotton,18.86,32.37,,42.75,18.76,6.3,0.635,139.7,18.9,186.6,2304.69
AGR_Cen_2022_00690,Central_Zone,UP_Bundelkhand,2022,Zaid,Soybean,26.22,,79.55,38.8,14.13,6.67,0.834,179.9,22.1,215.2,2818.22
AGR_Cen_2020_00691,Central_Zone,CG_Plains,2020,Kharif,Wheat,24.34,35.71,931.09,76.71,11.15,6.09,0.447,208.5,25.9,276.0,4795.32
AGR_Cen_2019_00692,Central_Zone,JH_Plateau,2019,Kharif,Soybean,20.55,30.39,1291.23,,10.0,6.1,0.627,156.3,25.2,226.3,2935.91
AGR_Cen_2023_00693,Central_Zone,CG_Plains,2023,Kharif,Soybean,24.95,37.42,754.79,82.15,10.46,6.61,0.475,208.3,21.4,208.3,3135.77
AGR_Cen_2020_00694,Central_Zone,CG_Plains,2020,Kharif,Wheat,23.14,32.84,935.32,74.96,12.81,6.29,0.592,259.8,17.5,205.6,5017.52
AGR_Cen_2018_00695,Central_Zone,CG_Plains,2018,Kharif,Cotton,21.45,30.45,1301.32,95.0,10.0,6.77,0.355,150.8,23.0,191.8,2852.54
AGR_Cen_2023_00696,Central_Zone,JH_Plateau,2023,Kharif,Pulses,23.64,31.88,1117.31,75.98,10.0,7.24,0.481,98.2,30.5,158.3,1761.4
AGR_Cen_2020_00697,Central_Zone,MP_Narmada,2020,Kharif,Maize,22.99,33.5,1095.06,79.03,11.21,7.09,0.982,152.5,18.1,209.6,4395.44
AGR_Cen_2020_00698,Central_Zone,UP_Bundelkhand,2020,Rabi,Maize,20.74,34.13,121.56,54.83,16.04,6.32,0.609,230.4,13.9,284.2,3552.88
AGR_Cen_2018_00699,Central_Zone,JH_Plateau,2018,Rabi,Soybean,20.92,32.42,42.4,41.88,10.0,7.17,0.613,141.6,36.4,195.4,2050.29
AGR_Cen_2022_00700,Central_Zone,JH_Plateau,2022,Rabi,Soybean,17.7,28.61,92.62,51.28,11.71,7.96,0.656,167.5,24.1,254.4,2058.87
AGR_Cen_2022_00701,Central_Zone,CG_Plains,2022,Kharif,Rice,23.39,36.69,927.36,90.08,10.0,6.24,0.569,207.3,17.1,173.6,5156.01
AGR_Cen_2022_00702,Central_Zone,UP_Bundelkhand,2022,Zaid,Cotton,26.06,37.42,80.7,56.73,13.88,7.46,0.657,129.1,23.3,226.0,2234.08
AGR_Cen_2020_00703,Central_Zone,JH_Plateau,2020,Rabi,Cotton,19.5,33.01,198.84,57.63,14.63,7.37,0.928,138.0,32.6,253.2,2567.52
AGR_Cen_2021_00704,Central_Zone,JH_Plateau,2021,Kharif,Maize,24.18,31.44,357.88,65.7,10.0,7.4,0.62,140.1,16.0,275.0,3758.64
AGR_Cen_2023_00705,Central_Zone,MP_Narmada,2023,Rabi,Pulses,,34.35,152.62,65.81,10.0,7.15,0.619,171.4,31.8,186.5,1842.4
AGR_Cen_2020_00706,Central_Zone,JH_Plateau,2020,Rabi,Rice,21.08,31.53,250.72,73.7,10.0,6.44,0.795,181.2,26.5,265.9,4962.26
AGR_Cen_2021_00707,Central_Zone,MP_Narmada,2021,Kharif,Wheat,25.92,38.35,545.62,54.06,14.22,7.19,0.376,245.9,12.8,249.7,4386.69
AGR_Cen_2020_00708,Central_Zone,JH_Plateau,2020,Rabi,Cotton,19.51,32.86,188.4,62.35,12.68,6.32,0.271,189.3,14.3,288.8,2435.16
AGR_Cen_2020_00709,Central_Zone,JH_Plateau,2020,Kharif,Cotton,24.92,35.15,,84.89,10.25,6.34,0.2,230.6,26.5,210.6,2970.46
AGR_Cen_2022_00710,Central_Zone,CG_Plains,2022,Zaid,Wheat,25.55,38.75,61.16,58.95,13.68,7.26,0.669,170.5,18.2,252.6,3804.99
AGR_Cen_2023_00711,Central_Zone,CG_Plains,2023,Rabi,Wheat,22.47,31.62,216.76,35.14,13.06,8.4,0.754,172.8,22.5,227.7,4285.7
AGR_Cen_2021_00712,Central_Zone,MP_Narmada,2021,Kharif,Rice,23.84,32.76,653.17,,10.0,7.74,0.513,165.2,8.0,206.6,4847.79
AGR_Cen_2019_00713,Central_Zone,MP_Narmada,2019,Kharif,Pulses,25.66,38.62,995.04,80.2,10.0,7.71,0.736,249.9,9.8,126.7,2453.26
AGR_Cen_2018_00714,Central_Zone,CG_Plains,2018,Kharif,Rice,26.17,33.18,968.68,75.19,10.0,7.18,0.667,95.4,21.7,205.7,4742.8
AGR_Cen_2023_00715,Central_Zone,CG_Plains,2023,Kharif,Rice,24.79,33.04,601.16,64.84,10.89,6.03,0.4,223.7,29.7,184.0,5168.92
AGR_Cen_2020_00716,Central_Zone,JH_Plateau,2020,Rabi,Cotton,20.08,27.74,155.31,51.61,11.47,7.63,0.585,172.8,26.5,258.7,1952.41
AGR_Cen_2022_00717,Central_Zone,UP_Bundelkhand,2022,Kharif,Maize,23.85,36.35,637.94,65.04,10.0,6.3,0.698,183.8,31.4,178.3,4224.57
AGR_Cen_2021_00718,Central_Zone,UP_Bundelkhand,2021,Kharif,Wheat,24.54,36.57,1135.38,87.04,10.0,7.68,0.392,169.8,26.6,216.1,4163.18
AGR_Cen_2018_00719,Central_Zone,JH_Plateau,2018,Rabi,Maize,17.69,26.58,168.9,43.79,15.5,7.07,0.7,185.3,10.9,206.0,3393.1
AGR_Cen_2022_00720,Central_Zone,CG_Plains,2022,Rabi,Cotton,20.74,30.41,173.92,68.12,12.17,6.86,0.88,187.7,25.1,167.6,2538.03
AGR_Cen_2019_00721,Central_Zone,UP_Bundelkhand,2019,Rabi,Pulses,20.98,34.35,94.02,57.86,11.67,6.05,0.452,154.7,16.9,226.4,1435.76
AGR_Cen_2020_00722,Central_Zone,JH_Plateau,2020,Kharif,Soybean,22.43,32.98,1038.73,69.97,13.63,5.62,0.66,184.8,25.7,218.2,3377.83
AGR_Cen_2022_00723,Central_Zone,JH_Plateau,2022,Rabi,Maize,18.71,30.05,,68.3,11.48,7.18,0.594,177.8,20.8,185.7,3628.96
AGR_Cen_2023_00724,Central_Zone,MP_Narmada,2023,Rabi,Soybean,18.87,29.31,249.96,59.93,12.41,6.35,0.565,181.5,15.0,192.4,2890.94
AGR_Cen_2019_00725,Central_Zone,UP_Bundelkhand,2019,Zaid,Cotton,25.3,38.72,112.98,54.15,12.82,6.57,0.579,239.9,19.6,229.5,2349.23
AGR_Cen_2019_00726,Central_Zone,UP_Bundelkhand,2019,Rabi,Rice,17.12,27.95,253.79,67.86,12.19,6.35,0.621,149.8,19.1,164.6,4244.65
AGR_Cen_2020_00727,Central_Zone,JH_Plateau,2020,Rabi,Cotton,22.31,30.28,256.02,69.42,13.0,7.06,0.64,262.5,29.0,180.2,2762.79
AGR_Cen_2022_00728,Central_Zone,CG_Plains,2022,Kharif,Rice,23.58,35.25,1213.49,91.38,10.0,7.1,0.515,162.7,23.6,257.5,4839.87
AGR_Cen_2023_00729,Central_Zone,UP_Bundelkhand,2023,Rabi,Soybean,18.63,29.62,208.97,60.88,11.15,6.54,0.711,185.4,20.4,281.0,2679.48
AGR_Cen_2018_00730,Central_Zone,MP_Narmada,2018,Rabi,Soybean,16.72,29.48,249.1,54.35,12.19,5.88,0.48,170.9,28.2,250.2,2430.74
AGR_Cen_2022_00731,Central_Zone,MP_Narmada,2022,Zaid,Wheat,26.69,35.1,68.9,32.48,17.88,6.26,0.63,208.4,25.5,181.3,4014.86
AGR_Cen_2022_00732,Central_Zone,CG_Plains,2022,Rabi,Cotton,18.65,27.41,,49.27,12.48,7.66,0.606,196.0,15.9,226.8,2222.95
AGR_Cen_2020_00733,Central_Zone,JH_Plateau,2020,Kharif,Soybean,24.49,37.85,448.65,63.22,10.0,6.82,0.629,107.1,21.3,138.7,2790.03
AGR_Cen_2018_00734,Central_Zone,JH_Plateau,2018,Rabi,Maize,19.84,31.01,240.99,64.75,10.9,6.89,0.731,215.0,17.5,248.9,3554.87
AGR_Cen_2018_00735,Central_Zone,MP_Narmada,2018,Kharif,Wheat,25.4,33.53,830.27,70.08,10.0,6.64,0.688,174.6,23.4,289.6,4715.75
AGR_Cen_2022_00736,Central_Zone,CG_Plains,2022,Rabi,Maize,21.18,28.53,124.38,63.02,11.76,7.11,0.443,149.2,8.0,172.1,2859.88
AGR_Cen_2019_00737,Central_Zone,UP_Bundelkhand,2019,Rabi,Soybean,17.55,29.7,197.12,79.54,10.85,7.18,0.662,178.9,23.5,201.7,2738.22
AGR_Cen_2021_00738,Central_Zone,UP_Bundelkhand,2021,Kharif,Cotton,24.54,37.46,759.37,73.55,11.04,7.98,0.431,158.8,24.6,178.4,2727.46
AGR_Cen_2018_00739,Central_Zone,UP_Bundelkhand,2018,Rabi,Soybean,18.67,29.31,105.01,55.03,10.0,7.54,0.805,248.6,22.7,210.6,2618.33
AGR_Cen_2018_00740,Central_Zone,MP_Narmada,2018,Kharif,Soybean,24.95,36.47,758.51,69.95,10.43,7.11,0.631,187.3,25.7,214.1,3228.81
AGR_Cen_2022_00741,Central_Zone,UP_Bundelkhand,2022,Kharif,Cotton,26.19,36.84,,76.85,11.66,7.6,0.2,167.0,31.3,168.2,2929.62
AGR_Cen_2021_00742,Central_Zone,UP_Bundelkhand,2021,Kharif,Soybean,22.37,32.95,1028.74,95.0,10.14,6.32,0.385,245.0,30.4,226.1,3135.16
AGR_Cen_2021_00743,Central_Zone,UP_Bundelkhand,2021,Kharif,Wheat,22.55,34.45,713.76,68.49,10.0,6.84,0.741,149.3,19.8,248.9,4685.83
AGR_Cen_2020_00744,Central_Zone,JH_Plateau,2020,Rabi,Rice,18.21,28.16,108.04,60.94,16.58,6.08,0.524,202.5,17.8,139.1,4050.4
AGR_Cen_2023_00745,Central_Zone,CG_Plains,2023,Kharif,Cotton,22.08,32.96,770.5,86.07,10.0,7.3,0.336,169.7,28.1,271.2,2671.31
AGR_Cen_2021_00746,Central_Zone,MP_Narmada,2021,Rabi,Maize,18.96,27.55,196.19,41.72,12.22,7.22,0.602,220.9,16.2,193.9,3516.03
AGR_Cen_2018_00747,Central_Zone,CG_Plains,2018,Kharif,Soybean,25.81,34.21,1323.33,95.0,10.0,6.7,0.629,182.0,26.6,184.9,3309.59
AGR_Cen_2019_00748,Central_Zone,JH_Plateau,2019,Rabi,Maize,18.12,27.78,203.56,52.99,14.86,6.85,0.512,172.2,24.9,308.1,3117.37
AGR_Cen_2020_00749,Central_Zone,MP_Narmada,2020,Rabi,Cotton,18.02,32.0,264.58,39.55,17.14,6.83,0.586,196.7,28.1,218.0,2493.06
AGR_Cen_2021_00750,Central_Zone,JH_Plateau,2021,Rabi,Cotton,21.57,34.42,152.08,58.4,14.55,7.49,0.527,159.7,30.3,294.9,2258.63
AGR_Cen_2018_00751,Central_Zone,UP_Bundelkhand,2018,Kharif,Soybean,23.52,34.95,634.11,76.08,10.58,7.24,0.761,202.2,29.5,222.5,3506.05
AGR_Cen_2022_00752,Central_Zone,CG_Plains,2022,Kharif,Cotton,23.0,,1043.15,94.35,10.0,7.53,0.903,180.4,29.1,126.9,2935.74
AGR_Cen_2019_00753,Central_Zone,UP_Bundelkhand,2019,Kharif,Rice,22.97,36.91,922.75,,11.8,6.89,0.588,161.1,27.2,110.0,5010.58
AGR_Cen_2021_00754,Central_Zone,CG_Plains,2021,Kharif,Cotton,25.72,35.24,,80.46,10.51,7.62,0.603,180.3,13.1,205.0,3117.81
AGR_Cen_2023_00755,Central_Zone,CG_Plains,2023,Kharif,Maize,22.22,31.04,755.95,87.44,12.32,7.24,0.576,196.1,20.5,159.3,4091.63
AGR_Cen_2023_00756,Central_Zone,MP_Narmada,2023,Kharif,Rice,25.72,36.69,587.01,76.97,13.01,6.07,0.554,186.9,16.6,224.6,5015.68
AGR_Cen_2020_00757,Central_Zone,MP_Narmada,2020,Rabi,Rice,,31.48,149.0,61.64,13.44,6.41,0.734,224.7,13.5,191.3,4783.89
AGR_Cen_2023_00758,Central_Zone,MP_Narmada,2023,Rabi,Wheat,22.35,33.9,130.79,44.98,12.16,7.21,0.533,228.3,22.7,289.9,4090.18
AGR_Cen_2018_00759,Central_Zone,CG_Plains,2018,Zaid,Maize,24.45,38.09,42.76,50.56,11.46,6.92,0.567,224.9,15.6,241.4,3473.74
AGR_Cen_2020_00760,Central_Zone,UP_Bundelkhand,2020,Kharif,Rice,25.92,34.23,493.19,83.34,12.34,6.82,0.385,207.3,21.3,199.0,5146.57
AGR_Cen_2023_00761,Central_Zone,JH_Plateau,2023,Rabi,Rice,17.03,26.84,150.48,70.34,12.85,7.29,0.317,185.1,20.5,189.4,3982.67
AGR_Cen_2022_00762,Central_Zone,CG_Plains,2022,Kharif,Cotton,22.75,31.48,931.07,75.81,11.57,6.86,0.897,139.5,25.6,320.2,2932.94
AGR_Cen_2019_00763,Central_Zone,MP_Narmada,2019,Rabi,Pulses,23.95,36.02,,56.35,11.89,6.87,0.606,135.4,26.4,235.0,1724.69
AGR_Cen_2018_00764,Central_Zone,JH_Plateau,2018,Rabi,Pulses,21.19,28.89,262.81,57.37,11.09,6.92,0.501,179.1,16.2,241.8,1488.25
AGR_Cen_2021_00765,Central_Zone,MP_Narmada,2021,Rabi,Cotton,20.54,29.16,322.96,59.22,14.79,6.9,0.933,184.5,21.2,251.1,2794.82
AGR_Cen_2020_00766,Central_Zone,MP_Narmada,2020,Rabi,Maize,21.28,33.6,190.82,62.44,13.43,6.48,0.874,238.8,19.0,190.9,3991.57
AGR_Cen_2022_00767,Central_Zone,MP_Narmada,2022,Rabi,Pulses,19.33,26.48,,33.54,17.26,6.25,0.399,176.9,27.5,218.8,1372.57
AGR_Cen_2019_00768,Central_Zone,CG_Plains,2019,Rabi,Wheat,17.63,31.13,125.16,52.46,11.67,7.16,0.679,184.7,28.3,349.3,3825.43
AGR_Cen_2022_00769,Central_Zone,CG_Plains,2022,Kharif,Pulses,27.58,40.78,,73.06,10.83,6.85,0.341,167.9,23.8,162.8,2026.36
AGR_Cen_2022_00770,Central_Zone,UP_Bundelkhand,2022,Rabi,Cotton,22.27,31.11,179.46,77.8,11.95,6.26,0.704,181.1,19.8,166.8,2281.45
AGR_Cen_2023_00771,Central_Zone,MP_Narmada,2023,Zaid,Pulses,28.23,39.18,58.16,39.02,13.56,6.54,0.597,119.6,25.1,205.0,1180.06
AGR_Cen_2019_00772,Central_Zone,CG_Plains,2019,Kharif,Wheat,25.06,35.9,567.9,62.24,10.0,6.66,0.303,202.1,20.2,176.4,4645.47
AGR_Cen_2022_00773,Central_Zone,MP_Narmada,2022,Rabi,Wheat,18.54,27.91,165.69,44.75,15.45,6.47,0.872,201.7,15.1,256.6,4209.36
AGR_Cen_2022_00774,Central_Zone,JH_Plateau,2022,Kharif,Rice,23.13,32.35,1190.27,93.38,10.94,6.35,0.392,192.3,25.5,147.6,5102.54
AGR_Cen_2018_00775,Central_Zone,MP_Narmada,2018,Kharif,Wheat,24.66,34.13,1083.02,77.97,10.0,6.66,0.374,199.2,31.8,110.0,4708.14
AGR_Cen_2023_00776,Central_Zone,CG_Plains,2023,Kharif,Rice,22.55,31.48,1158.95,67.87,12.63,7.14,0.711,128.2,27.6,193.3,4655.15
AGR_Cen_2018_00777,Central_Zone,MP_Narmada,2018,Kharif,Wheat,22.97,34.2,806.48,,16.63,7.4,0.875,200.3,26.1,198.5,5042.61
AGR_Cen_2022_00778,Central_Zone,CG_Plains,2022,Kharif,Rice,22.54,34.13,815.21,83.34,10.0,6.55,0.871,155.2,24.6,208.7,5254.57
AGR_Cen_2021_00779,Central_Zone,UP_Bundelkhand,2021,Kharif,Soybean,20.1,31.91,969.97,78.55,10.0,7.17,0.44,248.9,26.8,162.8,3285.42
AGR_Cen_2020_00780,Central_Zone,CG_Plains,2020,Kharif,Soybean,22.56,29.66,970.24,76.95,10.37,6.14,0.747,173.8,17.1,177.8,3405.52
AGR_Cen_2020_00781,Central_Zone,JH_Plateau,2020,Kharif,Cotton,25.31,34.04,672.27,56.61,14.06,7.21,0.92,157.8,28.1,189.9,3346.4
AGR_Cen_2018_00782,Central_Zone,JH_Plateau,2018,Kharif,Maize,25.19,33.0,249.06,72.79,10.0,6.87,0.412,181.9,22.5,183.5,3543.49
AGR_Cen_2022_00783,Central_Zone,CG_Plains,2022,Kharif,Pulses,21.83,34.95,1288.54,81.99,10.0,6.6,0.903,164.8,22.7,189.0,2363.21
AGR_Cen_2018_00784,Central_Zone,CG_Plains,2018,Rabi,Maize,19.02,28.06,246.16,56.44,11.41,7.8,0.546,132.9,35.1,160.3,3212.22
AGR_Cen_2022_00785,Central_Zone,CG_Plains,2022,Zaid,Maize,24.93,32.85,66.15,32.45,16.29,7.75,0.438,256.0,21.6,230.5,3444.54
AGR_Cen_2020_00786,Central_Zone,MP_Narmada,2020,Kharif,Soybean,22.42,35.1,967.15,75.42,11.26,5.94,0.547,180.2,25.4,186.6,3178.12
AGR_Cen_2018_00787,Central_Zone,CG_Plains,2018,Kharif,Maize,24.74,31.79,1103.79,64.14,10.0,6.36,0.842,90.0,21.4,175.6,3854.06
AGR_Cen_2019_00788,Central_Zone,UP_Bundelkhand,2019,Rabi,Cotton,20.69,30.4,142.13,59.39,10.0,6.46,0.409,146.2,26.1,166.3,1957.33
AGR_Cen_2022_00789,Central_Zone,MP_Narmada,2022,Kharif,Wheat,23.57,36.52,786.0,79.35,11.96,5.9,0.217,199.7,28.0,174.0,4151.79
AGR_Cen_2019_00790,Central_Zone,CG_Plains,2019,Kharif,Rice,24.01,35.9,528.04,62.63,10.0,6.85,0.803,193.4,16.2,162.2,5382.46
AGR_Cen_2020_00791,Central_Zone,JH_Plateau,2020,Kharif,Cotton,,36.13,1263.56,76.3,10.0,6.03,0.948,190.3,15.6,235.9,3490.7
AGR_Cen_2022_00792,Central_Zone,UP_Bundelkhand,2022,Kharif,Maize,23.39,35.33,525.63,78.68,10.0,7.16,0.451,193.8,17.6,265.0,4020.31
AGR_Cen_2018_00793,Central_Zone,MP_Narmada,2018,Rabi,Pulses,19.27,30.89,131.94,58.43,13.78,6.91,0.604,170.8,24.7,151.1,1272.21
AGR_Cen_2020_00794,Central_Zone,MP_Narmada,2020,Kharif,Rice,22.97,32.39,1260.46,95.0,10.0,7.33,0.626,157.5,17.2,131.9,4649.62
AGR_Cen_2019_00795,Central_Zone,JH_Plateau,2019,Zaid,Pulses,25.37,38.15,71.56,61.43,10.0,6.48,1.104,175.0,17.4,218.5,1873.48
AGR_Cen_2020_00796,Central_Zone,UP_Bundelkhand,2020,Kharif,Maize,23.07,32.45,596.02,78.82,12.45,6.26,0.556,207.2,15.4,288.9,4377.83
AGR_Cen_2018_00797,Central_Zone,MP_Narmada,2018,Rabi,Rice,21.39,34.92,119.27,47.32,16.19,7.45,0.714,165.1,32.6,228.5,4619.12
AGR_Cen_2020_00798,Central_Zone,JH_Plateau,2020,Kharif,Soybean,24.57,37.73,462.23,66.1,10.0,6.85,0.29,248.0,17.1,202.1,3153.01
AGR_Cen_2018_00799,Central_Zone,UP_Bundelkhand,2018,Zaid,Rice,26.75,36.66,35.47,39.96,13.12,6.77,0.513,191.6,18.5,258.3,4233.84
AGR_Cen_2020_00800,Central_Zone,JH_Plateau,2020,Rabi,Cotton,21.99,,166.85,62.26,15.68,6.2,0.86,184.2,19.6,163.5,2299.49
AGR_Cen_2018_00801,Central_Zone,UP_Bundelkhand,2018,Kharif,Cotton,25.29,36.63,1086.13,72.91,11.5,7.14,0.485,180.0,19.1,157.0,2828.28
AGR_Cen_2022_00802,Central_Zone,MP_Narmada,2022,Rabi,Maize,21.23,30.76,271.6,53.19,11.83,6.9,0.612,99.8,29.6,258.9,3252.51
AGR_Cen_2019_00803,Central_Zone,CG_Plains,2019,Rabi,Cotton,20.91,31.69,,65.45,13.18,6.68,0.791,152.2,22.5,194.7,2691.31
AGR_Cen_2018_00804,Central_Zone,UP_Bundelkhand,2018,Zaid,Wheat,26.18,33.82,82.53,49.18,13.57,6.15,0.819,144.8,17.3,202.6,4039.89
AGR_Cen_2018_00805,Central_Zone,CG_Plains,2018,Zaid,Pulses,24.57,36.51,129.52,66.28,10.69,6.43,0.485,202.4,18.0,272.1,1556.37
AGR_Cen_2021_00806,Central_Zone,CG_Plains,2021,Zaid,Wheat,26.23,37.92,,69.81,10.32,7.75,0.716,157.7,31.6,180.6,4026.76
AGR_Cen_2023_00807,Central_Zone,UP_Bundelkhand,2023,Rabi,Cotton,21.3,31.89,188.98,,13.07,7.48,0.598,209.8,21.0,272.4,2401.36
AGR_Cen_2020_00808,Central_Zone,CG_Plains,2020,Kharif,Cotton,,30.27,451.68,,12.79,7.0,0.474,150.1,14.8,289.3,2501.62
AGR_Cen_2018_00809,Central_Zone,CG_Plains,2018,Kharif,Rice,23.26,36.59,1230.93,95.0,10.0,7.15,0.676,185.3,11.3,238.8,5394.72
AGR_Cen_2021_00810,Central_Zone,CG_Plains,2021,Rabi,Maize,18.18,27.34,87.79,42.58,12.36,7.84,0.753,171.6,31.5,252.5,3321.16
AGR_Cen_2022_00811,Central_Zone,CG_Plains,2022,Rabi,Cotton,20.21,29.43,,36.26,17.18,6.64,0.529,181.1,13.5,271.1,2100.29
AGR_Cen_2022_00812,Central_Zone,CG_Plains,2022,Rabi,Rice,18.02,28.42,78.4,60.36,12.79,7.15,0.572,226.6,23.5,216.5,4014.6
AGR_Cen_2019_00813,Central_Zone,MP_Narmada,2019,Rabi,Maize,20.8,33.11,,67.02,10.0,6.97,0.846,194.6,18.3,152.7,3922.99
AGR_Cen_2020_00814,Central_Zone,JH_Plateau,2020,Kharif,Rice,22.57,34.17,221.18,64.26,11.18,6.86,0.825,166.8,19.5,230.5,4878.96
AGR_Cen_2022_00815,Central_Zone,MP_Narmada,2022,Rabi,Pulses,19.63,33.03,128.55,71.28,10.0,6.5,0.38,183.4,33.7,285.1,1523.33
AGR_Cen_2021_00816,Central_Zone,UP_Bundelkhand,2021,Kharif,Soybean,25.45,35.43,1272.98,92.36,10.0,6.9,0.211,192.5,21.9,149.3,3120.15
AGR_Cen_2018_00817,Central_Zone,MP_Narmada,2018,Kharif,Pulses,,35.39,887.52,89.4,11.33,6.04,0.727,163.3,18.4,230.6,2385.07
AGR_Cen_2019_00818,Central_Zone,UP_Bundelkhand,2019,Zaid,Cotton,26.01,34.18,109.4,39.36,13.77,6.44,0.848,169.3,22.5,244.9,2643.46
AGR_Cen_2020_00819,Central_Zone,MP_Narmada,2020,Kharif,Wheat,24.93,37.66,963.88,81.14,10.0,7.08,0.644,182.9,27.3,184.5,4297.18
AGR_Cen_2021_00820,Central_Zone,UP_Bundelkhand,2021,Kharif,Pulses,,32.06,786.55,74.57,11.86,6.22,0.676,260.0,25.6,205.9,2188.6
AGR_Cen_2021_00821,Central_Zone,JH_Plateau,2021,Rabi,Pulses,18.24,29.28,156.06,54.33,14.13,7.0,0.344,200.5,25.5,225.9,1623.16
AGR_Cen_2019_00822,Central_Zone,MP_Narmada,2019,Kharif,Maize,21.39,30.03,1366.13,85.74,13.99,7.1,0.425,204.9,14.9,159.4,4232.37
AGR_Cen_2021_00823,Central_Zone,MP_Narmada,2021,Rabi,Rice,18.54,26.59,184.9,49.97,10.0,6.4,0.359,182.3,26.2,202.7,4048.61
AGR_Cen_2018_00824,Central_Zone,JH_Plateau,2018,Rabi,Soybean,19.49,29.42,229.41,64.98,13.48,7.07,0.295,169.1,19.3,110.0,2379.55
AGR_Cen_2022_00825,Central_Zone,JH_Plateau,2022,Kharif,Maize,23.12,32.3,185.18,42.75,11.09,6.9,0.44,220.6,26.9,251.9,3801.74
AGR_Cen_2022_00826,Central_Zone,UP_Bundelkhand,2022,Zaid,Wheat,26.29,38.14,70.73,36.49,14.64,6.65,0.573,179.9,23.3,259.0,3834.49
AGR_Cen_2021_00827,Central_Zone,UP_Bundelkhand,2021,Kharif,Maize,25.69,35.57,1086.14,83.51,11.67,6.85,0.278,156.2,35.2,234.7,3777.63
AGR_Cen_2018_00828,Central_Zone,MP_Narmada,2018,Rabi,Soybean,19.97,33.74,164.64,72.59,10.0,6.92,0.675,194.8,30.1,249.2,2728.63
AGR_Cen_2023_00829,Central_Zone,UP_Bundelkhand,2023,Kharif,Wheat,20.53,33.21,680.94,69.95,12.32,6.11,0.527,221.3,29.9,227.6,4716.05
AGR_Cen_2021_00830,Central_Zone,JH_Plateau,2021,Kharif,Maize,24.78,35.7,,84.08,11.05,7.03,0.364,233.8,20.2,141.5,4327.67
AGR_Cen_2020_00831,Central_Zone,MP_Narmada,2020,Kharif,Wheat,23.63,35.19,699.09,67.24,11.3,6.48,0.499,179.7,28.6,247.8,4398.66
AGR_Cen_2023_00832,Central_Zone,MP_Narmada,2023,Kharif,Rice,25.88,36.21,989.34,95.0,12.25,7.47,0.371,147.9,26.8,110.0,4723.56
AGR_Cen_2018_00833,Central_Zone,CG_Plains,2018,Kharif,Soybean,25.29,32.41,894.4,91.06,10.0,6.01,0.484,110.2,36.5,242.4,2906.16
AGR_Cen_2018_00834,Central_Zone,MP_Narmada,2018,Rabi,Soybean,19.6,29.67,194.27,37.8,14.28,5.97,0.418,155.0,24.3,261.0,2364.78
AGR_Cen_2023_00835,Central_Zone,MP_Narmada,2023,Rabi,Pulses,20.26,31.65,69.12,57.03,10.0,6.41,0.516,140.3,28.6,256.4,1382.27
AGR_Cen_2020_00836,Central_Zone,CG_Plains,2020,Kharif,Pulses,24.59,34.21,662.08,55.05,12.94,6.67,0.775,175.6,23.2,178.2,2450.22
AGR_Cen_2018_00837,Central_Zone,CG_Plains,2018,Kharif,Maize,,34.68,1141.06,95.0,10.0,7.33,0.641,152.0,25.8,183.5,4004.5
AGR_Cen_2021_00838,Central_Zone,CG_Plains,2021,Kharif,Soybean,23.85,36.74,1664.39,95.0,10.0,8.1,0.87,222.9,25.6,115.2,3426.78
AGR_Cen_2022_00839,Central_Zone,JH_Plateau,2022,Rabi,Rice,20.0,,122.54,63.77,12.92,5.59,0.765,172.0,22.6,159.0,4377.96
AGR_Cen_2019_00840,Central_Zone,MP_Narmada,2019,Kharif,Pulses,22.1,32.19,,93.4,13.61,6.78,0.366,187.0,22.3,179.5,2289.38
AGR_Cen_2019_00841,Central_Zone,CG_Plains,2019,Kharif,Maize,22.19,29.19,717.6,66.54,11.26,6.65,0.534,137.0,20.2,206.1,3771.55
AGR_Cen_2018_00842,Central_Zone,UP_Bundelkhand,2018,Rabi,Rice,20.44,31.83,111.44,55.05,10.37,8.21,0.355,214.4,30.1,297.1,4590.52
AGR_Cen_2020_00843,Central_Zone,CG_Plains,2020,Rabi,Wheat,21.7,33.69,136.31,50.77,11.49,7.43,0.434,160.6,15.3,193.3,3404.07
AGR_Cen_2023_00844,Central_Zone,MP_Narmada,2023,Rabi,Cotton,19.83,29.62,152.83,34.82,15.6,6.97,0.579,164.2,12.3,174.4,1908.2
AGR_Cen_2021_00845,Central_Zone,CG_Plains,2021,Rabi,Rice,19.45,30.17,210.43,35.37,13.93,6.28,0.555,140.1,15.3,224.3,4255.31
AGR_Cen_2018_00846,Central_Zone,UP_Bundelkhand,2018,Rabi,Soybean,22.25,31.01,113.79,59.2,10.0,6.16,0.528,169.9,19.4,195.2,2082.59
AGR_Cen_2018_00847,Central_Zone,CG_Plains,2018,Zaid,Rice,25.3,32.97,87.94,67.6,13.23,7.08,0.393,153.5,15.3,209.1,3878.43
AGR_Cen_2021_00848,Central_Zone,MP_Narmada,2021,Kharif,Maize,23.02,30.8,877.21,72.25,10.0,6.56,0.791,179.2,16.9,203.5,4252.56
AGR_Cen_2018_00849,Central_Zone,UP_Bundelkhand,2018,Kharif,Wheat,21.97,33.49,943.64,78.98,10.67,7.05,0.732,147.4,25.2,215.4,4914.66
AGR_Cen_2022_00850,Central_Zone,UP_Bundelkhand,2022,Kharif,Cotton,24.36,33.04,446.79,51.51,15.88,6.17,0.43,214.6,18.6,212.6,2843.04
AGR_Cen_2018_00851,Central_Zone,CG_Plains,2018,Kharif,Maize,23.64,33.6,904.18,84.97,11.81,5.99,0.343,222.8,27.3,238.9,4271.59
AGR_Cen_2023_00852,Central_Zone,UP_Bundelkhand,2023,Zaid,Pulses,28.02,37.55,115.09,63.43,10.0,5.77,0.658,159.9,28.0,234.7,1635.77
AGR_Cen_2021_00853,Central_Zone,CG_Plains,2021,Kharif,Cotton,25.13,34.49,1187.41,92.62,11.78,6.46,0.518,173.7,26.6,254.1,3094.79
AGR_Cen_2022_00854,Central_Zone,JH_Plateau,2022,Rabi,Rice,20.63,31.02,122.73,45.22,16.13,6.77,0.595,167.3,29.0,228.1,4154.39
AGR_Cen_2020_00855,Central_Zone,MP_Narmada,2020,Kharif,Cotton,21.79,31.48,788.04,88.15,11.82,7.06,0.817,120.0,17.7,313.8,3222.31
AGR_Cen_2018_00856,Central_Zone,UP_Bundelkhand,2018,Kharif,Maize,27.61,35.22,529.99,62.36,11.92,6.32,0.738,169.3,23.1,178.9,4331.26
AGR_Cen_2018_00857,Central_Zone,UP_Bundelkhand,2018,Kharif,Wheat,21.91,31.68,864.13,61.68,14.88,5.96,0.61,175.0,19.1,192.2,4332.13
AGR_Cen_2020_00858,Central_Zone,JH_Plateau,2020,Rabi,Rice,20.01,33.6,176.82,59.27,10.0,5.58,0.207,200.7,24.1,129.3,4356.35
AGR_Cen_2020_00859,Central_Zone,UP_Bundelkhand,2020,Kharif,Soybean,23.48,34.29,,95.0,14.54,6.86,0.383,165.6,18.3,184.3,2932.14
AGR_Cen_2020_00860,Central_Zone,UP_Bundelkhand,2020,Rabi,Pulses,18.18,25.24,,50.77,13.44,8.11,0.754,213.7,13.4,186.7,1116.61
AGR_Cen_2021_00861,Central_Zone,UP_Bundelkhand,2021,Kharif,Pulses,26.23,33.69,752.58,85.47,10.0,6.63,0.481,140.2,17.3,233.9,2387.06
AGR_Cen_2019_00862,Central_Zone,UP_Bundelkhand,2019,Kharif,Wheat,,34.47,515.35,73.25,10.0,7.8,0.2,183.0,18.9,206.9,4521.55
AGR_Cen_2021_00863,Central_Zone,JH_Plateau,2021,Rabi,Wheat,19.67,30.33,115.55,54.83,15.06,6.9,0.781,216.2,22.6,173.4,3989.99
AGR_Cen_2020_00864,Central_Zone,MP_Narmada,2020,Kharif,Wheat,22.69,35.46,801.29,92.62,11.29,8.07,0.764,165.1,23.4,240.7,4824.86
AGR_Cen_2018_00865,Central_Zone,CG_Plains,2018,Kharif,Rice,23.72,34.14,1094.7,83.15,11.18,6.72,0.617,175.6,22.4,254.7,5110.51
AGR_Cen_2021_00866,Central_Zone,JH_Plateau,2021,Zaid,Maize,25.76,35.2,117.97,52.3,12.87,6.54,0.786,176.9,25.0,277.3,3615.94
AGR_Cen_2022_00867,Central_Zone,UP_Bundelkhand,2022,Kharif,Wheat,24.38,,1291.51,95.0,10.0,7.49,0.714,224.5,19.9,300.6,5078.77
AGR_Cen_2019_00868,Central_Zone,UP_Bundelkhand,2019,Kharif,Wheat,26.78,37.03,1113.52,87.3,10.0,5.85,0.759,209.8,21.3,194.3,5093.12
AGR_Cen_2018_00869,Central_Zone,JH_Plateau,2018,Kharif,Cotton,20.88,29.6,1409.47,95.0,10.0,7.36,0.578,141.4,21.2,191.0,2741.51
AGR_Cen_2021_00870,Central_Zone,CG_Plains,2021,Kharif,Rice,22.61,34.6,499.38,,10.0,6.02,0.454,171.9,24.5,214.3,4949.89
AGR_Cen_2019_00871,Central_Zone,UP_Bundelkhand,2019,Rabi,Soybean,22.09,35.88,155.84,65.8,10.0,7.45,0.637,202.8,28.5,230.2,2372.38
AGR_Cen_2020_00872,Central_Zone,CG_Plains,2020,Kharif,Pulses,28.03,39.95,708.44,74.64,10.1,6.75,0.603,208.2,24.0,141.8,2352.1
AGR_Cen_2019_00873,Central_Zone,MP_Narmada,2019,Rabi,Pulses,19.46,26.79,,58.99,12.94,6.69,0.751,108.9,9.4,143.7,1424.0
AGR_Cen_2022_00874,Central_Zone,MP_Narmada,2022,Kharif,Wheat,25.61,39.0,430.09,59.89,10.0,6.64,0.75,182.4,36.6,204.3,4752.07
AGR_Cen_2022_00875,Central_Zone,JH_Plateau,2022,Rabi,Rice,20.31,31.63,266.12,60.69,10.68,6.81,0.475,166.8,25.0,173.0,4461.18
AGR_Cen_2023_00876,Central_Zone,JH_Plateau,2023,Rabi,Maize,20.4,30.46,164.69,46.3,11.02,6.41,0.559,165.7,20.9,257.0,3560.09
AGR_Cen_2022_00877,Central_Zone,MP_Narmada,2022,Kharif,Maize,24.48,38.01,1312.65,80.59,10.24,6.88,0.729,246.6,31.3,228.7,4489.0
AGR_Cen_2020_00878,Central_Zone,MP_Narmada,2020,Kharif,Maize,24.29,31.36,1127.84,75.6,10.0,7.75,0.477,145.3,16.7,165.6,3849.14
AGR_Cen_2019_00879,Central_Zone,JH_Plateau,2019,Rabi,Wheat,19.21,31.12,202.07,57.55,11.67,6.79,0.543,214.3,26.1,201.5,4141.31
AGR_Cen_2019_00880,Central_Zone,JH_Plateau,2019,Kharif,Wheat,23.98,35.72,1027.12,69.02,12.57,5.85,0.556,147.2,22.2,287.7,4515.99
AGR_Cen_2021_00881,Central_Zone,MP_Narmada,2021,Kharif,Rice,25.13,33.78,487.45,78.06,12.24,7.21,0.267,162.5,20.2,194.7,4544.33
AGR_Cen_2023_00882,Central_Zone,MP_Narmada,2023,Rabi,Soybean,19.63,32.44,90.97,67.98,10.08,6.8,0.685,145.2,15.6,264.7,2034.76
AGR_Cen_2023_00883,Central_Zone,CG_Plains,2023,Rabi,Rice,23.97,,275.75,58.29,11.16,6.92,1.104,195.3,12.6,223.7,5634.28
AGR_Cen_2019_00884,Central_Zone,JH_Plateau,2019,Kharif,Rice,23.49,36.26,1237.38,80.27,10.0,7.16,0.662,197.5,19.7,203.6,5352.56
AGR_Cen_2019_00885,Central_Zone,JH_Plateau,2019,Kharif,Cotton,,34.31,1131.41,95.0,10.0,7.35,0.685,128.1,18.0,110.0,2883.7
AGR_Cen_2018_00886,Central_Zone,UP_Bundelkhand,2018,Kharif,Soybean,23.36,33.46,874.32,95.0,10.0,6.52,0.706,201.7,20.1,176.4,3568.94
AGR_Cen_2023_00887,Central_Zone,CG_Plains,2023,Rabi,Wheat,19.49,33.46,193.32,56.18,10.0,6.84,0.704,127.1,20.3,264.3,4030.44
AGR_Cen_2021_00888,Central_Zone,MP_Narmada,2021,Kharif,Cotton,22.3,33.41,998.62,75.95,11.12,6.15,0.438,153.4,25.0,225.8,2747.48
AGR_Cen_2022_00889,Central_Zone,JH_Plateau,2022,Rabi,Wheat,20.75,34.3,166.35,63.8,11.75,6.91,0.729,148.6,23.6,219.3,3984.11
AGR_Cen_2023_00890,Central_Zone,CG_Plains,2023,Kharif,Cotton,26.19,34.29,620.8,73.95,12.81,5.86,0.364,199.9,16.6,161.6,2851.48
AGR_Cen_2018_00891,Central_Zone,UP_Bundelkhand,2018,Rabi,Cotton,,30.0,123.56,56.64,12.95,6.31,0.524,152.0,17.3,125.3,1756.54
AGR_Cen_2020_00892,Central_Zone,MP_Narmada,2020,Zaid,Maize,24.51,36.01,60.09,66.63,11.13,7.28,0.438,168.6,23.4,235.0,3051.85
AGR_Cen_2021_00893,Central_Zone,JH_Plateau,2021,Rabi,Soybean,19.83,31.04,10.0,51.18,10.0,6.05,0.721,200.6,18.4,199.9,2184.44
AGR_Cen_2018_00894,Central_Zone,JH_Plateau,2018,Rabi,Soybean,16.78,29.29,149.17,,13.0,7.4,0.862,242.2,33.6,204.0,2640.29
AGR_Cen_2022_00895,Central_Zone,JH_Plateau,2022,Kharif,Rice,26.57,34.44,641.73,82.74,10.0,7.72,0.575,181.8,18.0,152.8,4988.97
AGR_Cen_2022_00896,Central_Zone,CG_Plains,2022,Rabi,Soybean,21.39,30.72,188.87,62.5,13.7,6.16,0.49,180.1,27.6,216.6,2270.5
AGR_Cen_2019_00897,Central_Zone,MP_Narmada,2019,Kharif,Maize,24.9,33.04,887.75,74.87,10.0,5.53,0.529,211.7,30.7,281.7,4213.45
AGR_Cen_2023_00898,Central_Zone,CG_Plains,2023,Kharif,Soybean,21.6,34.57,245.36,71.02,10.0,6.89,0.977,220.3,26.3,196.5,3282.72
AGR_Cen_2018_00899,Central_Zone,CG_Plains,2018,Rabi,Rice,,32.06,119.16,52.48,11.89,6.73,0.621,183.6,20.4,251.0,4480.75
AGR_Cen_2019_00900,Central_Zone,UP_Bundelkhand,2019,Rabi,Rice,21.04,30.28,306.99,68.49,10.0,6.83,0.792,192.2,24.9,208.8,4939.28
AGR_Cen_2018_00901,Central_Zone,CG_Plains,2018,Rabi,Pulses,22.64,30.87,103.41,50.31,18.06,5.97,0.441,202.6,22.8,145.0,1530.41
AGR_Cen_2022_00902,Central_Zone,UP_Bundelkhand,2022,Kharif,Soybean,24.02,35.88,465.01,73.22,11.71,7.93,1.028,188.8,29.7,184.2,3410.29
AGR_Cen_2018_00903,Central_Zone,MP_Narmada,2018,Rabi,Rice,19.37,33.26,235.76,40.44,14.21,5.74,0.593,93.2,17.4,197.6,4250.48
AGR_Cen_2020_00904,Central_Zone,UP_Bundelkhand,2020,Kharif,Soybean,23.44,35.86,454.4,71.77,13.21,7.01,0.791,143.0,21.6,206.4,3116.85
AGR_Cen_2020_00905,Central_Zone,MP_Narmada,2020,Kharif,Wheat,24.22,35.39,1279.59,95.0,10.79,6.28,0.713,178.3,37.2,265.4,4899.33
AGR_Cen_2023_00906,Central_Zone,CG_Plains,2023,Kharif,Rice,24.72,33.84,1086.02,89.63,10.0,5.57,0.887,203.0,17.7,172.0,5362.39
AGR_Cen_2023_00907,Central_Zone,UP_Bundelkhand,2023,Rabi,Rice,19.62,26.84,146.93,,13.17,7.29,0.682,205.2,17.8,204.8,4194.79
AGR_Cen_2023_00908,Central_Zone,JH_Plateau,2023,Zaid,Wheat,27.56,40.86,97.77,51.97,15.81,7.61,0.641,196.9,18.9,195.7,3917.01
AGR_Cen_2022_00909,Central_Zone,MP_Narmada,2022,Kharif,Maize,23.37,30.71,615.99,94.15,10.0,6.63,0.521,208.3,26.5,206.6,4196.9
AGR_Cen_2018_00910,Central_Zone,CG_Plains,2018,Kharif,Wheat,24.15,33.13,714.98,76.39,10.66,7.08,0.967,219.2,22.1,202.7,5224.19
AGR_Cen_2022_00911,Central_Zone,MP_Narmada,2022,Kharif,Wheat,,34.52,341.72,48.26,10.27,7.51,0.784,156.5,14.6,185.2,4337.83
AGR_Cen_2018_00912,Central_Zone,MP_Narmada,2018,Rabi,Rice,21.24,29.37,,53.89,12.32,6.34,0.396,153.2,15.5,202.6,4300.11
AGR_Cen_2022_00913,Central_Zone,UP_Bundelkhand,2022,Kharif,Soybean,24.25,35.5,1179.79,94.52,10.0,7.54,0.735,172.3,14.1,204.0,3253.98
AGR_Cen_2023_00914,Central_Zone,UP_Bundelkhand,2023,Rabi,Wheat,22.47,,139.98,45.67,13.26,7.38,0.545,166.8,23.3,213.4,3791.95
AGR_Cen_2019_00915,Central_Zone,UP_Bundelkhand,2019,Kharif,Cotton,,36.56,1162.31,81.64,10.0,6.96,0.551,212.4,9.6,339.6,2696.68
AGR_Cen_2022_00916,Central_Zone,JH_Plateau,2022,Kharif,Cotton,25.79,36.79,943.06,68.6,10.0,6.03,0.365,143.2,20.8,278.0,2888.48
AGR_Cen_2020_00917,Central_Zone,MP_Narmada,2020,Kharif,Rice,25.87,38.87,428.12,69.82,10.0,6.25,0.729,197.5,32.1,234.2,5015.62
AGR_Cen_2018_00918,Central_Zone,JH_Plateau,2018,Rabi,Maize,19.33,27.41,,59.6,10.0,7.28,0.668,167.3,24.2,258.6,3041.88
AGR_Cen_2019_00919,Central_Zone,CG_Plains,2019,Kharif,Soybean,24.21,33.49,1156.95,91.02,10.33,6.49,0.627,172.3,18.4,299.4,3344.89
AGR_Cen_2018_00920,Central_Zone,JH_Plateau,2018,Kharif,Rice,25.54,33.54,275.1,50.42,13.08,6.38,0.602,202.2,20.1,143.0,5208.26
AGR_Cen_2023_00921,Central_Zone,JH_Plateau,2023,Rabi,Cotton,17.48,30.79,194.15,66.2,10.0,7.49,0.636,185.9,20.2,151.7,2383.07
AGR_Cen_2020_00922,Central_Zone,UP_Bundelkhand,2020,Rabi,Soybean,19.19,29.64,140.22,54.14,17.14,8.03,0.615,216.1,21.7,213.9,2659.29
AGR_Cen_2020_00923,Central_Zone,JH_Plateau,2020,Rabi,Soybean,19.81,,121.09,39.94,14.26,6.44,0.617,171.5,28.5,158.1,2425.4
AGR_Cen_2021_00924,Central_Zone,MP_Narmada,2021,Zaid,Rice,23.94,33.82,13.21,39.64,13.88,7.54,0.625,170.2,17.1,214.2,4491.74
AGR_Cen_2023_00925,Central_Zone,CG_Plains,2023,Kharif,Maize,24.69,37.82,1140.56,95.0,11.93,6.32,0.707,219.4,19.5,239.1,4258.53
AGR_Cen_2018_00926,Central_Zone,UP_Bundelkhand,2018,Kharif,Pulses,25.34,35.4,745.04,79.08,12.84,5.6,0.624,162.2,16.6,149.4,2416.36
AGR_Cen_2020_00927,Central_Zone,JH_Plateau,2020,Kharif,Cotton,26.09,,1246.08,89.22,11.4,6.63,1.023,181.0,29.5,190.5,3086.51
AGR_Cen_2022_00928,Central_Zone,UP_Bundelkhand,2022,Zaid,Pulses,26.81,35.74,152.87,54.13,16.17,6.03,0.713,164.0,15.1,197.8,1632.67
AGR_Cen_2023_00929,Central_Zone,MP_Narmada,2023,Kharif,Wheat,22.15,29.56,769.25,56.59,15.27,6.32,0.688,180.5,29.7,209.3,4584.86
AGR_Cen_2023_00930,Central_Zone,CG_Plains,2023,Kharif,Cotton,25.32,34.19,1173.76,88.45,10.0,7.51,0.498,189.3,32.2,199.8,2688.2
AGR_Cen_2019_00931,Central_Zone,JH_Plateau,2019,Rabi,Rice,18.79,27.17,159.95,58.55,12.89,5.9,0.708,198.5,25.1,209.1,4619.07
AGR_Cen_2021_00932,Central_Zone,MP_Narmada,2021,Kharif,Cotton,24.21,34.12,1070.81,72.38,12.86,6.77,0.639,183.3,14.2,194.5,3197.8
AGR_Cen_2020_00933,Central_Zone,UP_Bundelkhand,2020,Rabi,Maize,22.74,30.6,164.02,54.1,11.26,7.3,0.524,146.2,15.8,168.0,3340.64
AGR_Cen_2022_00934,Central_Zone,UP_Bundelkhand,2022,Rabi,Maize,19.87,28.73,227.78,63.93,10.0,6.49,0.2,202.0,25.6,171.7,3608.5
AGR_Cen_2022_00935,Central_Zone,UP_Bundelkhand,2022,Kharif,Rice,22.69,35.12,1033.51,75.57,10.73,6.4,0.711,188.4,21.3,201.0,5165.24
AGR_Cen_2021_00936,Central_Zone,CG_Plains,2021,Kharif,Soybean,24.32,36.43,1087.69,91.22,10.0,6.75,0.478,112.4,19.6,254.5,2780.24
AGR_Cen_2020_00937,Central_Zone,JH_Plateau,2020,Kharif,Cotton,25.35,35.04,782.19,,12.21,6.24,0.309,148.9,37.5,196.3,2810.88
AGR_Cen_2020_00938,Central_Zone,CG_Plains,2020,Kharif,Pulses,25.16,36.06,1250.17,95.0,10.0,7.53,0.654,178.7,26.5,129.9,2525.09
AGR_Cen_2019_00939,Central_Zone,MP_Narmada,2019,Kharif,Cotton,24.02,34.78,1304.0,86.16,10.0,5.81,0.398,204.1,22.7,201.7,2931.88
AGR_Cen_2023_00940,Central_Zone,JH_Plateau,2023,Rabi,Rice,19.95,30.56,107.99,46.52,11.78,6.44,0.853,180.1,25.9,164.2,4224.69
AGR_Cen_2020_00941,Central_Zone,CG_Plains,2020,Rabi,Maize,21.32,34.04,103.97,58.45,14.59,6.02,0.312,133.5,17.5,137.4,3028.47
AGR_Cen_2021_00942,Central_Zone,JH_Plateau,2021,Kharif,Maize,,31.85,818.98,72.76,10.0,6.21,0.577,210.1,20.0,284.5,4418.43
AGR_Cen_2019_00943,Central_Zone,MP_Narmada,2019,Kharif,Wheat,26.13,36.8,1013.59,87.48,10.0,8.3,0.816,160.8,25.2,141.4,4624.93
AGR_Cen_2020_00944,Central_Zone,UP_Bundelkhand,2020,Kharif,Cotton,26.79,36.82,1039.55,72.41,12.05,6.49,0.816,122.4,30.1,218.1,2966.18
AGR_Cen_2021_00945,Central_Zone,MP_Narmada,2021,Zaid,Wheat,23.41,31.25,54.12,30.88,16.02,7.09,0.342,115.2,16.7,258.8,2961.43
AGR_Cen_2021_00946,Central_Zone,JH_Plateau,2021,Rabi,Cotton,21.95,33.82,171.67,49.43,13.45,6.14,0.594,164.7,21.4,171.3,2181.05
AGR_Cen_2021_00947,Central_Zone,UP_Bundelkhand,2021,Kharif,Rice,23.02,36.9,805.63,63.46,12.98,7.55,0.214,137.8,26.5,210.3,4058.54
AGR_Cen_2021_00948,Central_Zone,MP_Narmada,2021,Kharif,Maize,22.98,31.74,,81.78,10.03,5.46,0.655,186.2,27.6,233.4,4363.09
AGR_Cen_2020_00949,Central_Zone,CG_Plains,2020,Rabi,Pulses,19.9,29.72,233.4,56.47,13.02,6.63,0.537,183.6,22.3,207.1,1770.27
AGR_Cen_2022_00950,Central_Zone,JH_Plateau,2022,Zaid,Cotton,28.7,37.56,108.25,73.7,11.6,5.38,0.866,187.2,27.4,180.4,2328.19
AGR_Cen_2018_00951,Central_Zone,MP_Narmada,2018,Rabi,Wheat,19.12,31.19,174.51,56.16,11.39,6.84,0.826,209.2,28.4,183.4,4414.69
AGR_Cen_2021_00952,Central_Zone,CG_Plains,2021,Zaid,Maize,26.88,36.95,,70.26,11.1,6.26,0.38,166.1,14.0,247.5,3297.8
AGR_Cen_2022_00953,Central_Zone,JH_Plateau,2022,Zaid,Rice,26.23,33.57,50.37,59.98,11.81,6.6,0.842,154.9,27.7,223.0,4372.5
AGR_Cen_2021_00954,Central_Zone,CG_Plains,2021,Kharif,Soybean,23.63,36.07,808.21,72.71,13.71,5.2,0.659,185.7,12.7,216.7,3195.59
AGR_Cen_2020_00955,Central_Zone,JH_Plateau,2020,Kharif,Soybean,26.29,33.61,397.38,55.87,12.64,6.72,0.754,151.3,23.5,119.0,3393.7
AGR_Cen_2022_00956,Central_Zone,UP_Bundelkhand,2022,Kharif,Soybean,25.81,36.59,1050.01,94.31,10.0,6.95,1.043,208.2,20.1,165.2,3770.21
AGR_Cen_2022_00957,Central_Zone,MP_Narmada,2022,Kharif,Rice,23.84,35.33,1086.88,95.0,10.6,7.95,0.621,176.9,31.0,183.2,4991.43
AGR_Cen_2022_00958,Central_Zone,MP_Narmada,2022,Zaid,Maize,27.12,38.18,96.54,67.98,10.0,6.52,0.868,234.8,27.1,165.0,3733.47
AGR_Cen_2023_00959,Central_Zone,JH_Plateau,2023,Kharif,Wheat,22.73,33.82,948.48,94.3,10.0,6.79,0.2,196.1,25.3,177.9,4334.5
AGR_Cen_2023_00960,Central_Zone,CG_Plains,2023,Rabi,Cotton,17.81,27.62,188.31,65.63,10.81,6.55,0.723,145.9,25.5,223.3,2127.82
AGR_Cen_2019_00961,Central_Zone,JH_Plateau,2019,Kharif,Soybean,23.72,31.68,1313.15,84.99,10.41,6.98,0.642,147.4,19.1,205.7,3008.83
AGR_Cen_2018_00962,Central_Zone,JH_Plateau,2018,Kharif,Rice,24.1,31.51,1087.68,76.9,11.49,6.55,1.184,239.8,16.8,266.3,5996.23
AGR_Cen_2019_00963,Central_Zone,UP_Bundelkhand,2019,Zaid,Cotton,26.15,37.25,64.52,67.58,10.0,7.7,0.571,91.8,33.1,179.2,1991.05
AGR_Cen_2022_00964,Central_Zone,JH_Plateau,2022,Kharif,Rice,,37.26,672.58,,10.79,5.34,0.765,155.5,20.7,235.2,5133.12
AGR_Cen_2021_00965,Central_Zone,JH_Plateau,2021,Kharif,Cotton,23.84,31.37,1025.43,94.63,10.0,6.01,0.626,193.5,26.4,225.5,2942.96
AGR_Cen_2018_00966,Central_Zone,MP_Narmada,2018,Rabi,Cotton,22.26,30.43,178.53,50.0,12.75,5.77,1.105,202.7,28.5,287.8,2321.51
AGR_Cen_2023_00967,Central_Zone,JH_Plateau,2023,Kharif,Pulses,,31.64,1058.88,73.34,12.84,7.0,0.777,122.6,40.2,205.5,1957.95
AGR_Cen_2022_00968,Central_Zone,MP_Narmada,2022,Rabi,Wheat,18.32,,250.64,72.83,10.31,6.19,0.471,191.2,25.4,235.0,4016.68
AGR_Cen_2018_00969,Central_Zone,MP_Narmada,2018,Kharif,Rice,23.7,31.09,1228.02,71.77,10.0,7.09,0.581,207.3,17.6,240.5,5170.4
AGR_Cen_2022_00970,Central_Zone,CG_Plains,2022,Rabi,Rice,17.83,30.48,157.26,42.91,11.56,6.94,1.137,176.5,18.5,214.0,5020.4
AGR_Cen_2023_00971,Central_Zone,JH_Plateau,2023,Zaid,Pulses,27.46,36.44,73.7,51.32,11.62,6.44,0.454,175.8,21.3,171.2,1697.06
AGR_Cen_2018_00972,Central_Zone,UP_Bundelkhand,2018,Kharif,Wheat,23.7,34.4,1062.96,85.54,10.0,7.57,0.467,111.0,8.1,231.1,4102.24
AGR_Cen_2018_00973,Central_Zone,MP_Narmada,2018,Kharif,Pulses,23.16,30.65,816.66,92.32,10.0,6.13,0.702,240.4,23.6,291.2,2322.72
AGR_Cen_2018_00974,Central_Zone,CG_Plains,2018,Rabi,Pulses,20.44,32.43,132.25,60.74,11.82,7.02,0.389,214.6,26.9,179.9,1393.83
AGR_Cen_2022_00975,Central_Zone,UP_Bundelkhand,2022,Kharif,Rice,25.58,32.75,935.48,78.53,10.38,6.5,0.58,152.7,13.0,270.0,5029.31
AGR_Cen_2023_00976,Central_Zone,MP_Narmada,2023,Kharif,Soybean,24.58,36.26,508.63,66.16,12.05,6.0,0.631,174.4,32.5,207.8,3232.56
AGR_Cen_2021_00977,Central_Zone,JH_Plateau,2021,Kharif,Maize,24.32,37.14,764.02,65.04,13.75,7.82,0.453,250.3,29.9,182.1,4351.17
AGR_Cen_2023_00978,Central_Zone,UP_Bundelkhand,2023,Rabi,Rice,22.81,30.29,88.6,61.15,11.12,6.59,0.682,264.8,18.2,221.3,4986.73
AGR_Cen_2018_00979,Central_Zone,UP_Bundelkhand,2018,Rabi,Rice,,31.26,178.22,76.38,12.42,6.22,0.486,185.3,18.8,275.9,4413.29
AGR_Cen_2020_00980,Central_Zone,UP_Bundelkhand,2020,Rabi,Maize,18.21,31.04,174.45,63.76,12.32,6.74,0.494,183.0,15.5,247.1,3321.9
AGR_Cen_2023_00981,Central_Zone,UP_Bundelkhand,2023,Rabi,Pulses,21.92,31.09,146.39,63.28,13.75,7.2,0.667,238.7,18.0,224.6,1701.73
AGR_Cen_2023_00982,Central_Zone,CG_Plains,2023,Zaid,Rice,,37.49,61.2,46.79,14.67,6.95,0.796,194.3,21.5,177.7,4672.73
AGR_Cen_2022_00983,Central_Zone,MP_Narmada,2022,Rabi,Soybean,19.64,32.07,176.33,59.45,12.89,6.79,0.746,125.7,30.2,197.9,2353.43
AGR_Cen_2023_00984,Central_Zone,CG_Plains,2023,Kharif,Pulses,25.77,34.67,1117.5,82.44,10.05,7.58,1.046,125.6,24.9,237.3,2391.22
AGR_Cen_2019_00985,Central_Zone,JH_Plateau,2019,Kharif,Pulses,20.62,29.85,763.53,77.08,10.06,6.83,0.642,174.3,27.7,209.8,2066.31
AGR_Cen_2023_00986,Central_Zone,CG_Plains,2023,Kharif,Soybean,21.39,33.06,826.64,86.7,10.0,6.57,0.574,214.6,26.0,146.8,3193.32
AGR_Cen_2018_00987,Central_Zone,MP_Narmada,2018,Rabi,Cotton,18.98,29.11,226.07,30.26,15.01,7.25,1.01,192.4,20.9,230.7,2796.44
AGR_Cen_2021_00988,Central_Zone,CG_Plains,2021,Kharif,Pulses,23.0,31.72,1165.77,95.0,10.0,7.34,1.077,179.6,17.2,240.3,2536.2
AGR_Cen_2022_00989,Central_Zone,MP_Narmada,2022,Rabi,Wheat,20.61,,197.66,39.21,13.8,7.04,0.836,168.9,14.7,248.0,4252.63
AGR_Cen_2019_00990,Central_Zone,UP_Bundelkhand,2019,Rabi,Rice,17.96,,275.74,,10.0,7.33,0.539,175.0,24.7,151.8,4446.32
AGR_Cen_2021_00991,Central_Zone,JH_Plateau,2021,Rabi,Rice,18.18,32.07,212.9,72.19,12.02,7.1,0.674,177.1,24.5,198.2,4391.06
AGR_Cen_2020_00992,Central_Zone,MP_Narmada,2020,Zaid,Cotton,25.51,38.59,113.39,59.48,16.4,6.42,0.579,189.5,18.7,254.1,2213.11
AGR_Cen_2020_00993,Central_Zone,MP_Narmada,2020,Kharif,Rice,23.45,,,81.79,10.59,6.69,0.53,164.4,29.3,229.7,4740.5
AGR_Cen_2019_00994,Central_Zone,JH_Plateau,2019,Rabi,Wheat,19.89,28.83,191.07,50.81,13.33,7.24,0.742,187.1,26.0,242.0,4273.41
AGR_Cen_2020_00995,Central_Zone,UP_Bundelkhand,2020,Rabi,Pulses,20.64,27.84,205.16,41.84,16.23,6.59,0.472,208.2,16.2,187.4,1397.33
AGR_Cen_2020_00996,Central_Zone,JH_Plateau,2020,Kharif,Pulses,22.83,33.37,800.41,79.32,10.0,5.9,0.847,213.2,28.9,296.5,2057.12
AGR_Cen_2019_00997,Central_Zone,CG_Plains,2019,Kharif,Maize,23.96,37.75,1075.53,95.0,10.0,7.25,0.699,190.5,26.5,294.8,4255.61
AGR_Cen_2023_00998,Central_Zone,MP_Narmada,2023,Kharif,Cotton,22.97,36.37,970.26,95.0,10.0,6.6,0.376,163.1,28.2,204.9,2815.22
AGR_Cen_2021_00999,Central_Zone,MP_Narmada,2021,Zaid,Pulses,26.98,,110.21,,12.87,6.32,0.474,223.9,22.5,171.2,1378.83
AGR_Cen_2022_01000,Central_Zone,UP_Bundelkhand,2022,Rabi,Soybean,20.68,33.13,137.11,58.32,11.39,6.26,0.532,193.5,26.2,192.0,2591.49
AGR_Cen_2020_01001,Central_Zone,UP_Bundelkhand,2020,Kharif,Cotton,21.62,35.18,1206.49,77.99,10.0,6.34,0.596,214.9,21.0,267.7,3063.89
AGR_Cen_2021_01002,Central_Zone,UP_Bundelkhand,2021,Kharif,Wheat,24.22,37.95,,75.45,10.0,6.5,0.644,153.6,15.3,222.5,4792.26
AGR_Cen_2020_01003,Central_Zone,UP_Bundelkhand,2020,Kharif,Soybean,25.66,37.81,1006.19,80.02,10.53,6.95,0.74,108.7,18.9,240.4,3152.37
AGR_Cen_2021_01004,Central_Zone,JH_Plateau,2021,Kharif,Rice,,30.26,179.77,55.59,10.62,6.54,0.609,143.1,20.0,195.1,3966.32
AGR_Cen_2018_01005,Central_Zone,MP_Narmada,2018,Kharif,Soybean,24.19,38.07,885.99,70.53,11.25,5.4,0.592,211.7,18.0,194.2,3440.75
AGR_Cen_2023_01006,Central_Zone,JH_Plateau,2023,Rabi,Soybean,,29.61,179.58,37.01,17.52,6.89,0.786,179.9,28.1,219.0,2798.8
AGR_Cen_2018_01007,Central_Zone,MP_Narmada,2018,Rabi,Rice,20.21,28.18,235.0,58.15,11.54,6.01,0.765,178.3,22.7,227.5,5031.53
AGR_Cen_2020_01008,Central_Zone,MP_Narmada,2020,Zaid,Wheat,25.77,37.92,10.0,44.19,16.44,6.26,0.582,174.4,20.2,214.4,3658.23
AGR_Cen_2020_01009,Central_Zone,JH_Plateau,2020,Kharif,Wheat,22.11,34.81,850.37,93.85,10.0,7.85,0.574,160.8,22.9,132.5,4356.05
AGR_Cen_2020_01010,Central_Zone,UP_Bundelkhand,2020,Kharif,Wheat,23.81,31.99,705.35,81.79,10.0,6.19,0.692,228.6,10.9,169.8,4940.63
AGR_Cen_2023_01011,Central_Zone,CG_Plains,2023,Kharif,Soybean,22.79,34.28,833.4,77.57,10.0,7.41,0.449,180.6,25.6,206.4,3097.85
AGR_Cen_2023_01012,Central_Zone,MP_Narmada,2023,Kharif,Soybean,26.33,33.85,827.6,58.09,12.03,6.99,0.777,195.6,24.2,163.6,3405.83
AGR_Cen_2019_01013,Central_Zone,JH_Plateau,2019,Rabi,Maize,18.0,25.8,147.35,38.91,14.66,7.17,0.586,206.7,23.7,253.6,3343.59
AGR_Cen_2020_01014,Central_Zone,UP_Bundelkhand,2020,Zaid,Rice,26.5,34.09,92.32,39.06,18.92,6.72,0.451,162.2,24.7,244.9,4357.38
AGR_Cen_2022_01015,Central_Zone,UP_Bundelkhand,2022,Kharif,Soybean,24.07,37.27,1293.63,85.71,10.0,6.54,0.6,122.1,11.5,212.3,3218.79
AGR_Cen_2022_01016,Central_Zone,UP_Bundelkhand,2022,Kharif,Rice,21.25,33.57,987.0,,10.8,7.22,0.603,131.6,21.1,216.0,4808.83
AGR_Cen_2021_01017,Central_Zone,UP_Bundelkhand,2021,Rabi,Cotton,21.79,32.65,237.38,60.06,13.55,7.87,0.731,231.0,25.8,173.3,2568.83
AGR_Cen_2021_01018,Central_Zone,JH_Plateau,2021,Kharif,Wheat,21.87,35.67,1260.03,73.99,11.78,6.86,0.787,112.7,15.7,179.9,4275.56
AGR_Cen_2018_01019,Central_Zone,UP_Bundelkhand,2018,Rabi,Rice,19.38,29.58,48.66,63.2,11.86,6.68,0.655,205.3,15.5,224.6,4377.36
AGR_Cen_2020_01020,Central_Zone,CG_Plains,2020,Rabi,Maize,18.08,31.33,70.62,57.05,13.15,6.5,0.633,195.5,25.1,219.4,3075.02
AGR_Cen_2020_01021,Central_Zone,JH_Plateau,2020,Kharif,Maize,23.56,36.13,1065.0,95.0,10.0,7.52,0.51,181.1,16.1,303.4,4082.77
AGR_Cen_2021_01022,Central_Zone,JH_Plateau,2021,Rabi,Wheat,19.83,29.49,172.41,36.78,16.68,7.23,0.822,172.2,24.4,223.5,4102.11
AGR_Cen_2022_01023,Central_Zone,UP_Bundelkhand,2022,Kharif,Rice,26.03,37.55,1236.17,82.72,10.0,7.2,0.905,226.3,20.3,209.1,5800.11
AGR_Cen_2022_01024,Central_Zone,MP_Narmada,2022,Rabi,Soybean,21.01,31.47,229.06,63.67,11.0,6.92,0.578,129.2,17.8,176.1,2621.87
AGR_Cen_2020_01025,Central_Zone,CG_Plains,2020,Rabi,Wheat,18.61,29.5,85.9,53.14,12.8,7.6,0.904,202.5,32.1,282.6,4010.46
AGR_Cen_2023_01026,Central_Zone,UP_Bundelkhand,2023,Rabi,Wheat,19.18,31.17,232.4,56.59,13.92,6.94,0.238,151.3,22.4,206.9,3402.16
AGR_Cen_2021_01027,Central_Zone,MP_Narmada,2021,Rabi,Soybean,17.47,,52.42,,13.22,6.37,0.553,173.4,26.3,246.4,2021.35
AGR_Cen_2020_01028,Central_Zone,CG_Plains,2020,Zaid,Soybean,25.68,37.33,113.35,50.32,11.61,6.59,0.815,143.1,25.1,213.1,2046.52
AGR_Cen_2018_01029,Central_Zone,UP_Bundelkhand,2018,Rabi,Wheat,21.9,33.99,171.6,59.01,12.36,6.05,0.335,175.8,26.5,162.3,3669.42
AGR_Cen_2019_01030,Central_Zone,CG_Plains,2019,Rabi,Wheat,19.04,32.2,165.41,63.25,13.37,6.87,0.827,203.9,21.3,215.8,4032.23
AGR_Cen_2022_01031,Central_Zone,UP_Bundelkhand,2022,Rabi,Pulses,20.37,28.2,225.94,54.9,15.9,6.94,0.867,163.6,17.9,269.2,1880.36
AGR_Cen_2023_01032,Central_Zone,UP_Bundelkhand,2023,Kharif,Rice,21.99,29.17,,81.45,10.0,7.0,0.2,143.4,26.1,157.7,4485.26
AGR_Cen_2019_01033,Central_Zone,JH_Plateau,2019,Kharif,Rice,24.36,32.86,497.76,73.46,11.58,7.39,0.22,207.4,27.0,181.6,4937.57
AGR_Cen_2021_01034,Central_Zone,MP_Narmada,2021,Zaid,Cotton,25.75,35.19,80.21,60.94,13.1,6.41,0.704,166.9,25.3,240.5,2602.99
AGR_Cen_2021_01035,Central_Zone,UP_Bundelkhand,2021,Rabi,Wheat,22.38,30.14,189.4,60.2,11.48,6.95,0.676,216.5,29.9,248.4,4378.54
AGR_Cen_2021_01036,Central_Zone,JH_Plateau,2021,Kharif,Soybean,24.18,36.0,879.57,67.48,13.11,7.15,0.912,166.4,21.5,177.3,3471.68
AGR_Cen_2021_01037,Central_Zone,JH_Plateau,2021,Zaid,Rice,26.57,38.21,86.88,62.56,14.56,6.62,0.698,195.0,23.7,172.1,4588.52
AGR_Cen_2018_01038,Central_Zone,MP_Narmada,2018,Kharif,Rice,26.06,33.61,533.48,63.96,11.36,6.74,0.591,165.7,21.2,203.5,4981.69
AGR_Cen_2021_01039,Central_Zone,UP_Bundelkhand,2021,Rabi,Maize,19.72,32.15,265.41,58.8,14.84,5.96,0.651,243.1,22.4,222.0,3877.74
AGR_Cen_2019_01040,Central_Zone,UP_Bundelkhand,2019,Kharif,Wheat,22.67,31.23,581.59,73.54,10.74,6.95,0.634,165.3,8.0,235.8,4426.34
AGR_Cen_2023_01041,Central_Zone,MP_Narmada,2023,Rabi,Maize,18.81,32.75,120.09,47.86,15.57,6.38,0.596,229.7,27.1,258.7,3632.21
AGR_Cen_2021_01042,Central_Zone,MP_Narmada,2021,Kharif,Soybean,25.11,33.08,1347.51,95.0,10.08,7.28,0.359,272.4,20.6,224.5,3615.6
AGR_Cen_2019_01043,Central_Zone,UP_Bundelkhand,2019,Kharif,Rice,23.81,35.78,353.77,47.84,10.25,6.9,0.513,226.9,19.9,200.2,5202.66
AGR_Cen_2018_01044,Central_Zone,UP_Bundelkhand,2018,Rabi,Soybean,,27.73,310.05,65.29,10.0,7.97,0.639,145.6,16.3,159.8,2717.98
AGR_Cen_2020_01045,Central_Zone,MP_Narmada,2020,Kharif,Wheat,24.72,32.01,918.46,88.65,10.0,6.25,0.724,149.4,21.5,237.5,4762.87
AGR_Cen_2023_01046,Central_Zone,MP_Narmada,2023,Rabi,Soybean,18.59,28.6,123.62,66.31,11.71,6.84,0.21,126.9,23.9,219.9,2014.07
AGR_Cen_2020_01047,Central_Zone,UP_Bundelkhand,2020,Kharif,Soybean,25.94,37.3,1476.26,95.0,10.0,6.77,0.648,167.5,15.9,175.6,3013.71
AGR_Cen_2020_01048,Central_Zone,JH_Plateau,2020,Rabi,Cotton,18.39,25.88,,53.38,11.9,6.95,0.679,114.9,26.8,213.7,2183.86
AGR_Cen_2021_01049,Central_Zone,JH_Plateau,2021,Kharif,Cotton,24.57,32.87,955.2,74.13,10.14,6.44,0.798,152.9,14.2,149.1,2987.65
AGR_Cen_2021_01050,Central_Zone,MP_Narmada,2021,Rabi,Cotton,24.94,36.79,225.01,57.98,11.17,6.59,0.534,179.3,27.8,191.5,2535.07
AGR_Cen_2022_01051,Central_Zone,CG_Plains,2022,Kharif,Rice,22.09,32.64,802.68,75.15,10.0,6.11,0.758,179.6,19.6,245.2,5461.31
AGR_Cen_2020_01052,Central_Zone,JH_Plateau,2020,Rabi,Cotton,17.07,26.38,190.93,61.05,15.52,6.44,0.21,158.9,22.8,110.0,1725.42
AGR_Cen_2018_01053,Central_Zone,JH_Plateau,2018,Zaid,Maize,25.1,33.04,81.23,65.23,13.26,7.29,0.657,168.7,17.8,241.8,3651.68
AGR_Cen_2018_01054,Central_Zone,UP_Bundelkhand,2018,Kharif,Maize,24.99,36.92,1047.07,92.31,10.44,7.02,0.619,209.0,29.7,221.7,4369.19
AGR_Cen_2018_01055,Central_Zone,CG_Plains,2018,Rabi,Soybean,22.26,30.66,107.46,42.17,13.13,6.09,0.524,146.1,14.7,242.5,2376.76
AGR_Cen_2023_01056,Central_Zone,MP_Narmada,2023,Rabi,Pulses,20.99,28.01,115.4,60.27,10.59,7.89,0.432,135.6,18.3,284.0,1369.18
AGR_Cen_2021_01057,Central_Zone,UP_Bundelkhand,2021,Kharif,Pulses,21.43,29.63,704.15,84.74,10.0,6.62,0.394,244.3,19.7,159.3,2144.21
AGR_Cen_2018_01058,Central_Zone,JH_Plateau,2018,Kharif,Pulses,26.35,36.3,813.13,75.22,11.66,7.52,0.556,164.4,25.3,223.9,2048.27
AGR_Cen_2018_01059,Central_Zone,CG_Plains,2018,Rabi,Soybean,19.18,28.28,187.04,56.92,14.03,6.28,0.798,194.7,14.2,203.8,2630.68
AGR_Cen_2022_01060,Central_Zone,CG_Plains,2022,Zaid,Pulses,25.01,36.81,112.83,32.58,11.66,7.38,0.78,142.2,13.8,215.4,1490.65
AGR_Cen_2018_01061,Central_Zone,JH_Plateau,2018,Kharif,Rice,25.01,32.28,559.96,67.62,12.61,6.7,0.38,220.7,14.0,223.5,5182.04
AGR_Cen_2019_01062,Central_Zone,CG_Plains,2019,Kharif,Maize,24.56,32.41,10.0,50.72,13.44,6.81,0.579,195.1,17.0,252.5,3495.77
AGR_Cen_2022_01063,Central_Zone,UP_Bundelkhand,2022,Rabi,Soybean,19.42,30.85,131.05,68.0,10.66,5.95,0.742,152.9,15.7,328.0,2396.33
AGR_Cen_2023_01064,Central_Zone,MP_Narmada,2023,Kharif,Rice,25.36,33.26,990.3,83.02,10.0,6.23,0.576,202.6,20.5,226.6,5293.71
AGR_Cen_2021_01065,Central_Zone,CG_Plains,2021,Kharif,Maize,24.08,35.52,359.86,50.87,13.44,7.39,0.599,249.2,20.6,174.9,4615.18
AGR_Cen_2020_01066,Central_Zone,MP_Narmada,2020,Rabi,Rice,20.46,,202.94,54.58,15.93,6.41,0.919,209.6,23.9,205.1,4926.01
AGR_Cen_2022_01067,Central_Zone,MP_Narmada,2022,Rabi,Cotton,19.14,,227.87,68.18,10.18,7.49,0.505,208.0,32.3,216.8,2148.72
AGR_Cen_2018_01068,Central_Zone,UP_Bundelkhand,2018,Rabi,Cotton,20.67,31.53,132.93,58.65,10.37,6.14,0.54,180.5,27.6,251.4,2474.09
AGR_Cen_2023_01069,Central_Zone,CG_Plains,2023,Kharif,Wheat,23.33,33.77,908.88,86.63,10.03,7.34,0.556,181.3,20.3,234.9,4431.28
AGR_Cen_2021_01070,Central_Zone,UP_Bundelkhand,2021,Rabi,Cotton,20.76,32.62,282.25,,12.96,7.65,0.555,155.6,23.1,275.2,2502.29
AGR_Cen_2021_01071,Central_Zone,JH_Plateau,2021,Rabi,Pulses,19.02,31.24,215.96,60.82,13.82,6.2,0.55,183.3,26.1,145.4,1532.11
AGR_Cen_2022_01072,Central_Zone,CG_Plains,2022,Rabi,Rice,21.24,32.15,252.55,56.63,13.05,7.82,0.436,203.7,21.9,200.3,4631.13
AGR_Cen_2023_01073,Central_Zone,UP_Bundelkhand,2023,Kharif,Soybean,25.61,38.7,,,10.0,6.38,0.352,206.6,20.2,298.6,2989.49
AGR_Cen_2018_01074,Central_Zone,MP_Narmada,2018,Kharif,Rice,23.17,34.92,1422.99,95.0,10.0,5.86,0.36,101.1,14.5,187.6,4544.15
AGR_Cen_2020_01075,Central_Zone,UP_Bundelkhand,2020,Rabi,Pulses,22.02,33.99,173.69,55.36,12.24,7.33,0.353,189.3,15.2,180.0,1643.76
AGR_Cen_2019_01076,Central_Zone,CG_Plains,2019,Rabi,Wheat,21.48,30.88,246.84,51.06,11.82,6.19,0.593,154.1,25.7,126.4,3972.28
AGR_Cen_2023_01077,Central_Zone,UP_Bundelkhand,2023,Zaid,Pulses,,38.99,87.77,58.16,14.13,7.85,0.583,196.5,22.5,148.6,1510.72
AGR_Cen_2018_01078,Central_Zone,JH_Plateau,2018,Kharif,Soybean,21.68,29.69,578.02,70.96,12.82,6.6,0.367,170.3,18.7,180.2,2981.82
AGR_Cen_2023_01079,Central_Zone,JH_Plateau,2023,Kharif,Maize,26.35,35.63,,66.37,12.03,6.2,0.745,187.1,23.6,206.7,4476.72
AGR_Cen_2019_01080,Central_Zone,JH_Plateau,2019,Rabi,Soybean,19.28,,133.73,61.51,10.31,7.07,0.586,249.3,24.2,152.7,2557.96
AGR_Cen_2019_01081,Central_Zone,JH_Plateau,2019,Rabi,Soybean,17.6,25.56,155.06,57.78,10.0,7.59,0.543,142.2,29.1,110.0,2236.28
AGR_Cen_2020_01082,Central_Zone,CG_Plains,2020,Kharif,Soybean,27.08,39.13,1436.99,89.92,10.0,6.72,0.783,163.7,25.2,297.3,3303.6
AGR_Cen_2019_01083,Central_Zone,UP_Bundelkhand,2019,Zaid,Maize,27.07,40.58,110.57,51.56,13.35,7.4,0.644,210.0,26.0,131.3,3338.5
AGR_Cen_2018_01084,Central_Zone,CG_Plains,2018,Rabi,Wheat,20.97,32.47,117.59,53.61,17.51,6.89,0.647,179.6,27.3,198.4,3794.39
AGR_Cen_2023_01085,Central_Zone,MP_Narmada,2023,Zaid,Maize,26.41,39.6,80.09,48.73,11.83,7.5,0.52,164.3,29.9,271.9,3048.23
AGR_Cen_2019_01086,Central_Zone,JH_Plateau,2019,Rabi,Soybean,18.46,32.23,96.81,43.71,16.46,6.69,0.653,155.4,27.8,250.4,2286.41
AGR_Cen_2023_01087,Central_Zone,MP_Narmada,2023,Rabi,Cotton,20.38,31.81,196.39,54.91,14.53,6.39,0.692,178.6,17.2,232.9,2560.92
AGR_Cen_2019_01088,Central_Zone,MP_Narmada,2019,Kharif,Rice,22.42,33.19,1101.47,73.01,11.82,5.81,0.396,192.3,29.2,223.8,4956.3
AGR_Cen_2021_01089,Central_Zone,UP_Bundelkhand,2021,Rabi,Wheat,21.97,32.32,234.33,50.21,13.97,7.03,0.447,207.2,19.2,190.6,4198.81
AGR_Cen_2023_01090,Central_Zone,JH_Plateau,2023,Kharif,Maize,,,760.35,95.0,10.0,6.92,0.674,181.6,17.4,192.0,4309.51
AGR_Cen_2023_01091,Central_Zone,JH_Plateau,2023,Rabi,Rice,,32.3,249.21,51.61,13.17,6.49,0.956,163.3,24.8,140.8,5137.45
AGR_Cen_2022_01092,Central_Zone,MP_Narmada,2022,Zaid,Pulses,24.37,32.41,109.72,63.78,12.78,7.31,0.64,155.0,24.4,247.7,1334.73
AGR_Cen_2022_01093,Central_Zone,JH_Plateau,2022,Rabi,Cotton,20.09,31.39,135.71,48.03,11.62,6.01,0.866,202.8,14.3,193.8,2174.69
AGR_Cen_2023_01094,Central_Zone,CG_Plains,2023,Kharif,Soybean,22.62,35.77,998.29,,11.69,6.88,0.2,165.9,38.5,160.2,2737.74
AGR_Cen_2019_01095,Central_Zone,JH_Plateau,2019,Rabi,Wheat,22.17,35.91,254.72,51.84,14.76,7.48,0.264,138.3,12.6,160.9,3560.13
AGR_Cen_2023_01096,Central_Zone,UP_Bundelkhand,2023,Rabi,Wheat,19.73,31.5,117.8,37.51,16.12,5.95,0.612,192.8,27.7,212.4,3867.97
AGR_Cen_2021_01097,Central_Zone,JH_Plateau,2021,Rabi,Soybean,18.93,,189.56,48.98,13.04,6.73,0.531,186.5,20.0,126.0,2467.0
AGR_Cen_2023_01098,Central_Zone,MP_Narmada,2023,Rabi,Rice,21.43,32.21,47.74,42.0,13.77,6.21,0.386,209.8,19.6,195.0,4239.13
AGR_Cen_2019_01099,Central_Zone,UP_Bundelkhand,2019,Rabi,Wheat,20.16,33.32,159.41,51.75,15.88,6.76,0.573,186.2,19.1,190.9,3901.5
AGR_Cen_2019_01100,Central_Zone,JH_Plateau,2019,Kharif,Maize,24.74,35.33,1371.61,94.73,11.21,5.94,0.377,192.8,27.5,185.8,4176.96
AGR_Cen_2022_01101,Central_Zone,MP_Narmada,2022,Zaid,Pulses,24.55,32.56,133.72,52.18,17.13,7.02,0.686,228.6,40.4,230.4,1595.18
AGR_Cen_2019_01102,Central_Zone,JH_Plateau,2019,Kharif,Cotton,23.96,34.95,593.54,61.01,11.72,7.22,0.2,186.0,17.1,269.2,2911.05
AGR_Cen_2022_01103,Central_Zone,CG_Plains,2022,Zaid,Wheat,26.33,35.95,102.65,38.72,16.06,6.05,0.813,166.1,14.6,281.8,4062.57
AGR_Cen_2023_01104,Central_Zone,CG_Plains,2023,Rabi,Maize,20.85,31.43,211.49,36.31,16.75,7.56,0.672,150.6,18.0,263.9,3654.73
AGR_Cen_2020_01105,Central_Zone,CG_Plains,2020,Zaid,Soybean,28.15,39.19,88.04,,13.45,6.08,0.651,161.1,23.4,272.2,2375.28
AGR_Cen_2022_01106,Central_Zone,CG_Plains,2022,Kharif,Cotton,23.44,35.91,511.7,66.19,12.26,7.18,0.629,206.1,26.0,275.4,3138.74
AGR_Cen_2020_01107,Central_Zone,CG_Plains,2020,Rabi,Pulses,19.57,33.08,92.23,54.23,13.43,5.59,0.442,91.1,23.8,191.6,1211.01
AGR_Cen_2020_01108,Central_Zone,JH_Plateau,2020,Rabi,Cotton,18.36,28.27,213.11,57.43,10.0,7.82,0.492,186.8,30.0,247.3,2389.18
AGR_Cen_2022_01109,Central_Zone,MP_Narmada,2022,Kharif,Rice,23.06,34.64,,78.56,10.0,7.44,0.502,225.8,24.0,233.4,5726.24
AGR_Cen_2019_01110,Central_Zone,CG_Plains,2019,Kharif,Pulses,24.72,33.5,595.71,59.77,13.51,6.97,0.291,249.7,21.0,200.6,2463.47
AGR_Cen_2019_01111,Central_Zone,MP_Narmada,2019,Rabi,Cotton,19.48,32.06,295.29,57.37,12.46,6.61,0.657,220.6,19.6,198.9,2698.07
AGR_Cen_2020_01112,Central_Zone,UP_Bundelkhand,2020,Kharif,Wheat,24.84,37.51,966.07,,10.22,6.23,0.575,165.1,22.6,212.3,4625.2
AGR_Cen_2023_01113,Central_Zone,JH_Plateau,2023,Kharif,Pulses,24.16,32.63,824.34,91.5,10.0,7.62,1.024,211.0,18.6,193.1,2583.56
AGR_Cen_2022_01114,Central_Zone,UP_Bundelkhand,2022,Kharif,Soybean,24.66,37.82,,65.19,10.4,6.23,0.248,150.1,26.0,215.0,2615.0
AGR_Cen_2023_01115,Central_Zone,UP_Bundelkhand,2023,Kharif,Soybean,26.09,36.29,858.89,70.09,11.49,6.58,0.467,155.9,15.6,185.4,3041.39
AGR_Cen_2023_01116,Central_Zone,JH_Plateau,2023,Kharif,Maize,24.48,31.87,1095.78,95.0,10.0,7.59,0.746,161.7,10.0,163.0,4211.64
AGR_Cen_2023_01117,Central_Zone,MP_Narmada,2023,Kharif,Maize,23.66,31.9,902.53,74.37,12.29,6.3,0.721,151.0,21.4,255.7,3714.91
AGR_Cen_2020_01118,Central_Zone,JH_Plateau,2020,Rabi,Soybean,,30.21,88.39,49.6,11.71,6.25,0.66,191.2,9.0,261.9,2201.31
AGR_Cen_2021_01119,Central_Zone,UP_Bundelkhand,2021,Kharif,Rice,24.29,34.5,1094.19,87.04,10.84,6.97,0.862,249.3,31.6,237.4,5910.05
AGR_Cen_2021_01120,Central_Zone,MP_Narmada,2021,Rabi,Maize,19.72,33.59,179.35,78.87,10.62,6.69,0.759,122.9,27.3,256.1,3147.91
AGR_Cen_2018_01121,Central_Zone,UP_Bundelkhand,2018,Kharif,Wheat,22.99,33.36,790.74,72.21,11.0,7.5,0.478,164.3,29.8,301.7,4758.01
AGR_Cen_2022_01122,Central_Zone,MP_Narmada,2022,Rabi,Wheat,17.45,31.36,203.77,79.09,10.0,6.79,0.427,236.2,13.2,255.9,3976.0
AGR_Cen_2020_01123,Central_Zone,JH_Plateau,2020,Kharif,Cotton,23.17,,932.4,77.73,12.64,6.34,0.776,190.2,21.2,237.9,2879.57
AGR_Cen_2020_01124,Central_Zone,UP_Bundelkhand,2020,Kharif,Cotton,24.85,35.2,1094.18,95.0,10.0,6.7,0.471,207.6,22.7,189.1,3111.94
AGR_Cen_2020_01125,Central_Zone,CG_Plains,2020,Kharif,Maize,21.59,,1055.54,82.59,11.98,7.18,0.448,203.7,18.1,199.9,3992.03
AGR_Cen_2022_01126,Central_Zone,UP_Bundelkhand,2022,Zaid,Pulses,23.44,32.91,74.79,41.77,11.17,6.9,0.822,197.2,27.7,261.6,1626.02
AGR_Cen_2019_01127,Central_Zone,UP_Bundelkhand,2019,Rabi,Wheat,,30.9,167.24,57.23,13.47,6.8,0.632,192.3,20.3,226.8,4088.5
AGR_Cen_2019_01128,Central_Zone,JH_Plateau,2019,Kharif,Soybean,22.75,31.66,869.58,73.25,10.51,6.33,0.832,135.0,25.9,190.3,3262.94
AGR_Cen_2020_01129,Central_Zone,JH_Plateau,2020,Kharif,Rice,23.44,33.58,964.03,84.99,10.0,6.81,0.81,148.0,28.3,197.0,5140.93
AGR_Cen_2021_01130,Central_Zone,UP_Bundelkhand,2021,Zaid,Cotton,30.2,41.22,,53.69,13.66,6.09,0.925,205.4,25.3,173.1,2402.92
AGR_Cen_2019_01131,Central_Zone,MP_Narmada,2019,Rabi,Rice,22.34,33.18,134.73,39.25,13.71,6.74,0.511,177.9,25.7,190.9,4461.73
AGR_Cen_2018_01132,Central_Zone,UP_Bundelkhand,2018,Kharif,Cotton,25.02,34.93,686.4,68.16,10.0,6.77,0.775,184.9,14.7,164.9,3222.84
AGR_Cen_2022_01133,Central_Zone,UP_Bundelkhand,2022,Rabi,Rice,17.54,,147.51,34.01,12.64,6.6,0.333,126.9,20.4,218.7,3567.95
AGR_Cen_2019_01134,Central_Zone,MP_Narmada,2019,Rabi,Pulses,23.45,33.56,248.34,66.53,10.59,7.69,0.695,210.1,16.9,195.9,1867.15
AGR_Cen_2023_01135,Central_Zone,JH_Plateau,2023,Kharif,Soybean,21.86,,597.8,56.79,10.44,6.36,0.485,206.5,29.6,212.7,3071.78
AGR_Cen_2019_01136,Central_Zone,UP_Bundelkhand,2019,Rabi,Cotton,20.13,27.57,112.1,56.68,12.16,7.46,0.876,205.6,20.6,316.4,2120.19
AGR_Cen_2019_01137,Central_Zone,UP_Bundelkhand,2019,Rabi,Wheat,19.56,28.54,231.09,71.78,12.72,6.27,0.922,182.5,24.3,236.1,4170.46
AGR_Cen_2023_01138,Central_Zone,CG_Plains,2023,Rabi,Rice,19.48,30.28,177.42,49.67,10.92,6.58,0.666,112.0,18.1,199.3,4135.69
AGR_Cen_2023_01139,Central_Zone,JH_Plateau,2023,Kharif,Rice,23.54,36.79,972.17,95.0,11.9,5.84,0.322,180.4,20.3,243.8,4543.91
AGR_Cen_2022_01140,Central_Zone,CG_Plains,2022,Kharif,Wheat,24.4,38.38,1528.94,95.0,10.0,8.38,0.71,170.8,25.8,141.2,4602.55
AGR_Cen_2023_01141,Central_Zone,MP_Narmada,2023,Rabi,Soybean,23.3,35.59,171.81,44.38,16.02,6.33,0.582,208.2,22.9,271.0,2327.87
AGR_Cen_2022_01142,Central_Zone,JH_Plateau,2022,Rabi,Rice,22.2,34.08,107.96,71.45,12.69,7.43,0.775,149.5,21.8,161.5,4353.35
AGR_Cen_2022_01143,Central_Zone,CG_Plains,2022,Rabi,Cotton,20.8,28.68,143.62,62.01,13.21,6.02,0.556,184.9,21.2,220.2,2084.85
AGR_Cen_2018_01144,Central_Zone,MP_Narmada,2018,Rabi,Wheat,20.67,29.95,161.07,58.89,10.0,7.7,0.611,205.6,20.0,200.0,4271.56
AGR_Cen_2020_01145,Central_Zone,JH_Plateau,2020,Rabi,Maize,21.14,32.04,222.85,49.72,11.93,7.17,0.537,213.2,24.5,253.7,3812.16
AGR_Cen_2023_01146,Central_Zone,UP_Bundelkhand,2023,Kharif,Soybean,23.53,,670.45,77.05,10.06,7.65,0.494,207.8,27.3,220.4,3160.25
AGR_Cen_2023_01147,Central_Zone,JH_Plateau,2023,Rabi,Soybean,21.64,33.93,257.13,51.93,11.09,6.75,0.721,168.8,21.8,158.9,3079.06
AGR_Cen_2021_01148,Central_Zone,MP_Narmada,2021,Kharif,Soybean,24.52,37.01,928.44,95.0,10.0,6.09,0.864,212.3,14.2,236.0,3615.97
AGR_Cen_2022_01149,Central_Zone,MP_Narmada,2022,Zaid,Pulses,23.99,34.37,103.8,42.72,14.63,6.97,0.726,150.2,18.9,153.0,1381.85
AGR_Cen_2022_01150,Central_Zone,UP_Bundelkhand,2022,Rabi,Maize,22.04,33.18,176.97,64.92,10.0,7.24,0.685,145.7,14.5,255.6,3329.81
AGR_Cen_2021_01151,Central_Zone,JH_Plateau,2021,Rabi,Maize,20.14,28.51,276.12,42.36,13.58,6.33,0.587,155.8,23.7,217.5,3675.75
AGR_Cen_2020_01152,Central_Zone,CG_Plains,2020,Rabi,Rice,18.48,26.49,234.01,45.0,12.82,6.3,0.572,164.8,24.8,223.9,4436.55
AGR_Cen_2023_01153,Central_Zone,CG_Plains,2023,Kharif,Rice,24.12,32.88,612.74,65.08,11.44,7.03,0.697,195.9,25.5,168.7,5392.22
AGR_Cen_2022_01154,Central_Zone,CG_Plains,2022,Kharif,Cotton,22.08,30.66,993.91,95.0,10.0,6.2,0.623,176.5,21.5,232.5,2860.21
AGR_Cen_2019_01155,Central_Zone,MP_Narmada,2019,Kharif,Soybean,24.51,,576.23,76.23,10.0,6.08,0.431,210.6,13.9,174.0,3190.02
AGR_Cen_2019_01156,Central_Zone,MP_Narmada,2019,Kharif,Rice,23.66,30.87,874.12,88.82,10.0,6.85,0.675,202.7,35.2,166.1,5151.41
AGR_Cen_2022_01157,Central_Zone,MP_Narmada,2022,Kharif,Wheat,22.27,31.63,747.39,76.08,10.0,7.0,0.396,168.9,28.7,225.4,4549.79
AGR_Cen_2023_01158,Central_Zone,UP_Bundelkhand,2023,Kharif,Maize,23.93,33.53,863.99,82.36,10.07,7.56,0.487,162.8,14.2,177.6,3810.85
AGR_Cen_2019_01159,Central_Zone,MP_Narmada,2019,Kharif,Wheat,24.06,36.57,854.52,94.03,10.43,6.71,0.53,126.7,22.0,266.8,4061.06
AGR_Cen_2021_01160,Central_Zone,UP_Bundelkhand,2021,Zaid,Wheat,27.2,34.8,,56.24,12.63,6.59,0.565,188.2,24.0,261.8,3816.68
AGR_Cen_2022_01161,Central_Zone,MP_Narmada,2022,Rabi,Soybean,17.38,31.06,132.62,49.21,10.59,7.87,0.561,118.4,8.0,199.3,2234.94
AGR_Cen_2018_01162,Central_Zone,UP_Bundelkhand,2018,Kharif,Maize,24.04,36.88,790.41,,12.02,6.64,0.28,182.1,29.3,201.4,3943.84
AGR_Cen_2018_01163,Central_Zone,UP_Bundelkhand,2018,Kharif,Soybean,22.37,35.1,866.7,87.58,10.11,7.52,0.681,150.6,31.7,212.1,3155.93
AGR_Cen_2021_01164,Central_Zone,MP_Narmada,2021,Rabi,Maize,21.71,29.55,196.3,50.34,14.13,6.88,0.452,145.0,25.4,186.5,3389.75
AGR_Cen_2018_01165,Central_Zone,UP_Bundelkhand,2018,Kharif,Wheat,23.77,32.75,1516.46,95.0,10.0,5.9,0.223,154.9,18.0,190.6,4106.65
AGR_Cen_2019_01166,Central_Zone,CG_Plains,2019,Rabi,Rice,19.0,27.63,132.82,70.0,12.02,6.43,0.486,167.4,25.1,200.0,3857.94
AGR_Cen_2021_01167,Central_Zone,JH_Plateau,2021,Kharif,Wheat,25.84,37.71,433.12,65.51,15.55,6.37,0.476,170.5,10.4,221.2,4517.57
AGR_Cen_2023_01168,Central_Zone,JH_Plateau,2023,Rabi,Cotton,20.79,31.15,142.17,50.93,12.33,6.1,0.498,178.6,29.2,224.4,2274.74
AGR_Cen_2019_01169,Central_Zone,UP_Bundelkhand,2019,Kharif,Rice,25.81,36.62,1172.65,87.05,10.86,6.17,0.383,134.5,26.6,277.0,4782.47
AGR_Cen_2020_01170,Central_Zone,JH_Plateau,2020,Zaid,Cotton,25.67,33.59,110.56,70.25,10.0,7.3,0.564,206.3,21.5,139.7,2606.98
AGR_Cen_2023_01171,Central_Zone,UP_Bundelkhand,2023,Rabi,Soybean,19.77,30.53,205.49,66.93,14.06,6.24,0.2,162.6,21.2,173.1,2121.58
AGR_Cen_2019_01172,Central_Zone,CG_Plains,2019,Kharif,Cotton,19.87,32.74,1308.16,95.0,10.0,7.36,0.95,234.0,14.1,216.6,3584.56
AGR_Cen_2023_01173,Central_Zone,UP_Bundelkhand,2023,Kharif,Pulses,,37.6,683.7,77.36,10.0,7.25,0.688,142.7,22.5,110.0,2137.97
AGR_Cen_2021_01174,Central_Zone,MP_Narmada,2021,Rabi,Rice,19.73,33.06,122.42,52.84,12.9,6.43,0.587,107.0,16.3,248.5,3884.88
AGR_Cen_2018_01175,Central_Zone,CG_Plains,2018,Kharif,Maize,22.03,29.24,,80.8,12.51,6.65,0.2,164.9,26.2,258.0,3614.48
AGR_Cen_2019_01176,Central_Zone,UP_Bundelkhand,2019,Kharif,Maize,22.74,35.58,979.47,83.98,10.0,6.84,0.93,118.7,19.8,228.0,4064.61
AGR_Cen_2018_01177,Central_Zone,JH_Plateau,2018,Rabi,Pulses,,25.0,207.41,48.82,12.13,6.91,0.448,175.8,21.9,156.6,1339.88
AGR_Cen_2020_01178,Central_Zone,JH_Plateau,2020,Kharif,Rice,26.21,34.09,1442.84,95.0,10.0,6.89,0.342,187.3,20.4,110.1,5056.41
AGR_Cen_2020_01179,Central_Zone,UP_Bundelkhand,2020,Kharif,Soybean,21.91,30.28,1026.18,95.0,10.0,7.18,0.446,137.4,18.2,263.6,3138.43
AGR_Cen_2019_01180,Central_Zone,MP_Narmada,2019,Rabi,Maize,22.83,30.01,171.3,58.1,12.65,7.96,0.403,201.8,26.0,252.0,3332.86
AGR_Cen_2018_01181,Central_Zone,MP_Narmada,2018,Kharif,Cotton,24.19,34.64,182.81,49.08,12.61,6.73,1.086,188.8,23.1,237.6,2915.56
AGR_Cen_2023_01182,Central_Zone,JH_Plateau,2023,Rabi,Soybean,21.81,34.71,198.79,47.62,13.88,6.63,0.705,197.1,26.2,195.5,2916.0
AGR_Cen_2019_01183,Central_Zone,JH_Plateau,2019,Kharif,Pulses,26.22,,749.01,83.26,12.07,7.46,0.77,223.5,19.2,218.4,2471.9
AGR_Cen_2020_01184,Central_Zone,MP_Narmada,2020,Rabi,Pulses,20.45,31.58,208.19,46.49,11.53,6.16,0.536,184.8,18.4,247.5,1576.43
AGR_Cen_2018_01185,Central_Zone,JH_Plateau,2018,Kharif,Pulses,22.3,29.74,1081.27,95.0,10.49,7.7,0.436,203.2,22.6,229.6,2126.04
AGR_Cen_2019_01186,Central_Zone,CG_Plains,2019,Kharif,Maize,23.18,32.64,1402.56,95.0,10.0,7.18,0.399,172.6,15.0,206.0,4110.92
AGR_Cen_2023_01187,Central_Zone,UP_Bundelkhand,2023,Kharif,Maize,23.6,33.61,,89.01,10.1,7.12,0.498,149.2,23.3,277.7,3826.2
AGR_Cen_2020_01188,Central_Zone,MP_Narmada,2020,Rabi,Cotton,19.11,29.62,195.63,51.72,14.22,6.67,0.559,167.1,21.2,260.8,2241.2
AGR_Cen_2019_01189,Central_Zone,CG_Plains,2019,Rabi,Pulses,,31.97,,45.38,11.0,5.71,0.319,223.4,18.6,217.0,1783.53
AGR_Cen_2018_01190,Central_Zone,UP_Bundelkhand,2018,Rabi,Maize,19.3,27.25,205.11,64.28,14.06,7.2,0.487,192.1,29.9,159.0,3077.03
AGR_Cen_2023_01191,Central_Zone,CG_Plains,2023,Kharif,Pulses,,35.67,935.99,81.09,11.41,7.18,0.697,136.5,19.6,123.7,2297.11
AGR_Cen_2020_01192,Central_Zone,MP_Narmada,2020,Kharif,Cotton,23.31,32.89,1063.39,89.9,10.0,6.43,0.68,171.8,26.9,209.5,2958.74
AGR_Cen_2023_01193,Central_Zone,MP_Narmada,2023,Rabi,Wheat,20.45,31.23,206.49,51.07,16.58,5.62,0.559,170.0,18.2,314.3,4102.58
AGR_Cen_2020_01194,Central_Zone,MP_Narmada,2020,Rabi,Wheat,20.02,27.07,215.88,55.94,13.38,6.96,0.604,147.7,22.6,244.3,3785.61
AGR_Cen_2020_01195,Central_Zone,UP_Bundelkhand,2020,Kharif,Rice,22.92,32.18,1125.01,95.0,10.0,7.13,0.66,142.9,18.8,185.6,4856.38
AGR_Cen_2018_01196,Central_Zone,UP_Bundelkhand,2018,Zaid,Pulses,,40.53,57.1,64.83,12.34,7.38,0.899,181.7,21.5,188.2,1124.8
AGR_Cen_2020_01197,Central_Zone,MP_Narmada,2020,Zaid,Maize,26.77,40.55,89.54,55.3,11.38,7.03,0.471,191.3,16.8,210.8,3231.13
AGR_Cen_2019_01198,Central_Zone,MP_Narmada,2019,Kharif,Rice,24.99,34.57,835.54,77.9,13.35,6.29,0.68,189.4,25.1,197.3,5555.69
AGR_Cen_2023_01199,Central_Zone,UP_Bundelkhand,2023,Kharif,Maize,24.39,36.43,806.27,67.11,13.26,6.3,0.4,135.9,13.3,132.2,3907.17
AGR_Cen_2021_01200,Central_Zone,JH_Plateau,2021,Kharif,Soybean,23.75,36.36,684.13,71.66,10.0,7.43,0.73,223.1,29.7,216.7,3342.1
AGR_Cen_2019_01201,Central_Zone,UP_Bundelkhand,2019,Rabi,Pulses,20.06,33.81,199.07,75.52,10.0,6.48,0.701,168.4,23.3,227.3,1785.96
AGR_Cen_2018_01202,Central_Zone,CG_Plains,2018,Kharif,Cotton,23.19,31.9,1191.07,95.0,10.0,6.9,0.562,205.2,24.6,214.8,3026.28
AGR_Cen_2021_01203,Central_Zone,CG_Plains,2021,Rabi,Wheat,18.38,25.38,213.52,67.28,11.59,7.17,0.715,141.6,31.2,185.4,3651.97
AGR_Cen_2021_01204,Central_Zone,UP_Bundelkhand,2021,Kharif,Pulses,23.8,31.8,515.51,59.39,14.65,6.68,0.473,181.2,29.7,139.8,2374.68
AGR_Cen_2023_01205,Central_Zone,UP_Bundelkhand,2023,Kharif,Cotton,23.82,36.1,1242.75,95.0,10.0,6.88,0.78,173.9,23.3,222.1,3189.21
AGR_Cen_2020_01206,Central_Zone,UP_Bundelkhand,2020,Kharif,Wheat,20.64,27.69,1172.49,79.74,10.71,7.14,0.782,136.2,21.9,168.6,4397.61
AGR_Cen_2018_01207,Central_Zone,JH_Plateau,2018,Zaid,Soybean,25.8,38.96,,56.11,15.1,6.6,0.858,250.5,15.2,181.1,2972.06
AGR_Cen_2019_01208,Central_Zone,CG_Plains,2019,Rabi,Maize,20.13,28.9,175.99,56.83,11.55,6.88,0.697,229.6,22.1,141.1,3613.75
AGR_Cen_2023_01209,Central_Zone,MP_Narmada,2023,Rabi,Soybean,18.54,,121.96,69.77,10.61,6.76,0.645,219.0,16.5,201.0,2567.1
AGR_Cen_2021_01210,Central_Zone,UP_Bundelkhand,2021,Zaid,Pulses,26.19,,117.85,50.34,13.02,5.5,0.662,216.0,24.2,150.5,1911.77
AGR_Cen_2021_01211,Central_Zone,MP_Narmada,2021,Rabi,Pulses,19.22,30.86,136.8,71.42,12.63,7.36,0.528,210.0,22.4,304.6,1520.82
AGR_Cen_2023_01212,Central_Zone,UP_Bundelkhand,2023,Kharif,Wheat,22.28,32.89,1043.95,95.0,10.06,6.94,0.777,138.3,34.1,311.6,4707.77
AGR_Cen_2018_01213,Central_Zone,UP_Bundelkhand,2018,Rabi,Soybean,22.34,33.47,200.84,53.75,12.02,6.59,0.671,207.3,33.4,230.8,2845.39
AGR_Cen_2022_01214,Central_Zone,MP_Narmada,2022,Kharif,Rice,26.41,34.28,698.06,93.93,10.0,6.73,0.607,206.6,21.8,183.7,5286.61
AGR_Cen_2021_01215,Central_Zone,JH_Plateau,2021,Rabi,Wheat,19.91,28.08,204.7,56.33,15.06,6.4,0.692,201.6,19.7,155.1,4118.26
AGR_Cen_2019_01216,Central_Zone,UP_Bundelkhand,2019,Kharif,Pulses,25.98,38.54,906.35,95.0,10.0,6.57,0.674,118.5,21.7,276.9,2225.95
AGR_Cen_2021_01217,Central_Zone,UP_Bundelkhand,2021,Rabi,Rice,20.7,30.16,179.28,67.58,10.0,6.43,0.666,169.6,19.7,214.2,4423.76
AGR_Cen_2023_01218,Central_Zone,CG_Plains,2023,Kharif,Cotton,26.91,38.33,1085.15,95.0,10.0,5.51,0.875,183.7,9.8,265.2,2907.92
AGR_Cen_2019_01219,Central_Zone,CG_Plains,2019,Zaid,Pulses,29.69,40.53,99.8,48.22,13.8,5.51,0.336,223.6,19.9,187.8,1023.89
AGR_Cen_2019_01220,Central_Zone,CG_Plains,2019,Rabi,Pulses,21.34,28.57,156.06,50.09,10.57,7.09,0.584,135.5,23.1,268.1,1526.15
AGR_Cen_2018_01221,Central_Zone,MP_Narmada,2018,Rabi,Maize,20.83,27.89,148.46,56.02,13.23,6.38,0.501,187.3,28.7,216.7,3428.13
AGR_Cen_2018_01222,Central_Zone,JH_Plateau,2018,Kharif,Cotton,21.08,31.83,857.97,92.4,10.0,7.18,0.462,191.0,14.0,182.8,2688.36
AGR_Cen_2019_01223,Central_Zone,MP_Narmada,2019,Kharif,Pulses,23.45,33.66,1106.92,83.39,12.97,6.19,0.313,207.1,23.4,160.4,2272.08
AGR_Cen_2022_01224,Central_Zone,UP_Bundelkhand,2022,Zaid,Rice,29.59,39.62,104.12,53.51,15.2,6.9,0.685,151.2,17.8,213.7,4657.04
AGR_Cen_2021_01225,Central_Zone,JH_Plateau,2021,Kharif,Pulses,24.08,31.76,929.63,77.24,13.23,7.25,0.752,160.6,13.9,110.0,2142.87
AGR_Cen_2020_01226,Central_Zone,CG_Plains,2020,Zaid,Wheat,25.92,38.2,59.49,70.14,12.77,7.37,0.408,102.6,28.2,191.8,3066.33
AGR_Cen_2022_01227,Central_Zone,UP_Bundelkhand,2022,Kharif,Rice,25.9,36.1,699.99,82.79,10.0,7.35,0.527,167.0,24.7,188.4,4638.55
AGR_Cen_2021_01228,Central_Zone,UP_Bundelkhand,2021,Kharif,Wheat,23.11,31.9,523.39,64.42,10.23,5.91,0.677,167.3,30.7,232.1,4794.86
AGR_Cen_2022_01229,Central_Zone,JH_Plateau,2022,Kharif,Wheat,21.82,32.1,1185.63,94.08,10.0,6.82,0.706,220.0,23.1,245.6,4795.7
AGR_Cen_2022_01230,Central_Zone,MP_Narmada,2022,Rabi,Pulses,18.96,32.76,155.96,55.22,10.95,7.06,0.641,215.7,19.2,190.3,1286.86
AGR_Cen_2020_01231,Central_Zone,JH_Plateau,2020,Kharif,Rice,24.6,32.47,1003.93,88.81,10.94,6.63,0.53,166.5,24.4,162.3,5015.39
AGR_Cen_2023_01232,Central_Zone,UP_Bundelkhand,2023,Kharif,Pulses,24.88,36.79,1083.39,76.18,10.12,6.63,0.818,146.8,20.6,239.5,2248.19
AGR_Cen_2021_01233,Central_Zone,MP_Narmada,2021,Kharif,Soybean,,33.19,959.59,93.8,10.0,6.91,0.534,129.3,17.7,174.8,2969.22
AGR_Cen_2019_01234,Central_Zone,JH_Plateau,2019,Rabi,Rice,20.23,31.0,268.48,66.5,13.85,5.29,0.56,228.6,13.7,137.1,5191.58
AGR_Cen_2021_01235,Central_Zone,CG_Plains,2021,Kharif,Soybean,22.46,36.23,987.09,82.31,11.75,7.26,0.564,191.2,29.4,275.0,3390.17
AGR_Cen_2021_01236,Central_Zone,MP_Narmada,2021,Kharif,Cotton,20.62,34.2,1054.44,80.61,10.0,6.85,0.691,201.5,36.2,227.3,3146.11
AGR_Cen_2023_01237,Central_Zone,CG_Plains,2023,Rabi,Wheat,19.6,,147.14,36.75,12.6,6.98,0.553,125.3,23.1,123.8,3449.22
AGR_Cen_2023_01238,Central_Zone,JH_Plateau,2023,Kharif,Maize,24.74,38.05,774.68,,10.0,6.7,0.371,204.3,14.5,345.1,3763.31
AGR_Cen_2018_01239,Central_Zone,JH_Plateau,2018,Zaid,Cotton,25.51,38.93,118.86,59.73,13.39,6.61,0.862,147.2,9.2,166.5,2339.05
AGR_Cen_2022_01240,Central_Zone,JH_Plateau,2022,Kharif,Cotton,23.5,,1008.61,80.39,10.06,6.91,0.538,277.4,22.7,263.0,3372.21
AGR_Cen_2023_01241,Central_Zone,MP_Narmada,2023,Kharif,Soybean,20.49,34.15,780.88,63.65,10.0,7.13,0.737,180.9,26.8,177.2,3322.33
AGR_Cen_2018_01242,Central_Zone,CG_Plains,2018,Rabi,Pulses,22.39,33.49,218.62,49.02,14.27,7.01,0.595,221.4,15.9,191.0,1775.73
AGR_Cen_2023_01243,Central_Zone,MP_Narmada,2023,Kharif,Cotton,25.81,38.49,823.52,,11.96,5.7,0.616,199.7,27.8,187.4,3011.7
AGR_Cen_2020_01244,Central_Zone,CG_Plains,2020,Kharif,Soybean,,37.22,821.68,83.24,13.85,7.27,0.836,226.6,24.5,172.6,3649.39
AGR_Cen_2023_01245,Central_Zone,UP_Bundelkhand,2023,Kharif,Maize,24.89,33.98,477.57,70.12,10.95,6.37,0.45,111.8,25.5,227.6,3450.5
AGR_Cen_2021_01246,Central_Zone,UP_Bundelkhand,2021,Kharif,Pulses,20.54,28.88,1112.36,95.0,11.0,6.99,0.318,233.1,17.9,307.9,2190.2
AGR_Cen_2022_01247,Central_Zone,UP_Bundelkhand,2022,Rabi,Maize,18.17,26.0,127.61,56.05,13.96,6.42,0.546,233.9,22.0,143.4,3479.16
AGR_Cen_2021_01248,Central_Zone,UP_Bundelkhand,2021,Kharif,Rice,21.64,30.67,923.44,66.75,12.56,6.71,0.605,176.6,18.8,185.2,4996.45
AGR_Cen_2023_01249,Central_Zone,MP_Narmada,2023,Zaid,Pulses,26.22,38.57,128.25,54.35,10.0,7.08,0.2,153.8,23.0,196.7,1186.22
AGR_Cen_2020_01250,Central_Zone,JH_Plateau,2020,Kharif,Wheat,25.33,36.99,581.75,60.49,10.93,6.05,0.764,95.5,15.0,204.0,4164.45
AGR_Cen_2023_01251,Central_Zone,UP_Bundelkhand,2023,Kharif,Pulses,26.76,37.55,841.49,86.03,10.0,6.48,0.738,231.6,21.1,241.6,2394.7
AGR_Cen_2021_01252,Central_Zone,JH_Plateau,2021,Kharif,Rice,25.3,33.89,970.74,90.21,10.0,8.27,0.574,158.9,22.5,225.6,4701.5
AGR_Cen_2021_01253,Central_Zone,CG_Plains,2021,Rabi,Rice,18.86,26.26,195.72,54.03,13.93,6.71,0.524,180.9,18.7,186.1,4159.11
AGR_Cen_2018_01254,Central_Zone,JH_Plateau,2018,Rabi,Cotton,21.85,35.08,44.08,59.74,10.37,6.52,0.774,265.4,20.8,249.4,2252.65
AGR_Cen_2018_01255,Central_Zone,JH_Plateau,2018,Kharif,Maize,22.81,31.21,,78.31,10.79,8.22,0.638,110.0,20.0,219.8,3575.31
AGR_Cen_2020_01256,Central_Zone,JH_Plateau,2020,Kharif,Wheat,21.11,29.07,910.55,62.12,12.89,7.38,0.326,131.7,25.3,227.7,3851.82
AGR_Cen_2023_01257,Central_Zone,CG_Plains,2023,Rabi,Wheat,20.25,30.3,170.79,50.66,13.5,8.02,0.603,210.3,23.5,247.1,4112.89
AGR_Cen_2022_01258,Central_Zone,UP_Bundelkhand,2022,Kharif,Cotton,23.78,31.87,1066.48,86.86,12.38,7.15,0.447,208.1,32.7,223.7,3025.06
AGR_Cen_2018_01259,Central_Zone,CG_Plains,2018,Kharif,Soybean,23.36,33.14,1297.67,95.0,10.0,7.57,0.584,132.0,19.0,190.1,3207.69
AGR_Cen_2020_01260,Central_Zone,MP_Narmada,2020,Kharif,Wheat,23.81,32.1,633.81,61.36,13.99,6.85,0.215,211.4,20.8,236.5,4484.19
AGR_Cen_2022_01261,Central_Zone,CG_Plains,2022,Kharif,Maize,25.01,33.36,338.45,70.01,11.91,7.16,0.612,214.2,22.4,232.1,4179.76
AGR_Cen_2023_01262,Central_Zone,UP_Bundelkhand,2023,Rabi,Cotton,19.65,32.54,113.21,49.85,10.24,6.44,0.59,176.4,27.3,222.9,2008.41
AGR_Cen_2020_01263,Central_Zone,UP_Bundelkhand,2020,Zaid,Cotton,27.45,41.29,60.42,60.32,14.01,7.7,0.515,141.5,23.3,328.3,1721.51
AGR_Cen_2023_01264,Central_Zone,MP_Narmada,2023,Rabi,Wheat,18.2,26.07,175.8,48.33,13.37,5.92,0.803,163.1,27.8,164.5,3548.81
AGR_Cen_2020_01265,Central_Zone,JH_Plateau,2020,Rabi,Maize,18.78,31.88,99.61,49.52,13.59,6.91,0.752,162.8,21.7,110.0,3080.8
AGR_Cen_2023_01266,Central_Zone,JH_Plateau,2023,Kharif,Rice,22.76,35.57,872.41,86.93,10.0,6.82,0.2,166.5,20.4,202.9,4576.75
AGR_Cen_2020_01267,Central_Zone,UP_Bundelkhand,2020,Kharif,Maize,23.27,,1078.59,79.86,10.28,6.85,0.793,191.0,16.3,227.0,4483.89
AGR_Cen_2020_01268,Central_Zone,JH_Plateau,2020,Kharif,Rice,25.28,38.21,1122.58,95.0,10.0,7.22,0.652,192.1,24.5,231.9,5260.48
AGR_Cen_2021_01269,Central_Zone,MP_Narmada,2021,Kharif,Maize,25.35,37.88,1060.45,95.0,10.0,6.16,0.742,153.0,34.0,277.6,4064.49
AGR_Cen_2018_01270,Central_Zone,MP_Narmada,2018,Kharif,Rice,20.49,32.46,791.11,75.02,11.03,6.29,0.836,90.0,31.8,110.0,5042.08
AGR_Cen_2021_01271,Central_Zone,JH_Plateau,2021,Zaid,Pulses,25.82,39.52,141.54,44.82,16.35,6.37,0.412,191.8,27.2,165.8,1631.46
AGR_Cen_2019_01272,Central_Zone,UP_Bundelkhand,2019,Kharif,Maize,26.22,35.36,728.92,67.55,11.5,7.21,0.542,182.8,19.8,279.5,4283.12
AGR_Cen_2018_01273,Central_Zone,CG_Plains,2018,Kharif,Soybean,22.93,35.65,565.48,66.13,11.44,6.33,0.435,134.8,31.7,191.2,3017.79
AGR_Cen_2023_01274,Central_Zone,CG_Plains,2023,Rabi,Soybean,19.31,28.83,73.63,45.7,14.3,7.32,0.872,194.3,19.7,231.3,2636.24
AGR_Cen_2022_01275,Central_Zone,CG_Plains,2022,Rabi,Maize,19.17,29.92,166.72,79.59,12.07,7.23,0.684,160.8,29.2,180.2,3657.11
AGR_Cen_2019_01276,Central_Zone,MP_Narmada,2019,Zaid,Rice,26.12,35.01,107.0,58.44,11.69,6.24,0.496,139.7,19.8,272.3,4126.53
AGR_Cen_2021_01277,Central_Zone,CG_Plains,2021,Kharif,Wheat,25.4,39.21,163.65,53.81,12.83,6.21,0.683,160.9,27.1,214.5,3693.81
AGR_Cen_2022_01278,Central_Zone,MP_Narmada,2022,Rabi,Pulses,18.73,29.27,142.96,51.05,12.51,7.01,0.38,122.9,18.2,219.6,1363.39
AGR_Cen_2021_01279,Central_Zone,MP_Narmada,2021,Rabi,Soybean,18.41,27.66,,45.44,17.8,7.82,0.652,125.8,26.8,189.8,2294.65
AGR_Cen_2023_01280,Central_Zone,UP_Bundelkhand,2023,Kharif,Wheat,25.01,,345.79,49.47,12.11,5.51,0.75,154.7,18.9,274.5,4766.49
AGR_Cen_2021_01281,Central_Zone,CG_Plains,2021,Rabi,Wheat,18.9,26.35,144.37,49.2,14.03,7.66,0.389,167.9,34.2,207.2,3472.17
AGR_Cen_2020_01282,Central_Zone,UP_Bundelkhand,2020,Kharif,Cotton,25.83,34.78,482.51,60.3,12.15,6.72,0.783,185.0,19.5,207.7,3313.25
AGR_Cen_2019_01283,Central_Zone,UP_Bundelkhand,2019,Rabi,Wheat,18.74,31.49,115.49,43.7,14.36,7.01,0.596,141.2,31.4,137.9,3571.98
AGR_Cen_2018_01284,Central_Zone,UP_Bundelkhand,2018,Kharif,Rice,23.62,30.72,729.23,92.24,10.0,7.01,0.384,169.4,24.1,247.6,4679.88
AGR_Cen_2022_01285,Central_Zone,MP_Narmada,2022,Rabi,Pulses,18.15,26.84,174.46,46.81,13.82,6.06,0.617,135.9,19.2,274.5,1452.24
AGR_Cen_2022_01286,Central_Zone,JH_Plateau,2022,Rabi,Rice,19.63,29.16,118.39,32.63,13.94,6.76,0.679,90.0,23.4,132.0,3687.4
AGR_Cen_2023_01287,Central_Zone,CG_Plains,2023,Kharif,Rice,26.02,35.61,1052.68,79.6,10.12,5.82,0.581,214.9,14.2,261.4,5287.15
AGR_Cen_2020_01288,Central_Zone,MP_Narmada,2020,Kharif,Pulses,23.96,35.81,1046.65,86.64,12.45,6.29,0.473,138.4,21.1,197.8,2260.44
AGR_Cen_2021_01289,Central_Zone,CG_Plains,2021,Rabi,Cotton,17.86,31.82,173.37,,10.18,7.28,0.554,171.4,25.7,245.3,2213.7
AGR_Cen_2022_01290,Central_Zone,MP_Narmada,2022,Kharif,Soybean,23.08,30.54,698.43,60.74,11.26,6.99,0.794,180.9,18.7,238.3,3076.45
AGR_Cen_2020_01291,Central_Zone,UP_Bundelkhand,2020,Kharif,Wheat,22.56,32.02,1746.29,95.0,10.67,6.69,0.689,144.1,19.3,270.4,4370.97
AGR_Cen_2020_01292,Central_Zone,UP_Bundelkhand,2020,Kharif,Maize,24.87,37.97,853.92,89.08,10.0,7.09,0.67,243.7,15.5,178.6,4285.96
AGR_Cen_2019_01293,Central_Zone,CG_Plains,2019,Rabi,Rice,20.21,30.81,216.18,61.67,10.34,6.65,0.468,213.7,10.8,132.1,4537.76
AGR_Cen_2021_01294,Central_Zone,JH_Plateau,2021,Kharif,Rice,22.87,34.89,1028.93,90.29,10.0,5.87,0.374,147.6,18.0,181.0,4379.4
AGR_Cen_2022_01295,Central_Zone,CG_Plains,2022,Rabi,Rice,18.65,31.32,182.46,48.24,13.93,6.41,0.524,150.9,8.0,235.7,3996.98
AGR_Cen_2020_01296,Central_Zone,MP_Narmada,2020,Kharif,Maize,22.92,32.89,1267.53,95.0,10.0,7.44,0.642,246.3,17.8,169.4,4301.31
AGR_Cen_2021_01297,Central_Zone,CG_Plains,2021,Rabi,Pulses,18.67,29.92,117.0,57.92,12.79,7.05,0.605,142.2,21.7,126.7,1315.12
AGR_Cen_2020_01298,Central_Zone,MP_Narmada,2020,Kharif,Rice,25.13,35.65,956.04,72.82,12.19,6.61,0.568,191.5,22.4,182.5,5204.78
AGR_Cen_2019_01299,Central_Zone,UP_Bundelkhand,2019,Rabi,Soybean,20.41,30.07,143.96,66.29,14.88,6.78,1.102,181.7,23.3,205.9,2849.19
AGR_Cen_2022_01300,Central_Zone,CG_Plains,2022,Rabi,Rice,19.02,30.24,225.99,55.58,12.02,7.05,0.714,181.0,21.9,137.7,4583.35
AGR_Cen_2020_01301,Central_Zone,MP_Narmada,2020,Kharif,Pulses,23.25,31.09,700.22,75.46,10.0,6.58,0.874,122.9,20.2,256.9,2326.23
AGR_Cen_2018_01302,Central_Zone,CG_Plains,2018,Kharif,Maize,,35.85,548.66,70.36,13.49,7.11,0.467,280.0,30.3,292.7,4423.15
AGR_Cen_2023_01303,Central_Zone,JH_Plateau,2023,Rabi,Maize,18.2,29.06,152.89,63.94,14.96,6.39,0.602,182.6,23.8,185.3,3280.35
AGR_Cen_2021_01304,Central_Zone,CG_Plains,2021,Rabi,Maize,19.1,27.2,215.52,50.78,14.39,6.24,0.797,172.9,25.1,233.0,3584.0
AGR_Cen_2020_01305,Central_Zone,UP_Bundelkhand,2020,Rabi,Maize,21.74,32.09,230.23,53.73,15.0,7.21,0.866,128.5,20.9,254.0,3784.98
AGR_Cen_2020_01306,Central_Zone,UP_Bundelkhand,2020,Kharif,Soybean,25.07,35.55,508.46,74.74,12.11,6.85,0.616,218.0,30.7,227.6,3385.88
AGR_Cen_2023_01307,Central_Zone,MP_Narmada,2023,Rabi,Rice,19.96,30.97,,52.19,12.05,7.12,0.692,172.9,18.0,214.4,4160.75
AGR_Cen_2022_01308,Central_Zone,MP_Narmada,2022,Kharif,Cotton,22.51,32.78,882.24,75.41,12.14,8.06,0.524,183.0,23.1,219.8,2895.51
AGR_Cen_2023_01309,Central_Zone,MP_Narmada,2023,Rabi,Pulses,17.25,27.79,95.06,40.36,16.59,8.11,0.607,198.6,9.5,258.6,1201.91
AGR_Cen_2021_01310,Central_Zone,CG_Plains,2021,Kharif,Cotton,24.07,35.47,936.55,83.26,10.11,7.54,0.526,199.4,16.0,217.2,3064.09
AGR_Cen_2022_01311,Central_Zone,CG_Plains,2022,Rabi,Rice,21.16,32.16,212.82,48.59,14.18,7.37,0.429,174.0,30.3,256.2,4476.2
AGR_Cen_2018_01312,Central_Zone,CG_Plains,2018,Rabi,Maize,19.44,29.88,,67.65,11.66,7.09,0.589,145.0,24.7,259.8,3648.46
AGR_Cen_2019_01313,Central_Zone,MP_Narmada,2019,Kharif,Wheat,,31.09,422.17,65.98,10.0,6.48,0.908,207.3,27.9,153.4,5089.04
AGR_Cen_2020_01314,Central_Zone,JH_Plateau,2020,Kharif,Cotton,23.81,36.12,952.18,80.79,10.0,6.56,0.539,223.4,17.7,169.5,3099.3
AGR_Cen_2019_01315,Central_Zone,JH_Plateau,2019,Rabi,Soybean,20.67,,169.83,51.78,10.87,6.94,0.456,173.7,29.3,110.0,2369.59
AGR_Cen_2022_01316,Central_Zone,UP_Bundelkhand,2022,Kharif,Cotton,24.31,37.04,633.59,62.72,13.33,6.23,0.599,143.1,22.8,230.5,2697.5
AGR_Cen_2018_01317,Central_Zone,CG_Plains,2018,Rabi,Wheat,19.36,29.4,125.9,46.12,13.5,7.27,0.618,226.9,24.2,233.6,3895.11
AGR_Cen_2021_01318,Central_Zone,UP_Bundelkhand,2021,Kharif,Pulses,21.78,31.66,86.47,56.15,11.96,7.35,0.417,200.1,20.7,110.0,1697.32
AGR_Cen_2021_01319,Central_Zone,CG_Plains,2021,Kharif,Pulses,22.51,34.6,1323.39,85.46,10.0,6.71,0.559,215.2,8.0,298.8,2359.44
AGR_Cen_2023_01320,Central_Zone,JH_Plateau,2023,Rabi,Wheat,18.48,28.5,,44.77,13.16,7.07,0.636,175.6,24.2,194.0,3989.47
AGR_Cen_2021_01321,Central_Zone,JH_Plateau,2021,Zaid,Pulses,27.34,34.97,60.17,53.12,11.56,6.51,0.606,167.3,26.4,315.2,1577.27
AGR_Cen_2023_01322,Central_Zone,MP_Narmada,2023,Kharif,Cotton,24.01,36.04,857.28,84.47,10.0,7.52,0.739,186.4,29.0,249.2,3012.22
AGR_Cen_2020_01323,Central_Zone,MP_Narmada,2020,Zaid,Wheat,26.37,39.63,91.1,54.1,14.72,6.57,0.612,192.7,32.7,171.4,3717.87
AGR_Cen_2023_01324,Central_Zone,MP_Narmada,2023,Rabi,Pulses,20.14,28.49,264.43,41.25,13.28,7.76,0.768,211.4,20.2,243.1,1776.74
AGR_Cen_2023_01325,Central_Zone,MP_Narmada,2023,Kharif,Pulses,25.4,34.33,1088.03,90.32,10.0,7.3,0.502,119.7,12.7,154.0,2218.52
AGR_Cen_2018_01326,Central_Zone,UP_Bundelkhand,2018,Rabi,Rice,21.17,35.16,259.79,57.93,13.01,7.56,0.588,185.4,34.1,140.3,4698.11
AGR_Cen_2018_01327,Central_Zone,JH_Plateau,2018,Kharif,Cotton,24.16,32.26,648.71,66.47,10.0,5.88,0.336,164.2,36.8,173.2,2696.12
AGR_Cen_2022_01328,Central_Zone,CG_Plains,2022,Kharif,Soybean,,36.27,913.78,82.43,10.0,7.73,0.808,202.1,26.7,225.2,3300.55
AGR_Cen_2021_01329,Central_Zone,JH_Plateau,2021,Rabi,Soybean,,26.88,276.32,69.8,10.0,6.83,0.256,204.4,19.6,213.9,2444.56
AGR_Cen_2021_01330,Central_Zone,CG_Plains,2021,Rabi,Soybean,19.73,29.1,121.16,77.91,13.77,6.9,0.621,192.1,20.2,174.4,2318.8
AGR_Cen_2020_01331,Central_Zone,UP_Bundelkhand,2020,Rabi,Pulses,22.61,33.62,296.55,57.14,12.22,6.65,0.624,194.4,18.3,200.8,2104.13
AGR_Cen_2019_01332,Central_Zone,CG_Plains,2019,Rabi,Cotton,22.65,33.31,134.08,76.06,10.0,7.49,0.318,90.0,15.8,225.1,1525.9
AGR_Cen_2020_01333,Central_Zone,UP_Bundelkhand,2020,Kharif,Wheat,,36.87,519.9,68.91,10.86,7.29,0.334,190.9,19.7,217.2,4351.64
AGR_Cen_2022_01334,Central_Zone,CG_Plains,2022,Rabi,Wheat,20.41,29.31,187.49,58.86,10.0,6.71,0.687,165.5,20.7,227.6,3917.28
AGR_Cen_2019_01335,Central_Zone,JH_Plateau,2019,Rabi,Pulses,19.35,29.66,89.09,43.8,14.34,6.36,0.565,117.0,16.9,238.7,951.81
AGR_Cen_2021_01336,Central_Zone,CG_Plains,2021,Zaid,Cotton,27.78,41.13,52.69,57.71,12.39,6.15,0.88,128.9,29.0,185.3,2010.72
AGR_Cen_2022_01337,Central_Zone,MP_Narmada,2022,Rabi,Cotton,19.03,27.62,199.46,72.33,11.33,6.75,0.501,171.2,16.1,265.2,2259.24
AGR_Cen_2023_01338,Central_Zone,JH_Plateau,2023,Rabi,Cotton,17.16,30.36,173.57,35.59,14.9,6.82,0.678,182.6,27.3,214.9,2282.78
AGR_Cen_2023_01339,Central_Zone,JH_Plateau,2023,Kharif,Wheat,22.16,29.92,,70.55,10.31,7.74,0.872,205.8,8.0,251.2,5053.73
AGR_Cen_2021_01340,Central_Zone,MP_Narmada,2021,Kharif,Soybean,24.7,33.38,766.35,77.32,10.68,7.11,0.808,126.8,31.4,190.6,3170.97
AGR_Cen_2022_01341,Central_Zone,UP_Bundelkhand,2022,Rabi,Pulses,20.7,32.8,253.44,67.52,10.0,7.44,0.517,160.1,24.0,177.4,1962.82
AGR_Cen_2023_01342,Central_Zone,MP_Narmada,2023,Kharif,Pulses,26.67,40.62,892.64,66.97,10.0,6.37,0.638,260.1,24.0,201.9,2368.07
AGR_Cen_2023_01343,Central_Zone,UP_Bundelkhand,2023,Kharif,Maize,,32.99,943.37,75.21,10.8,7.64,0.444,166.0,27.9,177.8,3918.63
AGR_Cen_2022_01344,Central_Zone,MP_Narmada,2022,Kharif,Cotton,22.83,30.63,497.11,64.03,14.07,5.62,0.674,207.7,24.6,197.6,3109.93
AGR_Cen_2018_01345,Central_Zone,CG_Plains,2018,Kharif,Maize,25.25,,750.95,,10.0,7.12,0.475,174.2,15.2,196.8,3960.75
AGR_Cen_2023_01346,Central_Zone,UP_Bundelkhand,2023,Rabi,Soybean,20.91,30.48,133.55,42.44,18.06,6.54,0.876,219.0,13.2,187.8,2563.08
AGR_Cen_2022_01347,Central_Zone,CG_Plains,2022,Kharif,Pulses,23.54,30.88,,74.15,10.0,6.8,0.693,181.3,21.1,237.1,2315.43
AGR_Cen_2018_01348,Central_Zone,MP_Narmada,2018,Kharif,Maize,24.36,36.49,,92.47,10.43,6.43,0.598,164.9,15.1,202.1,4198.59
AGR_Cen_2022_01349,Central_Zone,UP_Bundelkhand,2022,Kharif,Maize,23.39,35.45,1173.64,74.42,10.0,6.04,0.585,179.7,14.7,176.8,4116.79
AGR_Cen_2021_01350,Central_Zone,JH_Plateau,2021,Kharif,Rice,20.76,29.33,760.76,88.81,10.0,6.48,0.326,163.2,13.2,221.0,4542.36
AGR_Cen_2021_01351,Central_Zone,UP_Bundelkhand,2021,Kharif,Maize,25.16,36.56,1093.44,83.0,10.0,7.27,0.604,191.0,23.4,228.5,4181.53
AGR_Cen_2023_01352,Central_Zone,JH_Plateau,2023,Kharif,Soybean,24.6,32.16,1069.4,80.64,10.68,6.64,0.2,256.0,28.5,244.1,3097.65
AGR_Cen_2023_01353,Central_Zone,JH_Plateau,2023,Kharif,Maize,23.99,34.76,833.53,88.62,10.0,6.52,0.537,159.4,21.9,242.8,3913.82
AGR_Cen_2019_01354,Central_Zone,JH_Plateau,2019,Rabi,Rice,19.35,30.76,,63.54,10.68,7.5,0.619,197.2,22.4,192.1,4442.48
AGR_Cen_2018_01355,Central_Zone,CG_Plains,2018,Kharif,Cotton,22.87,31.04,1038.79,76.6,10.89,6.43,0.244,143.3,22.3,161.6,2602.44
AGR_Cen_2022_01356,Central_Zone,MP_Narmada,2022,Kharif,Cotton,,35.16,392.63,,12.19,6.45,0.439,138.8,12.2,141.4,2778.73
AGR_Cen_2019_01357,Central_Zone,UP_Bundelkhand,2019,Kharif,Soybean,24.24,32.45,903.55,80.1,12.12,7.02,0.677,280.0,31.3,268.9,3649.77
AGR_Cen_2023_01358,Central_Zone,JH_Plateau,2023,Kharif,Cotton,22.98,35.58,730.71,66.8,10.0,5.48,0.71,177.7,25.5,282.0,2919.49
AGR_Cen_2018_01359,Central_Zone,CG_Plains,2018,Kharif,Rice,23.94,35.99,1084.96,91.78,10.0,5.2,0.562,169.1,14.3,110.0,4962.93
AGR_Cen_2022_01360,Central_Zone,UP_Bundelkhand,2022,Rabi,Rice,20.1,28.83,222.47,65.41,11.26,5.92,0.727,222.0,17.1,165.6,4883.37
AGR_Cen_2020_01361,Central_Zone,UP_Bundelkhand,2020,Kharif,Maize,21.73,30.07,740.96,91.67,10.0,7.22,0.482,228.6,17.5,214.5,4260.63
AGR_Cen_2022_01362,Central_Zone,MP_Narmada,2022,Kharif,Maize,25.97,36.48,628.56,64.61,12.63,7.27,0.927,166.0,28.3,236.2,4465.72
AGR_Cen_2022_01363,Central_Zone,UP_Bundelkhand,2022,Rabi,Pulses,18.67,29.87,155.7,77.38,10.0,5.5,0.428,147.1,22.6,189.3,1090.3
AGR_Cen_2023_01364,Central_Zone,UP_Bundelkhand,2023,Rabi,Rice,22.08,32.1,126.84,59.06,12.52,6.92,0.472,181.5,30.5,158.5,4412.64
AGR_Cen_2020_01365,Central_Zone,MP_Narmada,2020,Rabi,Soybean,23.62,32.03,109.46,59.98,14.53,7.46,0.492,188.9,31.5,211.8,2489.61
AGR_Cen_2019_01366,Central_Zone,MP_Narmada,2019,Rabi,Rice,19.81,31.62,113.66,40.08,13.23,5.45,0.273,165.4,19.1,239.5,3821.71
AGR_Cen_2022_01367,Central_Zone,UP_Bundelkhand,2022,Kharif,Wheat,22.59,32.15,913.25,,10.0,6.33,0.604,197.1,13.4,156.0,4619.09
AGR_Cen_2020_01368,Central_Zone,MP_Narmada,2020,Kharif,Rice,25.31,33.02,1063.16,94.89,10.0,7.39,0.537,185.6,26.2,255.4,4872.35
AGR_Cen_2020_01369,Central_Zone,CG_Plains,2020,Kharif,Maize,22.49,34.54,1092.68,84.78,10.9,7.39,0.901,148.2,29.5,200.2,4322.71
AGR_Cen_2018_01370,Central_Zone,UP_Bundelkhand,2018,Rabi,Maize,18.81,27.42,101.11,54.57,12.4,6.98,0.595,190.9,22.4,323.4,3220.71
AGR_Cen_2018_01371,Central_Zone,JH_Plateau,2018,Zaid,Cotton,24.21,31.44,115.56,38.52,15.0,7.26,0.379,159.9,20.0,210.6,2079.88
AGR_Cen_2020_01372,Central_Zone,CG_Plains,2020,Zaid,Wheat,24.29,32.78,105.68,51.03,12.38,6.55,0.614,209.6,24.7,243.4,4120.57
AGR_Cen_2019_01373,Central_Zone,MP_Narmada,2019,Rabi,Soybean,20.58,30.93,127.22,61.04,13.66,7.26,0.637,223.9,8.0,145.6,2566.34
AGR_Cen_2023_01374,Central_Zone,JH_Plateau,2023,Zaid,Soybean,25.63,36.9,123.98,60.86,13.11,6.72,0.613,151.6,26.4,192.7,2547.63
AGR_Cen_2021_01375,Central_Zone,CG_Plains,2021,Kharif,Cotton,24.18,36.13,1278.46,95.0,10.0,6.43,0.573,194.8,15.3,197.2,2883.86
AGR_Cen_2020_01376,Central_Zone,JH_Plateau,2020,Kharif,Rice,25.04,35.14,908.3,88.55,10.0,7.48,0.643,191.4,8.9,228.8,5338.75
AGR_Cen_2022_01377,Central_Zone,JH_Plateau,2022,Kharif,Cotton,24.98,33.63,935.37,95.0,10.0,7.18,0.595,128.5,19.5,110.0,2614.92
AGR_Cen_2021_01378,Central_Zone,MP_Narmada,2021,Kharif,Rice,22.07,,1208.17,86.58,10.0,6.99,0.782,140.4,22.9,209.8,5151.25
AGR_Cen_2021_01379,Central_Zone,CG_Plains,2021,Kharif,Rice,22.81,35.63,1135.75,85.38,10.0,6.35,0.472,178.7,24.6,259.1,5068.08
AGR_Cen_2023_01380,Central_Zone,MP_Narmada,2023,Kharif,Soybean,22.11,30.28,853.52,85.86,12.25,5.95,0.718,176.5,20.9,261.0,3447.81
AGR_Cen_2018_01381,Central_Zone,JH_Plateau,2018,Kharif,Rice,25.4,34.63,756.45,81.2,12.19,6.84,0.273,189.4,32.1,225.9,5058.72
AGR_Cen_2021_01382,Central_Zone,CG_Plains,2021,Kharif,Rice,23.37,31.39,1017.06,95.0,10.0,6.46,0.2,131.6,23.3,231.2,4563.52
AGR_Cen_2021_01383,Central_Zone,JH_Plateau,2021,Kharif,Pulses,23.4,34.01,1362.1,84.98,11.97,6.45,0.35,95.9,21.4,221.9,2309.65
AGR_Cen_2020_01384,Central_Zone,CG_Plains,2020,Kharif,Pulses,23.38,,1236.48,95.0,10.0,6.46,0.613,211.1,17.6,153.0,2473.21
AGR_Cen_2023_01385,Central_Zone,UP_Bundelkhand,2023,Kharif,Pulses,25.73,39.15,694.83,48.87,12.5,6.75,0.508,101.4,34.3,211.3,2098.59
AGR_Cen_2018_01386,Central_Zone,JH_Plateau,2018,Zaid,Pulses,25.27,38.91,112.29,58.44,14.59,7.11,0.387,165.9,15.9,197.3,1262.11
AGR_Cen_2022_01387,Central_Zone,UP_Bundelkhand,2022,Kharif,Maize,22.22,29.32,1239.82,68.87,10.5,6.99,0.853,200.8,15.8,242.3,4549.22
AGR_Cen_2019_01388,Central_Zone,CG_Plains,2019,Kharif,Soybean,23.65,,899.93,76.95,10.53,5.59,0.546,108.9,21.3,243.7,3042.47
AGR_Cen_2020_01389,Central_Zone,CG_Plains,2020,Kharif,Rice,23.9,,1310.01,95.0,10.0,7.46,0.281,162.1,21.7,252.4,4806.0
AGR_Cen_2019_01390,Central_Zone,MP_Narmada,2019,Kharif,Cotton,22.77,31.36,376.93,62.7,11.19,7.73,0.397,231.0,10.2,192.0,2825.99
AGR_Cen_2018_01391,Central_Zone,JH_Plateau,2018,Kharif,Wheat,24.76,37.4,1097.04,87.38,10.74,6.45,0.217,178.0,22.8,215.7,4473.85
AGR_Cen_2023_01392,Central_Zone,UP_Bundelkhand,2023,Rabi,Maize,19.96,30.34,178.92,68.74,10.0,6.76,0.562,209.5,19.9,199.3,3575.16
AGR_Cen_2019_01393,Central_Zone,MP_Narmada,2019,Rabi,Pulses,21.12,,299.76,60.2,16.85,6.56,0.359,179.9,25.8,227.6,1915.14
AGR_Cen_2021_01394,Central_Zone,CG_Plains,2021,Rabi,Rice,21.64,32.72,172.11,63.29,12.8,7.41,0.551,116.8,23.8,256.5,4004.32
AGR_Cen_2021_01395,Central_Zone,UP_Bundelkhand,2021,Rabi,Maize,18.35,,153.77,48.18,15.74,8.5,0.626,207.9,16.4,117.0,3466.98
AGR_Cen_2021_01396,Central_Zone,CG_Plains,2021,Kharif,Rice,21.09,31.1,1209.95,,11.16,6.67,0.872,212.7,12.1,293.8,5240.8
AGR_Cen_2019_01397,Central_Zone,MP_Narmada,2019,Rabi,Rice,19.31,26.66,107.23,43.97,10.48,7.33,0.713,143.1,34.3,198.6,3966.34
AGR_Cen_2018_01398,Central_Zone,JH_Plateau,2018,Kharif,Pulses,25.32,,963.34,75.72,10.0,6.97,0.631,207.3,25.2,252.5,2250.48
AGR_Cen_2021_01399,Central_Zone,JH_Plateau,2021,Rabi,Wheat,20.77,31.94,222.56,56.35,10.0,6.65,0.2,210.4,17.2,117.8,3862.31
AGR_Cen_2023_01400,Central_Zone,JH_Plateau,2023,Kharif,Pulses,24.55,33.92,885.61,87.85,10.0,7.98,0.638,165.2,20.6,227.2,2230.36
AGR_Cen_2019_01401,Central_Zone,MP_Narmada,2019,Kharif,Wheat,26.89,34.27,1454.08,95.0,10.0,7.15,0.584,249.5,8.0,267.2,5146.23
AGR_Cen_2019_01402,Central_Zone,JH_Plateau,2019,Kharif,Cotton,20.74,28.98,1221.99,95.0,10.0,5.2,0.833,175.8,13.6,229.6,2908.43
AGR_Cen_2020_01403,Central_Zone,CG_Plains,2020,Kharif,Wheat,22.34,31.76,800.23,76.03,10.0,6.34,0.579,217.8,21.9,193.9,4779.3
AGR_Cen_2021_01404,Central_Zone,MP_Narmada,2021,Rabi,Rice,21.65,35.38,182.51,53.76,12.06,6.94,0.534,179.4,24.2,153.7,4586.71
AGR_Cen_2021_01405,Central_Zone,UP_Bundelkhand,2021,Rabi,Pulses,18.0,28.54,161.24,45.96,13.81,7.21,0.652,251.1,20.8,164.4,1620.13
AGR_Cen_2018_01406,Central_Zone,MP_Narmada,2018,Rabi,Cotton,20.67,30.27,251.6,61.78,13.06,6.14,0.401,182.0,21.7,229.1,2224.36
AGR_Cen_2021_01407,Central_Zone,MP_Narmada,2021,Rabi,Rice,19.72,28.36,267.98,49.74,12.85,6.45,0.2,154.6,25.0,128.7,3876.75
AGR_Cen_2018_01408,Central_Zone,UP_Bundelkhand,2018,Rabi,Cotton,21.09,31.3,256.38,57.43,13.8,7.14,0.569,213.8,14.5,215.4,2581.85
AGR_Cen_2022_01409,Central_Zone,MP_Narmada,2022,Rabi,Rice,23.02,36.37,262.77,67.17,10.19,6.52,0.961,115.5,22.7,270.3,4888.47
AGR_Cen_2023_01410,Central_Zone,UP_Bundelkhand,2023,Kharif,Maize,21.78,29.37,,95.0,10.0,6.81,0.809,168.1,15.2,216.0,4245.09
AGR_Cen_2020_01411,Central_Zone,JH_Plateau,2020,Rabi,Wheat,21.78,35.24,241.08,59.58,10.0,7.43,0.686,176.8,25.1,177.7,4699.71
AGR_Cen_2020_01412,Central_Zone,JH_Plateau,2020,Kharif,Wheat,23.69,37.55,975.45,74.79,10.0,6.28,0.495,194.7,14.2,228.0,4514.66
AGR_Cen_2020_01413,Central_Zone,CG_Plains,2020,Rabi,Soybean,19.69,32.35,156.3,51.89,13.91,6.4,0.845,152.2,20.6,129.1,2914.2
AGR_Cen_2020_01414,Central_Zone,MP_Narmada,2020,Rabi,Soybean,,26.31,86.29,56.52,13.96,6.84,0.861,189.9,19.4,161.9,2326.74
AGR_Cen_2018_01415,Central_Zone,JH_Plateau,2018,Rabi,Rice,20.68,34.31,148.77,67.44,12.02,6.86,0.559,273.8,33.1,272.7,5158.33
AGR_Cen_2023_01416,Central_Zone,JH_Plateau,2023,Kharif,Pulses,22.27,32.1,970.87,86.88,10.0,6.68,0.541,232.8,17.0,192.5,2240.12
AGR_Cen_2018_01417,Central_Zone,MP_Narmada,2018,Kharif,Pulses,25.86,,827.21,81.89,10.0,7.36,0.332,129.8,26.8,164.7,2110.03
AGR_Cen_2019_01418,Central_Zone,JH_Plateau,2019,Rabi,Pulses,16.85,24.76,248.26,36.64,15.9,6.83,0.85,205.3,26.8,110.0,1731.73
AGR_Cen_2022_01419,Central_Zone,UP_Bundelkhand,2022,Kharif,Pulses,23.72,33.83,1031.84,79.11,10.0,7.15,0.408,179.9,20.9,249.0,2256.22
AGR_Cen_2018_01420,Central_Zone,MP_Narmada,2018,Kharif,Wheat,24.02,33.68,1003.69,95.0,10.0,7.43,0.404,116.8,20.4,198.7,4248.03
AGR_Cen_2021_01421,Central_Zone,JH_Plateau,2021,Kharif,Rice,25.57,35.42,1269.4,91.04,10.0,7.02,0.606,220.6,15.7,166.4,5482.8
AGR_Cen_2023_01422,Central_Zone,JH_Plateau,2023,Kharif,Rice,24.38,36.38,873.11,77.57,10.0,6.82,0.355,122.8,22.0,288.0,4407.83
AGR_Cen_2018_01423,Central_Zone,MP_Narmada,2018,Rabi,Rice,19.45,32.38,207.48,68.49,11.01,7.49,0.758,162.2,17.9,273.1,4388.19
AGR_Cen_2021_01424,Central_Zone,CG_Plains,2021,Kharif,Soybean,24.54,36.23,,95.0,10.0,6.5,0.625,216.4,24.2,215.1,3117.96
AGR_Cen_2021_01425,Central_Zone,UP_Bundelkhand,2021,Kharif,Wheat,23.76,,591.24,,14.62,7.21,0.547,243.8,21.7,183.2,5195.85
AGR_Cen_2021_01426,Central_Zone,MP_Narmada,2021,Rabi,Maize,20.42,33.86,267.65,,10.0,6.39,0.844,136.0,21.6,161.5,3961.51
AGR_Cen_2020_01427,Central_Zone,CG_Plains,2020,Kharif,Rice,23.01,34.16,949.69,72.73,12.64,6.72,0.716,106.5,14.6,284.4,4634.88
AGR_Cen_2020_01428,Central_Zone,UP_Bundelkhand,2020,Rabi,Rice,,31.37,226.19,63.55,10.79,7.03,0.761,146.2,15.0,269.0,4568.76
AGR_Cen_2020_01429,Central_Zone,JH_Plateau,2020,Kharif,Wheat,25.5,34.02,871.9,85.89,10.0,7.42,0.806,127.5,17.5,197.9,4612.32
AGR_Cen_2023_01430,Central_Zone,JH_Plateau,2023,Kharif,Rice,25.3,38.77,742.34,80.08,10.0,7.26,0.902,136.9,18.7,157.5,5046.92
AGR_Cen_2019_01431,Central_Zone,MP_Narmada,2019,Kharif,Wheat,24.6,35.23,990.64,93.25,10.0,7.02,0.615,165.0,13.4,260.4,4791.8
AGR_Cen_2022_01432,Central_Zone,CG_Plains,2022,Rabi,Maize,18.15,25.63,,63.95,15.06,7.3,0.615,199.2,26.7,307.3,3356.2
AGR_Cen_2021_01433,Central_Zone,MP_Narmada,2021,Rabi,Maize,18.44,29.62,108.88,40.14,13.7,7.58,0.62,203.7,24.9,299.8,3456.4
AGR_Cen_2021_01434,Central_Zone,MP_Narmada,2021,Zaid,Pulses,27.04,40.24,55.86,,16.91,8.18,0.686,197.4,21.1,215.5,1358.3
AGR_Cen_2023_01435,Central_Zone,JH_Plateau,2023,Kharif,Cotton,25.05,,763.96,85.42,10.0,6.26,0.461,189.7,17.5,193.3,2891.54
AGR_Cen_2018_01436,Central_Zone,CG_Plains,2018,Rabi,Wheat,19.84,28.07,250.16,49.81,15.75,6.99,0.722,148.7,26.9,244.3,3974.79
AGR_Cen_2022_01437,Central_Zone,CG_Plains,2022,Rabi,Rice,17.83,26.56,196.27,57.42,11.86,6.0,0.505,143.9,23.9,165.2,4067.87
AGR_Cen_2019_01438,Central_Zone,CG_Plains,2019,Kharif,Cotton,20.55,33.65,740.07,70.38,11.0,6.8,0.248,183.6,25.8,247.8,2747.54
AGR_Cen_2020_01439,Central_Zone,CG_Plains,2020,Kharif,Maize,22.85,33.29,692.24,59.53,10.44,6.28,0.401,239.8,17.4,225.0,4315.0
AGR_Cen_2019_01440,Central_Zone,JH_Plateau,2019,Rabi,Wheat,17.77,27.8,167.5,79.92,10.0,7.95,0.614,202.5,14.4,197.7,4044.51
AGR_Cen_2021_01441,Central_Zone,JH_Plateau,2021,Rabi,Pulses,19.38,31.41,112.48,63.3,15.93,6.16,0.597,159.1,20.7,275.9,1396.7
AGR_Cen_2022_01442,Central_Zone,JH_Plateau,2022,Kharif,Pulses,22.24,32.43,726.69,78.25,10.0,6.38,0.782,195.4,24.2,211.7,2378.16
AGR_Cen_2021_01443,Central_Zone,CG_Plains,2021,Kharif,Soybean,22.04,29.24,1475.21,79.18,10.0,5.93,0.476,173.8,18.3,159.3,3224.92
AGR_Cen_2022_01444,Central_Zone,UP_Bundelkhand,2022,Zaid,Rice,27.57,37.62,80.81,39.99,16.86,7.48,0.44,174.9,26.0,209.6,4181.67
AGR_Cen_2020_01445,Central_Zone,JH_Plateau,2020,Rabi,Wheat,22.2,32.9,202.6,51.91,11.15,5.82,0.852,113.8,18.8,190.0,4080.52
AGR_Cen_2018_01446,Central_Zone,CG_Plains,2018,Rabi,Cotton,18.74,29.43,128.85,39.97,13.0,6.62,0.872,125.5,32.9,179.9,2055.95
AGR_Cen_2019_01447,Central_Zone,JH_Plateau,2019,Kharif,Rice,21.57,29.83,,77.07,12.36,7.19,0.674,159.3,23.3,192.1,5169.65
AGR_Cen_2022_01448,Central_Zone,MP_Narmada,2022,Rabi,Soybean,22.9,,128.35,51.29,18.62,7.56,0.474,242.4,25.8,146.1,2785.1
AGR_Cen_2022_01449,Central_Zone,JH_Plateau,2022,Rabi,Wheat,22.22,36.09,189.44,57.64,13.83,7.15,0.505,225.0,18.8,255.0,4064.08
AGR_Cen_2022_01450,Central_Zone,CG_Plains,2022,Rabi,Pulses,21.79,32.91,295.22,64.66,13.86,7.14,0.505,163.4,20.4,313.1,2033.12
AGR_Cen_2023_01451,Central_Zone,MP_Narmada,2023,Kharif,Wheat,,40.11,1109.3,,10.0,7.68,0.357,263.7,23.8,193.5,4876.46
AGR_Cen_2022_01452,Central_Zone,MP_Narmada,2022,Rabi,Wheat,21.94,30.6,230.35,57.82,12.63,6.09,0.967,155.5,33.4,126.7,4232.14
AGR_Cen_2022_01453,Central_Zone,CG_Plains,2022,Kharif,Cotton,23.79,37.18,559.19,68.04,10.46,6.49,0.636,185.1,18.6,264.1,2871.22
AGR_Cen_2021_01454,Central_Zone,UP_Bundelkhand,2021,Zaid,Pulses,27.29,40.62,48.01,59.36,11.22,7.06,0.414,182.9,19.8,258.6,1265.91
AGR_Cen_2019_01455,Central_Zone,CG_Plains,2019,Kharif,Maize,23.52,34.52,843.87,82.7,10.0,7.08,0.833,160.9,18.1,252.0,4243.94
AGR_Cen_2020_01456,Central_Zone,CG_Plains,2020,Rabi,Maize,19.15,27.28,137.75,58.91,11.46,7.22,0.777,200.1,22.4,262.9,3686.18
AGR_Cen_2020_01457,Central_Zone,CG_Plains,2020,Kharif,Wheat,,35.4,773.55,78.89,10.0,7.17,0.449,164.4,15.2,149.0,4620.15
AGR_Cen_2020_01458,Central_Zone,CG_Plains,2020,Rabi,Wheat,,30.34,69.54,56.47,13.63,6.17,0.39,180.1,26.6,254.6,3316.91
AGR_Cen_2020_01459,Central_Zone,JH_Plateau,2020,Zaid,Soybean,27.07,40.25,61.52,44.81,10.05,6.24,0.665,212.7,22.6,157.7,2563.24
AGR_Cen_2023_01460,Central_Zone,UP_Bundelkhand,2023,Rabi,Soybean,22.38,35.65,246.57,45.34,14.96,7.13,0.924,163.9,14.6,202.9,2919.09
AGR_Cen_2023_01461,Central_Zone,CG_Plains,2023,Kharif,Wheat,25.33,38.09,867.04,75.73,10.07,6.19,0.749,203.6,19.0,240.8,5049.03
AGR_Cen_2018_01462,Central_Zone,JH_Plateau,2018,Kharif,Pulses,21.64,30.83,985.11,,11.35,5.44,0.913,183.2,17.1,173.6,2285.93
AGR_Cen_2022_01463,Central_Zone,JH_Plateau,2022,Kharif,Rice,26.18,36.61,989.3,77.86,10.0,7.22,0.755,267.9,21.5,207.1,5522.76
AGR_Cen_2023_01464,Central_Zone,MP_Narmada,2023,Kharif,Pulses,,37.49,1083.09,81.47,10.0,6.35,0.624,209.1,22.9,185.7,2444.21
AGR_Cen_2019_01465,Central_Zone,UP_Bundelkhand,2019,Kharif,Rice,27.06,39.43,830.33,80.7,10.0,6.53,0.427,178.3,22.4,209.4,4955.01
AGR_Cen_2021_01466,Central_Zone,UP_Bundelkhand,2021,Kharif,Rice,25.38,,,82.56,11.97,6.84,0.782,192.2,21.6,219.2,5376.19
AGR_Cen_2023_01467,Central_Zone,MP_Narmada,2023,Kharif,Soybean,23.69,33.58,911.46,79.1,10.0,6.29,0.593,200.1,17.1,167.4,3418.67
AGR_Cen_2022_01468,Central_Zone,UP_Bundelkhand,2022,Rabi,Soybean,,,167.61,73.94,15.15,6.96,1.195,200.5,27.4,244.6,3046.13
AGR_Cen_2019_01469,Central_Zone,UP_Bundelkhand,2019,Kharif,Soybean,,32.36,595.35,72.59,12.96,6.36,0.757,170.2,22.6,258.6,3131.28
AGR_Cen_2020_01470,Central_Zone,UP_Bundelkhand,2020,Rabi,Wheat,19.61,30.42,230.38,70.74,13.81,7.17,0.764,226.4,19.7,234.4,4521.82
AGR_Cen_2021_01471,Central_Zone,CG_Plains,2021,Zaid,Wheat,25.03,38.41,103.79,42.92,11.82,7.57,0.362,132.2,23.2,210.6,3157.06
AGR_Cen_2018_01472,Central_Zone,CG_Plains,2018,Kharif,Rice,20.3,28.11,1010.68,80.71,10.0,6.89,0.744,143.4,26.3,193.7,5031.74
AGR_Cen_2023_01473,Central_Zone,MP_Narmada,2023,Rabi,Rice,19.71,27.04,70.46,55.58,11.18,6.56,0.544,170.0,23.8,309.2,3766.94
AGR_Cen_2023_01474,Central_Zone,JH_Plateau,2023,Kharif,Maize,22.18,32.57,710.11,70.97,10.0,6.57,0.806,181.7,30.6,258.0,4105.82
AGR_Cen_2019_01475,Central_Zone,MP_Narmada,2019,Rabi,Soybean,18.74,31.41,198.88,65.34,13.05,6.91,0.511,178.6,22.8,179.3,2491.24
AGR_Cen_2018_01476,Central_Zone,JH_Plateau,2018,Rabi,Rice,17.2,29.1,225.58,40.02,11.71,6.05,0.825,105.8,37.9,290.4,4245.75
AGR_Cen_2021_01477,Central_Zone,UP_Bundelkhand,2021,Rabi,Soybean,21.29,30.99,316.27,47.54,13.69,6.71,0.518,180.9,23.9,229.9,2681.23
AGR_Cen_2021_01478,Central_Zone,UP_Bundelkhand,2021,Rabi,Rice,21.8,30.14,257.84,74.28,11.81,7.4,0.862,189.0,18.7,134.8,4977.47
AGR_Cen_2022_01479,Central_Zone,MP_Narmada,2022,Kharif,Cotton,,31.09,552.54,,10.0,6.53,0.36,247.7,18.7,233.3,3126.98
AGR_Cen_2023_01480,Central_Zone,UP_Bundelkhand,2023,Zaid,Pulses,25.46,37.49,,55.79,13.19,6.38,0.536,178.0,29.6,134.0,1524.18
AGR_Cen_2021_01481,Central_Zone,UP_Bundelkhand,2021,Rabi,Soybean,19.44,29.72,225.84,74.09,11.0,7.26,0.658,221.4,19.7,155.7,2961.6
AGR_Cen_2018_01482,Central_Zone,CG_Plains,2018,Kharif,Pulses,22.31,35.91,865.4,76.48,10.0,6.7,0.899,231.1,20.9,159.0,2309.6
AGR_Cen_2018_01483,Central_Zone,MP_Narmada,2018,Kharif,Soybean,24.55,32.49,472.96,73.03,10.0,6.35,0.2,175.8,18.3,173.2,2916.02
AGR_Cen_2021_01484,Central_Zone,CG_Plains,2021,Rabi,Wheat,20.38,31.93,150.71,62.2,11.06,7.14,0.451,143.2,30.7,198.2,3684.09
AGR_Cen_2021_01485,Central_Zone,JH_Plateau,2021,Rabi,Wheat,18.63,27.9,319.58,71.42,12.84,7.23,0.396,110.1,22.7,179.2,3676.21
AGR_Cen_2019_01486,Central_Zone,MP_Narmada,2019,Zaid,Cotton,28.97,41.74,58.23,61.23,11.76,7.35,0.642,175.1,15.0,265.8,1790.97
AGR_Cen_2019_01487,Central_Zone,MP_Narmada,2019,Rabi,Soybean,21.71,32.93,293.75,63.5,10.71,6.69,0.463,125.0,27.3,263.7,2563.03
AGR_Cen_2020_01488,Central_Zone,CG_Plains,2020,Kharif,Pulses,23.25,32.34,830.13,82.94,10.0,5.9,0.584,181.4,15.6,156.7,2206.1
AGR_Cen_2022_01489,Central_Zone,UP_Bundelkhand,2022,Kharif,Cotton,22.45,33.46,108.79,54.37,13.54,5.77,0.673,280.0,23.5,189.9,2744.19
AGR_Cen_2018_01490,Central_Zone,JH_Plateau,2018,Kharif,Rice,24.12,34.94,1173.26,58.21,10.1,6.02,0.401,248.9,19.8,129.9,5359.91
AGR_Cen_2022_01491,Central_Zone,UP_Bundelkhand,2022,Rabi,Soybean,20.62,28.4,132.86,43.74,14.09,7.14,0.606,205.9,33.1,189.0,2461.67
AGR_Cen_2018_01492,Central_Zone,MP_Narmada,2018,Kharif,Pulses,24.56,33.9,930.27,90.84,10.0,6.58,0.547,247.5,21.8,190.9,2534.62
AGR_Cen_2021_01493,Central_Zone,CG_Plains,2021,Kharif,Pulses,22.61,36.26,793.79,77.03,15.08,7.47,0.531,200.8,24.1,254.8,2106.22
AGR_Cen_2018_01494,Central_Zone,CG_Plains,2018,Rabi,Rice,20.12,27.42,166.79,62.04,10.0,7.85,0.409,147.1,20.5,234.9,3928.8
AGR_Cen_2018_01495,Central_Zone,CG_Plains,2018,Kharif,Soybean,25.18,35.88,962.5,95.0,10.0,6.61,0.397,152.2,32.9,142.1,3036.62
AGR_Cen_2019_01496,Central_Zone,JH_Plateau,2019,Zaid,Soybean,27.08,40.0,54.87,56.5,12.61,6.14,0.517,215.5,17.8,245.9,2264.13
AGR_Cen_2020_01497,Central_Zone,CG_Plains,2020,Rabi,Maize,20.17,28.74,144.64,54.37,14.88,7.31,0.856,165.2,22.6,178.2,3202.82
AGR_Cen_2018_01498,Central_Zone,UP_Bundelkhand,2018,Kharif,Soybean,22.97,32.58,962.81,71.77,10.52,7.9,0.704,156.9,24.9,238.7,3203.69
AGR_Cen_2020_01499,Central_Zone,CG_Plains,2020,Rabi,Pulses,20.63,32.96,164.48,47.55,14.29,7.52,0.812,184.2,22.5,211.9,1970.6
AGR_Cen_2018_01500,Central_Zone,MP_Narmada,2018,Rabi,Soybean,19.79,29.24,184.75,54.97,10.0,7.18,0.726,188.9,22.3,244.2,2921.63
AGR_Cen_2019_01501,Central_Zone,MP_Narmada,2019,Rabi,Rice,18.17,31.18,320.95,51.31,18.56,7.29,0.403,220.9,34.3,212.6,4732.46
AGR_Cen_2020_01502,Central_Zone,CG_Plains,2020,Kharif,Rice,23.82,32.86,969.92,78.94,12.52,6.62,0.383,216.9,32.3,196.9,5172.08
AGR_Cen_2023_01503,Central_Zone,MP_Narmada,2023,Kharif,Maize,25.1,37.58,833.39,71.55,13.38,7.54,0.449,163.3,24.5,198.1,3820.2
AGR_Cen_2020_01504,Central_Zone,CG_Plains,2020,Rabi,Rice,17.96,28.65,,49.29,14.39,6.81,0.642,207.9,19.5,160.3,4497.95
AGR_Cen_2018_01505,Central_Zone,CG_Plains,2018,Rabi,Soybean,18.75,,221.4,42.75,12.16,7.27,0.289,194.5,19.8,311.8,2292.64
AGR_Cen_2022_01506,Central_Zone,CG_Plains,2022,Rabi,Cotton,18.88,32.45,170.18,50.85,12.59,7.06,0.34,170.8,20.9,246.5,2322.73
AGR_Cen_2021_01507,Central_Zone,MP_Narmada,2021,Kharif,Rice,19.87,27.21,752.17,83.85,10.61,6.14,0.757,184.3,22.2,252.4,5375.05
AGR_Cen_2022_01508,Central_Zone,UP_Bundelkhand,2022,Kharif,Pulses,23.92,31.37,870.85,80.16,10.0,6.87,0.642,139.6,30.9,246.5,2098.6
AGR_Cen_2021_01509,Central_Zone,CG_Plains,2021,Rabi,Maize,19.95,32.07,218.32,47.7,15.07,6.38,0.612,186.3,21.9,189.1,3557.72
AGR_Cen_2019_01510,Central_Zone,JH_Plateau,2019,Kharif,Maize,22.88,34.84,1216.98,95.0,10.0,6.55,0.665,206.5,20.4,216.8,4726.68
AGR_Cen_2020_01511,Central_Zone,CG_Plains,2020,Rabi,Soybean,18.87,27.34,173.8,51.55,10.16,6.42,0.384,141.6,28.4,172.6,1836.53
AGR_Cen_2018_01512,Central_Zone,CG_Plains,2018,Rabi,Cotton,19.07,31.81,187.57,65.64,10.37,6.66,0.492,214.7,17.8,234.7,2503.52
AGR_Cen_2020_01513,Central_Zone,JH_Plateau,2020,Rabi,Cotton,20.47,28.94,115.68,64.96,14.82,6.61,0.75,154.2,33.2,203.8,2276.37
AGR_Cen_2019_01514,Central_Zone,UP_Bundelkhand,2019,Rabi,Maize,20.89,28.21,153.21,43.78,10.0,7.0,0.719,168.7,31.8,156.3,3550.78
AGR_Cen_2019_01515,Central_Zone,CG_Plains,2019,Zaid,Rice,25.01,38.01,121.72,56.0,12.87,7.38,0.443,188.8,37.3,284.4,4264.61
AGR_Cen_2021_01516,Central_Zone,UP_Bundelkhand,2021,Kharif,Soybean,24.37,37.19,856.82,82.77,10.93,6.25,0.477,199.4,11.4,204.3,3066.71
AGR_Cen_2021_01517,Central_Zone,MP_Narmada,2021,Kharif,Soybean,24.99,37.99,716.36,61.75,11.3,8.16,0.518,172.2,21.2,188.9,2860.8
AGR_Cen_2022_01518,Central_Zone,UP_Bundelkhand,2022,Kharif,Soybean,24.23,,1028.59,79.7,10.45,6.51,0.568,228.0,20.9,239.0,3382.34
AGR_Cen_2022_01519,Central_Zone,MP_Narmada,2022,Rabi,Rice,19.11,28.79,37.48,40.64,11.12,7.66,0.936,146.0,14.2,166.0,4156.29
AGR_Cen_2020_01520,Central_Zone,CG_Plains,2020,Kharif,Soybean,25.53,33.35,708.01,75.52,10.0,7.14,0.61,154.1,16.4,228.2,3060.7
AGR_Cen_2018_01521,Central_Zone,UP_Bundelkhand,2018,Kharif,Rice,23.64,35.12,736.21,63.75,15.1,7.14,0.667,183.7,22.3,202.9,5201.25
AGR_Cen_2018_01522,Central_Zone,UP_Bundelkhand,2018,Rabi,Wheat,24.11,35.72,242.85,46.01,12.38,6.77,0.526,245.8,33.3,185.8,4629.92
AGR_Cen_2020_01523,Central_Zone,JH_Plateau,2020,Rabi,Pulses,19.14,28.88,98.61,43.6,15.01,6.43,0.764,164.8,20.2,217.8,1448.89
AGR_Cen_2023_01524,Central_Zone,UP_Bundelkhand,2023,Kharif,Rice,22.39,34.95,666.54,79.0,11.46,7.37,0.39,169.0,18.6,227.1,4980.62
AGR_Cen_2022_01525,Central_Zone,MP_Narmada,2022,Zaid,Pulses,25.38,35.83,68.88,48.28,15.77,6.53,0.36,90.4,20.1,145.7,1614.18
AGR_Cen_2019_01526,Central_Zone,JH_Plateau,2019,Kharif,Maize,25.87,36.19,829.01,63.8,10.51,6.89,0.526,138.3,26.6,185.2,4100.0
AGR_Cen_2019_01527,Central_Zone,CG_Plains,2019,Kharif,Wheat,24.39,33.56,689.79,70.68,12.12,5.83,0.454,193.6,26.7,229.5,4325.95
AGR_Cen_2020_01528,Central_Zone,CG_Plains,2020,Kharif,Pulses,21.52,34.09,778.48,66.03,10.99,7.4,0.777,188.0,24.6,203.0,2213.27
AGR_Cen_2018_01529,Central_Zone,MP_Narmada,2018,Rabi,Cotton,18.64,31.02,201.73,79.52,11.76,6.22,0.266,172.5,21.0,265.0,2083.7
AGR_Cen_2018_01530,Central_Zone,MP_Narmada,2018,Rabi,Wheat,18.41,27.22,112.8,58.46,10.0,6.38,0.624,225.6,24.9,189.3,4012.04
AGR_Cen_2023_01531,Central_Zone,MP_Narmada,2023,Kharif,Cotton,25.11,39.0,1429.8,91.07,11.0,7.09,0.708,211.4,21.7,207.1,2819.02
AGR_Cen_2022_01532,Central_Zone,UP_Bundelkhand,2022,Kharif,Maize,23.94,34.38,1147.63,90.75,10.0,7.4,0.824,174.1,25.4,143.0,4308.47
AGR_Cen_2018_01533,Central_Zone,CG_Plains,2018,Rabi,Rice,18.17,31.09,96.75,48.71,10.66,6.1,0.494,157.9,23.4,264.1,4110.91
AGR_Cen_2019_01534,Central_Zone,CG_Plains,2019,Kharif,Pulses,22.9,36.02,1393.84,90.13,10.0,6.73,0.511,174.4,32.9,262.1,2379.95
AGR_Cen_2018_01535,Central_Zone,CG_Plains,2018,Rabi,Maize,19.29,29.43,220.13,42.16,15.31,7.23,0.581,102.5,25.9,185.2,3466.23
AGR_Cen_2022_01536,Central_Zone,CG_Plains,2022,Kharif,Pulses,25.74,33.04,700.65,65.15,10.88,5.2,0.363,123.1,26.2,275.5,2306.5
AGR_Cen_2021_01537,Central_Zone,JH_Plateau,2021,Kharif,Maize,23.66,30.96,834.72,87.43,10.0,6.02,0.489,186.5,19.9,209.1,3775.45
AGR_Cen_2021_01538,Central_Zone,JH_Plateau,2021,Kharif,Soybean,22.68,32.63,932.18,64.34,14.21,5.94,0.744,203.2,21.4,250.1,3526.51
AGR_Cen_2019_01539,Central_Zone,CG_Plains,2019,Rabi,Rice,18.94,29.87,,66.57,13.24,5.57,0.648,150.3,27.0,167.8,4261.96
AGR_Cen_2019_01540,Central_Zone,CG_Plains,2019,Kharif,Soybean,26.6,40.42,623.57,57.59,16.39,6.92,0.483,148.7,30.2,114.4,2827.38
AGR_Cen_2023_01541,Central_Zone,UP_Bundelkhand,2023,Zaid,Wheat,26.0,,56.68,58.7,10.0,6.61,0.2,205.4,25.2,173.1,3642.54
AGR_Cen_2018_01542,Central_Zone,CG_Plains,2018,Kharif,Pulses,23.77,33.28,,70.95,13.64,6.5,0.665,171.3,14.8,253.2,2449.19
AGR_Cen_2022_01543,Central_Zone,CG_Plains,2022,Kharif,Cotton,23.81,33.64,1181.11,89.52,10.0,6.84,0.682,208.4,19.3,111.0,2893.56
AGR_Cen_2019_01544,Central_Zone,CG_Plains,2019,Kharif,Maize,25.44,35.41,1583.94,95.0,10.0,6.46,0.753,171.7,24.0,186.0,4076.6
AGR_Cen_2019_01545,Central_Zone,MP_Narmada,2019,Kharif,Cotton,23.81,33.36,1090.13,86.21,10.0,6.37,0.879,169.9,17.0,254.4,3136.24
AGR_Cen_2020_01546,Central_Zone,CG_Plains,2020,Rabi,Wheat,20.75,29.51,113.44,39.91,16.02,6.62,0.639,160.9,24.4,231.6,3539.89
AGR_Cen_2019_01547,Central_Zone,UP_Bundelkhand,2019,Kharif,Soybean,20.78,28.43,826.32,73.9,10.0,6.8,0.521,212.4,28.2,254.8,3203.75
AGR_Cen_2020_01548,Central_Zone,UP_Bundelkhand,2020,Rabi,Pulses,20.56,28.33,111.1,66.48,13.92,7.34,0.904,156.9,23.7,265.6,1493.12
AGR_Cen_2022_01549,Central_Zone,JH_Plateau,2022,Kharif,Wheat,24.76,31.85,613.48,69.64,15.44,6.98,0.857,227.3,11.4,207.0,5118.75
AGR_Cen_2023_01550,Central_Zone,UP_Bundelkhand,2023,Rabi,Cotton,21.96,31.98,160.31,48.41,12.7,6.73,0.603,151.2,25.8,110.0,2095.07
AGR_Cen_2021_01551,Central_Zone,CG_Plains,2021,Kharif,Maize,25.79,33.08,853.16,92.61,10.74,5.64,0.562,149.2,18.2,328.0,4063.4
AGR_Cen_2018_01552,Central_Zone,CG_Plains,2018,Kharif,Cotton,21.53,30.22,482.6,43.73,14.52,7.28,0.518,202.5,20.4,293.2,2844.48
AGR_Cen_2023_01553,Central_Zone,MP_Narmada,2023,Rabi,Soybean,17.36,25.43,,50.31,12.44,5.73,0.561,214.2,15.4,154.2,2503.63
AGR_Cen_2023_01554,Central_Zone,UP_Bundelkhand,2023,Rabi,Soybean,,25.97,208.67,61.41,10.0,6.66,0.861,217.0,16.6,240.7,2521.3
AGR_Cen_2023_01555,Central_Zone,JH_Plateau,2023,Kharif,Rice,24.63,38.28,932.34,62.9,14.64,7.67,0.471,191.8,17.8,233.1,4873.95
AGR_Cen_2018_01556,Central_Zone,CG_Plains,2018,Kharif,Wheat,23.79,33.01,1236.24,91.0,10.0,6.83,0.595,159.9,17.1,184.2,4362.52
AGR_Cen_2022_01557,Central_Zone,JH_Plateau,2022,Kharif,Maize,24.44,37.91,224.58,42.27,10.56,5.96,0.605,203.4,22.4,260.5,4011.03
AGR_Cen_2023_01558,Central_Zone,CG_Plains,2023,Kharif,Pulses,25.57,36.35,858.66,85.6,10.0,5.96,0.532,169.6,20.5,204.7,2210.89
AGR_Cen_2023_01559,Central_Zone,CG_Plains,2023,Rabi,Soybean,20.84,29.97,175.61,56.89,10.66,7.15,0.938,252.8,9.1,208.8,2831.25
AGR_Cen_2019_01560,Central_Zone,CG_Plains,2019,Zaid,Wheat,25.62,37.75,142.25,59.6,10.0,7.37,0.753,254.1,14.7,169.7,4285.7
AGR_Cen_2018_01561,Central_Zone,MP_Narmada,2018,Rabi,Cotton,20.9,28.42,277.46,68.51,10.6,5.95,0.482,163.6,29.1,168.3,2333.93
AGR_Cen_2021_01562,Central_Zone,CG_Plains,2021,Kharif,Rice,,30.22,1153.07,76.9,10.0,6.31,0.44,215.8,27.6,242.2,5138.31
AGR_Cen_2019_01563,Central_Zone,MP_Narmada,2019,Rabi,Maize,17.59,30.69,184.31,59.47,10.0,6.78,0.565,173.3,35.3,234.2,3674.55
AGR_Cen_2021_01564,Central_Zone,MP_Narmada,2021,Rabi,Cotton,18.78,31.5,50.38,70.48,10.32,5.66,0.467,213.9,27.4,230.6,2119.31
AGR_Cen_2019_01565,Central_Zone,JH_Plateau,2019,Kharif,Wheat,24.91,37.1,778.05,81.31,10.0,6.22,0.532,181.0,23.9,201.4,4544.86
AGR_Cen_2018_01566,Central_Zone,CG_Plains,2018,Zaid,Pulses,25.46,39.31,110.13,51.41,13.7,6.99,0.354,196.9,32.6,270.9,1418.69
AGR_Cen_2019_01567,Central_Zone,JH_Plateau,2019,Kharif,Pulses,25.31,32.42,1072.53,89.32,11.87,7.81,0.929,166.3,12.6,296.8,2259.01
AGR_Cen_2022_01568,Central_Zone,CG_Plains,2022,Kharif,Soybean,24.2,32.83,1192.48,81.89,11.02,7.57,0.729,223.5,18.8,249.0,3589.57
AGR_Cen_2021_01569,Central_Zone,JH_Plateau,2021,Kharif,Maize,,36.47,1099.42,95.0,10.42,6.96,0.351,254.0,28.6,193.8,4159.15
AGR_Cen_2021_01570,Central_Zone,UP_Bundelkhand,2021,Kharif,Cotton,20.26,32.83,968.24,87.19,10.0,5.98,0.2,175.2,16.8,137.3,2388.64
AGR_Cen_2021_01571,Central_Zone,MP_Narmada,2021,Kharif,Pulses,22.55,30.78,756.68,76.25,10.0,7.35,0.879,183.2,19.6,278.4,2214.97
AGR_Cen_2020_01572,Central_Zone,CG_Plains,2020,Kharif,Soybean,26.0,38.18,774.46,88.44,10.0,5.82,0.529,162.7,8.9,231.5,2804.38
AGR_Cen_2023_01573,Central_Zone,MP_Narmada,2023,Kharif,Maize,,,1138.58,83.63,10.27,7.44,0.947,224.1,21.4,202.2,4481.87
AGR_Cen_2023_01574,Central_Zone,MP_Narmada,2023,Rabi,Cotton,17.69,30.6,,62.74,10.0,7.05,0.919,159.9,14.7,202.3,2757.98
AGR_Cen_2021_01575,Central_Zone,CG_Plains,2021,Rabi,Wheat,18.42,27.38,130.46,54.9,13.39,7.2,0.655,161.7,27.4,181.4,3480.38
AGR_Cen_2021_01576,Central_Zone,CG_Plains,2021,Rabi,Rice,20.92,32.36,97.84,,10.0,6.9,0.815,204.8,8.6,300.3,4497.08
AGR_Cen_2023_01577,Central_Zone,MP_Narmada,2023,Kharif,Cotton,26.39,36.42,938.61,76.42,12.77,7.31,0.823,167.4,18.6,244.0,3233.6
AGR_Cen_2018_01578,Central_Zone,MP_Narmada,2018,Zaid,Pulses,28.1,36.62,10.0,58.42,10.0,7.39,0.751,184.2,30.5,348.9,1410.3
AGR_Cen_2018_01579,Central_Zone,MP_Narmada,2018,Rabi,Maize,21.06,29.77,188.04,60.26,11.41,6.74,0.696,179.3,24.0,191.2,3865.66
AGR_Cen_2019_01580,Central_Zone,UP_Bundelkhand,2019,Kharif,Maize,24.8,37.09,766.19,78.14,10.2,7.94,0.518,206.7,18.6,182.5,3858.2
AGR_Cen_2021_01581,Central_Zone,JH_Plateau,2021,Kharif,Pulses,24.32,33.01,1479.53,95.0,10.0,6.87,0.815,169.6,22.9,172.3,2353.29
AGR_Cen_2020_01582,Central_Zone,MP_Narmada,2020,Rabi,Soybean,19.28,30.43,65.33,64.53,11.13,7.23,0.485,211.7,16.8,191.5,2331.49
AGR_Cen_2022_01583,Central_Zone,UP_Bundelkhand,2022,Zaid,Maize,,,128.73,30.0,14.16,6.37,0.655,172.7,15.3,240.4,3395.62
AGR_Cen_2022_01584,Central_Zone,UP_Bundelkhand,2022,Rabi,Pulses,,35.14,141.41,59.64,10.0,7.93,0.331,106.4,24.3,113.3,1419.84
AGR_Cen_2023_01585,Central_Zone,CG_Plains,2023,Kharif,Pulses,23.66,36.01,1065.92,81.03,10.52,5.45,0.797,203.6,27.9,180.5,2519.23
AGR_Cen_2022_01586,Central_Zone,JH_Plateau,2022,Rabi,Soybean,20.67,33.09,171.85,43.52,10.0,6.47,0.555,161.0,13.1,221.9,2376.85
AGR_Cen_2019_01587,Central_Zone,MP_Narmada,2019,Rabi,Wheat,22.5,30.83,198.7,66.15,10.0,7.4,0.308,179.3,33.3,221.5,3782.88
AGR_Cen_2019_01588,Central_Zone,UP_Bundelkhand,2019,Zaid,Wheat,25.97,38.85,94.34,62.05,10.67,5.94,0.6,222.8,24.5,148.4,3835.55
AGR_Cen_2020_01589,Central_Zone,JH_Plateau,2020,Zaid,Rice,24.15,31.63,89.96,53.29,13.02,6.52,0.5,134.2,18.8,230.3,3940.69
AGR_Cen_2020_01590,Central_Zone,CG_Plains,2020,Kharif,Wheat,24.19,35.03,373.85,79.89,12.0,6.39,0.229,176.7,26.4,250.4,4355.1
AGR_Cen_2018_01591,Central_Zone,CG_Plains,2018,Rabi,Cotton,19.94,33.22,155.51,72.61,12.4,7.25,0.207,90.7,17.7,237.1,1980.47
AGR_Cen_2022_01592,Central_Zone,CG_Plains,2022,Rabi,Cotton,19.48,30.19,193.77,46.89,12.21,6.57,0.605,171.3,24.3,205.1,2426.83
AGR_Cen_2018_01593,Central_Zone,JH_Plateau,2018,Rabi,Cotton,21.17,31.96,210.41,62.33,13.11,6.38,0.829,160.3,28.4,233.7,2455.14
AGR_Cen_2023_01594,Central_Zone,JH_Plateau,2023,Kharif,Cotton,21.88,35.0,894.44,67.87,12.43,7.14,0.725,138.1,13.0,147.1,3101.57
AGR_Cen_2021_01595,Central_Zone,CG_Plains,2021,Rabi,Wheat,18.51,27.39,214.98,48.54,12.44,6.28,0.765,142.7,11.0,244.6,4094.49
AGR_Cen_2021_01596,Central_Zone,JH_Plateau,2021,Rabi,Cotton,21.31,28.95,190.49,44.4,15.08,7.14,0.769,243.1,32.5,220.9,2516.81
AGR_Cen_2018_01597,Central_Zone,UP_Bundelkhand,2018,Rabi,Rice,18.47,32.01,162.76,82.98,13.94,6.43,0.621,184.2,26.8,237.2,4588.41
AGR_Cen_2018_01598,Central_Zone,CG_Plains,2018,Rabi,Wheat,19.02,32.85,165.9,63.46,10.0,7.31,0.667,183.5,24.0,235.5,4127.95
AGR_Cen_2023_01599,Central_Zone,CG_Plains,2023,Kharif,Cotton,24.67,32.9,1133.21,92.81,10.0,6.65,0.632,195.6,27.1,119.8,2980.3
AGR_Cen_2020_01600,Central_Zone,CG_Plains,2020,Kharif,Rice,21.0,34.48,473.21,71.23,11.6,6.39,0.868,106.0,21.2,257.7,4762.32
AGR_Cen_2023_01601,Central_Zone,CG_Plains,2023,Rabi,Soybean,17.87,28.21,267.23,39.64,12.38,7.41,0.361,209.7,27.2,245.0,2961.62
AGR_Cen_2020_01602,Central_Zone,JH_Plateau,2020,Kharif,Maize,21.93,35.13,1294.13,95.0,10.0,6.76,0.774,147.2,22.8,250.4,4258.18
AGR_Cen_2021_01603,Central_Zone,JH_Plateau,2021,Rabi,Soybean,19.95,27.19,114.48,50.84,13.33,7.27,0.619,182.7,32.5,264.0,2291.64
AGR_Cen_2023_01604,Central_Zone,UP_Bundelkhand,2023,Zaid,Rice,26.1,39.44,78.95,52.27,12.43,7.63,0.744,186.2,20.4,182.0,4593.94
AGR_Cen_2021_01605,Central_Zone,JH_Plateau,2021,Rabi,Pulses,19.75,27.61,233.63,59.71,10.0,6.38,0.728,172.0,21.5,205.5,1751.39
AGR_Cen_2022_01606,Central_Zone,UP_Bundelkhand,2022,Kharif,Wheat,22.8,,271.17,54.05,12.24,6.4,0.583,206.7,11.3,149.7,4520.73
AGR_Cen_2021_01607,Central_Zone,MP_Narmada,2021,Rabi,Maize,18.69,31.61,204.14,63.18,10.0,7.9,0.436,228.3,29.7,285.3,3714.9
AGR_Cen_2021_01608,Central_Zone,CG_Plains,2021,Rabi,Maize,19.99,31.18,165.95,46.3,14.75,6.77,0.613,190.8,25.7,231.6,3244.67
AGR_Cen_2021_01609,Central_Zone,MP_Narmada,2021,Rabi,Maize,21.51,30.87,143.35,53.93,13.36,7.6,0.747,194.0,22.7,163.9,3545.86
AGR_Cen_2021_01610,Central_Zone,JH_Plateau,2021,Kharif,Pulses,27.6,39.5,1146.25,57.64,13.11,6.25,0.614,201.5,17.1,196.7,2444.44
AGR_Cen_2023_01611,Central_Zone,JH_Plateau,2023,Kharif,Soybean,22.06,31.39,529.34,75.8,10.11,7.78,0.796,210.9,22.7,240.0,3099.54
AGR_Cen_2019_01612,Central_Zone,JH_Plateau,2019,Rabi,Wheat,22.59,34.1,233.83,62.47,13.71,6.27,0.442,172.8,22.6,189.6,4101.49
AGR_Cen_2022_01613,Central_Zone,JH_Plateau,2022,Zaid,Maize,26.02,36.97,131.83,46.78,15.45,7.13,0.702,173.7,18.6,195.1,3430.37
AGR_Cen_2021_01614,Central_Zone,CG_Plains,2021,Zaid,Rice,26.38,36.63,81.27,40.72,14.21,6.68,0.599,228.7,23.3,276.9,5089.1
AGR_Cen_2021_01615,Central_Zone,MP_Narmada,2021,Zaid,Wheat,27.38,35.66,92.48,40.19,14.83,6.97,0.561,180.7,30.1,147.2,3770.57
AGR_Cen_2021_01616,Central_Zone,UP_Bundelkhand,2021,Kharif,Soybean,22.38,33.38,556.27,52.34,11.76,7.3,0.297,201.6,12.1,226.8,3117.7
AGR_Cen_2018_01617,Central_Zone,UP_Bundelkhand,2018,Kharif,Soybean,22.94,35.25,717.55,80.7,11.5,7.55,0.738,208.8,18.3,274.8,3459.17
AGR_Cen_2020_01618,Central_Zone,MP_Narmada,2020,Kharif,Rice,25.62,35.46,900.12,82.52,10.0,6.61,0.623,218.5,26.7,175.5,5352.3
AGR_Cen_2019_01619,Central_Zone,MP_Narmada,2019,Zaid,Cotton,27.85,36.37,132.75,55.7,11.34,6.82,0.703,164.1,11.6,225.9,2237.32
AGR_Cen_2020_01620,Central_Zone,MP_Narmada,2020,Kharif,Maize,24.47,36.91,986.36,72.82,11.65,6.46,0.51,173.1,21.4,199.3,4227.28
AGR_Cen_2022_01621,Central_Zone,CG_Plains,2022,Rabi,Maize,20.37,27.6,128.91,68.96,12.75,7.14,0.336,169.6,24.9,227.3,3207.55
AGR_Cen_2019_01622,Central_Zone,CG_Plains,2019,Rabi,Maize,17.74,26.57,311.12,72.37,10.91,6.77,0.505,131.7,22.6,155.4,3156.05
AGR_Cen_2021_01623,Central_Zone,JH_Plateau,2021,Rabi,Wheat,,25.17,180.94,63.32,12.07,6.8,0.733,197.3,17.2,261.3,4343.97
AGR_Cen_2022_01624,Central_Zone,CG_Plains,2022,Rabi,Pulses,19.57,,199.31,47.73,14.67,6.83,0.538,139.0,24.2,203.5,1537.61
AGR_Cen_2021_01625,Central_Zone,MP_Narmada,2021,Kharif,Cotton,23.95,35.75,1103.18,76.28,10.0,6.52,0.735,131.0,32.6,258.5,2948.03
AGR_Cen_2020_01626,Central_Zone,UP_Bundelkhand,2020,Kharif,Maize,27.61,39.59,465.21,69.85,12.98,6.21,0.601,193.1,25.8,308.3,4148.08
AGR_Cen_2022_01627,Central_Zone,JH_Plateau,2022,Kharif,Pulses,22.39,30.76,352.15,50.17,11.31,7.5,0.711,126.0,21.4,224.8,2022.04
AGR_Cen_2022_01628,Central_Zone,UP_Bundelkhand,2022,Rabi,Cotton,18.89,28.98,183.1,44.54,13.17,7.21,0.651,209.5,11.2,223.6,2386.86
AGR_Cen_2023_01629,Central_Zone,JH_Plateau,2023,Rabi,Soybean,18.24,,70.6,52.02,10.57,8.0,0.721,158.6,18.5,169.1,2491.36
AGR_Cen_2022_01630,Central_Zone,CG_Plains,2022,Rabi,Maize,20.93,33.32,284.58,51.85,12.48,6.51,0.538,187.2,21.9,207.6,3762.49
AGR_Cen_2018_01631,Central_Zone,JH_Plateau,2018,Rabi,Pulses,19.35,32.65,125.31,38.44,16.69,6.43,0.912,197.9,28.2,169.5,1492.1
AGR_Cen_2020_01632,Central_Zone,UP_Bundelkhand,2020,Kharif,Wheat,23.51,34.91,921.85,78.3,10.37,6.48,0.209,92.5,22.1,160.6,3942.6
AGR_Cen_2023_01633,Central_Zone,UP_Bundelkhand,2023,Rabi,Pulses,19.78,27.03,,67.08,12.92,7.42,0.693,227.3,19.4,185.0,1855.74
AGR_Cen_2022_01634,Central_Zone,MP_Narmada,2022,Kharif,Cotton,23.13,31.61,1016.54,84.73,10.0,6.71,0.783,134.9,28.1,218.1,2976.48
AGR_Cen_2022_01635,Central_Zone,MP_Narmada,2022,Kharif,Maize,22.78,34.78,968.51,94.15,10.0,7.17,0.722,162.7,22.1,179.3,4153.29
AGR_Cen_2023_01636,Central_Zone,MP_Narmada,2023,Kharif,Pulses,22.63,30.93,781.94,80.73,10.0,6.86,0.381,151.6,18.5,202.3,2014.5
AGR_Cen_2019_01637,Central_Zone,CG_Plains,2019,Rabi,Rice,20.9,30.61,247.54,64.02,12.78,6.68,0.595,160.2,19.6,214.5,4496.22
AGR_Cen_2018_01638,Central_Zone,UP_Bundelkhand,2018,Zaid,Rice,25.93,38.36,,57.22,11.17,7.81,0.611,172.7,27.2,203.3,4179.48
AGR_Cen_2022_01639,Central_Zone,JH_Plateau,2022,Kharif,Cotton,22.15,32.2,1051.75,80.22,10.0,6.98,0.895,175.5,22.5,218.8,2810.85
AGR_Cen_2021_01640,Central_Zone,CG_Plains,2021,Kharif,Cotton,23.66,30.77,915.36,79.46,13.22,6.93,0.64,236.3,32.1,166.1,3151.82
AGR_Cen_2021_01641,Central_Zone,MP_Narmada,2021,Kharif,Rice,23.96,34.86,1379.59,95.0,11.23,7.16,0.589,189.6,25.0,204.9,5246.05
AGR_Cen_2020_01642,Central_Zone,UP_Bundelkhand,2020,Rabi,Rice,16.6,29.31,267.66,37.34,13.13,7.53,0.736,163.0,27.9,211.2,4609.81
AGR_Cen_2021_01643,Central_Zone,UP_Bundelkhand,2021,Rabi,Cotton,18.31,28.07,93.54,46.44,10.0,6.1,0.937,204.6,21.0,196.8,2401.31
AGR_Cen_2022_01644,Central_Zone,UP_Bundelkhand,2022,Rabi,Soybean,21.76,30.86,,49.56,12.5,7.13,0.611,204.4,20.1,201.8,2636.98
AGR_Cen_2023_01645,Central_Zone,MP_Narmada,2023,Rabi,Wheat,,27.49,179.87,50.94,13.11,7.74,0.785,187.5,26.1,157.4,4152.04
AGR_Cen_2022_01646,Central_Zone,CG_Plains,2022,Rabi,Wheat,17.53,,182.21,74.76,10.0,6.24,0.545,120.7,24.7,307.0,3459.04
AGR_Cen_2020_01647,Central_Zone,CG_Plains,2020,Kharif,Cotton,24.79,34.29,1354.3,,10.0,6.64,0.471,178.5,19.9,283.0,3022.02
AGR_Cen_2021_01648,Central_Zone,MP_Narmada,2021,Kharif,Rice,23.44,35.42,1434.74,95.0,10.0,7.83,0.875,201.3,15.2,219.4,5456.15
AGR_Cen_2020_01649,Central_Zone,MP_Narmada,2020,Rabi,Maize,19.81,29.07,218.36,59.39,10.0,6.35,0.53,195.3,22.2,199.8,3583.02
AGR_Cen_2021_01650,Central_Zone,CG_Plains,2021,Rabi,Rice,19.03,32.21,178.96,60.88,11.25,7.05,0.77,169.6,28.7,188.4,4866.62
AGR_Cen_2023_01651,Central_Zone,CG_Plains,2023,Kharif,Soybean,24.12,33.13,1313.64,87.91,10.0,5.62,0.594,211.4,19.3,136.5,3172.39
AGR_Cen_2022_01652,Central_Zone,JH_Plateau,2022,Rabi,Soybean,23.04,36.46,114.91,47.79,15.5,6.97,0.493,152.8,26.5,110.0,2230.86
AGR_Cen_2023_01653,Central_Zone,MP_Narmada,2023,Kharif,Wheat,23.83,36.6,1147.52,85.62,11.63,7.43,0.662,180.9,22.3,118.2,4471.59
AGR_Cen_2019_01654,Central_Zone,MP_Narmada,2019,Kharif,Soybean,20.94,28.36,1136.83,76.53,10.0,6.96,0.587,184.3,14.5,240.0,3139.49
AGR_Cen_2020_01655,Central_Zone,MP_Narmada,2020,Zaid,Cotton,25.21,38.88,105.06,54.16,12.62,6.35,0.511,146.7,22.4,196.1,2276.74
AGR_Cen_2020_01656,Central_Zone,MP_Narmada,2020,Zaid,Rice,27.85,,77.19,48.42,13.57,6.39,0.66,195.3,22.0,196.5,4273.84
AGR_Cen_2021_01657,Central_Zone,MP_Narmada,2021,Rabi,Rice,20.91,,57.18,46.76,15.85,6.77,0.463,226.2,26.2,231.8,4493.9
AGR_Cen_2019_01658,Central_Zone,MP_Narmada,2019,Kharif,Cotton,25.62,37.92,866.92,78.24,10.0,7.04,0.69,148.9,18.2,126.1,2721.07
AGR_Cen_2018_01659,Central_Zone,JH_Plateau,2018,Zaid,Maize,25.47,34.87,56.65,46.27,12.92,7.61,0.671,192.6,26.3,231.7,3528.19
AGR_Cen_2019_01660,Central_Zone,UP_Bundelkhand,2019,Rabi,Maize,20.8,28.28,176.23,71.97,11.8,6.76,0.472,224.4,22.2,163.3,3825.02
AGR_Cen_2018_01661,Central_Zone,MP_Narmada,2018,Rabi,Pulses,23.22,32.7,225.26,56.18,12.97,6.15,0.845,215.1,17.6,175.7,1950.81
AGR_Cen_2021_01662,Central_Zone,MP_Narmada,2021,Kharif,Pulses,20.27,32.74,831.77,69.39,10.91,6.61,0.669,146.1,23.8,163.5,2180.38
AGR_Cen_2021_01663,Central_Zone,JH_Plateau,2021,Kharif,Rice,24.43,,207.56,72.41,10.89,7.46,0.693,124.6,29.7,260.8,4339.3
AGR_Cen_2019_01664,Central_Zone,MP_Narmada,2019,Kharif,Rice,24.82,37.69,1674.1,93.89,10.0,7.12,0.416,147.4,12.4,232.3,4366.63
AGR_Cen_2023_01665,Central_Zone,MP_Narmada,2023,Rabi,Rice,17.24,26.86,135.26,58.21,11.88,7.12,0.843,190.1,21.6,265.4,4467.71
AGR_Cen_2019_01666,Central_Zone,CG_Plains,2019,Kharif,Wheat,23.03,35.5,1152.04,93.55,10.0,7.19,0.37,132.4,19.8,210.4,4523.38
AGR_Cen_2021_01667,Central_Zone,UP_Bundelkhand,2021,Rabi,Pulses,20.91,29.93,170.14,59.93,11.83,5.84,0.735,107.6,20.2,317.0,1430.27
AGR_Cen_2023_01668,Central_Zone,JH_Plateau,2023,Rabi,Rice,18.93,30.18,190.31,51.22,12.44,7.58,0.383,203.3,11.5,136.6,4166.29
AGR_Cen_2020_01669,Central_Zone,CG_Plains,2020,Rabi,Pulses,22.27,31.87,167.34,36.96,16.62,5.51,0.585,170.9,24.0,279.1,1332.84
AGR_Cen_2023_01670,Central_Zone,JH_Plateau,2023,Kharif,Pulses,22.81,30.7,764.48,,12.67,6.87,0.296,222.6,11.9,246.7,1820.38
AGR_Cen_2021_01671,Central_Zone,JH_Plateau,2021,Kharif,Pulses,24.64,36.27,423.25,,10.0,6.22,0.661,149.3,11.9,275.7,2239.78
AGR_Cen_2019_01672,Central_Zone,JH_Plateau,2019,Kharif,Pulses,23.16,30.48,1151.7,80.08,13.11,7.91,0.2,170.2,23.6,256.4,2144.99
AGR_Cen_2022_01673,Central_Zone,JH_Plateau,2022,Rabi,Rice,18.31,31.84,139.16,65.64,11.5,6.6,0.808,185.6,30.8,276.5,4603.93
AGR_Cen_2019_01674,Central_Zone,JH_Plateau,2019,Zaid,Cotton,27.04,35.59,100.56,30.04,15.09,7.73,0.673,221.4,19.6,256.9,2248.75
AGR_Cen_2020_01675,Central_Zone,JH_Plateau,2020,Kharif,Rice,23.95,34.13,563.57,62.42,10.0,6.33,0.575,200.8,15.8,212.4,5230.86
AGR_Cen_2018_01676,Central_Zone,MP_Narmada,2018,Kharif,Soybean,24.89,37.21,1596.46,95.0,10.0,6.08,0.397,162.9,24.4,231.9,2985.57
AGR_Cen_2022_01677,Central_Zone,JH_Plateau,2022,Rabi,Wheat,18.31,26.45,106.03,47.09,15.05,6.99,0.505,228.3,21.1,227.6,4027.49
AGR_Cen_2022_01678,Central_Zone,JH_Plateau,2022,Rabi,Rice,19.47,32.62,223.22,53.08,12.44,7.31,0.702,198.7,20.1,187.7,4518.38
AGR_Cen_2022_01679,Central_Zone,JH_Plateau,2022,Kharif,Cotton,24.02,,858.5,83.1,10.0,5.73,0.463,144.2,28.5,251.4,2605.22
AGR_Cen_2023_01680,Central_Zone,CG_Plains,2023,Zaid,Rice,25.08,37.18,38.49,51.78,11.25,6.85,0.698,144.4,27.0,294.8,3790.87
AGR_Cen_2018_01681,Central_Zone,CG_Plains,2018,Rabi,Pulses,20.18,30.7,226.53,60.33,11.07,7.43,0.556,244.3,25.6,244.4,1938.31
AGR_Cen_2021_01682,Central_Zone,MP_Narmada,2021,Kharif,Wheat,22.6,33.67,1244.51,83.16,10.02,6.83,0.855,213.7,25.0,160.9,4861.16
AGR_Cen_2020_01683,Central_Zone,MP_Narmada,2020,Rabi,Wheat,18.98,31.87,99.28,62.81,16.25,5.84,0.574,160.9,18.0,241.4,3578.14
AGR_Cen_2019_01684,Central_Zone,CG_Plains,2019,Kharif,Cotton,22.17,31.18,,73.09,10.0,7.2,0.865,172.0,21.0,280.7,3063.8
AGR_Cen_2018_01685,Central_Zone,UP_Bundelkhand,2018,Rabi,Pulses,18.73,30.99,252.72,51.53,13.66,7.44,0.575,209.4,9.2,205.9,1704.89
AGR_Cen_2021_01686,Central_Zone,UP_Bundelkhand,2021,Kharif,Soybean,,34.83,1319.0,95.0,11.28,6.72,0.609,136.1,15.6,281.2,3231.11
AGR_Cen_2023_01687,Central_Zone,UP_Bundelkhand,2023,Kharif,Pulses,26.28,36.63,1220.56,85.97,10.0,5.84,0.726,175.9,34.0,216.9,2564.8
AGR_Cen_2021_01688,Central_Zone,MP_Narmada,2021,Zaid,Pulses,27.05,36.24,65.65,62.38,14.98,6.27,0.536,196.2,18.9,253.3,1423.36
AGR_Cen_2023_01689,Central_Zone,JH_Plateau,2023,Rabi,Maize,19.88,32.09,259.86,60.01,14.49,6.29,0.799,183.2,14.2,197.8,3618.12
AGR_Cen_2018_01690,Central_Zone,MP_Narmada,2018,Kharif,Wheat,22.88,34.73,844.62,78.26,10.0,7.3,0.757,195.3,15.5,287.7,5043.23
AGR_Cen_2019_01691,Central_Zone,CG_Plains,2019,Rabi,Soybean,21.52,30.85,127.49,70.37,13.72,6.92,0.472,199.7,20.0,223.5,2532.59
AGR_Cen_2023_01692,Central_Zone,CG_Plains,2023,Kharif,Cotton,23.16,35.89,1148.71,95.0,10.0,6.32,0.583,177.5,18.6,225.4,2888.47
AGR_Cen_2022_01693,Central_Zone,JH_Plateau,2022,Rabi,Soybean,19.89,31.9,159.18,57.3,10.0,7.68,0.713,218.7,20.9,119.7,2910.2
AGR_Cen_2021_01694,Central_Zone,MP_Narmada,2021,Rabi,Maize,19.47,29.37,152.85,62.2,12.09,6.73,0.963,178.9,17.7,171.8,3663.73
AGR_Cen_2019_01695,Central_Zone,UP_Bundelkhand,2019,Kharif,Pulses,23.84,31.09,754.99,73.14,12.38,7.83,0.408,183.0,24.6,149.3,2400.83
AGR_Cen_2022_01696,Central_Zone,JH_Plateau,2022,Kharif,Maize,21.24,30.77,561.14,45.42,16.31,7.32,0.624,192.6,8.6,289.5,4232.92
AGR_Cen_2018_01697,Central_Zone,CG_Plains,2018,Zaid,Pulses,26.47,34.09,,62.64,12.23,5.87,0.34,142.9,19.8,147.0,1797.64
AGR_Cen_2020_01698,Central_Zone,JH_Plateau,2020,Kharif,Rice,26.15,36.36,907.91,87.72,10.43,6.53,0.393,197.4,16.0,232.2,5076.62
AGR_Cen_2018_01699,Central_Zone,MP_Narmada,2018,Kharif,Maize,24.87,34.9,768.32,75.43,13.94,7.06,0.552,168.4,30.1,213.2,4064.43
AGR_Cen_2020_01700,Central_Zone,UP_Bundelkhand,2020,Rabi,Wheat,,27.01,175.03,65.77,10.0,6.87,0.871,190.3,26.1,184.4,4221.31
AGR_Cen_2021_01701,Central_Zone,JH_Plateau,2021,Zaid,Pulses,24.95,38.56,113.61,41.92,11.98,7.53,0.465,190.7,22.5,190.2,1341.27
AGR_Cen_2019_01702,Central_Zone,JH_Plateau,2019,Rabi,Cotton,22.89,36.03,248.09,66.2,12.97,7.12,0.384,182.8,14.6,256.8,2597.78
AGR_Cen_2020_01703,Central_Zone,CG_Plains,2020,Rabi,Cotton,16.84,30.01,249.98,66.39,10.0,6.9,0.309,130.6,19.7,228.2,2138.18
AGR_Cen_2018_01704,Central_Zone,MP_Narmada,2018,Zaid,Rice,24.09,,10.0,61.52,12.64,6.57,0.633,141.7,22.3,212.3,3979.35
AGR_Cen_2020_01705,Central_Zone,UP_Bundelkhand,2020,Kharif,Cotton,23.93,35.87,1120.96,85.81,10.0,7.33,0.533,177.1,27.5,263.0,2899.62
AGR_Cen_2022_01706,Central_Zone,JH_Plateau,2022,Kharif,Rice,24.82,36.4,914.1,77.15,10.0,7.33,0.512,184.0,28.0,214.2,5041.88
AGR_Cen_2020_01707,Central_Zone,JH_Plateau,2020,Kharif,Rice,23.99,35.9,624.95,71.28,13.18,6.95,0.722,223.9,24.8,241.4,5773.98
AGR_Cen_2020_01708,Central_Zone,JH_Plateau,2020,Kharif,Pulses,24.04,36.6,1179.22,86.34,10.0,6.35,0.85,162.6,21.3,211.6,2023.03
AGR_Cen_2020_01709,Central_Zone,JH_Plateau,2020,Rabi,Rice,22.27,32.9,195.03,,13.79,6.53,0.427,215.2,17.9,197.3,4785.85
AGR_Cen_2020_01710,Central_Zone,JH_Plateau,2020,Rabi,Wheat,20.57,33.37,272.58,50.06,13.09,6.48,0.502,158.7,29.3,256.6,4086.34
AGR_Cen_2023_01711,Central_Zone,UP_Bundelkhand,2023,Rabi,Soybean,19.64,28.48,250.5,72.22,13.41,6.6,0.43,135.5,14.2,230.8,2132.01
AGR_Cen_2019_01712,Central_Zone,JH_Plateau,2019,Rabi,Maize,20.66,30.83,155.05,33.16,12.32,6.55,0.67,143.7,27.7,322.4,3150.9
AGR_Cen_2018_01713,Central_Zone,CG_Plains,2018,Kharif,Pulses,22.88,34.54,439.95,63.42,16.12,6.75,0.494,154.3,18.4,252.2,1890.2
AGR_Cen_2021_01714,Central_Zone,JH_Plateau,2021,Kharif,Pulses,24.77,36.23,953.06,89.48,10.55,7.73,0.707,191.0,21.7,186.7,2309.08
AGR_Cen_2019_01715,Central_Zone,CG_Plains,2019,Rabi,Pulses,18.63,30.48,153.94,30.0,14.15,7.66,0.731,148.8,20.2,179.3,1508.48
AGR_Cen_2023_01716,Central_Zone,UP_Bundelkhand,2023,Kharif,Wheat,22.08,31.97,402.64,54.91,10.3,5.91,0.298,165.4,25.5,232.2,4234.76
AGR_Cen_2023_01717,Central_Zone,UP_Bundelkhand,2023,Rabi,Maize,21.71,28.81,212.96,,11.31,6.96,1.017,149.7,22.2,278.4,3815.84
AGR_Cen_2021_01718,Central_Zone,MP_Narmada,2021,Kharif,Rice,23.54,35.28,586.83,63.89,11.55,7.53,0.762,141.2,24.4,225.7,5319.3
AGR_Cen_2020_01719,Central_Zone,JH_Plateau,2020,Kharif,Maize,21.83,35.17,607.83,,12.95,7.41,0.682,237.1,15.1,264.1,4597.63
AGR_Cen_2019_01720,Central_Zone,UP_Bundelkhand,2019,Kharif,Wheat,24.51,37.29,,85.01,10.0,7.37,0.633,114.6,37.4,212.0,4470.96
AGR_Cen_2022_01721,Central_Zone,UP_Bundelkhand,2022,Kharif,Wheat,24.5,36.82,991.07,88.69,10.0,5.42,1.116,221.3,17.2,156.7,5411.74
AGR_Cen_2019_01722,Central_Zone,JH_Plateau,2019,Kharif,Wheat,23.79,34.19,,87.56,11.96,6.46,0.356,219.5,29.8,204.2,4589.98
AGR_Cen_2020_01723,Central_Zone,CG_Plains,2020,Kharif,Maize,26.43,39.96,316.32,56.23,10.37,7.4,0.491,182.5,25.3,234.2,3654.4
AGR_Cen_2022_01724,Central_Zone,UP_Bundelkhand,2022,Kharif,Maize,,39.21,688.73,72.5,11.86,6.9,0.462,182.1,24.0,136.9,3988.02
AGR_Cen_2021_01725,Central_Zone,JH_Plateau,2021,Kharif,Pulses,25.09,38.97,703.62,65.32,10.11,6.93,0.64,155.5,29.0,247.2,2181.46
AGR_Cen_2018_01726,Central_Zone,MP_Narmada,2018,Rabi,Soybean,17.76,25.6,166.37,62.01,10.0,6.74,0.414,185.6,24.0,120.6,2394.42
AGR_Cen_2023_01727,Central_Zone,CG_Plains,2023,Zaid,Maize,26.81,37.41,74.93,69.68,11.24,6.66,0.489,223.5,18.8,184.4,3397.35
AGR_Cen_2022_01728,Central_Zone,MP_Narmada,2022,Rabi,Rice,21.2,29.95,179.96,46.5,13.04,7.57,0.659,150.2,21.6,194.2,4442.89
AGR_Cen_2023_01729,Central_Zone,UP_Bundelkhand,2023,Rabi,Wheat,,28.96,140.77,44.44,10.86,7.09,0.6,245.3,24.4,214.5,4175.37
AGR_Cen_2020_01730,Central_Zone,JH_Plateau,2020,Rabi,Soybean,20.32,31.76,110.07,67.28,10.0,6.3,0.639,184.6,24.9,211.2,2226.79
AGR_Cen_2023_01731,Central_Zone,CG_Plains,2023,Kharif,Pulses,24.26,32.33,869.42,95.0,10.84,6.24,0.673,254.6,30.8,173.7,2536.65
AGR_Cen_2019_01732,Central_Zone,JH_Plateau,2019,Kharif,Soybean,24.1,32.24,1007.56,95.0,10.38,7.28,0.2,130.4,17.8,253.4,2781.66
AGR_Cen_2020_01733,Central_Zone,UP_Bundelkhand,2020,Kharif,Maize,22.67,34.67,568.05,84.29,10.0,7.98,0.289,134.5,17.9,264.4,3755.42
AGR_Cen_2019_01734,Central_Zone,CG_Plains,2019,Rabi,Maize,18.7,32.15,138.73,40.12,12.17,6.51,0.498,159.1,24.6,240.7,3059.19
AGR_Cen_2022_01735,Central_Zone,CG_Plains,2022,Rabi,Wheat,21.85,31.05,195.92,45.8,15.43,6.08,0.454,156.4,10.7,291.1,3850.39
AGR_Cen_2018_01736,Central_Zone,CG_Plains,2018,Rabi,Soybean,20.98,33.71,99.91,59.56,17.17,6.97,0.43,158.8,18.1,198.6,2326.48
AGR_Cen_2023_01737,Central_Zone,CG_Plains,2023,Kharif,Cotton,25.73,33.59,988.88,78.72,12.02,5.91,0.778,204.2,22.7,240.5,3181.08
AGR_Cen_2021_01738,Central_Zone,CG_Plains,2021,Kharif,Cotton,21.74,28.83,1246.39,95.0,12.12,6.23,0.626,154.8,8.0,220.5,2830.89
AGR_Cen_2022_01739,Central_Zone,MP_Narmada,2022,Kharif,Pulses,24.51,36.91,744.62,83.7,12.49,7.6,0.845,169.5,25.6,196.6,2367.99
AGR_Cen_2021_01740,Central_Zone,UP_Bundelkhand,2021,Zaid,Pulses,25.73,35.52,116.56,50.44,14.34,6.49,0.588,174.7,25.2,315.1,1785.58
AGR_Cen_2021_01741,Central_Zone,CG_Plains,2021,Kharif,Cotton,22.4,,701.43,78.31,10.16,6.21,0.892,188.3,23.6,200.5,2952.06
AGR_Cen_2022_01742,Central_Zone,MP_Narmada,2022,Kharif,Cotton,24.59,33.38,694.22,74.38,10.29,7.06,0.571,143.0,26.9,217.4,2925.71
AGR_Cen_2022_01743,Central_Zone,UP_Bundelkhand,2022,Kharif,Cotton,24.25,32.44,1121.23,95.0,10.0,6.86,0.678,207.4,26.9,203.7,2858.22
AGR_Cen_2020_01744,Central_Zone,CG_Plains,2020,Rabi,Maize,20.08,33.63,195.83,58.95,10.0,6.79,0.935,150.8,17.2,158.1,3801.03
AGR_Cen_2018_01745,Central_Zone,CG_Plains,2018,Rabi,Pulses,21.96,31.94,202.9,53.73,11.77,6.83,0.63,195.0,8.2,261.8,1881.65
AGR_Cen_2023_01746,Central_Zone,CG_Plains,2023,Kharif,Pulses,23.98,34.82,622.62,75.76,10.0,6.82,0.79,161.3,27.6,235.1,2194.97
AGR_Cen_2018_01747,Central_Zone,UP_Bundelkhand,2018,Rabi,Pulses,22.4,29.86,218.54,55.05,10.95,6.31,0.721,169.7,25.5,157.7,1702.07
AGR_Cen_2018_01748,Central_Zone,MP_Narmada,2018,Kharif,Maize,25.86,39.06,1187.02,92.75,10.0,6.83,0.428,195.8,16.0,211.2,3838.63
AGR_Cen_2018_01749,Central_Zone,MP_Narmada,2018,Rabi,Cotton,20.35,30.14,,54.47,11.48,7.08,1.06,153.8,23.5,191.1,2198.18
AGR_Cen_2023_01750,Central_Zone,CG_Plains,2023,Rabi,Wheat,19.7,28.04,152.2,50.56,10.53,6.05,0.515,204.0,19.7,212.4,3929.68
AGR_Cen_2022_01751,Central_Zone,UP_Bundelkhand,2022,Kharif,Rice,25.23,35.7,859.44,70.75,10.0,5.95,0.624,140.4,15.4,266.4,4890.14
AGR_Cen_2020_01752,Central_Zone,JH_Plateau,2020,Zaid,Cotton,24.42,31.73,135.7,57.29,12.02,7.05,0.371,222.6,13.7,197.7,2522.1
AGR_Cen_2023_01753,Central_Zone,JH_Plateau,2023,Kharif,Maize,22.37,31.41,905.74,63.04,11.13,5.8,0.425,276.6,30.9,217.0,4423.23
AGR_Cen_2019_01754,Central_Zone,MP_Narmada,2019,Zaid,Rice,25.15,36.56,117.61,60.28,11.79,6.63,0.43,173.8,23.1,150.0,4272.89
AGR_Cen_2021_01755,Central_Zone,JH_Plateau,2021,Rabi,Pulses,19.73,28.76,135.05,62.1,10.0,5.2,0.712,128.3,34.5,141.4,1328.0
AGR_Cen_2021_01756,Central_Zone,MP_Narmada,2021,Kharif,Rice,24.02,33.26,,56.14,12.77,7.44,0.801,167.0,32.0,196.3,5581.02
AGR_Cen_2022_01757,Central_Zone,MP_Narmada,2022,Kharif,Cotton,27.95,35.09,1039.95,95.0,10.0,6.61,0.561,161.9,18.8,213.0,3159.14
AGR_Cen_2019_01758,Central_Zone,JH_Plateau,2019,Rabi,Maize,22.74,33.11,185.55,60.17,13.47,6.38,0.598,189.8,18.9,192.5,3546.62
AGR_Cen_2023_01759,Central_Zone,JH_Plateau,2023,Rabi,Maize,21.51,32.0,160.25,46.54,13.45,6.54,0.393,182.9,25.3,295.9,3256.68
AGR_Cen_2018_01760,Central_Zone,UP_Bundelkhand,2018,Rabi,Cotton,17.42,,164.87,73.87,10.0,7.14,0.471,232.3,18.1,189.4,2366.53
AGR_Cen_2022_01761,Central_Zone,MP_Narmada,2022,Rabi,Soybean,21.33,29.19,181.78,61.94,10.0,7.01,0.842,225.5,16.3,151.3,2853.12
AGR_Cen_2020_01762,Central_Zone,UP_Bundelkhand,2020,Kharif,Cotton,25.89,,1164.9,93.03,11.65,6.4,0.696,232.6,18.4,215.7,2966.42
AGR_Cen_2020_01763,Central_Zone,CG_Plains,2020,Kharif,Rice,27.22,37.4,977.11,79.78,10.0,6.44,0.542,167.8,14.5,298.8,4973.41
AGR_Cen_2019_01764,Central_Zone,UP_Bundelkhand,2019,Kharif,Pulses,24.47,33.3,649.64,72.98,11.65,6.73,0.586,161.5,18.8,245.5,2329.19
AGR_Cen_2022_01765,Central_Zone,JH_Plateau,2022,Zaid,Soybean,29.0,41.61,97.17,61.69,12.28,6.55,0.411,201.7,14.8,227.7,1857.89
AGR_Cen_2023_01766,Central_Zone,JH_Plateau,2023,Kharif,Cotton,25.77,36.81,851.83,72.11,10.0,5.68,0.432,173.6,22.8,269.5,2782.47
AGR_Cen_2018_01767,Central_Zone,UP_Bundelkhand,2018,Rabi,Maize,20.17,31.94,139.87,66.94,10.0,6.57,0.547,90.0,17.2,129.7,2860.21
AGR_Cen_2022_01768,Central_Zone,UP_Bundelkhand,2022,Rabi,Soybean,19.86,,138.6,43.06,11.83,7.42,0.282,114.1,32.6,283.5,2042.41
AGR_Cen_2019_01769,Central_Zone,UP_Bundelkhand,2019,Kharif,Maize,,37.09,936.61,95.0,10.0,7.1,0.487,179.8,25.5,261.4,3965.88
AGR_Cen_2020_01770,Central_Zone,MP_Narmada,2020,Kharif,Cotton,22.73,,1054.08,85.25,10.0,7.11,0.712,233.4,31.5,200.1,3497.08
AGR_Cen_2019_01771,Central_Zone,MP_Narmada,2019,Kharif,Cotton,25.11,34.58,,95.0,10.0,6.14,0.48,231.6,23.0,270.7,3377.37
AGR_Cen_2022_01772,Central_Zone,MP_Narmada,2022,Rabi,Rice,19.65,31.29,178.33,30.0,15.31,8.3,0.626,126.5,27.2,229.8,4029.72
AGR_Cen_2018_01773,Central_Zone,CG_Plains,2018,Rabi,Maize,20.42,33.96,256.66,56.37,13.39,7.84,0.396,187.2,18.1,216.1,3743.52
AGR_Cen_2019_01774,Central_Zone,UP_Bundelkhand,2019,Rabi,Rice,19.73,29.32,204.79,46.97,13.51,6.18,0.661,274.8,19.1,297.8,5279.78
AGR_Cen_2023_01775,Central_Zone,JH_Plateau,2023,Kharif,Maize,22.34,34.34,759.26,74.65,10.76,6.41,0.537,139.8,19.0,256.5,3714.7
AGR_Cen_2018_01776,Central_Zone,CG_Plains,2018,Rabi,Soybean,20.35,29.94,155.43,49.27,15.53,6.7,0.563,221.6,21.8,161.2,2664.76
AGR_Cen_2022_01777,Central_Zone,JH_Plateau,2022,Kharif,Pulses,24.02,34.15,1298.49,81.28,11.85,6.26,0.483,168.6,24.9,270.7,2216.46
AGR_Cen_2023_01778,Central_Zone,MP_Narmada,2023,Rabi,Rice,21.28,31.94,147.78,48.38,11.69,7.05,0.969,216.4,13.8,174.0,4895.56
AGR_Cen_2021_01779,Central_Zone,UP_Bundelkhand,2021,Rabi,Soybean,18.3,30.3,275.19,65.9,13.37,7.1,0.655,196.6,32.7,249.5,2729.15
AGR_Cen_2021_01780,Central_Zone,MP_Narmada,2021,Zaid,Cotton,28.63,37.26,96.94,56.22,15.44,7.09,0.55,204.8,22.4,184.8,2251.62
AGR_Cen_2020_01781,Central_Zone,JH_Plateau,2020,Rabi,Rice,18.42,27.15,194.35,43.31,11.4,6.57,0.859,126.4,23.4,174.3,4204.05
AGR_Cen_2023_01782,Central_Zone,CG_Plains,2023,Zaid,Rice,31.18,41.02,,63.65,11.81,6.1,0.536,180.9,21.4,204.0,4451.23
AGR_Cen_2022_01783,Central_Zone,UP_Bundelkhand,2022,Kharif,Wheat,24.55,32.02,815.04,80.69,12.88,7.28,0.251,166.6,26.7,262.1,4314.69
AGR_Cen_2022_01784,Central_Zone,MP_Narmada,2022,Kharif,Pulses,24.77,,863.89,85.55,10.89,6.99,0.437,181.6,16.2,244.5,2331.97
AGR_Cen_2018_01785,Central_Zone,UP_Bundelkhand,2018,Kharif,Maize,27.45,38.2,798.47,65.6,10.0,6.89,0.468,166.1,18.8,149.1,3924.09
AGR_Cen_2023_01786,Central_Zone,CG_Plains,2023,Kharif,Wheat,,36.12,621.16,,10.0,6.08,0.695,227.7,29.6,226.6,5141.34
AGR_Cen_2021_01787,Central_Zone,JH_Plateau,2021,Kharif,Pulses,25.67,38.43,950.11,,10.0,6.46,0.757,212.4,17.4,200.3,2152.83
AGR_Cen_2023_01788,Central_Zone,JH_Plateau,2023,Kharif,Cotton,21.74,32.48,821.72,72.93,11.87,7.7,0.374,191.9,28.9,210.7,2839.76
AGR_Cen_2018_01789,Central_Zone,UP_Bundelkhand,2018,Kharif,Wheat,22.78,35.7,838.85,87.12,11.76,8.17,0.382,161.8,22.5,210.2,4480.18
AGR_Cen_2020_01790,Central_Zone,UP_Bundelkhand,2020,Rabi,Pulses,19.15,29.13,201.88,,10.36,7.5,0.398,247.4,14.0,265.3,1690.47
AGR_Cen_2023_01791,Central_Zone,UP_Bundelkhand,2023,Kharif,Soybean,25.58,,338.59,51.29,10.83,6.34,0.473,243.2,24.3,210.9,3236.55
AGR_Cen_2018_01792,Central_Zone,MP_Narmada,2018,Rabi,Rice,18.25,28.6,212.44,63.38,11.17,7.0,0.361,164.5,27.4,122.3,3912.94
AGR_Cen_2019_01793,Central_Zone,CG_Plains,2019,Kharif,Wheat,26.18,39.72,1083.05,80.98,10.0,6.62,0.492,192.6,18.8,214.2,4375.72
AGR_Cen_2022_01794,Central_Zone,UP_Bundelkhand,2022,Kharif,Pulses,25.06,34.01,614.16,73.47,10.0,6.51,0.811,196.9,22.2,172.4,2428.82
AGR_Cen_2020_01795,Central_Zone,CG_Plains,2020,Kharif,Cotton,22.92,36.84,910.12,59.49,12.11,7.37,0.54,191.7,31.5,198.2,2953.31
AGR_Cen_2022_01796,Central_Zone,JH_Plateau,2022,Rabi,Wheat,17.54,28.74,129.52,70.74,10.0,7.28,0.557,196.8,29.9,238.5,3734.16
AGR_Cen_2023_01797,Central_Zone,JH_Plateau,2023,Rabi,Rice,21.57,34.98,253.93,42.5,13.27,6.09,0.704,180.4,27.4,279.3,5095.33
AGR_Cen_2019_01798,Central_Zone,JH_Plateau,2019,Rabi,Pulses,19.05,30.41,220.62,46.33,10.0,6.13,0.382,198.6,26.2,239.4,1482.4
AGR_Cen_2020_01799,Central_Zone,UP_Bundelkhand,2020,Kharif,Cotton,22.98,31.82,1013.52,81.77,10.0,6.44,0.84,194.8,10.5,244.3,3149.97
AGR_Cen_2021_01800,Central_Zone,CG_Plains,2021,Kharif,Wheat,25.58,36.21,977.08,67.1,14.71,7.34,0.64,175.5,20.8,271.4,4801.37
AGR_Cen_2023_01801,Central_Zone,JH_Plateau,2023,Zaid,Rice,25.68,39.43,,39.81,15.29,6.87,0.663,199.9,23.6,290.9,4266.16
AGR_Cen_2018_01802,Central_Zone,CG_Plains,2018,Kharif,Rice,24.62,34.47,1422.54,95.0,10.0,6.41,0.718,167.4,20.2,199.7,4966.22
AGR_Cen_2018_01803,Central_Zone,MP_Narmada,2018,Kharif,Pulses,23.89,30.97,784.39,81.77,10.0,7.97,0.522,241.9,19.9,285.1,2294.79
AGR_Cen_2020_01804,Central_Zone,UP_Bundelkhand,2020,Rabi,Rice,16.68,29.2,132.41,55.07,15.02,6.39,0.377,177.6,33.4,242.8,3918.54
AGR_Cen_2022_01805,Central_Zone,JH_Plateau,2022,Kharif,Cotton,22.52,35.31,978.95,69.24,10.97,7.59,0.606,154.4,18.3,151.7,2850.68
AGR_Cen_2019_01806,Central_Zone,CG_Plains,2019,Kharif,Cotton,24.66,34.34,784.83,73.56,10.08,6.96,0.643,222.8,28.1,349.7,3298.06
AGR_Cen_2022_01807,Central_Zone,MP_Narmada,2022,Rabi,Cotton,21.06,31.21,251.87,50.31,14.91,6.71,0.457,190.3,23.6,266.4,2569.77
AGR_Cen_2023_01808,Central_Zone,JH_Plateau,2023,Kharif,Maize,23.92,34.64,,80.21,10.0,6.99,0.57,104.1,25.1,249.0,4010.22
AGR_Cen_2020_01809,Central_Zone,CG_Plains,2020,Kharif,Maize,24.53,32.4,384.06,51.75,10.38,6.92,0.752,214.1,15.2,179.3,4448.38
AGR_Cen_2018_01810,Central_Zone,CG_Plains,2018,Rabi,Rice,20.01,29.24,261.64,65.0,10.38,7.23,0.849,143.0,18.8,172.5,4779.15
AGR_Cen_2019_01811,Central_Zone,MP_Narmada,2019,Rabi,Wheat,,30.53,191.93,42.73,16.05,7.03,0.602,172.8,31.3,239.4,3951.06
AGR_Cen_2021_01812,Central_Zone,MP_Narmada,2021,Kharif,Cotton,25.77,33.31,631.28,72.37,10.0,6.37,0.813,151.0,15.8,160.2,3169.82
AGR_Cen_2019_01813,Central_Zone,UP_Bundelkhand,2019,Rabi,Cotton,18.51,29.82,140.26,57.06,13.44,7.5,0.696,160.5,19.8,203.3,1956.38
AGR_Cen_2020_01814,Central_Zone,UP_Bundelkhand,2020,Zaid,Pulses,24.99,35.34,92.98,60.92,11.41,6.71,0.789,170.9,30.7,219.8,1720.6
AGR_Cen_2019_01815,Central_Zone,CG_Plains,2019,Kharif,Cotton,22.53,33.25,1045.91,81.84,10.54,7.28,0.519,151.8,21.4,210.2,2652.62
AGR_Cen_2022_01816,Central_Zone,JH_Plateau,2022,Kharif,Cotton,24.8,36.6,1420.94,95.0,10.0,7.32,0.702,155.9,25.1,208.8,3081.22
AGR_Cen_2023_01817,Central_Zone,JH_Plateau,2023,Rabi,Pulses,16.93,28.03,116.97,61.27,11.64,7.47,0.486,148.7,14.0,288.4,1240.02
AGR_Cen_2023_01818,Central_Zone,MP_Narmada,2023,Rabi,Pulses,21.25,31.59,183.35,59.03,12.52,7.31,0.643,203.8,22.5,271.8,1988.77
AGR_Cen_2018_01819,Central_Zone,JH_Plateau,2018,Kharif,Soybean,23.56,34.93,982.44,90.46,10.0,7.42,0.594,185.8,9.9,219.1,3280.88
AGR_Cen_2020_01820,Central_Zone,JH_Plateau,2020,Kharif,Pulses,24.38,37.83,999.39,81.83,15.96,7.27,0.758,205.8,19.5,139.3,2153.47
AGR_Cen_2022_01821,Central_Zone,JH_Plateau,2022,Kharif,Maize,21.71,35.44,1147.61,95.0,13.22,7.62,0.313,177.4,30.4,221.9,3772.45
AGR_Cen_2021_01822,Central_Zone,MP_Narmada,2021,Rabi,Wheat,22.06,29.7,193.37,75.8,12.13,5.2,0.896,189.9,19.7,193.2,4562.75
AGR_Cen_2020_01823,Central_Zone,JH_Plateau,2020,Rabi,Cotton,19.64,29.63,125.88,57.51,13.64,6.49,0.705,159.2,22.2,231.8,2181.8
AGR_Cen_2023_01824,Central_Zone,MP_Narmada,2023,Kharif,Cotton,22.91,34.0,959.04,79.56,10.85,7.69,0.78,178.7,24.8,247.6,3173.21
AGR_Cen_2022_01825,Central_Zone,CG_Plains,2022,Zaid,Maize,24.82,37.62,100.29,50.63,15.23,5.2,0.414,172.7,21.9,229.5,3212.47
AGR_Cen_2023_01826,Central_Zone,CG_Plains,2023,Zaid,Cotton,25.07,36.13,90.48,43.7,11.91,6.66,0.605,208.5,21.0,199.9,2657.24
AGR_Cen_2022_01827,Central_Zone,UP_Bundelkhand,2022,Kharif,Maize,25.24,32.63,827.95,,11.36,5.32,0.592,171.3,9.3,198.3,4171.39
AGR_Cen_2018_01828,Central_Zone,UP_Bundelkhand,2018,Rabi,Wheat,18.14,31.24,232.63,41.58,13.25,5.83,0.457,92.7,23.0,135.8,3495.28
AGR_Cen_2018_01829,Central_Zone,UP_Bundelkhand,2018,Kharif,Pulses,23.82,35.58,920.73,81.46,10.7,7.0,0.6,213.5,13.5,242.5,2509.69
AGR_Cen_2020_01830,Central_Zone,UP_Bundelkhand,2020,Kharif,Wheat,25.18,37.29,,61.86,10.0,6.75,0.725,135.1,32.8,162.5,4195.77
AGR_Cen_2019_01831,Central_Zone,UP_Bundelkhand,2019,Kharif,Maize,25.18,32.76,413.99,71.6,10.22,7.42,0.432,180.8,25.1,191.4,4018.86
AGR_Cen_2023_01832,Central_Zone,CG_Plains,2023,Kharif,Wheat,25.67,35.23,942.96,73.52,10.0,6.57,0.865,191.1,19.8,207.1,5018.91
AGR_Cen_2023_01833,Central_Zone,JH_Plateau,2023,Rabi,Soybean,20.25,28.96,164.26,47.17,13.95,6.79,0.538,123.9,27.6,206.9,2200.57
AGR_Cen_2022_01834,Central_Zone,JH_Plateau,2022,Rabi,Rice,17.29,30.26,136.77,63.34,10.0,7.77,0.747,124.4,19.8,165.6,4118.7
AGR_Cen_2018_01835,Central_Zone,MP_Narmada,2018,Kharif,Maize,,32.18,,63.44,13.6,7.1,0.722,147.0,24.8,189.5,4097.81
AGR_Cen_2018_01836,Central_Zone,JH_Plateau,2018,Rabi,Cotton,19.04,28.24,177.75,54.21,11.47,7.21,0.421,180.4,24.2,231.2,2298.43
AGR_Cen_2020_01837,Central_Zone,JH_Plateau,2020,Kharif,Cotton,24.12,32.17,1273.97,60.72,10.0,7.42,0.877,194.1,16.3,221.8,3149.7
AGR_Cen_2018_01838,Central_Zone,UP_Bundelkhand,2018,Kharif,Cotton,24.44,31.63,861.08,95.0,10.0,7.38,0.699,112.2,23.5,199.2,2897.09
AGR_Cen_2023_01839,Central_Zone,UP_Bundelkhand,2023,Kharif,Wheat,25.2,33.6,608.61,80.44,10.89,7.12,0.402,212.0,26.6,206.0,4620.83
AGR_Cen_2019_01840,Central_Zone,UP_Bundelkhand,2019,Rabi,Wheat,19.91,30.35,204.88,73.77,10.77,6.23,0.34,207.9,28.3,177.3,3866.8
AGR_Cen_2021_01841,Central_Zone,UP_Bundelkhand,2021,Kharif,Rice,22.94,34.15,1089.38,95.0,10.0,6.62,0.832,190.7,25.0,288.5,5301.19
AGR_Cen_2020_01842,Central_Zone,UP_Bundelkhand,2020,Rabi,Cotton,18.19,29.73,97.71,38.62,11.81,7.02,0.806,164.2,19.8,177.9,2169.67
AGR_Cen_2020_01843,Central_Zone,JH_Plateau,2020,Kharif,Cotton,,31.67,1157.41,84.61,10.39,7.12,0.499,156.9,25.7,231.5,2684.08
AGR_Cen_2022_01844,Central_Zone,JH_Plateau,2022,Rabi,Pulses,20.05,27.42,155.53,68.65,10.0,6.56,0.393,188.6,20.0,171.2,1353.4
AGR_Cen_2020_01845,Central_Zone,UP_Bundelkhand,2020,Kharif,Maize,26.49,40.19,395.36,61.31,10.0,7.62,0.555,154.0,27.5,251.2,3621.62
AGR_Cen_2021_01846,Central_Zone,CG_Plains,2021,Kharif,Cotton,24.99,37.66,828.63,63.6,12.57,6.74,0.726,164.4,26.3,168.6,2919.45
AGR_Cen_2020_01847,Central_Zone,CG_Plains,2020,Rabi,Cotton,19.72,28.84,145.84,49.18,10.0,7.38,0.564,175.4,28.7,141.0,2144.45
AGR_Cen_2019_01848,Central_Zone,JH_Plateau,2019,Rabi,Cotton,20.95,31.38,134.36,36.18,13.59,6.98,0.563,159.3,19.3,227.9,2157.76
AGR_Cen_2023_01849,Central_Zone,JH_Plateau,2023,Kharif,Maize,24.39,32.75,1361.37,95.0,10.19,6.53,0.884,214.1,26.9,157.1,4700.13
AGR_Cen_2021_01850,Central_Zone,UP_Bundelkhand,2021,Kharif,Rice,26.21,35.48,503.64,55.1,13.19,5.7,0.482,193.0,33.3,120.6,5321.27
AGR_Cen_2022_01851,Central_Zone,MP_Narmada,2022,Kharif,Rice,21.7,33.17,1235.89,78.69,15.53,6.91,0.823,235.8,24.3,160.8,5840.02
AGR_Cen_2020_01852,Central_Zone,JH_Plateau,2020,Rabi,Rice,20.67,30.19,,58.08,11.68,7.23,0.557,221.6,21.4,193.6,4930.28
AGR_Cen_2021_01853,Central_Zone,CG_Plains,2021,Kharif,Wheat,23.47,33.58,455.25,73.24,10.0,6.92,0.657,127.5,31.9,219.5,4361.55
AGR_Cen_2022_01854,Central_Zone,UP_Bundelkhand,2022,Rabi,Cotton,19.56,32.76,140.04,65.27,10.0,6.6,0.634,160.8,23.8,157.4,2258.46
AGR_Cen_2019_01855,Central_Zone,JH_Plateau,2019,Kharif,Cotton,,33.25,1385.44,95.0,10.0,7.42,0.421,184.4,18.0,189.6,2825.61
AGR_Cen_2020_01856,Central_Zone,UP_Bundelkhand,2020,Rabi,Rice,20.14,31.46,78.36,66.96,10.0,5.97,0.939,174.6,19.4,195.2,4319.18
AGR_Cen_2022_01857,Central_Zone,JH_Plateau,2022,Kharif,Soybean,23.21,34.02,818.56,58.3,12.52,7.59,0.41,205.7,19.4,247.9,3251.6
AGR_Cen_2018_01858,Central_Zone,CG_Plains,2018,Zaid,Pulses,28.72,36.97,85.91,,11.63,6.64,0.571,167.4,15.8,144.4,1377.48
AGR_Cen_2022_01859,Central_Zone,CG_Plains,2022,Kharif,Pulses,22.77,35.92,883.96,81.69,10.0,6.69,0.855,126.1,19.4,214.6,2326.76
AGR_Cen_2018_01860,Central_Zone,CG_Plains,2018,Rabi,Cotton,18.9,32.68,283.21,59.76,16.59,6.15,0.551,137.9,8.0,213.9,2435.08
AGR_Cen_2018_01861,Central_Zone,JH_Plateau,2018,Kharif,Maize,21.15,34.2,697.96,92.87,10.0,6.14,0.477,207.1,20.7,177.8,3931.07
AGR_Cen_2021_01862,Central_Zone,UP_Bundelkhand,2021,Rabi,Cotton,21.13,33.18,178.67,48.43,14.58,7.5,0.7,176.5,22.3,260.2,2578.28
AGR_Cen_2018_01863,Central_Zone,UP_Bundelkhand,2018,Rabi,Soybean,21.14,30.51,299.91,61.86,10.09,7.45,0.718,155.3,18.2,262.5,2998.86
AGR_Cen_2021_01864,Central_Zone,UP_Bundelkhand,2021,Zaid,Cotton,26.74,,83.24,53.2,14.38,7.63,0.491,167.9,23.2,139.3,1945.81
AGR_Cen_2020_01865,Central_Zone,JH_Plateau,2020,Zaid,Wheat,24.98,,67.94,50.39,13.58,6.95,0.976,152.3,21.8,209.4,3832.74
AGR_Cen_2020_01866,Central_Zone,UP_Bundelkhand,2020,Rabi,Pulses,19.3,,,62.24,11.57,6.25,0.675,165.1,27.2,232.5,2228.28
AGR_Cen_2023_01867,Central_Zone,CG_Plains,2023,Kharif,Rice,25.06,32.7,272.94,57.88,12.7,7.28,0.618,186.1,13.3,205.2,4622.38
AGR_Cen_2023_01868,Central_Zone,MP_Narmada,2023,Kharif,Rice,22.6,33.11,990.26,73.62,10.0,6.59,0.924,162.9,14.4,197.2,5140.19
AGR_Cen_2020_01869,Central_Zone,JH_Plateau,2020,Kharif,Cotton,24.15,34.69,1108.7,72.35,10.81,7.1,0.623,241.4,21.2,221.2,3087.48
AGR_Cen_2019_01870,Central_Zone,MP_Narmada,2019,Rabi,Rice,20.49,34.17,238.2,40.06,13.1,6.64,0.72,177.1,15.8,254.7,4725.13
AGR_Cen_2022_01871,Central_Zone,UP_Bundelkhand,2022,Kharif,Pulses,25.74,37.6,1205.79,88.63,10.0,7.48,0.542,142.9,8.0,219.0,2217.76
AGR_Cen_2019_01872,Central_Zone,JH_Plateau,2019,Rabi,Wheat,19.11,26.23,190.89,30.0,13.93,6.53,0.693,195.3,27.5,132.6,4153.99
AGR_Cen_2021_01873,Central_Zone,UP_Bundelkhand,2021,Kharif,Soybean,22.89,35.6,615.39,84.5,10.64,7.11,0.606,223.5,14.7,179.5,3525.0
AGR_Cen_2022_01874,Central_Zone,UP_Bundelkhand,2022,Kharif,Rice,23.43,34.67,305.14,60.23,12.41,6.48,0.411,182.5,20.3,259.5,4854.73
AGR_Cen_2022_01875,Central_Zone,MP_Narmada,2022,Kharif,Pulses,26.14,35.39,1205.57,95.0,10.22,8.03,0.772,185.6,12.6,278.7,2174.02
AGR_Cen_2021_01876,Central_Zone,UP_Bundelkhand,2021,Kharif,Cotton,20.57,33.79,908.82,84.97,10.0,7.28,0.45,183.8,22.0,220.9,2888.73
AGR_Cen_2018_01877,Central_Zone,MP_Narmada,2018,Kharif,Soybean,23.24,30.88,1082.59,70.93,12.65,6.67,0.652,140.6,33.2,268.6,3090.11
AGR_Cen_2018_01878,Central_Zone,MP_Narmada,2018,Kharif,Pulses,26.14,36.64,739.34,63.46,10.41,7.13,0.749,115.5,8.0,183.0,2169.01
AGR_Cen_2023_01879,Central_Zone,MP_Narmada,2023,Kharif,Cotton,23.6,37.5,1106.08,95.0,10.43,7.21,0.351,116.4,14.0,189.4,2798.64
AGR_Cen_2018_01880,Central_Zone,UP_Bundelkhand,2018,Kharif,Soybean,23.67,33.59,,66.12,15.02,7.53,0.478,217.0,22.5,168.7,3277.96
AGR_Cen_2018_01881,Central_Zone,MP_Narmada,2018,Zaid,Rice,28.74,42.27,129.08,56.16,10.71,6.65,0.562,134.1,16.5,228.9,3861.34
AGR_Cen_2020_01882,Central_Zone,UP_Bundelkhand,2020,Kharif,Cotton,22.67,32.66,723.85,65.68,12.05,6.91,0.647,193.0,19.9,214.4,3217.9
AGR_Cen_2018_01883,Central_Zone,JH_Plateau,2018,Kharif,Soybean,24.11,,803.2,73.44,10.85,7.35,0.644,176.3,14.2,285.2,3376.71
AGR_Cen_2021_01884,Central_Zone,UP_Bundelkhand,2021,Kharif,Wheat,23.84,31.42,861.44,89.92,11.13,7.2,0.734,205.7,17.8,203.3,4971.12
AGR_Cen_2019_01885,Central_Zone,JH_Plateau,2019,Zaid,Maize,23.94,31.21,52.12,45.78,13.93,6.87,0.607,155.4,16.5,234.7,3357.86
AGR_Cen_2022_01886,Central_Zone,JH_Plateau,2022,Kharif,Cotton,25.01,36.72,762.02,83.91,13.03,6.82,0.203,135.9,17.2,165.8,2680.35
AGR_Cen_2022_01887,Central_Zone,CG_Plains,2022,Kharif,Cotton,27.02,34.4,626.7,,10.45,6.34,0.525,203.8,33.1,140.1,3207.0
AGR_Cen_2021_01888,Central_Zone,MP_Narmada,2021,Rabi,Maize,19.03,,254.57,53.04,10.0,7.07,0.616,184.7,18.3,188.7,3563.22
AGR_Cen_2019_01889,Central_Zone,MP_Narmada,2019,Rabi,Wheat,18.51,27.13,60.96,48.47,15.38,6.39,0.749,244.0,32.6,273.3,4284.87
AGR_Cen_2022_01890,Central_Zone,UP_Bundelkhand,2022,Kharif,Rice,24.37,37.79,722.37,78.21,10.0,6.83,0.649,138.2,26.6,262.3,4836.23
AGR_Cen_2019_01891,Central_Zone,JH_Plateau,2019,Kharif,Rice,25.32,33.04,539.69,65.57,14.43,7.01,0.485,146.7,22.5,189.0,4603.31
AGR_Cen_2021_01892,Central_Zone,UP_Bundelkhand,2021,Zaid,Soybean,23.79,33.92,102.41,48.57,14.11,6.83,0.667,199.9,18.1,179.3,2711.18
AGR_Cen_2022_01893,Central_Zone,UP_Bundelkhand,2022,Kharif,Maize,25.19,36.18,1179.83,82.97,10.0,6.8,0.662,173.6,28.3,172.2,4177.38
AGR_Cen_2019_01894,Central_Zone,JH_Plateau,2019,Rabi,Wheat,21.89,29.77,208.93,61.03,15.99,6.89,0.568,221.9,12.1,166.6,4019.6
AGR_Cen_2021_01895,Central_Zone,CG_Plains,2021,Kharif,Cotton,24.39,34.15,1526.78,95.0,10.0,6.11,0.463,157.8,26.9,337.4,2759.84
AGR_Cen_2023_01896,Central_Zone,UP_Bundelkhand,2023,Kharif,Pulses,28.63,41.81,574.57,56.26,13.73,6.52,0.879,216.2,21.5,222.5,2058.24
AGR_Cen_2020_01897,Central_Zone,CG_Plains,2020,Kharif,Wheat,24.2,33.04,1344.13,95.0,10.22,6.3,0.793,157.2,19.8,195.8,4905.71
AGR_Cen_2018_01898,Central_Zone,JH_Plateau,2018,Kharif,Cotton,23.95,31.65,1217.06,95.0,10.0,5.8,0.506,221.6,9.6,116.4,2987.04
AGR_Cen_2023_01899,Central_Zone,MP_Narmada,2023,Kharif,Maize,24.73,32.08,811.62,81.82,10.0,6.83,0.476,245.8,26.6,205.2,4725.2
AGR_Cen_2020_01900,Central_Zone,CG_Plains,2020,Kharif,Cotton,24.01,37.94,10.0,55.09,15.9,7.93,0.268,172.9,28.1,259.0,1719.68
AGR_Cen_2018_01901,Central_Zone,UP_Bundelkhand,2018,Rabi,Rice,18.79,30.36,210.24,47.99,10.28,7.46,0.666,130.4,12.5,289.1,4166.7
AGR_Cen_2018_01902,Central_Zone,UP_Bundelkhand,2018,Rabi,Soybean,22.21,30.49,116.09,47.81,13.78,6.16,0.72,138.8,30.7,206.9,2384.09
AGR_Cen_2023_01903,Central_Zone,MP_Narmada,2023,Rabi,Pulses,21.93,34.13,135.15,,12.2,7.42,0.538,273.3,28.7,160.1,1913.39
AGR_Cen_2021_01904,Central_Zone,MP_Narmada,2021,Rabi,Pulses,18.88,31.87,176.73,66.0,13.23,6.54,0.717,218.7,22.3,274.6,1799.73
AGR_Cen_2019_01905,Central_Zone,UP_Bundelkhand,2019,Kharif,Pulses,23.46,31.13,1118.89,68.97,10.0,7.78,0.405,163.2,16.9,219.8,2288.84
AGR_Cen_2023_01906,Central_Zone,JH_Plateau,2023,Kharif,Maize,22.9,32.53,1004.41,86.53,10.0,7.2,0.883,185.5,26.2,235.5,4435.58
AGR_Cen_2018_01907,Central_Zone,JH_Plateau,2018,Rabi,Cotton,20.56,29.41,,62.3,12.33,5.79,0.527,251.2,19.5,289.9,2381.44
AGR_Cen_2023_01908,Central_Zone,UP_Bundelkhand,2023,Kharif,Maize,21.65,34.09,714.76,48.75,17.9,7.21,0.394,179.0,22.2,202.8,3723.21
AGR_Cen_2022_01909,Central_Zone,MP_Narmada,2022,Zaid,Wheat,25.42,,68.27,57.26,12.8,5.84,0.451,172.0,20.9,244.0,3451.53
AGR_Cen_2023_01910,Central_Zone,UP_Bundelkhand,2023,Kharif,Rice,24.12,33.72,908.54,85.32,10.56,6.96,0.888,157.0,18.2,158.1,5342.01
AGR_Cen_2023_01911,Central_Zone,UP_Bundelkhand,2023,Kharif,Soybean,23.66,32.54,1286.44,,10.0,8.14,0.614,200.3,27.1,123.7,3297.96
AGR_Cen_2020_01912,Central_Zone,MP_Narmada,2020,Zaid,Wheat,25.37,33.64,84.93,50.32,15.95,7.03,0.54,193.0,12.0,204.8,4084.1
AGR_Cen_2021_01913,Central_Zone,UP_Bundelkhand,2021,Rabi,Cotton,19.97,27.15,61.13,51.69,12.25,6.61,0.665,169.2,13.9,266.9,1636.52
AGR_Cen_2022_01914,Central_Zone,MP_Narmada,2022,Rabi,Maize,19.62,29.85,115.54,38.19,13.39,6.61,0.692,115.6,27.8,283.1,2816.49
AGR_Cen_2019_01915,Central_Zone,CG_Plains,2019,Rabi,Wheat,20.81,31.93,162.92,50.65,15.71,6.52,0.597,171.0,11.6,200.9,4193.42
AGR_Cen_2021_01916,Central_Zone,UP_Bundelkhand,2021,Rabi,Wheat,20.39,32.16,269.97,58.4,14.92,7.51,0.315,157.5,27.2,156.5,3721.4
AGR_Cen_2019_01917,Central_Zone,MP_Narmada,2019,Rabi,Rice,17.4,30.51,175.89,41.62,16.22,8.27,0.609,166.9,36.6,200.4,4100.71
AGR_Cen_2021_01918,Central_Zone,JH_Plateau,2021,Kharif,Wheat,23.26,32.8,1252.47,,10.0,6.27,0.419,183.6,22.6,262.2,4647.47
AGR_Cen_2018_01919,Central_Zone,UP_Bundelkhand,2018,Kharif,Maize,24.69,35.26,1095.06,72.18,10.0,5.79,0.472,90.0,19.1,137.7,3619.94
AGR_Cen_2019_01920,Central_Zone,MP_Narmada,2019,Rabi,Wheat,18.76,31.81,178.29,47.21,13.95,7.02,0.807,202.4,24.1,281.4,4416.73
AGR_Cen_2021_01921,Central_Zone,UP_Bundelkhand,2021,Kharif,Maize,25.84,35.93,1077.7,95.0,10.0,6.89,0.754,212.5,29.6,235.4,4214.4
AGR_Cen_2021_01922,Central_Zone,MP_Narmada,2021,Kharif,Maize,25.56,33.05,857.27,82.9,11.81,6.08,0.812,197.8,22.4,240.1,4230.59
AGR_Cen_2018_01923,Central_Zone,UP_Bundelkhand,2018,Kharif,Wheat,24.28,35.11,1201.21,95.0,10.0,7.1,0.631,186.7,23.0,183.9,4741.71
AGR_Cen_2021_01924,Central_Zone,MP_Narmada,2021,Kharif,Cotton,23.65,37.33,988.63,82.09,11.59,7.38,0.422,221.8,23.3,199.1,2768.64
AGR_Cen_2022_01925,Central_Zone,UP_Bundelkhand,2022,Kharif,Rice,21.92,35.11,743.62,76.22,10.0,5.83,0.317,219.8,22.0,223.4,5036.45
AGR_Cen_2019_01926,Central_Zone,JH_Plateau,2019,Rabi,Cotton,21.72,29.46,,54.52,17.83,7.28,0.643,203.4,26.8,185.5,2445.72
AGR_Cen_2019_01927,Central_Zone,UP_Bundelkhand,2019,Kharif,Maize,21.58,30.96,779.25,75.24,10.97,6.15,0.596,115.6,22.5,148.4,3848.84
AGR_Cen_2019_01928,Central_Zone,CG_Plains,2019,Rabi,Pulses,,33.31,199.98,50.65,12.63,7.57,0.483,187.2,20.5,156.4,1844.81
AGR_Cen_2019_01929,Central_Zone,UP_Bundelkhand,2019,Kharif,Pulses,24.49,37.75,1484.93,95.0,10.0,7.22,0.535,152.0,11.3,216.5,2215.29
AGR_Cen_2018_01930,Central_Zone,CG_Plains,2018,Kharif,Pulses,,35.44,1168.37,95.0,10.0,7.79,0.655,132.0,23.6,187.1,2178.55
AGR_Cen_2018_01931,Central_Zone,CG_Plains,2018,Kharif,Rice,24.96,37.34,491.89,64.17,12.41,7.17,0.62,169.6,25.5,112.4,5031.76
AGR_Cen_2018_01932,Central_Zone,MP_Narmada,2018,Kharif,Pulses,25.34,33.66,1253.19,83.92,10.0,7.3,0.497,153.5,25.0,308.6,2224.42
AGR_Cen_2018_01933,Central_Zone,CG_Plains,2018,Rabi,Rice,20.78,29.21,253.15,70.49,10.43,6.33,0.603,183.0,26.8,294.3,4461.69
AGR_Cen_2018_01934,Central_Zone,UP_Bundelkhand,2018,Rabi,Maize,21.03,34.86,184.55,48.33,11.75,6.77,1.044,201.1,16.2,146.9,4000.55
AGR_Cen_2023_01935,Central_Zone,UP_Bundelkhand,2023,Rabi,Cotton,19.56,31.04,246.67,56.02,13.74,7.65,0.536,276.6,24.0,155.2,2845.98
AGR_Cen_2019_01936,Central_Zone,JH_Plateau,2019,Kharif,Cotton,24.84,36.48,1116.57,,10.0,7.47,0.498,188.2,32.2,247.1,3090.58
AGR_Cen_2021_01937,Central_Zone,UP_Bundelkhand,2021,Kharif,Cotton,24.02,35.85,906.07,74.21,11.48,7.75,0.829,165.3,14.4,250.3,3038.58
AGR_Cen_2019_01938,Central_Zone,MP_Narmada,2019,Zaid,Pulses,27.76,35.67,124.13,63.96,14.16,6.75,0.538,160.0,19.1,199.3,1662.01
AGR_Cen_2023_01939,Central_Zone,MP_Narmada,2023,Kharif,Maize,21.25,33.04,318.41,59.87,13.3,6.76,0.325,222.2,33.8,233.2,3946.53
AGR_Cen_2023_01940,Central_Zone,UP_Bundelkhand,2023,Rabi,Maize,,36.72,171.32,53.19,13.12,5.96,0.75,192.9,28.0,201.6,3730.69
AGR_Cen_2023_01941,Central_Zone,MP_Narmada,2023,Kharif,Rice,23.77,32.41,837.78,83.53,10.15,7.31,0.558,137.0,19.6,220.2,4937.26
AGR_Cen_2018_01942,Central_Zone,MP_Narmada,2018,Rabi,Wheat,19.49,31.53,156.84,62.14,11.33,7.24,0.489,156.6,21.6,227.1,3385.87
AGR_Cen_2023_01943,Central_Zone,MP_Narmada,2023,Rabi,Wheat,19.64,33.62,192.37,59.28,10.0,7.93,0.833,198.5,25.0,236.9,4384.54
AGR_Cen_2023_01944,Central_Zone,CG_Plains,2023,Kharif,Soybean,22.84,33.01,1038.71,95.0,10.0,6.58,0.5,213.7,26.7,169.7,3135.52
AGR_Cen_2020_01945,Central_Zone,UP_Bundelkhand,2020,Rabi,Maize,20.79,31.42,226.35,69.13,10.05,6.35,0.374,164.9,17.8,189.2,3456.49
AGR_Cen_2023_01946,Central_Zone,UP_Bundelkhand,2023,Rabi,Rice,18.93,28.36,165.82,,13.58,6.09,0.639,221.7,19.7,238.6,4744.68
AGR_Cen_2018_01947,Central_Zone,UP_Bundelkhand,2018,Rabi,Wheat,,28.49,138.87,,12.31,6.59,0.906,188.7,22.3,158.1,4085.92
AGR_Cen_2023_01948,Central_Zone,MP_Narmada,2023,Zaid,Pulses,28.96,40.89,75.28,63.46,13.1,6.0,0.2,212.4,15.6,175.5,1235.67
AGR_Cen_2022_01949,Central_Zone,MP_Narmada,2022,Rabi,Soybean,18.14,29.94,221.82,67.32,12.23,6.47,0.371,172.1,11.2,228.1,2373.66
AGR_Cen_2022_01950,Central_Zone,CG_Plains,2022,Rabi,Cotton,18.12,31.45,218.31,63.67,10.0,6.51,0.624,97.8,21.3,177.9,2236.28
AGR_Cen_2023_01951,Central_Zone,UP_Bundelkhand,2023,Kharif,Maize,23.43,34.58,,80.21,10.0,6.99,0.827,178.7,13.3,221.7,4219.84
AGR_Cen_2022_01952,Central_Zone,UP_Bundelkhand,2022,Kharif,Pulses,23.41,32.47,,79.32,10.0,6.84,0.584,236.0,25.5,152.5,2223.31
AGR_Cen_2023_01953,Central_Zone,CG_Plains,2023,Rabi,Rice,21.26,32.35,210.35,61.55,11.9,6.49,0.842,229.8,27.9,210.2,5081.13
AGR_Cen_2018_01954,Central_Zone,CG_Plains,2018,Kharif,Rice,23.53,32.18,1141.23,91.08,10.0,7.05,0.768,189.8,24.3,210.7,5342.49
AGR_Cen_2021_01955,Central_Zone,UP_Bundelkhand,2021,Kharif,Maize,21.01,33.73,613.42,80.18,11.23,6.9,0.256,186.5,29.9,191.2,4213.37
AGR_Cen_2021_01956,Central_Zone,CG_Plains,2021,Rabi,Wheat,17.3,25.5,132.47,42.23,12.35,6.78,0.573,161.6,21.3,172.1,3569.35
AGR_Cen_2018_01957,Central_Zone,JH_Plateau,2018,Rabi,Maize,19.07,29.24,214.09,,11.38,7.5,0.902,239.1,17.7,273.4,3934.15
AGR_Cen_2022_01958,Central_Zone,CG_Plains,2022,Rabi,Soybean,20.53,27.79,270.8,46.53,10.49,6.28,0.788,200.0,20.7,188.8,3095.68
AGR_Cen_2022_01959,Central_Zone,UP_Bundelkhand,2022,Kharif,Pulses,25.08,32.66,908.25,89.5,10.0,6.41,0.439,171.5,19.5,176.8,2456.14
AGR_Cen_2023_01960,Central_Zone,UP_Bundelkhand,2023,Rabi,Soybean,18.74,26.17,,55.15,11.04,6.53,0.618,207.1,24.5,135.0,2406.89
AGR_Cen_2022_01961,Central_Zone,MP_Narmada,2022,Rabi,Cotton,21.6,28.72,213.35,77.5,12.26,6.82,0.47,160.6,24.9,277.8,2574.6
AGR_Cen_2018_01962,Central_Zone,MP_Narmada,2018,Rabi,Maize,19.06,30.47,142.63,33.09,15.48,6.16,0.693,189.8,13.5,225.4,3573.98
AGR_Cen_2022_01963,Central_Zone,CG_Plains,2022,Kharif,Maize,21.98,,1201.14,91.18,10.0,7.47,0.59,154.5,13.6,157.1,3944.09
AGR_Cen_2019_01964,Central_Zone,MP_Narmada,2019,Zaid,Wheat,26.71,35.55,57.18,,12.81,7.15,0.738,233.3,31.9,181.4,4382.24
AGR_Cen_2019_01965,Central_Zone,MP_Narmada,2019,Rabi,Cotton,19.99,29.07,120.26,59.97,11.66,7.52,0.574,150.6,32.3,186.7,1958.92
AGR_Cen_2023_01966,Central_Zone,JH_Plateau,2023,Kharif,Soybean,23.78,31.68,896.0,,10.0,7.91,0.584,109.1,13.2,146.1,3079.2
AGR_Cen_2022_01967,Central_Zone,MP_Narmada,2022,Kharif,Maize,21.47,34.68,954.07,76.1,10.0,6.26,0.274,188.1,16.6,158.1,3931.16
AGR_Cen_2020_01968,Central_Zone,JH_Plateau,2020,Kharif,Pulses,23.72,,1603.77,95.0,10.0,7.13,0.599,129.6,23.6,194.2,2062.62
AGR_Cen_2021_01969,Central_Zone,CG_Plains,2021,Rabi,Maize,21.45,28.97,124.89,80.67,10.23,7.25,0.479,179.7,24.4,246.2,3377.19
AGR_Cen_2018_01970,Central_Zone,UP_Bundelkhand,2018,Rabi,Rice,20.66,29.42,214.02,66.42,13.56,7.25,0.957,112.6,20.6,246.5,4389.27
AGR_Cen_2021_01971,Central_Zone,CG_Plains,2021,Rabi,Rice,19.45,30.51,242.18,56.29,14.03,7.4,0.487,165.8,24.4,179.5,4430.55
AGR_Cen_2018_01972,Central_Zone,CG_Plains,2018,Rabi,Rice,21.31,30.71,248.86,62.27,14.92,6.3,0.395,201.7,21.2,179.3,4506.77
AGR_Cen_2019_01973,Central_Zone,CG_Plains,2019,Rabi,Wheat,20.89,34.84,,48.93,10.0,6.5,0.849,140.0,22.3,169.2,4118.42
AGR_Cen_2019_01974,Central_Zone,MP_Narmada,2019,Rabi,Maize,20.25,33.63,87.51,49.14,14.64,7.66,0.695,145.1,27.7,150.6,3125.85
AGR_Cen_2018_01975,Central_Zone,MP_Narmada,2018,Kharif,Maize,24.97,32.95,1107.85,69.29,12.84,7.21,0.539,219.7,14.0,212.1,4214.98
AGR_Cen_2019_01976,Central_Zone,CG_Plains,2019,Rabi,Rice,,31.0,165.17,68.61,10.0,7.19,0.763,257.4,11.6,209.2,4888.82
AGR_Cen_2018_01977,Central_Zone,CG_Plains,2018,Rabi,Maize,19.0,27.48,166.22,77.72,10.0,5.87,0.684,200.0,32.7,253.5,3538.98
AGR_Cen_2020_01978,Central_Zone,JH_Plateau,2020,Zaid,Cotton,26.73,39.47,79.4,52.05,14.7,6.37,0.659,208.1,17.0,176.4,2005.69
AGR_Cen_2019_01979,Central_Zone,UP_Bundelkhand,2019,Zaid,Maize,25.89,35.15,43.25,47.58,11.65,6.54,0.709,171.6,22.2,198.5,3446.91
AGR_Cen_2023_01980,Central_Zone,MP_Narmada,2023,Kharif,Cotton,26.15,38.99,1636.57,95.0,12.61,6.12,0.583,168.1,14.3,294.1,2907.23
AGR_Cen_2019_01981,Central_Zone,CG_Plains,2019,Rabi,Pulses,20.72,34.6,149.89,50.09,10.56,6.41,0.521,161.7,23.3,210.9,1613.39
AGR_Cen_2020_01982,Central_Zone,JH_Plateau,2020,Kharif,Maize,25.75,36.55,1266.91,95.0,10.0,6.8,0.482,184.3,30.8,318.1,4011.69
AGR_Cen_2020_01983,Central_Zone,JH_Plateau,2020,Kharif,Cotton,,29.38,567.35,70.59,10.0,6.5,0.653,200.9,29.4,210.7,3025.29
AGR_Cen_2021_01984,Central_Zone,CG_Plains,2021,Kharif,Rice,25.94,35.09,734.54,,10.0,6.43,0.62,237.3,22.7,201.6,5562.84
AGR_Cen_2023_01985,Central_Zone,UP_Bundelkhand,2023,Kharif,Wheat,25.8,35.05,1423.3,95.0,10.0,7.82,0.209,176.9,15.6,212.7,4446.39
AGR_Cen_2022_01986,Central_Zone,JH_Plateau,2022,Rabi,Pulses,19.03,28.71,112.08,55.9,12.85,6.26,0.269,201.7,18.8,194.2,1285.19
AGR_Cen_2020_01987,Central_Zone,JH_Plateau,2020,Kharif,Soybean,24.95,37.33,1083.12,87.07,10.0,8.07,0.493,185.4,24.1,205.0,3129.61
AGR_Cen_2019_01988,Central_Zone,MP_Narmada,2019,Zaid,Soybean,26.83,37.97,77.41,69.42,12.4,7.35,0.471,168.9,22.6,252.4,2578.64
AGR_Cen_2019_01989,Central_Zone,JH_Plateau,2019,Zaid,Rice,26.21,39.65,102.59,48.1,12.33,5.86,0.426,163.5,19.9,147.6,3924.94
AGR_Cen_2021_01990,Central_Zone,CG_Plains,2021,Kharif,Maize,24.81,33.95,1693.26,92.93,13.05,8.36,0.383,184.2,24.6,174.1,4018.78
AGR_Cen_2021_01991,Central_Zone,MP_Narmada,2021,Kharif,Soybean,,31.38,681.24,68.15,10.0,7.34,0.535,225.8,27.8,295.8,3347.05
AGR_Cen_2019_01992,Central_Zone,MP_Narmada,2019,Rabi,Wheat,21.06,30.98,221.32,53.21,13.57,6.74,0.369,143.8,17.4,186.2,3702.37
AGR_Cen_2021_01993,Central_Zone,JH_Plateau,2021,Kharif,Pulses,23.1,32.5,1141.84,91.75,10.0,7.58,0.352,116.2,22.9,221.4,2006.09
AGR_Cen_2021_01994,Central_Zone,JH_Plateau,2021,Kharif,Maize,23.92,35.71,695.75,85.83,10.0,7.15,0.869,259.5,14.8,170.5,4865.62
AGR_Cen_2018_01995,Central_Zone,JH_Plateau,2018,Kharif,Rice,22.1,35.85,1114.88,80.17,11.06,7.13,0.786,177.9,22.8,255.7,5252.64
AGR_Cen_2021_01996,Central_Zone,JH_Plateau,2021,Kharif,Soybean,25.07,35.8,,79.33,11.77,6.54,0.564,262.5,29.2,231.7,3385.32
AGR_Cen_2023_01997,Central_Zone,MP_Narmada,2023,Rabi,Soybean,21.79,32.73,216.1,57.53,13.6,6.61,0.563,198.7,26.5,250.1,2638.39
AGR_Cen_2018_01998,Central_Zone,MP_Narmada,2018,Rabi,Pulses,19.59,29.1,,35.88,13.67,7.02,0.719,159.7,17.7,265.3,1588.99
AGR_Cen_2018_01999,Central_Zone,UP_Bundelkhand,2018,Rabi,Pulses,18.25,27.57,198.82,62.54,13.23,6.05,0.637,171.3,21.7,186.2,1613.44
AGR_Cen_2020_02000,Central_Zone,MP_Narmada,2020,Rabi,Soybean,20.88,30.46,178.76,53.01,11.93,6.46,0.525,155.1,19.7,164.2,2408.56
AGR_Cen_2020_02001,Central_Zone,MP_Narmada,2020,Rabi,Rice,22.43,31.71,229.19,70.46,10.0,6.67,0.62,178.5,18.2,206.9,4796.1
AGR_Cen_2020_02002,Central_Zone,CG_Plains,2020,Zaid,Rice,26.0,35.98,63.72,52.65,11.03,7.16,0.48,270.1,17.9,203.4,4498.81
AGR_Cen_2022_02003,Central_Zone,JH_Plateau,2022,Kharif,Rice,21.94,29.35,1071.03,85.21,11.7,6.08,0.524,237.8,28.0,231.6,5205.92
AGR_Cen_2018_02004,Central_Zone,CG_Plains,2018,Rabi,Pulses,18.86,31.58,217.23,48.15,11.91,7.5,0.64,149.2,28.2,261.5,1574.0
AGR_Cen_2023_02005,Central_Zone,UP_Bundelkhand,2023,Kharif,Cotton,25.18,34.02,310.22,63.95,10.0,6.35,0.668,147.7,22.3,221.2,2626.94
AGR_Cen_2019_02006,Central_Zone,CG_Plains,2019,Kharif,Wheat,23.3,34.84,668.32,74.33,10.0,6.75,0.775,195.0,14.5,216.8,4551.55
AGR_Cen_2018_02007,Central_Zone,MP_Narmada,2018,Rabi,Cotton,20.76,28.89,155.16,66.97,12.71,7.33,0.426,254.0,18.8,207.8,2466.05
AGR_Cen_2022_02008,Central_Zone,MP_Narmada,2022,Rabi,Pulses,22.59,32.78,177.86,,18.29,6.98,0.553,193.7,33.2,116.6,1556.57
AGR_Cen_2019_02009,Central_Zone,MP_Narmada,2019,Rabi,Pulses,19.13,31.08,173.84,49.34,12.22,7.12,0.437,241.4,18.3,229.9,1834.23
AGR_Cen_2023_02010,Central_Zone,JH_Plateau,2023,Rabi,Pulses,20.27,29.01,151.26,66.21,10.67,7.48,0.658,110.2,21.4,186.6,1397.13
AGR_Cen_2022_02011,Central_Zone,CG_Plains,2022,Rabi,Rice,18.4,28.56,191.97,,10.0,5.96,0.793,201.5,13.5,247.2,4847.73
AGR_Cen_2023_02012,Central_Zone,JH_Plateau,2023,Rabi,Cotton,18.84,30.87,230.43,57.21,10.16,6.35,0.69,191.3,25.1,110.0,2518.3
AGR_Cen_2021_02013,Central_Zone,MP_Narmada,2021,Kharif,Soybean,26.07,33.18,815.92,86.08,10.0,6.94,0.547,227.5,27.3,211.5,3346.94
AGR_Cen_2021_02014,Central_Zone,JH_Plateau,2021,Zaid,Maize,24.8,36.94,101.47,56.46,11.36,7.06,0.611,226.9,18.1,164.1,3684.25
AGR_Cen_2018_02015,Central_Zone,JH_Plateau,2018,Kharif,Cotton,22.29,,552.77,70.76,11.47,6.37,0.568,210.5,21.2,137.8,2997.23
AGR_Cen_2021_02016,Central_Zone,CG_Plains,2021,Kharif,Pulses,23.31,37.24,411.62,74.97,10.42,6.87,0.34,199.5,10.0,199.0,2206.39
AGR_Cen_2022_02017,Central_Zone,MP_Narmada,2022,Kharif,Maize,25.51,37.49,752.22,62.44,12.33,6.21,0.653,163.1,17.2,145.0,3940.06
AGR_Cen_2019_02018,Central_Zone,CG_Plains,2019,Rabi,Cotton,20.8,32.68,68.47,53.96,17.92,6.66,0.813,215.7,22.3,221.4,2065.13
AGR_Cen_2022_02019,Central_Zone,CG_Plains,2022,Rabi,Maize,19.7,30.84,124.96,65.36,12.79,6.76,0.587,179.1,17.2,199.5,3445.07
AGR_Cen_2021_02020,Central_Zone,JH_Plateau,2021,Kharif,Pulses,20.91,32.79,1063.37,87.56,10.0,6.17,0.725,178.1,20.4,239.2,2260.12
AGR_Cen_2020_02021,Central_Zone,UP_Bundelkhand,2020,Kharif,Rice,23.19,36.43,924.85,76.56,10.0,5.84,0.312,220.0,26.5,200.4,5038.32
AGR_Cen_2020_02022,Central_Zone,JH_Plateau,2020,Kharif,Pulses,23.83,34.99,1024.1,95.0,10.61,6.55,0.671,142.9,13.4,188.5,2364.75
AGR_Cen_2021_02023,Central_Zone,JH_Plateau,2021,Kharif,Wheat,25.21,35.65,656.65,69.12,11.2,6.77,0.49,155.6,14.5,259.7,4575.11
AGR_Cen_2023_02024,Central_Zone,JH_Plateau,2023,Rabi,Wheat,20.47,29.99,193.76,66.84,12.92,6.93,0.488,220.4,25.7,181.5,4189.52
AGR_Cen_2018_02025,Central_Zone,MP_Narmada,2018,Rabi,Maize,22.73,33.58,249.36,53.74,11.84,7.52,0.57,172.3,21.4,184.4,3842.95
AGR_Cen_2018_02026,Central_Zone,UP_Bundelkhand,2018,Kharif,Pulses,23.85,34.84,969.29,70.16,10.0,7.34,0.651,171.9,28.5,209.5,2411.3
AGR_Cen_2021_02027,Central_Zone,MP_Narmada,2021,Kharif,Cotton,23.93,32.77,1276.66,88.06,10.45,6.89,0.328,160.4,29.3,178.1,2827.29
AGR_Cen_2021_02028,Central_Zone,UP_Bundelkhand,2021,Rabi,Pulses,19.82,33.44,168.44,58.28,10.0,6.97,0.203,163.6,25.8,191.9,1210.31
AGR_Cen_2020_02029,Central_Zone,JH_Plateau,2020,Rabi,Cotton,19.17,27.53,124.54,37.67,14.85,5.93,0.486,280.0,24.2,224.9,2260.44
AGR_Cen_2021_02030,Central_Zone,MP_Narmada,2021,Kharif,Soybean,24.71,37.75,834.96,81.99,10.0,7.29,0.882,149.0,23.3,180.8,3425.6
AGR_Cen_2018_02031,Central_Zone,UP_Bundelkhand,2018,Rabi,Cotton,20.0,33.12,85.29,53.51,11.65,6.65,0.534,168.1,22.6,195.0,2142.9
AGR_Cen_2019_02032,Central_Zone,CG_Plains,2019,Kharif,Maize,24.46,35.87,1150.36,77.01,10.0,5.8,0.441,268.7,17.7,150.0,4761.45
AGR_Cen_2018_02033,Central_Zone,MP_Narmada,2018,Zaid,Soybean,27.39,37.44,85.46,65.13,13.32,7.23,0.475,138.7,24.7,259.8,2245.77
AGR_Cen_2019_02034,Central_Zone,UP_Bundelkhand,2019,Rabi,Maize,18.4,26.97,183.71,58.32,10.69,6.75,0.325,152.8,22.9,217.2,2995.11
AGR_Cen_2023_02035,Central_Zone,UP_Bundelkhand,2023,Kharif,Pulses,24.29,31.48,896.33,68.43,12.71,6.59,0.599,190.2,15.7,250.7,2384.62
AGR_Cen_2020_02036,Central_Zone,UP_Bundelkhand,2020,Zaid,Soybean,25.26,32.89,87.26,55.56,14.18,6.54,0.32,235.7,25.2,313.0,2626.75
AGR_Cen_2018_02037,Central_Zone,CG_Plains,2018,Kharif,Cotton,25.28,38.4,832.35,79.3,11.42,7.29,0.81,193.7,27.2,208.1,2979.22
AGR_Cen_2018_02038,Central_Zone,CG_Plains,2018,Rabi,Wheat,19.59,27.77,213.91,,14.3,6.37,0.562,107.5,20.4,136.4,3521.6
AGR_Cen_2023_02039,Central_Zone,UP_Bundelkhand,2023,Rabi,Pulses,20.77,32.93,159.33,38.98,13.51,6.87,0.485,193.6,11.5,183.5,1748.99
AGR_Cen_2023_02040,Central_Zone,UP_Bundelkhand,2023,Zaid,Rice,25.14,33.19,150.14,54.88,11.01,7.16,0.556,231.3,22.5,148.0,4925.13
AGR_Cen_2023_02041,Central_Zone,MP_Narmada,2023,Kharif,Pulses,23.66,30.67,874.08,84.77,10.0,6.64,0.712,229.1,21.3,164.3,2304.7
AGR_Cen_2018_02042,Central_Zone,JH_Plateau,2018,Rabi,Pulses,19.92,27.83,185.72,30.0,17.32,8.07,0.703,199.8,17.2,205.8,1714.19
AGR_Cen_2020_02043,Central_Zone,JH_Plateau,2020,Kharif,Wheat,25.13,36.45,690.79,90.52,10.0,6.58,0.72,204.6,22.8,117.8,4637.02
AGR_Cen_2021_02044,Central_Zone,UP_Bundelkhand,2021,Kharif,Maize,22.47,34.06,1330.03,77.81,10.0,5.5,0.716,112.9,18.4,230.2,3841.97
AGR_Cen_2022_02045,Central_Zone,JH_Plateau,2022,Kharif,Rice,25.49,37.22,1004.16,95.0,10.0,6.61,0.581,176.4,21.1,192.7,4948.24
AGR_Cen_2018_02046,Central_Zone,UP_Bundelkhand,2018,Kharif,Pulses,23.43,34.85,855.84,52.86,12.23,7.2,0.669,179.8,22.8,221.7,2334.77
AGR_Cen_2023_02047,Central_Zone,CG_Plains,2023,Kharif,Pulses,21.81,32.13,1031.87,69.38,10.0,7.04,0.407,127.7,18.9,307.0,1952.93
AGR_Cen_2020_02048,Central_Zone,CG_Plains,2020,Rabi,Wheat,19.72,,,53.46,11.12,6.51,0.506,202.3,26.5,231.0,3799.94
AGR_Cen_2021_02049,Central_Zone,UP_Bundelkhand,2021,Rabi,Rice,20.05,29.37,98.73,47.47,12.27,6.44,0.652,178.6,26.5,213.2,4138.25
AGR_Cen_2022_02050,Central_Zone,CG_Plains,2022,Rabi,Cotton,18.68,32.28,176.06,45.49,14.27,6.3,0.467,187.4,16.0,236.3,2123.18
AGR_Cen_2021_02051,Central_Zone,CG_Plains,2021,Rabi,Maize,22.04,35.01,181.71,70.94,16.54,6.91,0.625,179.5,27.7,229.3,3502.09
AGR_Cen_2022_02052,Central_Zone,MP_Narmada,2022,Rabi,Maize,,30.26,234.59,48.94,14.54,6.35,0.851,233.6,25.0,266.6,3826.95
AGR_Cen_2022_02053,Central_Zone,CG_Plains,2022,Rabi,Soybean,19.3,26.92,180.92,51.49,14.51,7.47,0.596,182.6,19.6,144.9,2538.86
AGR_Cen_2018_02054,Central_Zone,CG_Plains,2018,Kharif,Wheat,24.96,33.77,1135.1,89.66,10.0,5.83,0.493,198.1,33.8,208.4,4416.74
AGR_Cen_2022_02055,Central_Zone,JH_Plateau,2022,Rabi,Cotton,,25.32,189.83,64.8,10.0,6.2,0.599,145.4,18.7,249.2,2014.79
AGR_Cen_2023_02056,Central_Zone,JH_Plateau,2023,Rabi,Wheat,20.67,28.29,243.32,66.63,10.0,6.8,0.631,171.1,15.9,210.7,3773.85
AGR_Cen_2020_02057,Central_Zone,UP_Bundelkhand,2020,Kharif,Maize,24.94,37.4,1649.26,,10.0,6.44,0.477,197.2,24.1,183.5,3986.15
AGR_Cen_2020_02058,Central_Zone,MP_Narmada,2020,Kharif,Maize,25.38,33.42,1174.46,93.48,11.61,7.26,0.511,184.5,23.3,196.4,3992.36
AGR_Cen_2022_02059,Central_Zone,UP_Bundelkhand,2022,Rabi,Cotton,17.83,26.12,168.88,63.72,13.66,6.74,0.932,184.2,15.4,140.4,2267.09
AGR_Cen_2022_02060,Central_Zone,JH_Plateau,2022,Rabi,Maize,19.47,27.37,143.73,51.71,13.17,6.94,0.445,97.0,33.3,263.9,2685.73
AGR_Cen_2023_02061,Central_Zone,MP_Narmada,2023,Kharif,Cotton,24.82,38.24,1473.6,94.61,10.0,6.94,0.475,183.1,20.5,225.2,3031.78
AGR_Cen_2023_02062,Central_Zone,JH_Plateau,2023,Kharif,Cotton,26.86,37.96,728.69,70.66,11.72,6.75,0.634,126.5,11.1,169.0,2890.04
AGR_Cen_2020_02063,Central_Zone,CG_Plains,2020,Rabi,Cotton,19.87,31.38,357.3,60.38,11.6,7.17,0.261,147.1,20.7,187.7,2421.1
AGR_Cen_2021_02064,Central_Zone,CG_Plains,2021,Rabi,Cotton,19.23,,176.62,73.23,10.84,7.32,0.483,173.9,23.8,204.9,2176.35
AGR_Cen_2022_02065,Central_Zone,UP_Bundelkhand,2022,Zaid,Cotton,24.81,37.43,91.63,62.9,12.2,7.81,0.664,179.7,16.9,118.6,2234.48
AGR_Cen_2018_02066,Central_Zone,UP_Bundelkhand,2018,Kharif,Cotton,23.1,33.72,1224.0,94.66,10.0,5.95,0.68,211.0,12.5,192.5,3139.02
AGR_Cen_2019_02067,Central_Zone,UP_Bundelkhand,2019,Rabi,Maize,21.43,34.92,209.65,68.67,12.04,6.93,0.363,170.1,19.3,165.2,3807.62
AGR_Cen_2019_02068,Central_Zone,JH_Plateau,2019,Rabi,Cotton,19.95,33.91,212.28,30.0,14.12,6.83,0.423,103.1,27.6,153.6,2434.35
AGR_Cen_2021_02069,Central_Zone,CG_Plains,2021,Kharif,Wheat,21.77,33.41,1583.73,95.0,10.0,7.55,0.625,207.1,26.4,223.4,4818.77
AGR_Cen_2019_02070,Central_Zone,UP_Bundelkhand,2019,Zaid,Rice,28.56,40.66,110.87,47.65,14.06,5.92,0.689,203.1,20.4,331.6,4569.61
AGR_Cen_2023_02071,Central_Zone,MP_Narmada,2023,Rabi,Rice,21.77,33.65,,57.03,12.34,6.77,0.715,212.0,17.3,240.0,4917.05
AGR_Cen_2019_02072,Central_Zone,UP_Bundelkhand,2019,Kharif,Maize,28.13,36.9,577.85,,10.0,7.54,0.573,154.6,17.8,285.2,3887.38
AGR_Cen_2022_02073,Central_Zone,MP_Narmada,2022,Kharif,Maize,23.18,35.98,1995.58,95.0,10.0,5.97,0.858,122.6,22.4,238.8,3417.71
AGR_Cen_2020_02074,Central_Zone,CG_Plains,2020,Rabi,Maize,19.92,33.2,29.27,47.11,11.44,6.51,0.621,196.7,9.2,171.4,3300.97
AGR_Cen_2022_02075,Central_Zone,CG_Plains,2022,Kharif,Wheat,26.0,34.34,703.85,55.86,14.35,5.69,0.775,161.1,24.0,209.1,4792.43
AGR_Cen_2021_02076,Central_Zone,JH_Plateau,2021,Rabi,Soybean,20.38,33.82,191.58,51.27,14.47,6.49,0.434,149.8,24.0,287.2,2434.96
AGR_Cen_2023_02077,Central_Zone,UP_Bundelkhand,2023,Zaid,Pulses,23.61,,70.37,39.01,16.86,7.14,0.368,219.5,23.5,225.7,1293.24
AGR_Cen_2019_02078,Central_Zone,JH_Plateau,2019,Kharif,Cotton,20.93,28.76,979.23,76.98,10.0,7.34,0.772,212.8,20.7,280.5,2915.45
AGR_Cen_2019_02079,Central_Zone,MP_Narmada,2019,Kharif,Cotton,25.81,33.62,695.05,81.31,10.0,7.48,0.384,231.5,26.2,146.7,3033.03
AGR_Cen_2022_02080,Central_Zone,JH_Plateau,2022,Zaid,Soybean,27.36,40.39,59.75,53.91,10.4,6.91,0.685,204.5,28.3,191.5,2330.67
AGR_Cen_2022_02081,Central_Zone,CG_Plains,2022,Rabi,Rice,18.37,26.48,167.28,44.17,13.23,7.0,0.574,140.6,26.4,206.8,4175.42
AGR_Cen_2019_02082,Central_Zone,CG_Plains,2019,Rabi,Soybean,18.94,26.31,250.93,,13.7,7.7,0.737,166.3,32.5,173.7,2747.18
AGR_Cen_2018_02083,Central_Zone,JH_Plateau,2018,Zaid,Wheat,23.73,37.48,56.32,30.03,13.41,6.88,0.549,222.6,19.1,174.0,4081.7
AGR_Cen_2018_02084,Central_Zone,CG_Plains,2018,Kharif,Maize,23.34,31.12,957.31,73.34,12.13,6.94,0.411,216.7,23.3,214.1,4127.67
AGR_Cen_2018_02085,Central_Zone,UP_Bundelkhand,2018,Rabi,Rice,21.21,28.73,245.67,57.66,12.24,5.68,0.52,143.3,26.1,257.0,4339.08
AGR_Cen_2020_02086,Central_Zone,UP_Bundelkhand,2020,Kharif,Cotton,25.33,,888.47,66.26,10.0,7.58,0.722,182.1,18.8,239.8,3169.51
AGR_Cen_2020_02087,Central_Zone,JH_Plateau,2020,Rabi,Cotton,20.17,28.54,157.68,56.57,11.5,7.31,0.358,154.1,22.1,137.9,1851.79
AGR_Cen_2019_02088,Central_Zone,JH_Plateau,2019,Rabi,Soybean,17.71,30.45,31.22,,13.65,7.35,0.489,214.2,19.6,110.0,2303.2
AGR_Cen_2018_02089,Central_Zone,CG_Plains,2018,Kharif,Maize,24.0,31.38,490.68,76.66,10.0,6.53,1.2,150.1,26.0,241.8,4472.12
AGR_Cen_2019_02090,Central_Zone,UP_Bundelkhand,2019,Rabi,Pulses,20.42,28.05,192.99,65.36,12.97,6.43,0.2,170.5,18.0,192.4,1425.19
AGR_Cen_2021_02091,Central_Zone,CG_Plains,2021,Zaid,Rice,26.51,38.14,99.74,33.68,15.01,7.28,0.512,137.7,28.3,170.8,4111.72
AGR_Cen_2023_02092,Central_Zone,MP_Narmada,2023,Kharif,Cotton,24.06,36.4,704.99,74.87,10.0,5.86,0.721,181.9,21.9,240.0,3155.83
AGR_Cen_2018_02093,Central_Zone,UP_Bundelkhand,2018,Rabi,Rice,18.91,30.55,103.24,49.09,12.62,6.96,0.805,180.7,24.4,189.5,4105.56
AGR_Cen_2018_02094,Central_Zone,JH_Plateau,2018,Rabi,Wheat,,29.39,198.7,67.48,11.32,6.24,0.727,121.7,18.1,226.8,3654.9
AGR_Cen_2022_02095,Central_Zone,UP_Bundelkhand,2022,Kharif,Maize,23.51,,996.31,76.99,11.15,7.12,0.406,213.5,30.8,187.3,4209.65
AGR_Cen_2019_02096,Central_Zone,JH_Plateau,2019,Kharif,Pulses,22.41,33.19,375.99,75.41,14.43,6.79,0.913,178.5,31.1,168.1,2338.96
AGR_Cen_2019_02097,Central_Zone,JH_Plateau,2019,Rabi,Soybean,19.65,30.16,204.73,45.87,15.51,6.98,0.927,213.5,20.8,214.7,2948.04
AGR_Cen_2021_02098,Central_Zone,CG_Plains,2021,Kharif,Rice,24.13,36.68,1273.41,94.85,10.0,8.21,0.611,169.9,24.9,309.8,5017.75
AGR_Cen_2019_02099,Central_Zone,UP_Bundelkhand,2019,Kharif,Maize,24.01,33.78,,65.59,10.0,6.47,0.627,205.7,19.6,227.5,4233.43
AGR_Cen_2019_02100,Central_Zone,JH_Plateau,2019,Zaid,Wheat,25.92,38.12,116.78,36.96,14.44,6.72,0.518,204.4,21.1,259.4,3854.53
AGR_Cen_2021_02101,Central_Zone,UP_Bundelkhand,2021,Rabi,Soybean,21.34,33.06,315.4,49.1,13.67,7.56,0.445,256.0,10.9,176.0,3091.32
AGR_Cen_2018_02102,Central_Zone,JH_Plateau,2018,Zaid,Cotton,27.25,40.6,138.31,65.05,11.57,7.21,0.69,174.3,24.8,257.8,2189.72
AGR_Cen_2023_02103,Central_Zone,JH_Plateau,2023,Rabi,Soybean,21.43,30.56,181.95,65.05,14.54,7.11,0.475,157.3,20.7,244.3,2243.98
AGR_Cen_2020_02104,Central_Zone,UP_Bundelkhand,2020,Kharif,Soybean,23.22,30.56,953.33,87.01,10.0,5.29,0.273,172.7,23.5,174.1,2995.54
AGR_Cen_2023_02105,Central_Zone,JH_Plateau,2023,Rabi,Soybean,20.12,28.39,258.87,56.33,11.71,6.8,0.464,162.4,11.3,284.2,2891.67
AGR_Cen_2021_02106,Central_Zone,MP_Narmada,2021,Kharif,Pulses,23.89,,912.85,57.97,13.52,6.51,0.521,168.9,16.7,225.8,2411.27
AGR_Cen_2019_02107,Central_Zone,CG_Plains,2019,Zaid,Rice,25.34,38.77,54.15,58.94,14.61,6.41,0.604,223.1,26.5,214.4,4574.9
AGR_Cen_2019_02108,Central_Zone,JH_Plateau,2019,Kharif,Rice,23.93,35.45,581.08,75.22,10.85,6.47,0.27,202.2,24.5,223.2,5205.19
AGR_Cen_2018_02109,Central_Zone,UP_Bundelkhand,2018,Kharif,Soybean,27.6,36.04,1352.87,95.0,12.59,7.9,0.636,181.7,28.7,235.6,3470.52
AGR_Cen_2018_02110,Central_Zone,CG_Plains,2018,Kharif,Wheat,24.22,34.67,686.91,65.57,10.0,6.2,0.37,180.1,22.8,287.2,4270.75
AGR_Cen_2019_02111,Central_Zone,UP_Bundelkhand,2019,Kharif,Soybean,26.35,33.94,1020.9,78.08,10.0,6.32,0.464,175.8,15.6,240.8,3108.14
AGR_Cen_2019_02112,Central_Zone,MP_Narmada,2019,Rabi,Pulses,19.12,32.36,150.01,30.83,13.11,8.03,0.612,198.9,13.5,270.2,1357.91
AGR_Cen_2021_02113,Central_Zone,CG_Plains,2021,Kharif,Soybean,23.02,33.04,1448.76,95.0,10.0,7.0,0.624,156.0,20.6,125.3,3183.51
AGR_Cen_2020_02114,Central_Zone,MP_Narmada,2020,Rabi,Rice,19.8,32.64,230.95,44.11,11.62,6.46,0.722,203.9,21.2,217.3,4819.2
AGR_Cen_2022_02115,Central_Zone,CG_Plains,2022,Rabi,Cotton,21.62,33.87,117.02,61.01,10.34,7.23,0.7,185.6,24.0,150.4,2497.33
AGR_Cen_2021_02116,Central_Zone,MP_Narmada,2021,Rabi,Soybean,,31.31,217.57,44.94,16.87,7.47,0.515,168.3,15.1,155.4,2319.99
AGR_Cen_2020_02117,Central_Zone,CG_Plains,2020,Kharif,Maize,22.85,32.53,1239.42,79.45,11.46,5.87,0.373,200.9,14.1,217.6,3833.39
AGR_Cen_2019_02118,Central_Zone,JH_Plateau,2019,Zaid,Pulses,26.3,35.23,51.12,45.44,13.26,6.98,0.543,208.2,32.6,235.7,1562.96
AGR_Cen_2020_02119,Central_Zone,UP_Bundelkhand,2020,Kharif,Wheat,24.78,36.37,467.33,62.59,14.11,7.14,0.54,232.6,24.6,239.5,4826.23
AGR_Cen_2019_02120,Central_Zone,CG_Plains,2019,Kharif,Maize,,36.98,,62.31,12.2,6.64,0.362,128.6,23.4,117.9,3822.03
AGR_Cen_2022_02121,Central_Zone,MP_Narmada,2022,Zaid,Maize,26.0,34.99,99.82,49.03,13.33,7.13,0.439,107.0,29.4,252.8,2966.87
AGR_Cen_2018_02122,Central_Zone,MP_Narmada,2018,Kharif,Rice,21.9,34.46,1004.66,92.35,10.0,7.81,0.664,183.6,27.6,175.7,5288.9
AGR_Cen_2022_02123,Central_Zone,CG_Plains,2022,Zaid,Soybean,24.23,32.03,70.51,49.8,14.72,6.76,0.888,138.8,20.9,179.3,2455.65
AGR_Cen_2019_02124,Central_Zone,CG_Plains,2019,Rabi,Maize,20.17,33.71,206.95,52.59,10.35,5.69,0.32,154.4,19.2,209.7,3282.35
AGR_Cen_2020_02125,Central_Zone,JH_Plateau,2020,Kharif,Pulses,24.72,36.35,647.77,68.59,10.0,5.43,0.2,204.0,27.8,179.3,2053.23
AGR_Cen_2019_02126,Central_Zone,MP_Narmada,2019,Rabi,Wheat,21.05,30.07,113.87,63.67,12.77,6.89,0.621,173.8,26.5,282.4,3730.16
AGR_Cen_2020_02127,Central_Zone,UP_Bundelkhand,2020,Zaid,Pulses,26.71,37.16,59.8,46.72,10.45,6.72,0.485,173.6,25.3,176.8,1401.07
AGR_Cen_2021_02128,Central_Zone,JH_Plateau,2021,Kharif,Wheat,26.43,38.96,1119.58,85.34,11.1,6.73,0.758,188.7,24.4,224.9,4560.61
AGR_Cen_2019_02129,Central_Zone,UP_Bundelkhand,2019,Rabi,Rice,19.68,29.78,156.09,53.74,10.43,7.38,0.537,214.4,18.4,204.5,4525.83
AGR_Cen_2023_02130,Central_Zone,JH_Plateau,2023,Rabi,Cotton,22.49,35.87,144.44,48.56,13.39,7.31,0.54,172.7,33.7,306.7,2308.53
AGR_Cen_2020_02131,Central_Zone,UP_Bundelkhand,2020,Kharif,Pulses,24.03,33.68,621.69,53.49,10.0,7.17,0.557,242.8,24.0,211.9,2557.69
AGR_Cen_2019_02132,Central_Zone,JH_Plateau,2019,Kharif,Cotton,,34.54,777.62,87.93,11.11,6.33,0.754,194.4,29.3,315.6,3165.3
AGR_Cen_2023_02133,Central_Zone,CG_Plains,2023,Rabi,Pulses,21.36,33.09,176.81,49.36,15.05,6.8,0.419,231.1,27.5,181.4,1404.9
AGR_Cen_2021_02134,Central_Zone,JH_Plateau,2021,Zaid,Wheat,28.09,35.75,59.4,71.77,10.0,6.1,0.677,204.5,14.4,143.4,4067.0
AGR_Cen_2020_02135,Central_Zone,CG_Plains,2020,Kharif,Rice,26.26,33.46,1371.93,95.0,10.0,7.54,0.803,227.6,18.4,252.7,5567.76
AGR_Cen_2020_02136,Central_Zone,UP_Bundelkhand,2020,Rabi,Maize,19.72,32.82,204.56,63.95,12.45,7.11,0.284,222.6,16.1,157.8,3440.47
AGR_Cen_2023_02137,Central_Zone,CG_Plains,2023,Rabi,Soybean,17.72,26.51,209.14,68.45,13.38,7.12,0.614,177.3,30.2,235.2,2534.2
AGR_Cen_2019_02138,Central_Zone,JH_Plateau,2019,Kharif,Soybean,23.17,32.56,601.22,68.03,10.0,7.34,0.542,146.1,25.5,238.4,3125.07
AGR_Cen_2020_02139,Central_Zone,MP_Narmada,2020,Rabi,Wheat,22.06,34.22,89.67,57.69,10.91,6.69,0.927,185.6,16.5,305.1,3964.97
AGR_Cen_2023_02140,Central_Zone,UP_Bundelkhand,2023,Rabi,Rice,19.23,30.78,177.77,55.25,10.96,6.35,0.549,149.7,26.9,305.7,3876.82
AGR_Cen_2018_02141,Central_Zone,MP_Narmada,2018,Kharif,Wheat,20.76,,1117.92,70.39,13.66,6.7,0.348,158.3,21.3,171.9,4164.05
AGR_Cen_2020_02142,Central_Zone,CG_Plains,2020,Kharif,Pulses,25.29,33.3,1083.38,95.0,10.0,7.61,0.558,171.9,27.1,224.5,2296.28
AGR_Cen_2018_02143,Central_Zone,JH_Plateau,2018,Kharif,Pulses,21.94,30.01,938.72,69.61,11.77,7.09,0.664,142.1,22.6,164.4,2102.78
AGR_Cen_2021_02144,Central_Zone,MP_Narmada,2021,Rabi,Cotton,17.21,30.36,229.35,64.73,10.0,7.12,1.036,111.1,27.9,278.6,2232.84
AGR_Cen_2019_02145,Central_Zone,CG_Plains,2019,Kharif,Cotton,23.6,32.43,1221.07,95.0,10.0,7.04,0.65,208.2,23.5,153.5,3227.26
AGR_Cen_2023_02146,Central_Zone,CG_Plains,2023,Kharif,Soybean,25.19,34.91,965.34,70.4,10.94,6.58,0.539,109.1,24.0,212.0,3173.76
AGR_Cen_2018_02147,Central_Zone,JH_Plateau,2018,Rabi,Maize,21.53,32.17,169.52,51.83,11.01,7.33,0.659,214.9,22.2,213.3,3865.3
AGR_Cen_2023_02148,Central_Zone,MP_Narmada,2023,Zaid,Wheat,25.98,33.8,127.01,59.43,10.37,6.98,0.544,93.1,19.1,262.9,3630.18
AGR_Cen_2020_02149,Central_Zone,JH_Plateau,2020,Rabi,Pulses,20.05,31.06,184.32,49.08,13.35,6.11,0.209,134.0,32.5,155.3,1275.94
AGR_Cen_2021_02150,Central_Zone,JH_Plateau,2021,Zaid,Maize,27.07,39.82,119.62,57.66,13.84,6.75,0.662,165.1,24.4,241.3,3205.73
AGR_Cen_2022_02151,Central_Zone,UP_Bundelkhand,2022,Rabi,Cotton,19.84,28.31,105.7,55.25,12.5,5.68,0.399,198.2,15.5,226.5,1586.18
AGR_Cen_2018_02152,Central_Zone,UP_Bundelkhand,2018,Rabi,Pulses,18.07,28.95,221.74,64.19,10.16,7.25,0.854,155.2,18.6,245.8,1751.05
AGR_Cen_2021_02153,Central_Zone,CG_Plains,2021,Rabi,Pulses,19.8,28.33,82.04,68.57,11.63,6.29,0.934,198.7,27.2,110.0,1700.14
AGR_Cen_2023_02154,Central_Zone,CG_Plains,2023,Kharif,Soybean,24.68,37.88,976.22,86.92,11.47,6.19,0.429,220.3,27.3,221.6,3118.2
AGR_Cen_2022_02155,Central_Zone,JH_Plateau,2022,Rabi,Maize,20.72,30.73,154.59,,10.93,7.38,0.565,228.6,15.6,215.3,3630.96
AGR_Cen_2021_02156,Central_Zone,JH_Plateau,2021,Rabi,Wheat,20.3,28.76,164.76,66.41,11.41,7.2,0.994,143.5,16.9,161.0,4162.33
AGR_Cen_2023_02157,Central_Zone,MP_Narmada,2023,Kharif,Wheat,25.03,32.21,,81.13,11.76,6.58,0.701,141.5,31.5,213.1,4726.19
AGR_Cen_2020_02158,Central_Zone,CG_Plains,2020,Kharif,Rice,22.42,32.24,1113.81,82.06,14.81,6.46,0.2,168.2,20.3,213.5,4637.72
AGR_Cen_2018_02159,Central_Zone,MP_Narmada,2018,Kharif,Soybean,24.67,32.18,699.63,70.82,10.0,7.9,0.312,185.3,23.2,256.5,3132.21
AGR_Cen_2018_02160,Central_Zone,UP_Bundelkhand,2018,Kharif,Cotton,24.3,36.68,902.82,75.12,12.05,7.22,0.456,145.1,22.9,223.4,2860.23
AGR_Cen_2022_02161,Central_Zone,UP_Bundelkhand,2022,Rabi,Cotton,18.41,,286.0,50.17,13.76,6.77,0.702,176.3,17.9,238.5,2527.56
AGR_Cen_2020_02162,Central_Zone,JH_Plateau,2020,Zaid,Maize,26.56,36.76,49.21,66.35,10.78,6.7,0.732,177.1,25.4,167.6,3564.45
AGR_Cen_2023_02163,Central_Zone,JH_Plateau,2023,Kharif,Soybean,21.64,29.21,176.73,,13.15,6.22,0.532,185.4,22.8,146.7,2735.15
AGR_Cen_2018_02164,Central_Zone,MP_Narmada,2018,Rabi,Pulses,20.64,30.88,148.11,51.52,12.78,6.97,0.672,207.9,30.1,181.9,1538.96
AGR_Cen_2020_02165,Central_Zone,JH_Plateau,2020,Kharif,Wheat,24.21,36.24,654.72,70.5,13.34,6.69,0.516,197.9,20.4,168.3,4864.7
AGR_Cen_2021_02166,Central_Zone,JH_Plateau,2021,Zaid,Pulses,26.16,,93.89,44.17,15.0,6.64,0.697,167.5,27.1,198.9,1617.17
AGR_Cen_2018_02167,Central_Zone,CG_Plains,2018,Zaid,Pulses,26.33,35.03,63.39,41.69,12.8,6.51,0.711,206.5,23.2,110.0,1592.81
AGR_Cen_2019_02168,Central_Zone,UP_Bundelkhand,2019,Zaid,Soybean,24.48,37.71,78.62,56.35,10.07,7.33,0.79,134.1,31.2,134.4,2503.71
AGR_Cen_2022_02169,Central_Zone,JH_Plateau,2022,Kharif,Maize,23.86,33.44,1188.49,77.65,10.01,6.95,0.6,218.2,29.5,290.8,4290.83
AGR_Cen_2021_02170,Central_Zone,JH_Plateau,2021,Kharif,Soybean,23.63,31.36,1361.32,85.82,10.36,6.46,0.718,196.5,11.8,229.7,3365.77
AGR_Cen_2019_02171,Central_Zone,UP_Bundelkhand,2019,Kharif,Wheat,21.8,32.64,926.41,68.52,10.0,6.67,0.345,190.5,15.7,154.3,4646.27
AGR_Cen_2019_02172,Central_Zone,UP_Bundelkhand,2019,Zaid,Cotton,27.09,35.75,118.02,49.62,10.89,6.26,0.454,159.7,18.2,238.7,2343.46
AGR_Cen_2020_02173,Central_Zone,CG_Plains,2020,Kharif,Pulses,23.87,37.1,882.37,87.48,10.0,6.32,0.489,195.9,26.7,133.7,2343.21
AGR_Cen_2021_02174,Central_Zone,CG_Plains,2021,Kharif,Soybean,23.19,,953.09,82.05,11.18,6.94,0.676,189.6,12.3,141.9,3303.92
AGR_Cen_2019_02175,Central_Zone,CG_Plains,2019,Kharif,Rice,22.61,,832.18,69.17,13.45,7.25,0.94,135.4,32.5,182.0,5153.71
AGR_Cen_2018_02176,Central_Zone,JH_Plateau,2018,Kharif,Soybean,24.73,32.03,1371.84,95.0,10.0,6.52,0.762,210.3,22.6,144.0,3655.5
AGR_Cen_2022_02177,Central_Zone,CG_Plains,2022,Kharif,Maize,23.39,36.06,967.75,62.75,12.54,6.09,0.305,211.9,21.4,312.6,4330.36
AGR_Cen_2022_02178,Central_Zone,JH_Plateau,2022,Kharif,Rice,24.35,,587.6,73.5,11.54,6.16,0.948,211.7,18.7,133.0,5725.99
AGR_Cen_2020_02179,Central_Zone,CG_Plains,2020,Kharif,Maize,25.16,39.14,687.49,76.15,10.0,6.72,0.591,214.4,18.7,266.7,4221.51
AGR_Cen_2022_02180,Central_Zone,JH_Plateau,2022,Kharif,Soybean,22.27,35.38,1033.85,89.43,10.0,7.0,0.543,218.8,29.6,149.1,3322.63
AGR_Cen_2023_02181,Central_Zone,MP_Narmada,2023,Kharif,Maize,26.99,38.31,1086.42,93.6,10.05,6.1,0.532,193.2,21.7,249.9,4416.06
AGR_Cen_2020_02182,Central_Zone,MP_Narmada,2020,Zaid,Maize,27.56,37.06,122.53,71.86,10.0,7.28,0.689,210.1,14.4,240.1,3931.14
AGR_Cen_2020_02183,Central_Zone,UP_Bundelkhand,2020,Kharif,Pulses,,37.57,887.77,80.69,10.0,6.57,0.52,152.2,18.7,259.6,2197.43
AGR_Cen_2022_02184,Central_Zone,MP_Narmada,2022,Rabi,Cotton,23.66,37.52,178.87,45.61,14.15,6.84,0.44,219.5,30.5,211.0,2369.66
AGR_Cen_2019_02185,Central_Zone,CG_Plains,2019,Kharif,Wheat,25.03,35.39,861.89,78.4,10.22,6.37,0.257,178.5,18.9,228.9,4218.02
AGR_Cen_2023_02186,Central_Zone,UP_Bundelkhand,2023,Kharif,Rice,24.85,37.16,651.1,50.37,16.19,6.85,0.488,180.0,21.2,271.1,5081.26
AGR_Cen_2021_02187,Central_Zone,JH_Plateau,2021,Rabi,Maize,20.03,28.28,28.44,40.97,13.36,7.18,0.559,128.8,18.5,263.7,3077.52
AGR_Cen_2018_02188,Central_Zone,JH_Plateau,2018,Rabi,Cotton,21.09,32.75,83.62,42.84,15.8,7.52,0.745,206.4,14.1,260.9,2283.04
AGR_Cen_2020_02189,Central_Zone,CG_Plains,2020,Kharif,Pulses,24.82,34.75,701.51,74.04,10.09,7.34,0.899,280.0,24.0,154.8,2532.27
AGR_Cen_2020_02190,Central_Zone,CG_Plains,2020,Rabi,Soybean,18.21,31.11,202.64,71.85,10.0,6.15,0.392,198.7,12.3,254.0,2503.99
AGR_Cen_2018_02191,Central_Zone,JH_Plateau,2018,Rabi,Wheat,20.04,29.53,94.92,46.09,12.66,8.12,0.978,209.7,13.8,223.2,3936.17
AGR_Cen_2021_02192,Central_Zone,UP_Bundelkhand,2021,Rabi,Rice,17.89,31.4,143.88,65.4,14.04,6.24,0.579,133.7,24.5,174.6,3739.11
AGR_Cen_2023_02193,Central_Zone,UP_Bundelkhand,2023,Kharif,Pulses,24.36,32.24,895.03,87.35,10.25,7.21,0.2,195.6,30.9,129.8,2201.24
AGR_Cen_2023_02194,Central_Zone,JH_Plateau,2023,Kharif,Pulses,22.09,,732.21,85.06,11.43,6.61,0.593,174.9,21.8,160.8,2314.76
AGR_Cen_2023_02195,Central_Zone,CG_Plains,2023,Rabi,Rice,19.66,33.33,212.28,54.0,11.44,6.54,0.818,201.5,9.1,162.7,5049.67
AGR_Cen_2018_02196,Central_Zone,JH_Plateau,2018,Kharif,Wheat,24.93,35.54,1127.21,74.15,13.48,6.73,0.575,176.8,22.4,142.9,4576.56
AGR_Cen_2020_02197,Central_Zone,UP_Bundelkhand,2020,Kharif,Rice,24.78,,489.07,,14.13,6.45,0.666,217.5,21.3,137.8,5770.12
AGR_Cen_2018_02198,Central_Zone,MP_Narmada,2018,Kharif,Rice,24.47,37.12,817.86,91.88,10.0,7.1,0.592,195.2,20.0,265.2,5137.73
AGR_Cen_2022_02199,Central_Zone,UP_Bundelkhand,2022,Kharif,Pulses,,35.06,301.08,53.94,11.25,6.74,0.883,195.5,21.5,242.8,2227.97
AGR_Cen_2020_02200,Central_Zone,UP_Bundelkhand,2020,Kharif,Cotton,23.63,32.04,516.96,68.24,11.25,6.26,0.572,214.8,11.1,214.1,2965.41
AGR_Cen_2018_02201,Central_Zone,JH_Plateau,2018,Rabi,Cotton,19.92,32.61,230.13,56.95,10.0,7.05,0.512,165.5,16.0,198.8,2513.64
AGR_Cen_2023_02202,Central_Zone,UP_Bundelkhand,2023,Zaid,Pulses,24.11,34.12,105.04,49.04,10.46,7.2,0.724,178.7,20.2,253.8,1508.38
AGR_Cen_2021_02203,Central_Zone,UP_Bundelkhand,2021,Rabi,Soybean,20.03,28.53,91.82,42.57,12.1,7.29,0.501,145.6,13.9,191.6,2119.6
AGR_Cen_2018_02204,Central_Zone,MP_Narmada,2018,Zaid,Rice,24.4,33.55,115.38,60.33,12.49,7.28,0.693,233.6,27.7,185.1,4844.89
AGR_Cen_2021_02205,Central_Zone,UP_Bundelkhand,2021,Rabi,Maize,21.31,28.65,65.04,,10.56,5.98,0.443,226.9,17.8,175.4,3287.01
AGR_Cen_2019_02206,Central_Zone,UP_Bundelkhand,2019,Rabi,Rice,20.97,,263.08,52.33,14.55,6.11,0.474,149.6,20.4,208.5,4289.95
AGR_Cen_2022_02207,Central_Zone,MP_Narmada,2022,Kharif,Soybean,24.79,32.04,571.98,46.07,14.61,6.8,0.564,138.4,24.8,207.0,3245.18
AGR_Cen_2021_02208,Central_Zone,JH_Plateau,2021,Kharif,Cotton,25.67,,386.38,55.36,12.32,5.49,0.864,143.0,22.2,156.6,2727.49
AGR_Cen_2022_02209,Central_Zone,UP_Bundelkhand,2022,Rabi,Rice,19.27,30.18,235.67,44.82,10.95,6.89,0.561,140.2,25.5,247.1,4361.05
AGR_Cen_2021_02210,Central_Zone,CG_Plains,2021,Kharif,Pulses,22.71,33.75,838.1,87.66,10.0,6.99,0.526,167.3,27.4,223.9,2436.17
AGR_Cen_2021_02211,Central_Zone,UP_Bundelkhand,2021,Kharif,Rice,23.19,32.49,753.23,80.49,11.2,5.99,0.693,138.9,19.9,148.7,5165.66
AGR_Cen_2022_02212,Central_Zone,JH_Plateau,2022,Kharif,Soybean,24.69,32.05,805.89,68.18,14.07,6.75,0.529,200.9,28.4,141.5,3241.91
AGR_Cen_2022_02213,Central_Zone,CG_Plains,2022,Kharif,Cotton,23.92,33.53,1323.4,66.93,14.28,7.1,0.509,157.9,19.9,138.7,2803.43
AGR_Cen_2021_02214,Central_Zone,UP_Bundelkhand,2021,Zaid,Maize,25.94,35.29,109.46,49.87,16.69,7.18,0.413,176.8,34.5,194.1,3380.78
AGR_Cen_2020_02215,Central_Zone,UP_Bundelkhand,2020,Kharif,Wheat,25.27,35.58,700.15,78.38,12.15,6.54,0.64,175.2,27.5,246.3,4541.3
AGR_Cen_2018_02216,Central_Zone,CG_Plains,2018,Rabi,Wheat,19.04,27.9,222.27,50.66,16.47,5.94,0.516,161.1,18.9,253.1,3885.75
AGR_Cen_2021_02217,Central_Zone,CG_Plains,2021,Rabi,Cotton,18.77,27.75,123.21,56.81,16.37,6.51,0.816,154.5,32.0,260.7,1926.82
AGR_Cen_2019_02218,Central_Zone,CG_Plains,2019,Kharif,Cotton,24.63,37.02,643.35,76.31,14.24,7.29,0.582,133.2,21.1,153.0,2911.61
AGR_Cen_2020_02219,Central_Zone,UP_Bundelkhand,2020,Kharif,Wheat,20.89,30.49,1061.39,95.0,10.0,6.63,0.608,182.5,24.2,188.8,4556.49
AGR_Cen_2018_02220,Central_Zone,CG_Plains,2018,Kharif,Pulses,24.41,37.76,763.76,91.22,10.0,6.97,0.943,204.5,15.4,215.9,2348.53
AGR_Cen_2021_02221,Central_Zone,CG_Plains,2021,Zaid,Pulses,27.0,38.61,,32.48,17.23,6.61,0.592,173.0,24.6,206.1,1533.27
AGR_Cen_2018_02222,Central_Zone,MP_Narmada,2018,Kharif,Soybean,25.73,33.1,1057.75,68.31,11.94,7.24,0.602,169.9,29.4,279.0,3147.58
AGR_Cen_2018_02223,Central_Zone,UP_Bundelkhand,2018,Kharif,Wheat,23.96,37.39,1223.76,85.61,10.3,7.6,0.54,181.4,19.8,204.0,4446.25
AGR_Cen_2020_02224,Central_Zone,CG_Plains,2020,Rabi,Wheat,21.24,32.3,234.98,53.26,11.75,7.35,0.612,184.7,21.3,116.3,4212.45
AGR_Cen_2022_02225,Central_Zone,UP_Bundelkhand,2022,Kharif,Pulses,24.81,37.36,771.91,78.86,11.26,7.07,0.563,147.0,21.4,284.6,2168.27
AGR_Cen_2021_02226,Central_Zone,MP_Narmada,2021,Kharif,Maize,23.51,31.08,966.08,77.04,10.0,7.32,0.607,146.5,15.5,241.8,4088.44
AGR_Cen_2023_02227,Central_Zone,UP_Bundelkhand,2023,Kharif,Maize,23.15,32.39,1224.52,89.19,10.32,7.47,0.403,191.7,24.0,225.3,4197.47
AGR_Cen_2018_02228,Central_Zone,UP_Bundelkhand,2018,Kharif,Wheat,25.42,32.72,1645.91,95.0,10.0,6.56,0.639,186.6,13.3,192.3,4253.01
AGR_Cen_2022_02229,Central_Zone,UP_Bundelkhand,2022,Kharif,Rice,22.48,33.59,980.9,91.73,10.0,7.64,0.66,204.1,22.7,160.2,5470.96
AGR_Cen_2023_02230,Central_Zone,MP_Narmada,2023,Rabi,Maize,20.08,27.42,151.83,59.01,11.63,6.22,0.625,175.0,34.3,186.6,3384.03
AGR_Cen_2019_02231,Central_Zone,CG_Plains,2019,Kharif,Cotton,25.22,37.02,850.71,77.37,12.27,6.2,0.575,153.3,27.1,188.5,2710.93
AGR_Cen_2018_02232,Central_Zone,CG_Plains,2018,Kharif,Maize,22.83,31.21,629.63,73.22,10.0,7.16,0.55,191.6,20.7,156.6,4064.99
AGR_Cen_2022_02233,Central_Zone,UP_Bundelkhand,2022,Rabi,Maize,21.36,29.43,151.25,43.24,10.0,6.06,0.63,188.5,24.5,251.9,3453.87
AGR_Cen_2020_02234,Central_Zone,UP_Bundelkhand,2020,Rabi,Soybean,21.15,32.22,78.51,35.72,11.8,6.79,0.413,187.1,21.6,150.7,2226.92
AGR_Cen_2018_02235,Central_Zone,UP_Bundelkhand,2018,Rabi,Cotton,20.47,27.57,293.29,58.7,15.07,6.91,0.642,161.6,8.9,226.8,2287.56
AGR_Cen_2019_02236,Central_Zone,CG_Plains,2019,Kharif,Maize,23.21,33.47,959.37,95.0,10.0,7.3,0.607,164.4,31.2,193.9,3919.07
AGR_Cen_2018_02237,Central_Zone,JH_Plateau,2018,Kharif,Soybean,24.56,35.93,429.02,60.07,11.0,6.26,0.564,212.9,20.7,197.8,3442.7
AGR_Cen_2022_02238,Central_Zone,UP_Bundelkhand,2022,Zaid,Soybean,25.51,37.14,46.41,43.75,14.75,6.65,0.336,160.9,26.2,285.7,2132.2
AGR_Cen_2020_02239,Central_Zone,MP_Narmada,2020,Rabi,Maize,22.21,34.13,96.61,46.23,15.27,5.63,0.824,172.3,32.3,193.4,3273.06
AGR_Cen_2018_02240,Central_Zone,CG_Plains,2018,Kharif,Rice,,38.36,938.9,95.0,10.0,6.27,0.2,144.8,20.4,244.5,4496.58
AGR_Cen_2019_02241,Central_Zone,MP_Narmada,2019,Kharif,Cotton,24.29,36.42,1159.14,89.32,10.24,6.84,0.287,177.6,22.6,274.7,2851.75
AGR_Cen_2020_02242,Central_Zone,CG_Plains,2020,Rabi,Soybean,21.26,30.71,250.45,55.12,11.34,8.46,0.956,199.5,31.4,242.5,3186.25
AGR_Cen_2020_02243,Central_Zone,MP_Narmada,2020,Kharif,Pulses,22.43,34.04,481.36,60.91,11.48,8.29,0.767,201.1,19.7,146.2,2225.86
AGR_Cen_2018_02244,Central_Zone,MP_Narmada,2018,Rabi,Wheat,18.58,32.33,243.22,59.14,14.24,6.67,0.727,217.8,24.9,239.9,4327.22
AGR_Cen_2020_02245,Central_Zone,UP_Bundelkhand,2020,Kharif,Cotton,25.42,34.11,832.49,80.31,10.0,6.57,0.549,211.5,25.7,245.3,3216.71
AGR_Cen_2022_02246,Central_Zone,CG_Plains,2022,Rabi,Wheat,21.03,30.3,142.11,52.64,12.11,6.42,0.872,176.8,25.5,215.6,4295.95
AGR_Cen_2018_02247,Central_Zone,UP_Bundelkhand,2018,Kharif,Wheat,24.78,,557.27,56.56,13.97,6.69,0.58,213.5,15.2,218.6,4863.82
AGR_Cen_2022_02248,Central_Zone,MP_Narmada,2022,Zaid,Soybean,25.72,37.28,63.7,62.57,11.12,5.87,0.729,151.9,29.5,301.9,2499.66
AGR_Cen_2018_02249,Central_Zone,MP_Narmada,2018,Kharif,Cotton,21.74,35.36,752.22,75.29,10.36,6.19,0.875,157.6,24.6,222.7,2963.96
AGR_Cen_2018_02250,Central_Zone,CG_Plains,2018,Kharif,Maize,23.73,36.08,,78.45,10.0,8.05,0.707,191.3,36.4,250.8,4436.26
AGR_Cen_2019_02251,Central_Zone,MP_Narmada,2019,Rabi,Maize,21.33,28.69,98.5,41.98,12.91,6.21,0.536,215.9,20.1,134.1,3578.39
AGR_Cen_2023_02252,Central_Zone,CG_Plains,2023,Rabi,Cotton,18.91,,230.73,56.65,12.73,7.36,0.553,180.9,10.8,303.8,2295.89
AGR_Cen_2019_02253,Central_Zone,CG_Plains,2019,Kharif,Cotton,23.69,35.21,907.17,71.3,10.0,7.9,0.705,204.2,15.9,213.0,3279.04
AGR_Cen_2022_02254,Central_Zone,UP_Bundelkhand,2022,Kharif,Maize,23.87,36.02,822.97,71.38,12.15,7.95,0.419,111.8,22.8,187.0,3587.03
AGR_Cen_2023_02255,Central_Zone,JH_Plateau,2023,Kharif,Maize,20.52,34.5,300.67,58.26,13.76,6.4,0.573,183.0,16.1,306.9,3908.24
AGR_Cen_2021_02256,Central_Zone,UP_Bundelkhand,2021,Kharif,Rice,25.64,37.66,1022.73,72.47,10.66,6.61,0.637,161.8,20.3,215.5,5094.73
AGR_Cen_2018_02257,Central_Zone,MP_Narmada,2018,Rabi,Soybean,20.54,32.97,,61.3,10.54,6.25,0.621,198.1,27.3,174.6,2842.57
AGR_Cen_2022_02258,Central_Zone,UP_Bundelkhand,2022,Kharif,Cotton,23.94,35.79,901.61,83.47,13.95,7.45,0.617,150.7,27.3,199.3,3059.25
AGR_Cen_2020_02259,Central_Zone,CG_Plains,2020,Rabi,Cotton,20.62,28.31,97.61,36.11,10.0,6.73,0.546,169.3,19.6,231.7,2079.99
AGR_Cen_2023_02260,Central_Zone,MP_Narmada,2023,Kharif,Cotton,24.39,,890.68,,10.0,6.78,0.672,222.1,22.4,256.3,3264.63
AGR_Cen_2020_02261,Central_Zone,CG_Plains,2020,Kharif,Pulses,25.12,33.45,998.57,70.06,10.0,7.34,0.316,257.4,8.9,240.1,2103.84
AGR_Cen_2022_02262,Central_Zone,JH_Plateau,2022,Rabi,Pulses,20.13,30.81,138.73,50.18,10.0,7.31,0.507,125.5,25.1,196.3,1226.33
AGR_Cen_2021_02263,Central_Zone,MP_Narmada,2021,Kharif,Maize,24.11,32.0,1166.37,88.45,10.0,6.77,0.54,195.6,23.4,164.6,4408.38
AGR_Cen_2022_02264,Central_Zone,JH_Plateau,2022,Kharif,Wheat,,29.66,1511.25,95.0,10.0,6.49,1.0,154.9,29.4,122.5,4663.25
AGR_Cen_2023_02265,Central_Zone,CG_Plains,2023,Rabi,Pulses,18.47,29.01,214.89,57.89,13.42,7.42,0.603,160.1,21.1,246.4,1817.6
AGR_Cen_2018_02266,Central_Zone,JH_Plateau,2018,Kharif,Maize,23.79,32.86,671.81,56.02,11.67,6.35,0.619,203.7,21.7,169.4,4521.08
AGR_Cen_2022_02267,Central_Zone,MP_Narmada,2022,Kharif,Cotton,24.21,37.97,601.62,73.63,12.65,6.16,0.908,186.3,25.5,209.3,3215.91
AGR_Cen_2018_02268,Central_Zone,CG_Plains,2018,Kharif,Maize,24.06,37.25,,82.93,10.0,6.48,0.499,159.2,29.8,282.2,3834.11
AGR_Cen_2020_02269,Central_Zone,UP_Bundelkhand,2020,Rabi,Soybean,18.46,25.67,212.76,40.59,14.73,7.1,0.456,184.6,23.9,350.0,2348.89
AGR_Cen_2020_02270,Central_Zone,CG_Plains,2020,Rabi,Rice,21.04,30.72,132.56,32.48,13.66,7.06,0.716,188.4,24.4,186.4,4425.51
AGR_Cen_2022_02271,Central_Zone,UP_Bundelkhand,2022,Zaid,Pulses,,31.71,79.13,50.9,14.0,7.03,0.491,146.3,30.7,129.7,1599.11
AGR_Cen_2018_02272,Central_Zone,UP_Bundelkhand,2018,Rabi,Soybean,19.11,30.18,117.04,48.9,12.68,6.82,0.783,212.2,24.9,288.4,2527.39
AGR_Cen_2019_02273,Central_Zone,CG_Plains,2019,Rabi,Soybean,18.22,25.25,204.13,42.37,11.77,6.75,0.29,160.2,19.2,298.7,2247.92
AGR_Cen_2023_02274,Central_Zone,JH_Plateau,2023,Kharif,Wheat,23.3,32.65,1096.4,95.0,10.14,6.23,0.755,211.0,18.2,205.2,4912.11
AGR_Cen_2020_02275,Central_Zone,CG_Plains,2020,Rabi,Pulses,22.01,,207.61,45.14,12.98,5.94,0.627,209.1,18.4,220.7,2222.41
AGR_Cen_2018_02276,Central_Zone,JH_Plateau,2018,Kharif,Rice,26.42,37.08,1785.87,95.0,10.15,7.69,0.749,168.8,26.8,231.1,5211.24
AGR_Cen_2018_02277,Central_Zone,JH_Plateau,2018,Kharif,Maize,23.07,35.41,1337.87,93.83,12.33,6.81,0.643,206.2,17.7,153.9,4237.0
AGR_Cen_2023_02278,Central_Zone,CG_Plains,2023,Rabi,Pulses,19.41,30.39,269.34,50.59,12.19,8.03,0.761,175.9,32.0,139.0,1796.97
AGR_Cen_2022_02279,Central_Zone,CG_Plains,2022,Rabi,Rice,20.8,29.23,159.35,57.99,13.61,7.93,0.471,139.3,18.3,198.3,3989.22
AGR_Cen_2021_02280,Central_Zone,JH_Plateau,2021,Rabi,Soybean,21.15,30.85,198.13,62.32,12.87,6.31,0.626,107.6,21.2,330.4,2487.69
AGR_Cen_2023_02281,Central_Zone,CG_Plains,2023,Rabi,Pulses,19.7,28.43,,32.02,15.13,7.57,0.561,190.0,20.3,269.1,1895.47
AGR_Cen_2022_02282,Central_Zone,JH_Plateau,2022,Rabi,Rice,20.62,30.81,79.17,61.17,12.56,6.23,0.68,166.7,21.4,187.5,4260.99
AGR_Cen_2018_02283,Central_Zone,UP_Bundelkhand,2018,Kharif,Pulses,25.07,32.87,1008.83,86.94,10.0,6.94,0.628,220.7,26.2,207.0,2532.85
AGR_Cen_2018_02284,Central_Zone,UP_Bundelkhand,2018,Zaid,Soybean,26.41,33.52,105.8,45.7,12.15,6.81,0.573,184.7,28.0,225.9,2589.84
AGR_Cen_2020_02285,Central_Zone,CG_Plains,2020,Rabi,Rice,22.08,,195.35,74.16,10.0,6.51,0.615,202.7,21.4,125.6,4871.57
AGR_Cen_2018_02286,Central_Zone,UP_Bundelkhand,2018,Rabi,Wheat,19.28,28.99,173.91,73.72,11.66,6.65,0.769,184.0,26.2,188.8,4047.51
AGR_Cen_2020_02287,Central_Zone,JH_Plateau,2020,Rabi,Pulses,19.96,32.0,148.99,,17.95,7.5,0.558,166.7,29.2,243.4,1729.25
AGR_Cen_2018_02288,Central_Zone,MP_Narmada,2018,Kharif,Maize,24.99,33.0,1438.62,88.79,10.31,7.14,0.752,229.0,25.5,163.6,4609.6
AGR_Cen_2019_02289,Central_Zone,UP_Bundelkhand,2019,Kharif,Cotton,24.24,31.65,1007.05,68.61,13.48,8.11,0.474,207.7,20.7,242.2,3126.42
AGR_Cen_2021_02290,Central_Zone,UP_Bundelkhand,2021,Rabi,Rice,19.89,27.87,209.3,61.0,14.16,6.44,0.46,199.4,21.2,147.7,4513.83
AGR_Cen_2021_02291,Central_Zone,MP_Narmada,2021,Kharif,Rice,24.53,35.52,1198.92,95.0,10.0,6.57,0.344,144.6,18.8,195.6,4656.48
AGR_Cen_2019_02292,Central_Zone,UP_Bundelkhand,2019,Kharif,Cotton,25.26,32.31,725.79,86.61,10.0,7.26,0.524,189.5,20.5,171.6,3132.9
AGR_Cen_2021_02293,Central_Zone,CG_Plains,2021,Kharif,Rice,24.56,32.45,908.37,79.94,10.0,7.1,0.771,218.1,15.9,279.0,5669.65
AGR_Cen_2021_02294,Central_Zone,CG_Plains,2021,Zaid,Rice,25.78,37.35,86.15,39.07,12.03,6.54,0.734,146.1,20.8,241.0,4139.11
AGR_Cen_2023_02295,Central_Zone,MP_Narmada,2023,Kharif,Maize,22.73,30.1,986.05,83.18,10.0,7.38,0.364,206.3,21.3,298.5,4169.9
AGR_Cen_2020_02296,Central_Zone,CG_Plains,2020,Kharif,Maize,25.05,32.14,821.95,74.8,10.0,5.85,0.454,206.2,19.7,146.5,4429.13
AGR_Cen_2018_02297,Central_Zone,MP_Narmada,2018,Rabi,Wheat,19.29,29.76,191.42,50.06,10.72,6.54,0.711,173.9,16.8,284.9,4092.38
AGR_Cen_2021_02298,Central_Zone,UP_Bundelkhand,2021,Kharif,Maize,23.27,30.42,991.45,85.53,10.55,7.87,0.864,167.7,25.0,257.8,4252.45
AGR_Cen_2018_02299,Central_Zone,UP_Bundelkhand,2018,Rabi,Maize,,34.16,187.98,59.2,10.64,6.5,0.743,178.4,29.6,218.8,3821.82
AGR_Cen_2018_02300,Central_Zone,MP_Narmada,2018,Rabi,Rice,21.26,34.88,205.49,53.53,12.18,7.52,0.54,165.8,24.0,176.7,4248.3
AGR_Cen_2019_02301,Central_Zone,MP_Narmada,2019,Kharif,Soybean,20.61,30.22,372.65,80.66,10.0,6.81,0.595,182.9,22.8,251.8,2838.29
AGR_Cen_2023_02302,Central_Zone,MP_Narmada,2023,Kharif,Wheat,24.51,34.25,850.19,81.45,10.0,6.93,0.884,225.5,14.8,187.5,5068.58
AGR_Cen_2021_02303,Central_Zone,CG_Plains,2021,Rabi,Maize,18.3,29.52,200.18,61.5,10.0,6.22,0.708,209.3,17.5,187.5,4001.1
AGR_Cen_2023_02304,Central_Zone,MP_Narmada,2023,Kharif,Rice,24.48,35.97,702.03,58.05,10.0,6.77,0.74,189.9,14.2,200.1,5258.98
AGR_Cen_2019_02305,Central_Zone,MP_Narmada,2019,Rabi,Soybean,19.61,29.83,175.49,50.97,16.3,6.47,0.51,158.1,18.8,230.7,2254.53
AGR_Cen_2022_02306,Central_Zone,UP_Bundelkhand,2022,Rabi,Pulses,19.8,31.32,207.83,52.86,13.02,6.73,0.622,175.8,30.7,210.2,1688.24
AGR_Cen_2021_02307,Central_Zone,CG_Plains,2021,Zaid,Rice,26.46,,109.75,53.16,11.77,7.37,0.832,196.0,9.7,196.7,4592.31
AGR_Cen_2019_02308,Central_Zone,CG_Plains,2019,Rabi,Rice,23.11,33.12,220.75,51.72,11.31,7.33,0.443,148.8,24.2,233.6,4425.21
AGR_Cen_2023_02309,Central_Zone,JH_Plateau,2023,Kharif,Wheat,24.29,,1106.33,89.95,11.38,6.95,0.618,180.7,22.7,147.8,4880.94
AGR_Cen_2023_02310,Central_Zone,CG_Plains,2023,Rabi,Wheat,17.58,28.39,234.99,72.01,10.42,6.02,0.934,207.7,15.0,214.5,4114.07
AGR_Cen_2020_02311,Central_Zone,MP_Narmada,2020,Rabi,Pulses,,35.9,171.35,66.5,14.93,7.12,0.502,200.9,25.5,170.7,1654.58
AGR_Cen_2023_02312,Central_Zone,UP_Bundelkhand,2023,Rabi,Wheat,,25.95,276.06,62.89,11.66,5.27,0.804,262.0,12.2,183.2,4737.03
AGR_Cen_2020_02313,Central_Zone,UP_Bundelkhand,2020,Kharif,Wheat,22.77,30.27,769.36,94.98,10.0,6.84,0.517,178.6,28.3,181.3,4533.72
AGR_Cen_2019_02314,Central_Zone,JH_Plateau,2019,Kharif,Soybean,23.17,33.0,1083.73,88.96,10.0,7.52,0.744,165.0,26.4,168.0,3367.23
AGR_Cen_2023_02315,Central_Zone,CG_Plains,2023,Kharif,Cotton,23.84,34.79,,67.91,10.82,7.59,0.767,209.9,24.2,191.7,3453.74
AGR_Cen_2018_02316,Central_Zone,UP_Bundelkhand,2018,Rabi,Soybean,18.27,26.52,76.34,46.52,14.21,5.94,0.458,178.9,20.8,204.5,1974.3
AGR_Cen_2021_02317,Central_Zone,MP_Narmada,2021,Kharif,Rice,22.33,30.58,65.55,39.45,13.66,5.86,0.497,177.6,18.9,221.9,3888.52
AGR_Cen_2018_02318,Central_Zone,UP_Bundelkhand,2018,Kharif,Wheat,,31.7,1149.17,73.24,12.86,7.07,0.566,178.7,21.1,239.6,4536.79
AGR_Cen_2021_02319,Central_Zone,MP_Narmada,2021,Kharif,Pulses,21.31,33.32,838.42,79.5,10.99,7.32,0.722,172.6,20.1,155.0,2488.68
AGR_Cen_2022_02320,Central_Zone,CG_Plains,2022,Rabi,Cotton,20.79,33.52,196.85,50.62,12.9,6.77,0.583,165.7,20.7,141.8,2434.62
AGR_Cen_2018_02321,Central_Zone,JH_Plateau,2018,Kharif,Rice,24.19,33.13,1003.56,68.68,14.2,7.04,0.638,206.2,27.1,213.8,5278.9
AGR_Cen_2023_02322,Central_Zone,MP_Narmada,2023,Kharif,Maize,24.2,31.35,1097.93,90.41,10.0,7.34,0.41,189.0,15.0,208.6,4068.69
AGR_Cen_2019_02323,Central_Zone,JH_Plateau,2019,Rabi,Rice,20.18,27.43,217.33,56.76,17.51,6.85,0.648,227.0,19.5,247.5,4715.44
AGR_Cen_2021_02324,Central_Zone,UP_Bundelkhand,2021,Kharif,Rice,23.34,31.26,690.99,61.83,10.0,6.84,0.569,218.3,22.8,242.9,5326.75
AGR_Cen_2021_02325,Central_Zone,MP_Narmada,2021,Rabi,Rice,20.42,28.9,268.28,63.5,13.93,7.91,0.574,197.3,15.8,196.0,4747.55
AGR_Cen_2022_02326,Central_Zone,MP_Narmada,2022,Rabi,Maize,19.3,30.82,232.66,,12.76,6.64,0.255,158.3,19.6,142.8,3234.57
AGR_Cen_2022_02327,Central_Zone,CG_Plains,2022,Rabi,Cotton,21.09,29.23,171.51,48.46,12.54,6.95,0.593,149.7,17.1,181.5,1984.15
AGR_Cen_2023_02328,Central_Zone,CG_Plains,2023,Kharif,Wheat,22.21,35.02,473.71,75.19,10.0,6.61,0.388,192.1,18.7,243.5,4435.85
AGR_Cen_2018_02329,Central_Zone,UP_Bundelkhand,2018,Kharif,Pulses,,30.71,1142.27,83.69,10.5,6.3,0.521,212.4,26.9,230.5,2290.39
AGR_Cen_2019_02330,Central_Zone,UP_Bundelkhand,2019,Rabi,Rice,21.48,32.16,201.54,59.72,11.13,7.22,0.647,205.2,21.0,186.0,4892.9
AGR_Cen_2020_02331,Central_Zone,MP_Narmada,2020,Rabi,Cotton,18.53,30.1,180.46,54.58,10.0,6.17,0.416,234.4,14.6,151.8,2406.74
AGR_Cen_2018_02332,Central_Zone,JH_Plateau,2018,Zaid,Maize,27.94,34.99,84.5,49.63,13.2,6.57,0.665,205.1,36.1,203.6,3718.3
AGR_Cen_2018_02333,Central_Zone,CG_Plains,2018,Kharif,Cotton,25.37,36.23,970.09,70.69,14.72,5.74,0.415,154.1,19.1,230.8,2911.14
AGR_Cen_2019_02334,Central_Zone,JH_Plateau,2019,Rabi,Maize,22.36,30.91,196.28,59.37,11.4,6.52,0.513,198.8,37.5,246.6,3811.34
AGR_Cen_2023_02335,Central_Zone,MP_Narmada,2023,Rabi,Maize,19.24,31.26,193.89,52.47,15.77,7.54,0.684,208.5,34.4,171.5,3860.51
AGR_Cen_2022_02336,Central_Zone,CG_Plains,2022,Kharif,Rice,24.8,38.5,370.75,67.08,11.2,6.49,0.509,232.4,22.4,236.1,5065.94
AGR_Cen_2020_02337,Central_Zone,MP_Narmada,2020,Rabi,Rice,17.81,26.45,244.39,56.7,16.43,7.47,0.86,153.8,19.3,228.7,4496.1
AGR_Cen_2020_02338,Central_Zone,UP_Bundelkhand,2020,Kharif,Rice,23.84,36.07,691.4,59.29,13.7,6.33,0.403,156.5,22.6,289.6,4797.38
AGR_Cen_2023_02339,Central_Zone,CG_Plains,2023,Rabi,Maize,21.55,29.52,242.4,52.67,14.35,6.52,0.586,189.5,31.6,218.6,3652.53
AGR_Cen_2020_02340,Central_Zone,UP_Bundelkhand,2020,Kharif,Cotton,23.09,32.51,738.42,78.7,11.82,6.84,0.415,96.7,16.8,260.5,2811.69
AGR_Cen_2018_02341,Central_Zone,CG_Plains,2018,Rabi,Pulses,20.24,31.02,188.19,57.93,12.97,6.78,0.391,198.9,21.7,239.2,1284.86
AGR_Cen_2019_02342,Central_Zone,UP_Bundelkhand,2019,Kharif,Soybean,24.52,33.0,1220.22,95.0,10.0,7.02,0.607,120.5,16.3,245.4,2978.2
AGR_Cen_2022_02343,Central_Zone,UP_Bundelkhand,2022,Kharif,Rice,24.04,37.96,1345.94,93.43,10.0,7.45,0.403,196.6,16.7,166.0,4672.94
AGR_Cen_2020_02344,Central_Zone,JH_Plateau,2020,Rabi,Wheat,,34.66,124.59,32.28,12.95,7.35,1.034,238.0,14.5,239.5,4612.28
AGR_Cen_2020_02345,Central_Zone,MP_Narmada,2020,Kharif,Pulses,24.93,36.27,1133.03,94.65,10.82,6.14,0.418,166.9,16.3,142.5,2118.46
AGR_Cen_2021_02346,Central_Zone,JH_Plateau,2021,Rabi,Wheat,21.91,35.79,204.52,38.75,14.0,6.09,0.427,158.0,27.7,148.4,3954.74
AGR_Cen_2021_02347,Central_Zone,JH_Plateau,2021,Rabi,Rice,21.71,33.19,146.78,45.66,15.33,7.04,0.595,114.6,20.3,225.7,3975.26
AGR_Cen_2023_02348,Central_Zone,MP_Narmada,2023,Kharif,Wheat,23.97,33.09,245.42,53.25,10.0,6.29,0.406,183.3,19.9,225.6,4275.14
AGR_Cen_2018_02349,Central_Zone,MP_Narmada,2018,Rabi,Wheat,22.17,31.26,109.88,52.57,13.46,6.41,0.656,206.4,17.8,286.2,3942.69
AGR_Cen_2020_02350,Central_Zone,CG_Plains,2020,Rabi,Wheat,20.26,,178.3,50.5,12.68,7.53,0.527,130.5,19.4,158.0,3550.5
AGR_Cen_2022_02351,Central_Zone,UP_Bundelkhand,2022,Rabi,Soybean,19.72,26.89,90.26,45.02,13.23,6.08,0.661,233.7,15.3,251.7,2392.32
AGR_Cen_2023_02352,Central_Zone,CG_Plains,2023,Kharif,Rice,23.04,30.54,1289.66,95.0,10.0,5.89,0.701,179.8,20.5,245.1,5115.47
AGR_Cen_2021_02353,Central_Zone,UP_Bundelkhand,2021,Zaid,Soybean,29.62,38.41,94.45,63.43,15.77,7.58,0.476,179.5,30.1,315.0,2176.94
AGR_Cen_2021_02354,Central_Zone,JH_Plateau,2021,Rabi,Wheat,21.63,34.04,216.35,56.25,13.57,7.15,0.7,198.4,27.7,221.2,4598.26
AGR_Cen_2019_02355,Central_Zone,CG_Plains,2019,Rabi,Wheat,18.52,26.88,129.78,43.48,12.67,7.25,0.656,240.8,28.5,210.6,4252.91
AGR_Cen_2021_02356,Central_Zone,JH_Plateau,2021,Rabi,Cotton,18.12,26.02,226.03,54.92,13.91,6.95,0.716,106.3,22.4,143.4,2074.59
AGR_Cen_2018_02357,Central_Zone,JH_Plateau,2018,Kharif,Wheat,23.67,37.17,919.7,89.72,10.0,7.16,0.825,177.9,23.5,253.5,4744.22
AGR_Cen_2022_02358,Central_Zone,JH_Plateau,2022,Kharif,Soybean,26.39,,241.9,70.41,11.7,6.8,0.787,201.6,21.6,199.3,3031.19
AGR_Cen_2019_02359,Central_Zone,JH_Plateau,2019,Zaid,Pulses,27.67,40.52,86.37,36.86,12.43,7.39,0.39,182.3,15.9,244.7,1411.83
AGR_Cen_2019_02360,Central_Zone,UP_Bundelkhand,2019,Kharif,Maize,,35.95,1060.83,71.99,10.0,6.15,0.539,181.5,20.6,183.5,4183.15
AGR_Cen_2019_02361,Central_Zone,CG_Plains,2019,Kharif,Maize,25.86,36.29,1444.81,95.0,10.0,7.6,0.644,202.0,29.6,144.7,4016.52
AGR_Cen_2021_02362,Central_Zone,MP_Narmada,2021,Zaid,Soybean,25.58,38.73,38.64,49.97,12.15,6.84,0.579,215.5,17.8,253.2,2054.74
AGR_Cen_2019_02363,Central_Zone,CG_Plains,2019,Rabi,Soybean,20.1,,244.67,47.06,13.5,6.2,0.619,236.7,28.7,193.8,3019.47
AGR_Cen_2020_02364,Central_Zone,MP_Narmada,2020,Zaid,Soybean,24.69,36.65,104.48,52.03,14.98,5.26,0.527,122.7,20.7,208.5,2206.62
AGR_Cen_2019_02365,Central_Zone,JH_Plateau,2019,Kharif,Rice,25.5,32.54,624.97,78.18,14.29,7.79,0.681,180.3,24.3,282.0,5364.34
AGR_Cen_2019_02366,Central_Zone,MP_Narmada,2019,Kharif,Cotton,23.11,33.73,627.84,51.71,13.72,7.25,0.64,149.9,16.9,177.8,2838.86
AGR_Cen_2019_02367,Central_Zone,UP_Bundelkhand,2019,Kharif,Wheat,24.68,33.63,767.21,,11.28,7.14,0.838,154.6,25.1,194.0,4912.38
AGR_Cen_2023_02368,Central_Zone,JH_Plateau,2023,Rabi,Pulses,21.16,28.77,191.6,56.14,14.02,7.24,0.762,233.6,12.2,228.8,2058.41
AGR_Cen_2023_02369,Central_Zone,CG_Plains,2023,Rabi,Rice,18.93,26.27,98.99,61.25,10.75,6.23,0.961,141.1,31.4,268.8,4333.48
AGR_Cen_2022_02370,Central_Zone,MP_Narmada,2022,Zaid,Rice,26.65,40.34,126.84,49.6,11.39,5.79,0.671,139.7,31.3,267.5,3979.53
AGR_Cen_2022_02371,Central_Zone,JH_Plateau,2022,Rabi,Soybean,21.29,32.32,332.31,48.16,10.95,6.39,0.546,189.7,10.0,290.8,2727.24
AGR_Cen_2023_02372,Central_Zone,MP_Narmada,2023,Rabi,Pulses,22.04,32.86,321.78,63.57,11.44,5.9,0.547,212.7,23.8,190.4,1836.88
AGR_Cen_2019_02373,Central_Zone,CG_Plains,2019,Rabi,Pulses,20.09,27.28,182.28,56.33,13.81,6.93,0.46,186.0,27.0,266.7,1710.18
AGR_Cen_2022_02374,Central_Zone,MP_Narmada,2022,Kharif,Wheat,21.99,34.14,1308.29,95.0,11.23,6.98,0.787,158.9,27.1,236.4,4738.43
AGR_Cen_2022_02375,Central_Zone,JH_Plateau,2022,Kharif,Soybean,24.98,37.39,455.38,62.86,14.45,6.85,0.558,222.3,21.8,240.0,3201.68
AGR_Cen_2022_02376,Central_Zone,UP_Bundelkhand,2022,Kharif,Maize,23.32,32.91,1065.84,91.18,10.0,7.31,0.408,234.7,21.4,150.2,4059.45
AGR_Cen_2019_02377,Central_Zone,CG_Plains,2019,Kharif,Cotton,22.99,36.83,1019.38,91.45,10.0,7.21,0.439,234.5,27.8,209.9,3152.96
AGR_Cen_2018_02378,Central_Zone,CG_Plains,2018,Rabi,Soybean,20.94,29.91,194.87,69.82,10.0,6.7,0.534,135.4,29.7,150.7,2295.78
AGR_Cen_2023_02379,Central_Zone,UP_Bundelkhand,2023,Kharif,Soybean,23.53,,1032.09,95.0,10.0,6.42,0.2,150.3,21.0,143.0,2829.63
AGR_Cen_2021_02380,Central_Zone,MP_Narmada,2021,Kharif,Pulses,,36.74,886.75,86.57,11.5,7.04,0.949,158.2,37.2,208.2,2156.96
AGR_Cen_2022_02381,Central_Zone,JH_Plateau,2022,Kharif,Wheat,25.23,35.51,805.38,,10.0,6.25,0.678,175.3,24.0,145.0,4509.2
AGR_Cen_2023_02382,Central_Zone,UP_Bundelkhand,2023,Kharif,Wheat,23.12,36.59,715.96,73.46,15.35,6.89,0.836,130.0,28.8,160.7,4214.16
AGR_Cen_2020_02383,Central_Zone,CG_Plains,2020,Kharif,Soybean,27.43,37.01,987.68,93.15,10.86,6.08,0.581,144.9,21.9,180.1,2978.23
AGR_Cen_2020_02384,Central_Zone,MP_Narmada,2020,Kharif,Pulses,,33.61,1028.61,70.01,16.0,8.15,0.287,157.3,23.8,221.7,2166.53
AGR_Cen_2022_02385,Central_Zone,UP_Bundelkhand,2022,Kharif,Cotton,23.12,36.04,1053.03,77.08,10.66,6.8,0.646,187.5,28.2,260.8,3287.61
AGR_Cen_2019_02386,Central_Zone,MP_Narmada,2019,Rabi,Soybean,,30.92,150.98,40.61,14.68,6.03,0.523,131.7,29.8,178.6,2364.29
AGR_Cen_2022_02387,Central_Zone,MP_Narmada,2022,Kharif,Wheat,24.79,38.54,1000.26,82.38,10.0,7.61,0.483,177.4,21.0,163.9,4387.58
AGR_Cen_2021_02388,Central_Zone,JH_Plateau,2021,Zaid,Wheat,27.35,37.73,135.84,69.54,13.02,7.26,0.416,144.0,25.6,134.4,3566.05
AGR_Cen_2023_02389,Central_Zone,UP_Bundelkhand,2023,Kharif,Cotton,23.36,32.76,,54.27,12.01,6.55,0.609,128.5,23.2,261.8,2809.34
AGR_Cen_2020_02390,Central_Zone,JH_Plateau,2020,Kharif,Rice,23.27,35.09,780.14,71.91,13.82,7.39,0.567,212.3,25.1,178.2,5488.58
AGR_Cen_2019_02391,Central_Zone,UP_Bundelkhand,2019,Kharif,Cotton,24.43,38.33,,80.83,10.0,6.33,0.51,176.6,22.2,145.2,2847.22
AGR_Cen_2023_02392,Central_Zone,MP_Narmada,2023,Kharif,Pulses,24.38,31.75,957.61,95.0,10.0,6.99,0.823,188.4,12.0,180.5,2454.53
AGR_Cen_2018_02393,Central_Zone,JH_Plateau,2018,Kharif,Cotton,24.58,,664.26,77.64,10.0,7.79,0.401,111.6,14.7,183.5,2455.11
AGR_Cen_2023_02394,Central_Zone,CG_Plains,2023,Kharif,Cotton,24.86,37.16,987.4,76.08,10.0,6.89,0.701,163.2,11.8,238.5,2992.44
AGR_Cen_2023_02395,Central_Zone,UP_Bundelkhand,2023,Rabi,Soybean,19.91,31.21,133.72,63.5,11.7,6.37,0.59,149.8,22.9,251.5,2233.62
AGR_Cen_2018_02396,Central_Zone,JH_Plateau,2018,Kharif,Soybean,23.78,35.37,818.15,71.68,11.3,7.54,0.582,156.9,24.2,247.1,3265.17
AGR_Cen_2023_02397,Central_Zone,UP_Bundelkhand,2023,Kharif,Soybean,24.33,33.17,829.71,73.27,12.68,6.82,0.728,160.0,25.8,226.9,3218.53
AGR_Cen_2020_02398,Central_Zone,CG_Plains,2020,Rabi,Cotton,,29.41,249.21,62.71,10.0,6.42,0.897,123.0,11.3,176.6,2352.5
AGR_Cen_2020_02399,Central_Zone,JH_Plateau,2020,Rabi,Cotton,19.78,32.86,53.85,63.1,10.9,6.8,0.347,130.2,26.5,266.3,1696.13
AGR_Cen_2018_02400,Central_Zone,CG_Plains,2018,Rabi,Cotton,,32.6,,51.93,12.9,6.58,0.423,150.5,25.0,181.7,2053.83
AGR_Cen_2018_02401,Central_Zone,UP_Bundelkhand,2018,Rabi,Rice,20.62,33.12,194.72,50.87,13.65,6.67,0.373,152.3,28.5,225.5,4055.39
AGR_Cen_2019_02402,Central_Zone,JH_Plateau,2019,Rabi,Pulses,21.87,34.18,161.02,56.34,12.93,7.38,0.702,95.6,32.5,214.3,1561.54
AGR_Cen_2020_02403,Central_Zone,JH_Plateau,2020,Kharif,Wheat,25.31,34.73,10.0,59.98,13.41,7.07,0.63,241.0,25.6,271.7,4122.12
AGR_Cen_2020_02404,Central_Zone,JH_Plateau,2020,Kharif,Cotton,23.61,36.4,785.8,86.08,10.0,5.85,0.702,167.0,27.0,187.3,3008.57
AGR_Cen_2019_02405,Central_Zone,UP_Bundelkhand,2019,Kharif,Wheat,24.81,32.9,1417.15,95.0,10.0,7.42,0.74,140.7,19.0,278.6,4628.14
AGR_Cen_2019_02406,Central_Zone,MP_Narmada,2019,Zaid,Maize,26.33,34.4,63.27,40.63,11.91,6.22,0.635,154.8,23.6,209.4,3614.85
AGR_Cen_2021_02407,Central_Zone,UP_Bundelkhand,2021,Rabi,Cotton,19.07,28.75,218.79,70.87,13.39,6.41,0.78,171.4,15.2,210.2,2498.76
AGR_Cen_2019_02408,Central_Zone,CG_Plains,2019,Kharif,Maize,26.28,40.03,394.72,55.44,12.01,6.94,0.523,133.2,28.9,180.9,3725.99
AGR_Cen_2019_02409,Central_Zone,CG_Plains,2019,Kharif,Wheat,23.68,34.95,910.03,90.86,10.0,6.16,0.713,158.6,16.9,177.0,4652.16
AGR_Cen_2023_02410,Central_Zone,JH_Plateau,2023,Kharif,Wheat,23.76,34.15,612.03,64.19,10.71,7.9,0.972,202.1,19.0,208.6,5187.2
AGR_Cen_2019_02411,Central_Zone,MP_Narmada,2019,Kharif,Maize,23.72,32.36,751.31,,13.26,6.1,0.819,181.8,16.6,138.6,4504.99
AGR_Cen_2019_02412,Central_Zone,UP_Bundelkhand,2019,Kharif,Wheat,21.14,28.86,1060.72,87.52,16.16,8.01,1.103,222.4,24.9,250.2,5364.28
AGR_Cen_2019_02413,Central_Zone,MP_Narmada,2019,Kharif,Rice,22.87,35.7,1424.36,95.0,15.68,7.82,0.643,194.4,22.1,219.7,4960.44
AGR_Cen_2022_02414,Central_Zone,JH_Plateau,2022,Rabi,Soybean,20.33,30.13,115.83,66.75,12.58,7.5,0.594,190.8,17.6,131.3,2235.05
AGR_Cen_2022_02415,Central_Zone,JH_Plateau,2022,Kharif,Pulses,25.09,34.91,672.57,68.82,10.58,6.44,0.622,183.5,27.4,169.2,2230.8
AGR_Cen_2020_02416,Central_Zone,UP_Bundelkhand,2020,Kharif,Wheat,25.27,37.61,567.93,64.63,12.47,6.28,0.599,152.7,15.2,170.8,4631.01
AGR_Cen_2022_02417,Central_Zone,UP_Bundelkhand,2022,Rabi,Cotton,20.44,33.04,86.58,55.91,11.12,6.3,0.385,167.1,19.2,188.0,2350.26
AGR_Cen_2018_02418,Central_Zone,MP_Narmada,2018,Rabi,Rice,21.13,35.11,159.86,50.06,10.9,7.17,0.706,137.5,13.3,181.1,4181.29
AGR_Cen_2021_02419,Central_Zone,MP_Narmada,2021,Kharif,Wheat,21.98,35.73,534.62,59.73,10.89,6.71,0.795,207.4,16.4,187.4,5056.22
AGR_Cen_2019_02420,Central_Zone,JH_Plateau,2019,Kharif,Maize,20.53,29.75,378.7,89.24,11.86,7.73,0.346,131.8,25.8,150.1,3534.48
AGR_Cen_2023_02421,Central_Zone,JH_Plateau,2023,Kharif,Maize,23.02,32.51,506.43,58.43,10.48,6.83,0.564,95.1,19.9,228.4,3394.73
AGR_Cen_2018_02422,Central_Zone,MP_Narmada,2018,Rabi,Cotton,19.94,27.24,117.42,58.1,13.07,6.41,0.648,179.1,15.9,140.4,2071.69
AGR_Cen_2021_02423,Central_Zone,MP_Narmada,2021,Kharif,Soybean,23.84,35.04,580.2,59.75,12.81,5.94,0.811,156.6,20.8,207.1,3201.32
AGR_Cen_2022_02424,Central_Zone,JH_Plateau,2022,Rabi,Soybean,19.23,28.95,139.97,50.1,15.56,7.1,0.662,137.3,17.6,224.8,2077.41
AGR_Cen_2019_02425,Central_Zone,CG_Plains,2019,Rabi,Cotton,19.96,33.45,218.29,52.93,13.03,6.83,0.592,176.7,22.7,141.0,2468.25
AGR_Cen_2018_02426,Central_Zone,CG_Plains,2018,Kharif,Cotton,,32.26,,76.36,10.0,6.03,0.712,179.9,24.2,255.6,2889.51
AGR_Cen_2023_02427,Central_Zone,UP_Bundelkhand,2023,Kharif,Rice,20.98,28.16,1126.18,84.3,10.0,7.32,0.469,181.1,23.5,234.8,4616.85
AGR_Cen_2020_02428,Central_Zone,JH_Plateau,2020,Rabi,Pulses,20.67,28.47,200.36,48.6,12.65,6.13,0.826,142.8,19.4,231.1,1419.13
AGR_Cen_2018_02429,Central_Zone,MP_Narmada,2018,Kharif,Maize,24.48,32.07,589.93,59.62,11.44,7.27,0.28,155.7,17.6,198.4,3855.51
AGR_Cen_2022_02430,Central_Zone,UP_Bundelkhand,2022,Kharif,Pulses,23.44,33.46,738.1,59.48,12.24,6.86,1.086,194.1,24.2,264.6,2586.15
AGR_Cen_2020_02431,Central_Zone,CG_Plains,2020,Kharif,Wheat,25.38,38.19,870.02,69.46,11.45,8.5,0.84,232.4,24.7,236.3,5249.02
AGR_Cen_2018_02432,Central_Zone,JH_Plateau,2018,Kharif,Maize,24.13,31.59,1148.71,78.91,10.21,6.57,0.263,187.8,15.7,192.1,4110.93
AGR_Cen_2022_02433,Central_Zone,CG_Plains,2022,Rabi,Pulses,21.49,28.59,,66.75,11.17,6.72,0.574,118.4,19.3,225.9,1611.49
AGR_Cen_2023_02434,Central_Zone,UP_Bundelkhand,2023,Kharif,Soybean,26.11,35.17,786.23,84.68,10.0,6.97,0.444,199.6,8.0,214.5,3333.57
AGR_Cen_2019_02435,Central_Zone,MP_Narmada,2019,Rabi,Soybean,19.55,31.24,191.74,52.93,11.37,6.12,0.647,213.1,10.7,128.0,2772.61
AGR_Cen_2022_02436,Central_Zone,UP_Bundelkhand,2022,Kharif,Wheat,25.15,33.39,1167.78,86.05,10.0,7.79,0.426,198.5,26.5,225.5,4772.91
AGR_Cen_2023_02437,Central_Zone,MP_Narmada,2023,Kharif,Rice,25.19,37.47,1165.69,75.05,10.37,6.28,0.303,168.7,16.2,289.8,4884.45
AGR_Cen_2018_02438,Central_Zone,MP_Narmada,2018,Rabi,Soybean,19.67,27.63,155.45,57.79,12.52,6.5,0.705,217.0,25.6,254.9,2801.42
AGR_Cen_2018_02439,Central_Zone,JH_Plateau,2018,Zaid,Soybean,25.56,34.4,127.54,69.41,14.02,6.86,0.629,234.2,24.5,220.6,2732.14
AGR_Cen_2018_02440,Central_Zone,MP_Narmada,2018,Kharif,Wheat,23.98,35.45,1038.25,75.7,12.65,6.21,0.33,189.9,19.8,261.9,4643.6
AGR_Cen_2019_02441,Central_Zone,UP_Bundelkhand,2019,Kharif,Cotton,24.3,33.38,1182.75,95.0,10.0,6.79,0.471,194.5,25.7,221.9,3072.34
AGR_Cen_2022_02442,Central_Zone,CG_Plains,2022,Kharif,Soybean,,33.72,770.6,86.0,10.0,6.01,0.642,185.9,17.6,263.3,3282.34
AGR_Cen_2022_02443,Central_Zone,JH_Plateau,2022,Kharif,Pulses,22.22,34.78,929.33,66.81,10.6,7.03,0.621,162.3,14.1,172.6,2347.75
AGR_Cen_2023_02444,Central_Zone,CG_Plains,2023,Kharif,Soybean,24.82,34.23,739.31,84.68,11.08,6.2,0.517,167.4,35.3,230.4,3482.81
AGR_Cen_2019_02445,Central_Zone,CG_Plains,2019,Kharif,Cotton,,32.89,1371.2,95.0,10.0,6.4,0.946,126.6,22.4,249.3,3103.38
AGR_Cen_2020_02446,Central_Zone,JH_Plateau,2020,Kharif,Cotton,24.71,34.03,936.39,92.8,11.44,7.63,0.378,220.5,21.9,249.1,3373.01
AGR_Cen_2018_02447,Central_Zone,CG_Plains,2018,Rabi,Soybean,,30.13,176.94,46.89,16.19,6.91,0.2,190.7,24.9,225.6,2480.63
AGR_Cen_2023_02448,Central_Zone,UP_Bundelkhand,2023,Kharif,Soybean,23.2,32.64,777.1,83.28,10.77,6.74,0.838,97.0,29.1,182.2,3162.49
AGR_Cen_2019_02449,Central_Zone,MP_Narmada,2019,Kharif,Rice,20.79,33.66,401.49,67.42,10.0,5.69,0.419,200.0,16.0,269.4,4987.69
AGR_Cen_2020_02450,Central_Zone,JH_Plateau,2020,Kharif,Rice,22.38,34.69,953.05,78.33,10.0,6.55,0.83,223.8,21.7,183.8,5505.32
AGR_Cen_2022_02451,Central_Zone,JH_Plateau,2022,Rabi,Cotton,19.83,30.32,274.3,85.04,10.0,6.79,0.287,149.4,25.9,240.8,2337.99
AGR_Cen_2023_02452,Central_Zone,JH_Plateau,2023,Kharif,Soybean,24.34,37.43,457.11,65.61,10.0,7.11,0.26,208.9,23.7,233.6,3132.9
AGR_Cen_2021_02453,Central_Zone,CG_Plains,2021,Rabi,Soybean,22.85,35.49,241.57,70.82,10.0,6.82,0.825,194.7,19.8,226.0,3054.44
AGR_Cen_2018_02454,Central_Zone,MP_Narmada,2018,Rabi,Cotton,22.65,34.06,155.64,,12.49,6.94,0.715,218.9,19.7,258.6,2557.65
AGR_Cen_2018_02455,Central_Zone,JH_Plateau,2018,Kharif,Maize,24.33,31.88,1136.28,72.68,11.45,8.02,0.384,212.6,24.6,143.8,4151.27
AGR_Cen_2018_02456,Central_Zone,JH_Plateau,2018,Rabi,Maize,19.93,27.58,292.25,65.3,10.0,6.43,0.763,169.9,18.4,248.5,4025.38
AGR_Cen_2022_02457,Central_Zone,UP_Bundelkhand,2022,Rabi,Wheat,18.19,27.94,244.96,56.88,13.48,5.36,0.761,249.3,15.6,140.1,4316.96
AGR_Cen_2022_02458,Central_Zone,UP_Bundelkhand,2022,Rabi,Rice,21.07,31.2,116.66,60.33,10.0,7.46,0.556,148.1,25.5,215.8,4035.3
AGR_Cen_2022_02459,Central_Zone,CG_Plains,2022,Rabi,Wheat,20.22,,191.9,45.76,12.83,5.92,0.618,156.2,18.8,214.4,3749.86
AGR_Cen_2018_02460,Central_Zone,UP_Bundelkhand,2018,Kharif,Wheat,22.85,36.02,1172.46,78.64,11.86,7.28,0.583,195.3,14.4,127.0,4353.66
AGR_Cen_2023_02461,Central_Zone,UP_Bundelkhand,2023,Rabi,Cotton,20.94,29.58,236.99,47.55,14.48,7.52,0.693,183.1,19.7,257.9,2596.67
AGR_Cen_2021_02462,Central_Zone,CG_Plains,2021,Kharif,Pulses,24.71,34.93,688.74,68.94,14.73,6.56,0.455,238.0,21.7,168.8,2662.37
AGR_Cen_2020_02463,Central_Zone,MP_Narmada,2020,Rabi,Cotton,22.06,29.32,152.59,48.48,13.35,6.44,0.35,225.4,24.0,226.0,2206.16
AGR_Cen_2021_02464,Central_Zone,JH_Plateau,2021,Kharif,Soybean,22.32,34.19,755.41,58.65,11.36,6.77,0.792,195.0,34.6,229.6,3838.24
AGR_Cen_2023_02465,Central_Zone,CG_Plains,2023,Zaid,Wheat,24.13,37.09,40.08,38.61,15.78,7.47,0.826,177.8,21.3,290.3,3655.17
AGR_Cen_2021_02466,Central_Zone,MP_Narmada,2021,Rabi,Pulses,20.19,33.73,183.98,72.33,10.0,6.92,0.39,150.4,17.5,173.8,1614.85
AGR_Cen_2019_02467,Central_Zone,CG_Plains,2019,Rabi,Cotton,19.87,32.37,242.21,72.85,10.0,6.0,0.682,211.5,28.0,184.6,2695.51
AGR_Cen_2021_02468,Central_Zone,MP_Narmada,2021,Rabi,Soybean,18.82,31.65,203.04,,11.5,6.72,0.393,154.5,20.4,110.0,2156.25
AGR_Cen_2021_02469,Central_Zone,MP_Narmada,2021,Kharif,Soybean,,33.29,356.83,51.1,16.53,6.69,0.824,161.6,22.1,194.8,2802.42
AGR_Cen_2018_02470,Central_Zone,UP_Bundelkhand,2018,Kharif,Rice,23.29,35.98,148.5,30.0,15.01,6.92,1.141,218.3,16.4,110.6,5451.21
AGR_Cen_2019_02471,Central_Zone,MP_Narmada,2019,Kharif,Rice,25.56,37.42,1684.2,95.0,10.0,6.53,0.731,240.8,26.5,202.8,5445.87
AGR_Cen_2019_02472,Central_Zone,UP_Bundelkhand,2019,Rabi,Pulses,,29.8,227.99,67.13,12.23,7.36,0.487,181.4,8.8,284.0,1770.42
AGR_Cen_2020_02473,Central_Zone,JH_Plateau,2020,Kharif,Maize,25.92,39.44,1263.88,95.0,10.0,7.06,0.557,160.0,24.5,210.5,3636.4
AGR_Cen_2018_02474,Central_Zone,CG_Plains,2018,Rabi,Maize,,31.71,233.18,57.36,10.02,6.18,0.607,173.2,25.8,151.1,3775.44
AGR_Cen_2023_02475,Central_Zone,CG_Plains,2023,Kharif,Maize,22.55,31.24,979.5,,10.53,6.72,1.104,155.9,32.6,116.3,4163.8
AGR_Cen_2023_02476,Central_Zone,JH_Plateau,2023,Rabi,Soybean,18.33,32.16,128.37,40.48,12.88,8.09,0.895,241.3,24.4,207.4,2678.98
AGR_Cen_2022_02477,Central_Zone,JH_Plateau,2022,Kharif,Soybean,24.69,34.68,383.04,46.46,15.39,6.69,0.713,145.8,14.5,227.9,3251.61
AGR_Cen_2019_02478,Central_Zone,JH_Plateau,2019,Kharif,Cotton,22.27,33.09,1125.95,75.41,12.07,6.83,0.41,173.0,16.5,183.9,2940.95
AGR_Cen_2019_02479,Central_Zone,JH_Plateau,2019,Rabi,Wheat,20.4,27.75,261.34,70.2,13.42,7.59,0.642,214.1,21.4,147.8,4260.86
AGR_Cen_2019_02480,Central_Zone,MP_Narmada,2019,Kharif,Pulses,22.48,30.41,551.22,68.37,13.75,7.5,0.579,165.4,27.5,191.7,2183.48
AGR_Cen_2021_02481,Central_Zone,MP_Narmada,2021,Kharif,Maize,22.01,31.36,1077.04,95.0,10.0,6.69,0.93,208.5,15.4,196.4,4582.36
AGR_Cen_2023_02482,Central_Zone,JH_Plateau,2023,Zaid,Soybean,25.47,34.89,83.71,42.49,13.34,5.86,0.692,216.4,25.1,186.7,2821.65
AGR_Cen_2019_02483,Central_Zone,CG_Plains,2019,Rabi,Soybean,16.99,25.26,211.28,74.95,12.67,6.48,0.283,189.5,20.5,182.2,2247.92
AGR_Cen_2021_02484,Central_Zone,CG_Plains,2021,Rabi,Rice,20.26,,268.51,46.65,16.32,6.3,0.434,206.6,12.5,255.5,4786.55
AGR_Cen_2018_02485,Central_Zone,UP_Bundelkhand,2018,Kharif,Cotton,25.32,36.84,837.34,74.21,10.79,5.61,0.525,193.3,22.0,167.2,3058.85
AGR_Cen_2023_02486,Central_Zone,MP_Narmada,2023,Kharif,Cotton,25.23,38.41,836.27,75.92,11.08,6.38,0.642,241.7,25.1,145.2,3032.42
AGR_Cen_2022_02487,Central_Zone,UP_Bundelkhand,2022,Kharif,Wheat,23.61,32.12,1377.49,95.0,10.18,6.03,0.525,160.0,8.7,266.6,4402.27
AGR_Cen_2022_02488,Central_Zone,JH_Plateau,2022,Kharif,Wheat,25.91,,789.33,76.25,11.3,7.56,0.802,134.7,27.0,183.4,4703.6
AGR_Cen_2023_02489,Central_Zone,CG_Plains,2023,Zaid,Pulses,23.72,,104.42,55.18,13.08,6.9,0.382,180.6,20.8,206.2,1570.68
AGR_Cen_2019_02490,Central_Zone,CG_Plains,2019,Zaid,Cotton,25.75,39.61,122.18,52.7,12.8,5.77,0.542,216.8,17.2,143.9,2421.02
AGR_Cen_2022_02491,Central_Zone,MP_Narmada,2022,Zaid,Pulses,27.29,38.4,54.07,63.5,14.12,6.13,0.497,185.5,28.5,110.0,1150.01
AGR_Cen_2021_02492,Central_Zone,UP_Bundelkhand,2021,Zaid,Wheat,28.02,40.21,32.85,44.17,11.99,7.57,0.527,159.9,13.3,177.9,3578.74
AGR_Cen_2023_02493,Central_Zone,CG_Plains,2023,Kharif,Rice,21.94,32.12,,74.93,11.41,6.1,0.958,134.3,23.3,209.9,5123.87
AGR_Cen_2020_02494,Central_Zone,MP_Narmada,2020,Kharif,Cotton,22.17,31.18,900.72,78.16,10.0,7.58,0.641,188.6,28.8,178.8,3039.46
AGR_Cen_2022_02495,Central_Zone,MP_Narmada,2022,Rabi,Maize,22.53,,337.28,67.7,10.0,6.54,0.612,205.7,20.9,230.7,4275.42
AGR_Cen_2021_02496,Central_Zone,CG_Plains,2021,Kharif,Pulses,23.29,36.53,1048.73,95.0,14.14,7.05,0.726,177.5,27.0,253.5,2214.16
AGR_Cen_2019_02497,Central_Zone,MP_Narmada,2019,Rabi,Maize,19.89,30.64,274.18,71.09,10.53,6.68,0.904,157.1,19.5,213.6,3772.66
AGR_Cen_2019_02498,Central_Zone,UP_Bundelkhand,2019,Rabi,Pulses,20.46,34.26,188.47,39.9,13.27,6.41,0.892,219.1,31.7,216.9,1834.35
AGR_Cen_2020_02499,Central_Zone,UP_Bundelkhand,2020,Kharif,Rice,22.01,,680.8,80.43,13.33,6.5,0.571,115.6,24.1,169.7,4632.3
AGR_Cen_2019_02500,Central_Zone,MP_Narmada,2019,Kharif,Wheat,21.93,35.77,306.25,57.72,12.19,7.72,0.561,195.1,15.0,254.7,4369.61
