Record_ID,Region,District,Year,Season,Crop,Temp_Min_C,Temp_Max_C,Rainfall_mm,Humidity_Pct,Solar_Rad_MJm2,Soil_pH,Organic_Carbon_Pct,Nitrogen_kg_ha,Phosphorus_kg_ha,Potassium_kg_ha,Crop_Yield_kg_ha
AGR_Nor_2021_00001,North_Zone,UP_Western,2021,Zaid,Cotton,21.2,,107.83,33.48,13.67,7.04,0.433,182.8,21.0,211.0,1970.03
AGR_Nor_2023_00002,North_Zone,UP_Western,2023,Rabi,Soybean,,28.16,145.77,43.35,14.42,6.44,0.547,158.9,33.1,209.4,2160.15
AGR_Nor_2019_00003,North_Zone,Haryana_East,2019,Kharif,Wheat,20.31,33.2,663.33,50.33,10.88,6.9,0.658,206.1,11.0,235.4,4779.35
AGR_Nor_2018_00004,North_Zone,Rajasthan_North,2018,Kharif,Cotton,21.49,29.01,572.98,74.92,12.28,7.34,0.736,172.7,18.3,142.1,3072.44
AGR_Nor_2023_00005,North_Zone,Punjab_Central,2023,Rabi,Maize,17.54,29.87,104.2,68.43,11.83,8.5,0.434,166.0,21.6,146.2,3174.44
AGR_Nor_2020_00006,North_Zone,Punjab_Central,2020,Kharif,Maize,22.06,33.43,722.18,67.97,10.57,5.91,0.559,213.7,20.7,175.2,4224.31
AGR_Nor_2018_00007,North_Zone,Punjab_Central,2018,Rabi,Maize,17.01,26.93,120.62,50.07,12.42,7.07,0.57,187.5,9.9,167.6,3400.63
AGR_Nor_2018_00008,North_Zone,Rajasthan_North,2018,Kharif,Rice,20.34,29.75,633.17,85.44,11.59,5.3,0.866,255.6,29.4,200.4,5607.89
AGR_Nor_2023_00009,North_Zone,Rajasthan_North,2023,Rabi,Rice,17.04,28.91,82.12,48.57,14.86,7.23,0.429,161.2,28.6,229.3,3408.2
AGR_Nor_2023_00010,North_Zone,UP_Western,2023,Rabi,Soybean,14.43,28.41,134.76,55.12,13.49,6.71,0.633,213.8,15.6,214.9,2393.04
AGR_Nor_2021_00011,North_Zone,Rajasthan_North,2021,Rabi,Pulses,17.26,29.11,81.33,40.8,15.23,6.22,0.742,220.6,17.1,253.4,1446.16
AGR_Nor_2023_00012,North_Zone,Haryana_East,2023,Kharif,Pulses,22.32,33.74,602.08,70.2,13.89,6.64,1.09,201.9,16.9,161.8,2573.73
AGR_Nor_2018_00013,North_Zone,Punjab_Central,2018,Zaid,Rice,26.18,40.04,95.93,51.02,11.95,6.43,0.454,98.9,20.4,259.3,3498.58
AGR_Nor_2019_00014,North_Zone,Haryana_East,2019,Kharif,Wheat,22.32,30.28,,73.17,14.24,6.4,0.295,203.0,13.4,156.8,4463.02
AGR_Nor_2021_00015,North_Zone,Rajasthan_North,2021,Rabi,Pulses,15.63,29.5,111.8,55.22,12.76,7.01,0.262,213.8,18.9,264.5,1221.8
AGR_Nor_2022_00016,North_Zone,Haryana_East,2022,Zaid,Pulses,22.84,32.87,55.28,43.27,15.35,7.87,0.478,125.8,19.9,218.3,1345.67
AGR_Nor_2020_00017,North_Zone,Rajasthan_North,2020,Kharif,Maize,20.64,28.33,1024.4,51.73,10.78,6.65,0.375,237.1,13.4,190.2,4096.92
AGR_Nor_2022_00018,North_Zone,Rajasthan_North,2022,Rabi,Wheat,17.1,30.69,114.59,34.85,17.08,6.43,0.98,204.0,22.4,229.8,4206.23
AGR_Nor_2019_00019,North_Zone,Haryana_East,2019,Kharif,Maize,22.85,32.54,391.76,51.81,15.38,6.78,0.291,143.5,30.0,230.2,3691.03
AGR_Nor_2020_00020,North_Zone,Haryana_East,2020,Kharif,Rice,20.0,,882.39,77.24,12.47,7.3,0.746,225.7,22.1,240.7,5437.94
AGR_Nor_2021_00021,North_Zone,Rajasthan_North,2021,Zaid,Soybean,,36.01,86.3,42.82,11.29,7.49,0.742,201.8,25.8,209.4,2523.9
AGR_Nor_2020_00022,North_Zone,UP_Western,2020,Rabi,Soybean,18.33,31.4,149.84,52.41,15.13,6.5,0.356,124.6,22.5,257.7,2152.81
AGR_Nor_2021_00023,North_Zone,UP_Western,2021,Kharif,Maize,21.47,31.44,945.07,78.48,10.14,6.39,0.591,224.5,26.6,232.2,4307.32
AGR_Nor_2023_00024,North_Zone,Punjab_Central,2023,Rabi,Cotton,17.34,,130.5,59.09,12.2,8.17,0.673,164.9,33.2,264.0,2249.34
AGR_Nor_2023_00025,North_Zone,Rajasthan_North,2023,Kharif,Cotton,19.74,29.99,530.12,,10.0,5.65,0.665,200.0,27.8,243.4,3154.16
AGR_Nor_2018_00026,North_Zone,Haryana_East,2018,Rabi,Rice,19.06,28.81,102.89,56.02,14.86,6.93,0.513,237.4,23.4,217.5,4545.19
AGR_Nor_2018_00027,North_Zone,UP_Western,2018,Kharif,Cotton,18.95,30.65,757.1,59.9,14.57,7.0,0.465,234.3,22.7,263.1,2934.55
AGR_Nor_2022_00028,North_Zone,Haryana_East,2022,Rabi,Maize,16.35,23.45,116.31,64.46,10.0,6.09,0.233,170.6,26.3,277.6,2728.77
AGR_Nor_2021_00029,North_Zone,Punjab_Central,2021,Kharif,Wheat,21.19,30.62,553.73,72.21,10.0,7.09,0.229,262.0,15.4,282.5,4498.41
AGR_Nor_2020_00030,North_Zone,Haryana_East,2020,Rabi,Cotton,16.2,24.44,98.29,38.94,13.72,6.83,0.2,176.4,22.3,233.2,1819.26
AGR_Nor_2019_00031,North_Zone,Rajasthan_North,2019,Rabi,Rice,17.27,,131.43,54.03,12.71,6.92,0.887,171.1,22.8,249.0,4511.56
AGR_Nor_2020_00032,North_Zone,Punjab_Central,2020,Kharif,Cotton,21.39,34.27,391.79,63.81,10.0,6.38,0.385,103.8,19.7,196.6,2940.83
AGR_Nor_2021_00033,North_Zone,Punjab_Central,2021,Kharif,Cotton,23.09,34.09,388.07,48.95,14.23,6.41,0.512,159.3,16.8,212.2,2752.37
AGR_Nor_2021_00034,North_Zone,UP_Western,2021,Zaid,Pulses,22.99,35.05,74.03,58.13,13.85,5.75,1.071,164.9,25.0,238.8,1527.31
AGR_Nor_2023_00035,North_Zone,Rajasthan_North,2023,Kharif,Cotton,20.02,29.38,659.48,65.96,12.92,7.46,0.739,154.7,36.6,130.3,2673.78
AGR_Nor_2020_00036,North_Zone,Rajasthan_North,2020,Zaid,Maize,23.13,34.15,61.89,50.86,13.14,6.44,0.706,168.9,20.1,234.5,3545.64
AGR_Nor_2023_00037,North_Zone,Punjab_Central,2023,Rabi,Pulses,13.51,24.55,190.43,44.24,10.35,6.35,0.61,188.5,12.8,126.0,1231.38
AGR_Nor_2018_00038,North_Zone,UP_Western,2018,Rabi,Maize,16.27,25.45,146.15,63.18,10.0,6.84,0.514,196.8,24.0,256.7,3120.17
AGR_Nor_2022_00039,North_Zone,Punjab_Central,2022,Rabi,Soybean,18.45,29.93,168.94,59.77,15.78,6.34,0.376,117.7,31.0,239.4,2113.19
AGR_Nor_2021_00040,North_Zone,Rajasthan_North,2021,Rabi,Soybean,16.1,23.58,182.07,52.78,11.78,6.56,0.523,163.4,27.7,162.5,2076.37
AGR_Nor_2018_00041,North_Zone,Punjab_Central,2018,Kharif,Maize,22.28,35.72,185.85,43.3,11.08,6.6,0.9,170.9,13.0,198.9,3792.19
AGR_Nor_2020_00042,North_Zone,Rajasthan_North,2020,Rabi,Wheat,15.47,29.2,,52.33,10.55,8.34,0.611,180.5,21.9,218.9,3736.07
AGR_Nor_2020_00043,North_Zone,Haryana_East,2020,Kharif,Maize,,33.17,118.13,66.4,10.0,6.59,0.533,130.7,17.3,160.0,3446.14
AGR_Nor_2018_00044,North_Zone,UP_Western,2018,Rabi,Maize,20.86,30.23,135.96,64.16,11.93,7.83,0.679,223.7,24.5,197.6,3502.22
AGR_Nor_2022_00045,North_Zone,Punjab_Central,2022,Kharif,Maize,18.5,31.74,1002.94,78.2,12.28,6.38,0.346,125.5,25.6,152.4,3825.76
AGR_Nor_2023_00046,North_Zone,Punjab_Central,2023,Rabi,Wheat,17.43,27.72,131.54,53.74,10.0,7.82,0.616,152.2,31.7,237.8,3395.34
AGR_Nor_2022_00047,North_Zone,Haryana_East,2022,Kharif,Cotton,20.99,28.46,921.83,80.04,10.0,6.46,0.657,165.2,18.1,251.0,2679.21
AGR_Nor_2018_00048,North_Zone,Rajasthan_North,2018,Kharif,Pulses,20.06,28.23,655.22,68.36,11.56,5.94,0.705,126.7,17.2,270.4,1893.35
AGR_Nor_2023_00049,North_Zone,Rajasthan_North,2023,Kharif,Rice,21.45,29.58,306.09,62.56,12.21,6.51,1.014,135.6,14.0,284.5,4832.78
AGR_Nor_2021_00050,North_Zone,Haryana_East,2021,Rabi,Pulses,14.36,22.0,175.77,55.11,13.73,6.91,0.36,193.3,25.7,235.2,1350.07
AGR_Nor_2020_00051,North_Zone,Punjab_Central,2020,Zaid,Wheat,,31.47,67.68,41.45,15.96,6.78,0.723,181.0,22.2,252.2,3847.47
AGR_Nor_2019_00052,North_Zone,UP_Western,2019,Rabi,Wheat,16.61,25.82,135.4,68.98,11.49,7.42,0.333,189.3,27.3,213.7,3605.64
AGR_Nor_2023_00053,North_Zone,Haryana_East,2023,Kharif,Cotton,24.9,33.8,519.93,,11.67,6.97,0.225,114.9,20.2,230.5,2766.16
AGR_Nor_2018_00054,North_Zone,Rajasthan_North,2018,Kharif,Soybean,21.84,,343.49,,13.47,6.74,0.61,219.8,20.0,237.8,3125.73
AGR_Nor_2019_00055,North_Zone,Haryana_East,2019,Rabi,Cotton,19.13,31.0,107.17,57.01,11.55,6.38,0.473,262.5,27.6,172.2,2318.97
AGR_Nor_2018_00056,North_Zone,Haryana_East,2018,Rabi,Rice,17.76,29.91,121.97,44.41,11.85,6.83,0.486,211.8,22.2,293.9,4407.91
AGR_Nor_2021_00057,North_Zone,UP_Western,2021,Rabi,Rice,15.25,,100.3,56.52,11.09,6.92,0.571,178.5,25.3,185.6,4131.09
AGR_Nor_2021_00058,North_Zone,Rajasthan_North,2021,Kharif,Cotton,21.29,32.71,659.29,79.51,10.0,7.7,0.638,189.3,19.6,234.2,2995.85
AGR_Nor_2021_00059,North_Zone,Rajasthan_North,2021,Kharif,Wheat,22.13,32.44,,72.31,14.59,7.46,0.911,158.0,21.0,189.8,4955.44
AGR_Nor_2019_00060,North_Zone,Punjab_Central,2019,Zaid,Maize,21.16,33.72,61.45,41.84,15.23,6.95,0.498,135.2,27.2,239.3,2985.31
AGR_Nor_2020_00061,North_Zone,Haryana_East,2020,Kharif,Soybean,22.41,,822.02,81.43,11.24,6.1,1.062,137.4,22.9,202.9,3114.58
AGR_Nor_2021_00062,North_Zone,Rajasthan_North,2021,Zaid,Pulses,25.46,34.19,95.02,38.3,14.8,7.07,0.421,211.2,11.7,223.3,1596.81
AGR_Nor_2023_00063,North_Zone,Punjab_Central,2023,Kharif,Rice,21.56,28.84,745.77,65.19,11.39,6.8,0.391,232.6,27.3,200.1,5072.01
AGR_Nor_2018_00064,North_Zone,Haryana_East,2018,Rabi,Pulses,17.95,30.7,90.85,54.05,12.05,6.93,0.758,231.7,31.1,226.7,1465.2
AGR_Nor_2020_00065,North_Zone,Rajasthan_North,2020,Rabi,Pulses,16.7,28.21,182.69,73.45,11.05,6.41,0.513,168.8,24.5,233.5,1330.76
AGR_Nor_2023_00066,North_Zone,Rajasthan_North,2023,Kharif,Rice,19.73,29.56,647.29,67.45,10.0,7.09,0.524,219.6,20.4,272.3,5220.58
AGR_Nor_2018_00067,North_Zone,Punjab_Central,2018,Kharif,Wheat,22.62,35.92,642.3,55.08,11.35,7.28,0.632,198.7,14.5,272.0,4874.15
AGR_Nor_2021_00068,North_Zone,Haryana_East,2021,Kharif,Cotton,20.96,29.69,884.55,77.92,12.33,5.46,0.642,139.6,23.9,226.8,2748.19
AGR_Nor_2021_00069,North_Zone,UP_Western,2021,Zaid,Maize,22.77,32.09,84.91,72.34,10.0,6.7,0.394,200.6,22.7,176.6,3080.19
AGR_Nor_2018_00070,North_Zone,Rajasthan_North,2018,Rabi,Soybean,17.26,28.04,173.58,,11.84,6.89,0.514,158.2,18.8,287.2,2392.58
AGR_Nor_2018_00071,North_Zone,Punjab_Central,2018,Rabi,Maize,20.13,28.11,124.42,44.76,14.81,6.97,0.483,217.6,21.0,234.6,3232.17
AGR_Nor_2018_00072,North_Zone,UP_Western,2018,Rabi,Rice,18.66,27.17,177.48,45.02,16.76,6.34,0.653,215.2,20.5,225.3,4795.56
AGR_Nor_2023_00073,North_Zone,Haryana_East,2023,Kharif,Wheat,20.45,33.54,800.58,62.0,10.0,6.0,0.81,226.8,31.5,119.1,5203.46
AGR_Nor_2023_00074,North_Zone,UP_Western,2023,Kharif,Pulses,22.9,33.41,789.55,82.54,10.0,6.85,0.387,174.8,12.2,256.0,1872.55
AGR_Nor_2020_00075,North_Zone,UP_Western,2020,Kharif,Cotton,20.62,34.11,728.42,66.74,10.76,5.78,0.582,145.4,15.4,218.1,3052.99
AGR_Nor_2021_00076,North_Zone,Haryana_East,2021,Rabi,Maize,16.19,25.26,150.54,49.35,14.12,6.71,0.743,196.7,8.3,221.1,3730.92
AGR_Nor_2018_00077,North_Zone,Rajasthan_North,2018,Rabi,Rice,18.12,27.04,101.97,50.45,15.45,6.4,0.65,150.8,34.9,156.6,4032.17
AGR_Nor_2022_00078,North_Zone,Rajasthan_North,2022,Rabi,Maize,16.16,27.33,75.21,55.65,12.43,7.05,0.461,129.8,10.5,253.9,2870.1
AGR_Nor_2019_00079,North_Zone,Punjab_Central,2019,Zaid,Pulses,24.21,35.38,38.8,34.42,12.05,7.5,0.321,223.3,20.7,186.6,1449.58
AGR_Nor_2021_00080,North_Zone,UP_Western,2021,Kharif,Pulses,22.04,34.16,1039.31,77.59,10.13,7.13,0.614,198.9,16.5,217.6,2115.37
AGR_Nor_2021_00081,North_Zone,UP_Western,2021,Zaid,Pulses,22.2,30.27,,63.36,11.95,8.19,0.671,186.7,20.1,216.0,1303.37
AGR_Nor_2019_00082,North_Zone,Punjab_Central,2019,Kharif,Cotton,19.17,29.74,506.26,61.37,13.49,7.07,0.505,239.1,33.4,211.2,2573.34
AGR_Nor_2019_00083,North_Zone,Haryana_East,2019,Rabi,Maize,16.0,23.56,169.68,43.78,12.92,6.18,0.836,181.8,23.0,199.9,3434.12
AGR_Nor_2023_00084,North_Zone,Rajasthan_North,2023,Rabi,Maize,15.8,26.15,144.06,38.99,14.17,6.95,0.425,205.4,19.2,135.5,3351.35
AGR_Nor_2023_00085,North_Zone,Punjab_Central,2023,Zaid,Rice,21.15,28.68,59.79,44.9,15.22,7.13,0.434,233.2,30.1,177.0,4142.04
AGR_Nor_2019_00086,North_Zone,Rajasthan_North,2019,Kharif,Pulses,19.09,29.77,919.08,67.47,11.1,7.05,0.582,160.1,19.7,271.6,2004.74
AGR_Nor_2022_00087,North_Zone,Haryana_East,2022,Kharif,Cotton,20.98,28.75,765.86,55.93,16.53,6.08,0.593,220.9,16.8,110.0,2889.36
AGR_Nor_2018_00088,North_Zone,Rajasthan_North,2018,Kharif,Rice,20.7,34.22,574.05,77.22,10.0,6.79,0.836,146.8,9.0,226.5,5103.29
AGR_Nor_2022_00089,North_Zone,Rajasthan_North,2022,Kharif,Rice,22.19,34.8,895.55,55.51,12.82,6.94,0.597,158.6,29.2,266.0,4673.55
AGR_Nor_2021_00090,North_Zone,Rajasthan_North,2021,Rabi,Rice,16.68,30.4,125.3,,11.51,6.33,0.533,144.6,21.6,247.4,3922.89
AGR_Nor_2018_00091,North_Zone,UP_Western,2018,Zaid,Rice,21.43,31.51,25.67,56.65,12.63,6.51,0.54,187.4,21.0,149.7,4219.49
AGR_Nor_2019_00092,North_Zone,Haryana_East,2019,Rabi,Cotton,15.06,22.44,139.37,65.89,10.0,6.98,0.291,161.1,23.9,182.9,1709.67
AGR_Nor_2023_00093,North_Zone,Punjab_Central,2023,Rabi,Rice,14.15,25.11,133.14,61.97,12.57,7.57,0.721,175.2,14.7,200.6,4017.24
AGR_Nor_2020_00094,North_Zone,Punjab_Central,2020,Kharif,Cotton,23.46,36.39,1175.02,92.29,10.0,7.26,0.802,202.2,24.9,220.4,2641.83
AGR_Nor_2023_00095,North_Zone,Punjab_Central,2023,Rabi,Pulses,19.52,26.54,99.96,38.08,16.72,6.47,1.06,160.3,23.1,279.4,1718.68
AGR_Nor_2021_00096,North_Zone,Punjab_Central,2021,Rabi,Pulses,17.68,29.9,97.3,54.06,15.21,6.26,0.545,149.3,26.7,183.8,1214.58
AGR_Nor_2018_00097,North_Zone,Rajasthan_North,2018,Kharif,Soybean,20.48,30.34,702.33,69.69,13.21,7.93,0.878,162.9,15.3,216.3,2944.06
AGR_Nor_2020_00098,North_Zone,Rajasthan_North,2020,Kharif,Cotton,16.93,,490.1,,13.31,6.86,0.626,163.7,19.9,242.8,2721.34
AGR_Nor_2023_00099,North_Zone,UP_Western,2023,Kharif,Soybean,19.4,32.31,262.7,51.58,11.87,7.43,0.966,134.0,15.4,202.4,2860.65
AGR_Nor_2022_00100,North_Zone,Rajasthan_North,2022,Kharif,Pulses,22.19,30.58,399.14,49.97,17.83,6.85,0.663,151.7,20.1,190.8,2085.0
AGR_Nor_2022_00101,North_Zone,Rajasthan_North,2022,Kharif,Wheat,23.16,34.0,691.96,59.69,13.13,6.66,0.807,194.1,16.7,201.0,4920.76
AGR_Nor_2023_00102,North_Zone,Haryana_East,2023,Rabi,Maize,16.03,,98.03,64.89,10.0,5.93,0.617,167.4,25.1,224.3,2984.94
AGR_Nor_2021_00103,North_Zone,Rajasthan_North,2021,Rabi,Maize,17.45,30.2,99.93,66.43,10.22,5.7,0.636,192.7,30.2,263.5,3387.51
AGR_Nor_2021_00104,North_Zone,Haryana_East,2021,Rabi,Maize,18.18,26.37,119.12,79.41,10.42,6.74,0.542,207.4,25.4,255.2,3175.78
AGR_Nor_2018_00105,North_Zone,UP_Western,2018,Kharif,Cotton,22.72,30.88,936.47,79.34,12.04,7.51,1.066,200.3,24.0,218.7,3190.18
AGR_Nor_2020_00106,North_Zone,Punjab_Central,2020,Rabi,Maize,17.42,26.61,159.29,62.68,10.6,6.84,0.788,164.0,20.2,221.0,3292.94
AGR_Nor_2020_00107,North_Zone,Rajasthan_North,2020,Rabi,Pulses,18.19,31.1,154.75,50.27,13.57,6.25,0.691,210.4,19.7,183.2,1417.43
AGR_Nor_2021_00108,North_Zone,UP_Western,2021,Rabi,Rice,17.95,26.77,174.39,58.54,13.45,6.22,0.627,120.3,8.3,216.3,4113.65
AGR_Nor_2018_00109,North_Zone,Haryana_East,2018,Kharif,Wheat,21.81,34.69,826.95,,10.51,8.03,0.77,257.0,25.2,143.8,5186.06
AGR_Nor_2018_00110,North_Zone,Punjab_Central,2018,Kharif,Pulses,18.59,27.69,805.85,86.36,12.78,6.74,0.57,182.5,29.0,168.3,2076.45
AGR_Nor_2018_00111,North_Zone,UP_Western,2018,Kharif,Soybean,20.89,28.85,825.1,67.64,10.3,7.66,0.551,229.1,28.7,193.7,3132.45
AGR_Nor_2020_00112,North_Zone,Punjab_Central,2020,Rabi,Pulses,16.84,26.37,,,13.13,6.54,0.475,130.8,21.5,142.3,1250.45
AGR_Nor_2023_00113,North_Zone,Rajasthan_North,2023,Rabi,Soybean,,26.6,,47.02,10.61,6.45,0.754,184.6,30.0,218.8,2317.42
AGR_Nor_2023_00114,North_Zone,Rajasthan_North,2023,Kharif,Soybean,21.87,33.57,719.65,82.4,10.0,7.43,0.424,208.4,25.2,246.8,3018.52
AGR_Nor_2021_00115,North_Zone,Rajasthan_North,2021,Zaid,Wheat,24.7,34.59,48.75,64.93,14.16,6.94,0.764,140.1,22.0,230.3,3624.58
AGR_Nor_2019_00116,North_Zone,Haryana_East,2019,Kharif,Soybean,20.81,31.85,273.63,39.53,15.51,7.31,0.832,196.5,27.1,292.8,2909.95
AGR_Nor_2019_00117,North_Zone,UP_Western,2019,Kharif,Soybean,23.24,30.94,741.45,71.99,10.65,7.15,0.2,135.7,22.3,191.8,2811.93
AGR_Nor_2019_00118,North_Zone,UP_Western,2019,Rabi,Maize,14.47,26.21,,,16.85,7.93,0.517,178.4,15.1,210.2,2896.23
AGR_Nor_2020_00119,North_Zone,Haryana_East,2020,Kharif,Pulses,20.61,29.64,969.73,81.39,10.32,6.94,0.763,126.1,13.1,233.8,1786.91
AGR_Nor_2020_00120,North_Zone,UP_Western,2020,Rabi,Wheat,17.81,26.05,163.95,75.8,10.59,7.18,0.508,136.5,23.0,224.6,3385.36
AGR_Nor_2023_00121,North_Zone,Haryana_East,2023,Rabi,Maize,16.33,23.6,78.97,79.08,10.0,6.95,0.684,218.0,22.6,223.9,3169.11
AGR_Nor_2021_00122,North_Zone,UP_Western,2021,Zaid,Maize,21.64,33.92,65.58,32.94,14.55,8.5,0.376,116.5,33.6,243.4,2864.77
AGR_Nor_2021_00123,North_Zone,UP_Western,2021,Rabi,Soybean,16.84,30.81,185.62,42.34,15.69,6.33,0.406,211.0,26.7,213.6,2636.34
AGR_Nor_2020_00124,North_Zone,Punjab_Central,2020,Kharif,Pulses,22.43,31.49,752.62,80.24,11.41,7.05,0.493,204.4,29.1,236.3,2307.89
AGR_Nor_2021_00125,North_Zone,Haryana_East,2021,Kharif,Maize,19.81,32.47,588.41,69.92,12.23,6.52,0.561,230.9,22.0,201.9,4295.58
AGR_Nor_2020_00126,North_Zone,Haryana_East,2020,Rabi,Pulses,18.73,29.57,141.19,50.64,10.17,6.38,0.705,203.7,24.4,268.5,1505.35
AGR_Nor_2023_00127,North_Zone,Rajasthan_North,2023,Rabi,Pulses,15.49,28.91,136.71,47.6,16.35,7.13,0.746,157.0,12.8,241.8,1489.46
AGR_Nor_2023_00128,North_Zone,Punjab_Central,2023,Kharif,Cotton,,34.34,439.41,73.23,10.98,6.73,0.715,201.1,21.0,176.3,3155.83
AGR_Nor_2019_00129,North_Zone,Punjab_Central,2019,Kharif,Cotton,20.75,29.7,689.9,,10.0,8.14,0.526,95.1,21.8,206.7,2726.88
AGR_Nor_2018_00130,North_Zone,Punjab_Central,2018,Kharif,Cotton,23.43,,525.67,71.45,12.11,7.49,0.703,203.6,21.0,226.7,3037.35
AGR_Nor_2018_00131,North_Zone,Rajasthan_North,2018,Rabi,Maize,16.18,,123.49,36.68,14.57,5.88,0.396,172.4,8.0,245.1,2527.75
AGR_Nor_2021_00132,North_Zone,Punjab_Central,2021,Kharif,Soybean,18.46,26.99,584.29,61.84,12.09,5.89,0.356,170.9,14.3,155.7,2602.13
AGR_Nor_2020_00133,North_Zone,Punjab_Central,2020,Rabi,Soybean,17.26,,139.76,31.92,12.94,6.56,0.568,154.0,17.2,285.2,2234.75
AGR_Nor_2022_00134,North_Zone,Rajasthan_North,2022,Rabi,Wheat,18.26,30.7,209.26,63.6,10.0,7.3,0.645,163.9,27.2,250.7,3960.82
AGR_Nor_2023_00135,North_Zone,Rajasthan_North,2023,Kharif,Rice,21.5,28.93,773.99,67.45,15.43,5.84,0.633,250.8,22.0,201.4,5385.47
AGR_Nor_2023_00136,North_Zone,Haryana_East,2023,Rabi,Cotton,18.43,30.15,128.21,30.52,16.14,6.34,0.656,179.0,35.7,234.6,2140.61
AGR_Nor_2023_00137,North_Zone,Haryana_East,2023,Rabi,Pulses,17.82,31.18,106.75,57.82,12.26,6.42,0.688,243.2,20.9,242.4,1342.85
AGR_Nor_2023_00138,North_Zone,Punjab_Central,2023,Rabi,Wheat,,27.04,180.79,51.13,13.82,7.63,0.612,150.4,17.1,249.8,3606.24
AGR_Nor_2019_00139,North_Zone,Rajasthan_North,2019,Zaid,Rice,22.03,31.77,91.43,55.52,12.75,6.86,0.706,221.7,18.4,228.3,4415.37
AGR_Nor_2022_00140,North_Zone,UP_Western,2022,Zaid,Wheat,23.73,32.33,78.15,41.75,15.24,7.81,0.505,112.3,32.1,251.7,3313.84
AGR_Nor_2022_00141,North_Zone,Rajasthan_North,2022,Kharif,Wheat,21.17,29.6,846.63,,10.0,6.54,0.616,131.7,30.3,240.5,4216.76
AGR_Nor_2021_00142,North_Zone,Rajasthan_North,2021,Rabi,Wheat,17.09,27.34,,54.41,13.89,7.8,1.038,157.3,22.8,271.5,3991.14
AGR_Nor_2020_00143,North_Zone,Rajasthan_North,2020,Kharif,Soybean,22.66,34.14,468.55,80.45,10.0,7.31,0.643,160.0,26.4,182.3,3145.85
AGR_Nor_2023_00144,North_Zone,Punjab_Central,2023,Kharif,Rice,19.07,31.34,290.11,42.19,14.05,6.61,1.014,196.6,21.1,168.4,5299.58
AGR_Nor_2018_00145,North_Zone,Rajasthan_North,2018,Zaid,Wheat,24.62,34.85,84.91,55.13,13.48,7.2,0.676,209.4,18.3,184.9,4000.17
AGR_Nor_2021_00146,North_Zone,Punjab_Central,2021,Rabi,Rice,16.73,27.27,51.4,59.65,11.59,6.95,0.542,217.6,24.2,215.9,3980.61
AGR_Nor_2022_00147,North_Zone,UP_Western,2022,Rabi,Pulses,17.63,30.29,117.88,64.47,14.54,7.38,0.499,152.6,22.0,229.2,1262.29
AGR_Nor_2021_00148,North_Zone,Rajasthan_North,2021,Kharif,Pulses,19.16,29.04,563.07,67.65,12.64,6.96,0.771,154.5,14.3,198.9,2011.13
AGR_Nor_2018_00149,North_Zone,Haryana_East,2018,Rabi,Pulses,18.01,29.21,156.46,54.94,11.97,7.03,0.607,133.2,23.4,149.4,1425.52
AGR_Nor_2020_00150,North_Zone,Rajasthan_North,2020,Kharif,Wheat,19.77,30.94,737.13,73.4,10.0,6.56,0.937,184.0,16.7,271.9,5001.11
AGR_Nor_2023_00151,North_Zone,Rajasthan_North,2023,Kharif,Maize,22.53,36.15,704.3,71.33,11.42,7.8,0.73,149.7,32.2,212.0,4070.02
AGR_Nor_2022_00152,North_Zone,Rajasthan_North,2022,Rabi,Pulses,16.96,24.61,123.03,57.27,12.65,5.84,0.521,238.7,19.0,210.7,1317.39
AGR_Nor_2018_00153,North_Zone,UP_Western,2018,Rabi,Soybean,15.95,24.69,95.18,52.5,11.32,7.21,0.868,159.7,23.4,232.5,2256.99
AGR_Nor_2018_00154,North_Zone,UP_Western,2018,Kharif,Pulses,22.47,32.46,499.43,72.62,10.0,7.31,0.53,215.0,20.6,257.5,2364.37
AGR_Nor_2019_00155,North_Zone,Haryana_East,2019,Rabi,Maize,15.06,26.19,147.08,46.88,10.0,7.39,0.419,179.0,21.1,276.9,3037.8
AGR_Nor_2020_00156,North_Zone,Punjab_Central,2020,Kharif,Rice,19.37,29.98,484.92,44.72,14.59,7.43,0.516,156.6,28.0,158.5,4516.84
AGR_Nor_2018_00157,North_Zone,Punjab_Central,2018,Kharif,Maize,21.46,34.02,218.68,54.05,14.2,5.38,0.41,98.7,15.6,175.5,3385.28
AGR_Nor_2022_00158,North_Zone,Haryana_East,2022,Rabi,Pulses,16.58,26.06,147.0,52.73,12.11,8.26,0.678,131.8,18.6,256.0,1571.67
AGR_Nor_2019_00159,North_Zone,Haryana_East,2019,Kharif,Wheat,22.52,33.94,601.75,59.92,12.18,6.24,0.646,148.7,19.6,165.2,4625.84
AGR_Nor_2022_00160,North_Zone,Haryana_East,2022,Rabi,Rice,17.63,27.49,164.56,52.86,13.44,7.18,0.664,212.0,28.4,199.9,4767.65
AGR_Nor_2023_00161,North_Zone,UP_Western,2023,Rabi,Wheat,16.38,23.47,28.81,68.54,10.0,6.0,0.584,203.2,24.8,226.2,3438.33
AGR_Nor_2022_00162,North_Zone,Punjab_Central,2022,Rabi,Maize,,25.65,82.41,50.88,11.68,7.86,0.549,225.1,27.8,200.6,3515.23
AGR_Nor_2018_00163,North_Zone,Punjab_Central,2018,Rabi,Wheat,18.81,28.26,240.0,69.26,12.62,6.32,0.871,136.9,29.8,160.5,4003.38
AGR_Nor_2019_00164,North_Zone,Haryana_East,2019,Rabi,Pulses,16.86,28.88,81.32,44.23,12.27,6.15,0.459,167.0,13.6,210.7,1295.54
AGR_Nor_2019_00165,North_Zone,Haryana_East,2019,Kharif,Rice,22.39,31.24,430.29,66.06,12.5,6.09,0.439,200.9,16.3,230.8,4801.42
AGR_Nor_2023_00166,North_Zone,Haryana_East,2023,Rabi,Cotton,16.04,24.56,148.2,37.94,13.69,7.36,0.563,195.6,28.7,226.8,2086.33
AGR_Nor_2022_00167,North_Zone,Haryana_East,2022,Rabi,Maize,17.89,31.66,,80.02,10.0,6.15,0.391,169.6,28.6,163.6,3370.94
AGR_Nor_2022_00168,North_Zone,Haryana_East,2022,Rabi,Maize,17.22,29.51,130.96,72.05,10.0,5.99,0.5,204.6,23.0,200.7,3388.31
AGR_Nor_2021_00169,North_Zone,Haryana_East,2021,Rabi,Soybean,17.01,30.65,158.61,,15.03,6.92,0.717,185.5,19.1,282.4,2562.54
AGR_Nor_2019_00170,North_Zone,Punjab_Central,2019,Rabi,Pulses,17.78,29.68,183.23,60.26,12.9,6.83,0.7,91.5,20.2,220.9,1219.73
AGR_Nor_2020_00171,North_Zone,Rajasthan_North,2020,Kharif,Cotton,19.79,31.04,620.2,59.37,13.31,7.18,0.455,211.3,18.2,221.4,3002.7
AGR_Nor_2021_00172,North_Zone,Punjab_Central,2021,Kharif,Soybean,21.51,35.08,711.69,71.66,10.0,6.69,0.321,162.8,20.3,198.5,2971.07
AGR_Nor_2020_00173,North_Zone,Rajasthan_North,2020,Kharif,Cotton,20.27,29.06,579.62,83.01,10.0,6.57,0.66,210.8,19.7,123.7,2930.29
AGR_Nor_2023_00174,North_Zone,Rajasthan_North,2023,Kharif,Soybean,19.73,29.95,645.07,80.66,10.0,6.73,0.486,240.9,20.1,292.5,3328.6
AGR_Nor_2022_00175,North_Zone,Punjab_Central,2022,Zaid,Soybean,23.02,33.32,57.96,59.4,15.97,7.45,0.832,187.2,20.4,226.8,2434.2
AGR_Nor_2018_00176,North_Zone,UP_Western,2018,Kharif,Cotton,20.47,31.99,1186.93,92.52,10.0,7.69,0.39,187.6,15.4,183.5,2686.69
AGR_Nor_2022_00177,North_Zone,UP_Western,2022,Rabi,Pulses,16.47,29.06,90.16,45.83,12.96,7.51,0.635,161.4,24.9,160.4,1331.81
AGR_Nor_2022_00178,North_Zone,Haryana_East,2022,Rabi,Wheat,16.78,25.4,108.69,57.48,10.0,6.42,0.433,185.0,25.4,243.4,3596.11
AGR_Nor_2022_00179,North_Zone,Punjab_Central,2022,Rabi,Pulses,,23.64,145.32,48.85,10.89,8.25,0.64,180.7,27.3,180.7,1276.81
AGR_Nor_2018_00180,North_Zone,UP_Western,2018,Rabi,Wheat,16.03,26.29,85.06,54.15,12.76,7.33,0.88,246.9,27.2,222.5,3936.01
AGR_Nor_2023_00181,North_Zone,Rajasthan_North,2023,Kharif,Maize,23.3,31.94,677.57,70.64,10.81,6.86,0.645,175.9,23.3,281.0,4316.79
AGR_Nor_2021_00182,North_Zone,Punjab_Central,2021,Kharif,Maize,20.16,31.91,245.51,37.58,15.4,7.63,0.545,155.3,19.4,248.3,3458.11
AGR_Nor_2019_00183,North_Zone,Rajasthan_North,2019,Zaid,Maize,21.36,35.13,70.97,53.22,10.0,6.69,0.307,222.2,26.7,231.0,3525.12
AGR_Nor_2020_00184,North_Zone,Punjab_Central,2020,Kharif,Soybean,18.44,31.63,339.28,72.67,10.0,6.31,0.49,161.5,15.7,265.0,2763.62
AGR_Nor_2019_00185,North_Zone,Rajasthan_North,2019,Kharif,Pulses,22.73,32.46,1014.43,79.7,10.0,6.25,0.634,182.3,28.5,176.6,2526.5
AGR_Nor_2022_00186,North_Zone,Punjab_Central,2022,Kharif,Cotton,,30.5,770.42,79.91,14.17,5.75,0.705,177.7,24.7,190.6,2962.39
AGR_Nor_2018_00187,North_Zone,UP_Western,2018,Kharif,Wheat,22.62,35.37,555.78,46.88,12.65,7.49,0.507,142.3,18.2,206.9,4239.76
AGR_Nor_2022_00188,North_Zone,Punjab_Central,2022,Rabi,Maize,15.93,24.36,165.88,54.11,11.07,7.18,0.627,141.7,17.1,263.4,3279.81
AGR_Nor_2021_00189,North_Zone,UP_Western,2021,Kharif,Maize,21.11,32.65,614.04,77.84,10.0,6.42,0.266,235.9,19.9,315.0,4387.48
AGR_Nor_2021_00190,North_Zone,Rajasthan_North,2021,Zaid,Cotton,23.15,35.12,34.65,,11.91,7.34,0.511,178.2,18.2,141.7,1916.55
AGR_Nor_2022_00191,North_Zone,Rajasthan_North,2022,Kharif,Wheat,20.55,33.38,704.81,85.5,10.0,5.62,0.399,173.5,23.9,207.5,4545.54
AGR_Nor_2020_00192,North_Zone,Haryana_East,2020,Rabi,Maize,18.5,27.77,173.39,48.56,11.81,6.96,0.654,142.5,21.0,277.0,3018.47
AGR_Nor_2023_00193,North_Zone,Punjab_Central,2023,Rabi,Maize,,24.21,152.9,32.62,17.26,6.6,0.539,232.4,19.1,172.2,3308.22
AGR_Nor_2020_00194,North_Zone,Punjab_Central,2020,Kharif,Cotton,20.82,29.67,,63.76,10.0,6.57,0.35,155.8,28.3,247.0,2490.77
AGR_Nor_2020_00195,North_Zone,UP_Western,2020,Rabi,Pulses,15.26,23.81,117.64,42.6,12.02,5.93,0.754,147.4,14.7,247.9,1213.46
AGR_Nor_2021_00196,North_Zone,Haryana_East,2021,Kharif,Cotton,21.91,29.99,792.86,71.84,10.0,6.11,0.285,166.4,22.9,205.7,2616.05
AGR_Nor_2023_00197,North_Zone,UP_Western,2023,Kharif,Soybean,22.29,34.83,718.1,75.37,10.0,7.08,0.975,188.6,8.0,265.8,3398.96
AGR_Nor_2020_00198,North_Zone,Haryana_East,2020,Kharif,Wheat,22.07,35.02,273.37,68.39,12.25,7.68,0.653,203.2,17.7,236.4,4463.26
AGR_Nor_2022_00199,North_Zone,UP_Western,2022,Kharif,Wheat,22.03,31.29,638.91,83.68,12.25,7.26,0.373,167.4,20.4,180.4,4341.98
AGR_Nor_2018_00200,North_Zone,Punjab_Central,2018,Kharif,Wheat,20.72,27.92,585.66,58.81,15.94,6.03,0.634,215.3,14.5,218.3,4824.8
AGR_Nor_2019_00201,North_Zone,Haryana_East,2019,Kharif,Wheat,19.4,,594.09,72.09,10.0,7.16,0.654,202.4,28.3,226.5,4708.15
AGR_Nor_2021_00202,North_Zone,UP_Western,2021,Kharif,Pulses,,31.95,635.78,70.36,10.0,7.21,0.543,132.8,27.5,238.6,2022.52
AGR_Nor_2023_00203,North_Zone,Rajasthan_North,2023,Rabi,Cotton,17.12,27.72,152.16,56.06,10.71,7.65,0.314,131.4,18.4,197.3,1707.44
AGR_Nor_2022_00204,North_Zone,Rajasthan_North,2022,Kharif,Maize,20.86,30.1,845.46,58.31,11.65,7.49,0.594,238.0,26.7,270.7,4198.07
AGR_Nor_2021_00205,North_Zone,UP_Western,2021,Kharif,Pulses,21.18,32.89,615.73,62.98,13.8,7.67,0.593,154.1,17.7,265.8,2582.06
AGR_Nor_2020_00206,North_Zone,UP_Western,2020,Rabi,Soybean,15.87,23.21,128.21,58.08,11.83,5.75,0.632,235.1,12.3,166.5,2405.39
AGR_Nor_2020_00207,North_Zone,Rajasthan_North,2020,Zaid,Rice,24.52,33.88,79.98,53.14,14.08,6.99,0.632,201.9,23.1,156.4,4698.24
AGR_Nor_2020_00208,North_Zone,Haryana_East,2020,Zaid,Rice,22.73,33.27,55.11,56.42,10.4,6.11,0.296,117.2,13.9,178.1,3837.97
AGR_Nor_2023_00209,North_Zone,Punjab_Central,2023,Kharif,Rice,20.15,30.82,496.76,58.17,11.18,6.68,0.614,232.5,27.5,175.4,5282.13
AGR_Nor_2020_00210,North_Zone,Haryana_East,2020,Rabi,Rice,14.63,22.64,97.89,51.05,10.6,6.35,0.631,222.1,23.9,207.9,4068.65
AGR_Nor_2022_00211,North_Zone,Haryana_East,2022,Kharif,Wheat,21.65,32.72,,56.65,13.28,7.63,0.585,159.4,27.1,202.1,3674.81
AGR_Nor_2020_00212,North_Zone,Haryana_East,2020,Kharif,Cotton,20.6,29.0,,62.84,10.0,6.77,0.732,169.4,21.8,235.3,2759.21
AGR_Nor_2019_00213,North_Zone,Rajasthan_North,2019,Kharif,Cotton,,33.76,760.84,82.32,10.0,6.73,0.455,166.4,19.5,188.5,2701.54
AGR_Nor_2019_00214,North_Zone,Rajasthan_North,2019,Kharif,Maize,23.54,36.69,1029.46,89.78,10.0,8.06,0.707,162.9,26.9,136.3,4162.83
AGR_Nor_2019_00215,North_Zone,UP_Western,2019,Zaid,Pulses,24.46,32.64,40.9,49.77,12.19,6.52,0.861,213.3,33.0,233.8,1577.85
AGR_Nor_2019_00216,North_Zone,Haryana_East,2019,Rabi,Wheat,14.89,28.35,235.8,56.03,11.68,7.51,0.487,181.6,22.3,187.4,3617.56
AGR_Nor_2019_00217,North_Zone,Rajasthan_North,2019,Rabi,Soybean,15.84,,185.88,50.69,17.09,7.42,0.876,156.6,22.6,267.7,2543.77
AGR_Nor_2019_00218,North_Zone,Punjab_Central,2019,Zaid,Rice,22.13,33.81,41.52,,13.96,7.49,0.288,138.7,23.6,325.6,3425.95
AGR_Nor_2019_00219,North_Zone,Rajasthan_North,2019,Kharif,Soybean,19.44,31.65,895.28,66.85,10.57,6.14,0.607,114.9,18.4,168.2,2978.46
AGR_Nor_2023_00220,North_Zone,Haryana_East,2023,Kharif,Wheat,19.66,31.04,637.63,49.36,15.45,7.38,0.609,188.0,28.4,220.1,4700.24
AGR_Nor_2018_00221,North_Zone,Punjab_Central,2018,Kharif,Wheat,21.78,31.47,,88.0,10.0,6.39,0.626,166.4,24.4,251.2,4638.4
AGR_Nor_2021_00222,North_Zone,Punjab_Central,2021,Rabi,Cotton,16.84,27.79,169.98,68.26,13.47,6.22,0.781,191.8,20.6,172.9,2165.39
AGR_Nor_2019_00223,North_Zone,Punjab_Central,2019,Zaid,Soybean,26.02,,67.72,64.39,12.52,6.68,0.467,210.3,20.3,202.3,2254.85
AGR_Nor_2019_00224,North_Zone,Haryana_East,2019,Rabi,Pulses,15.51,23.95,115.0,64.18,10.0,7.29,0.608,196.3,24.7,181.7,1363.79
AGR_Nor_2023_00225,North_Zone,Punjab_Central,2023,Kharif,Pulses,20.56,29.78,559.19,71.23,11.3,7.27,0.522,194.3,25.3,230.0,2021.0
AGR_Nor_2020_00226,North_Zone,UP_Western,2020,Rabi,Pulses,18.48,31.51,105.39,65.44,10.0,7.24,0.706,175.0,24.0,256.3,1558.63
AGR_Nor_2020_00227,North_Zone,Rajasthan_North,2020,Zaid,Pulses,23.81,35.26,84.57,67.43,10.0,6.66,0.252,153.2,8.0,230.3,1398.13
AGR_Nor_2023_00228,North_Zone,UP_Western,2023,Rabi,Pulses,18.36,,114.92,63.46,14.55,6.84,0.663,186.6,12.0,193.4,1292.94
AGR_Nor_2023_00229,North_Zone,Haryana_East,2023,Zaid,Wheat,23.32,34.49,53.76,35.41,10.89,6.43,0.705,197.4,28.4,156.0,3663.93
AGR_Nor_2023_00230,North_Zone,Punjab_Central,2023,Kharif,Cotton,22.67,33.02,260.99,65.65,17.2,7.3,0.499,209.0,27.4,226.8,2760.14
AGR_Nor_2020_00231,North_Zone,Rajasthan_North,2020,Kharif,Rice,20.12,,715.82,72.8,10.0,6.46,0.797,246.7,18.4,261.2,5524.45
AGR_Nor_2020_00232,North_Zone,Haryana_East,2020,Rabi,Wheat,14.45,,149.24,52.57,14.57,6.55,0.717,219.9,22.7,224.0,3968.75
AGR_Nor_2018_00233,North_Zone,Punjab_Central,2018,Zaid,Maize,21.98,30.55,62.78,43.11,10.0,6.96,0.904,164.0,27.8,260.7,3243.19
AGR_Nor_2018_00234,North_Zone,UP_Western,2018,Kharif,Wheat,21.73,32.54,556.44,74.41,10.0,6.95,0.557,180.3,20.0,202.6,4590.12
AGR_Nor_2023_00235,North_Zone,Rajasthan_North,2023,Kharif,Maize,19.6,29.73,772.79,80.54,11.98,7.85,0.429,171.5,16.3,181.5,3924.12
AGR_Nor_2020_00236,North_Zone,UP_Western,2020,Kharif,Soybean,20.4,34.04,413.19,67.81,10.12,7.59,0.498,221.9,13.1,192.9,3215.54
AGR_Nor_2019_00237,North_Zone,Punjab_Central,2019,Zaid,Rice,25.83,39.32,78.64,64.02,12.43,7.11,0.936,164.8,12.9,213.3,4486.67
AGR_Nor_2023_00238,North_Zone,Punjab_Central,2023,Rabi,Pulses,13.7,23.35,38.07,30.0,16.03,6.57,0.364,184.6,17.6,230.3,950.38
AGR_Nor_2023_00239,North_Zone,Punjab_Central,2023,Kharif,Cotton,20.52,29.24,866.45,73.5,12.79,6.9,0.428,237.7,25.8,194.9,2685.44
AGR_Nor_2021_00240,North_Zone,Haryana_East,2021,Zaid,Rice,24.99,34.36,51.94,61.23,12.36,5.88,0.565,190.6,23.1,127.0,4213.9
AGR_Nor_2019_00241,North_Zone,Rajasthan_North,2019,Rabi,Rice,,26.38,103.55,58.52,13.05,5.8,0.789,160.2,22.3,193.9,4331.75
AGR_Nor_2021_00242,North_Zone,Rajasthan_North,2021,Rabi,Rice,16.49,27.66,120.11,49.33,13.04,6.29,0.554,97.2,26.3,265.2,3649.65
AGR_Nor_2023_00243,North_Zone,Haryana_East,2023,Kharif,Cotton,22.13,35.0,412.51,51.96,13.15,7.2,0.875,211.1,26.6,212.7,3314.9
AGR_Nor_2023_00244,North_Zone,Rajasthan_North,2023,Kharif,Maize,18.65,26.99,855.18,95.0,11.29,7.07,0.531,171.8,17.9,157.9,3962.14
AGR_Nor_2020_00245,North_Zone,Punjab_Central,2020,Kharif,Wheat,,31.78,602.1,74.18,12.34,7.15,0.585,191.7,23.0,134.0,4636.05
AGR_Nor_2020_00246,North_Zone,UP_Western,2020,Kharif,Soybean,21.82,33.8,478.33,67.79,13.0,6.3,0.705,174.6,9.6,138.6,3160.63
AGR_Nor_2021_00247,North_Zone,Rajasthan_North,2021,Kharif,Cotton,19.86,28.8,1036.49,64.79,13.02,5.56,0.605,107.3,20.1,284.0,2650.45
AGR_Nor_2022_00248,North_Zone,UP_Western,2022,Kharif,Rice,19.86,27.6,624.65,,12.67,6.81,0.347,145.5,23.2,206.4,4340.13
AGR_Nor_2020_00249,North_Zone,Punjab_Central,2020,Rabi,Pulses,15.08,26.4,182.69,53.21,13.5,6.91,0.791,116.1,22.8,264.0,1337.79
AGR_Nor_2018_00250,North_Zone,Haryana_East,2018,Kharif,Cotton,19.15,26.59,,62.19,10.39,6.23,0.607,192.6,23.3,220.1,3033.9
AGR_Nor_2019_00251,North_Zone,Rajasthan_North,2019,Rabi,Pulses,16.25,29.41,187.06,63.73,12.19,6.23,0.657,145.3,18.2,218.5,1495.19
AGR_Nor_2018_00252,North_Zone,Rajasthan_North,2018,Kharif,Wheat,18.57,28.67,584.85,65.53,12.38,6.72,0.67,159.5,28.0,110.0,4409.01
AGR_Nor_2019_00253,North_Zone,Haryana_East,2019,Rabi,Cotton,15.35,28.92,186.82,47.11,10.85,7.41,0.739,202.7,26.9,202.7,2222.88
AGR_Nor_2021_00254,North_Zone,Rajasthan_North,2021,Zaid,Wheat,,35.65,92.13,46.31,11.18,6.45,0.855,142.1,34.7,172.2,4026.77
AGR_Nor_2019_00255,North_Zone,UP_Western,2019,Kharif,Maize,21.33,33.05,861.24,85.07,10.0,6.87,0.588,190.2,19.8,284.8,4174.58
AGR_Nor_2019_00256,North_Zone,UP_Western,2019,Rabi,Cotton,16.8,27.13,174.2,59.69,11.84,6.49,0.644,177.9,28.8,213.9,2039.19
AGR_Nor_2022_00257,North_Zone,UP_Western,2022,Kharif,Soybean,,30.24,322.06,65.16,13.48,6.11,0.674,244.0,22.7,261.4,3075.39
AGR_Nor_2019_00258,North_Zone,Haryana_East,2019,Kharif,Maize,21.42,30.39,548.16,67.29,10.0,6.01,0.948,174.4,27.6,133.1,4729.4
AGR_Nor_2022_00259,North_Zone,Rajasthan_North,2022,Zaid,Pulses,18.49,27.44,76.42,36.08,15.6,6.39,0.317,152.2,22.9,200.8,895.95
AGR_Nor_2022_00260,North_Zone,Rajasthan_North,2022,Kharif,Pulses,22.2,35.56,278.13,56.07,12.44,6.6,0.304,218.2,27.4,299.5,2284.55
AGR_Nor_2021_00261,North_Zone,Punjab_Central,2021,Rabi,Rice,16.22,25.29,118.07,56.59,11.05,6.91,0.222,159.0,28.6,169.5,3614.17
AGR_Nor_2021_00262,North_Zone,Rajasthan_North,2021,Rabi,Pulses,17.34,28.92,111.71,50.12,14.04,7.27,0.584,141.2,31.6,192.3,1150.56
AGR_Nor_2019_00263,North_Zone,Rajasthan_North,2019,Kharif,Pulses,18.17,28.85,530.72,56.48,14.21,6.72,0.506,132.4,15.5,119.0,1920.25
AGR_Nor_2019_00264,North_Zone,Rajasthan_North,2019,Rabi,Wheat,16.33,23.35,183.98,52.59,14.82,6.65,0.6,191.6,22.0,177.6,3540.44
AGR_Nor_2020_00265,North_Zone,Haryana_East,2020,Kharif,Maize,22.81,33.62,344.57,57.66,10.87,6.35,0.478,237.7,17.7,183.7,4020.45
AGR_Nor_2018_00266,North_Zone,Rajasthan_North,2018,Kharif,Pulses,19.0,29.03,487.65,68.49,10.41,6.47,0.481,155.5,26.3,220.1,1967.16
AGR_Nor_2021_00267,North_Zone,Rajasthan_North,2021,Rabi,Cotton,18.02,29.29,,57.02,15.41,6.68,0.282,210.1,11.2,217.7,2051.04
AGR_Nor_2022_00268,North_Zone,Punjab_Central,2022,Kharif,Soybean,19.27,29.52,480.97,70.07,12.42,6.94,0.542,200.7,26.1,223.8,2961.19
AGR_Nor_2022_00269,North_Zone,Haryana_East,2022,Kharif,Pulses,20.81,29.86,489.01,55.38,12.73,7.4,0.716,97.0,34.3,223.3,1911.54
AGR_Nor_2019_00270,North_Zone,Haryana_East,2019,Rabi,Wheat,18.75,32.54,113.5,58.41,10.0,7.23,0.622,172.2,23.5,148.2,3427.9
AGR_Nor_2020_00271,North_Zone,Punjab_Central,2020,Rabi,Pulses,,29.26,172.88,59.29,10.33,6.48,0.587,217.9,19.3,193.2,1844.36
AGR_Nor_2019_00272,North_Zone,Rajasthan_North,2019,Kharif,Pulses,,34.1,757.01,80.97,11.36,6.16,0.798,174.2,19.2,178.0,2355.6
AGR_Nor_2020_00273,North_Zone,Haryana_East,2020,Kharif,Maize,20.17,30.12,789.17,79.41,10.0,6.67,0.812,200.9,9.9,219.0,4258.81
AGR_Nor_2023_00274,North_Zone,Punjab_Central,2023,Zaid,Cotton,24.9,34.19,70.77,63.31,10.0,7.25,0.852,234.5,25.1,162.4,2633.06
AGR_Nor_2022_00275,North_Zone,UP_Western,2022,Rabi,Wheat,,23.08,,38.2,16.06,7.44,0.7,178.8,34.4,205.6,3646.04
AGR_Nor_2018_00276,North_Zone,Haryana_East,2018,Kharif,Maize,21.83,29.16,393.48,59.7,12.01,6.4,0.485,151.3,27.1,217.7,3938.48
AGR_Nor_2022_00277,North_Zone,Haryana_East,2022,Kharif,Maize,19.45,28.94,441.28,48.87,13.94,6.67,0.668,204.2,23.6,239.6,4145.07
AGR_Nor_2023_00278,North_Zone,UP_Western,2023,Kharif,Rice,24.6,32.35,1184.82,75.66,10.0,7.23,0.689,150.1,22.6,181.7,4977.65
AGR_Nor_2021_00279,North_Zone,UP_Western,2021,Rabi,Cotton,16.92,30.16,107.96,65.78,11.93,7.45,0.816,141.8,26.8,201.8,2066.57
AGR_Nor_2023_00280,North_Zone,UP_Western,2023,Kharif,Cotton,21.56,30.33,766.86,74.29,10.1,6.94,0.73,146.4,27.2,275.2,2644.58
AGR_Nor_2020_00281,North_Zone,Haryana_East,2020,Rabi,Pulses,18.19,32.18,107.17,46.71,11.64,6.93,0.614,180.2,27.2,192.2,1466.23
AGR_Nor_2023_00282,North_Zone,Punjab_Central,2023,Kharif,Maize,20.02,27.66,487.66,51.65,10.0,7.92,0.623,194.2,16.5,249.4,4158.25
AGR_Nor_2019_00283,North_Zone,UP_Western,2019,Rabi,Rice,17.0,24.9,196.06,39.6,15.43,6.86,0.539,166.2,27.5,249.5,4078.32
AGR_Nor_2019_00284,North_Zone,Rajasthan_North,2019,Kharif,Soybean,,32.05,516.04,67.88,10.0,7.67,0.508,182.0,20.1,261.6,2652.41
AGR_Nor_2020_00285,North_Zone,Rajasthan_North,2020,Kharif,Wheat,,30.35,437.01,65.87,10.0,7.7,0.711,181.4,19.2,215.2,4586.3
AGR_Nor_2018_00286,North_Zone,Haryana_East,2018,Kharif,Rice,22.19,29.76,943.36,74.4,10.0,6.72,0.827,206.1,21.9,245.2,5457.42
AGR_Nor_2019_00287,North_Zone,UP_Western,2019,Rabi,Rice,16.51,30.0,83.66,46.37,16.69,6.29,0.606,202.8,12.2,231.6,4079.17
AGR_Nor_2022_00288,North_Zone,Punjab_Central,2022,Rabi,Rice,,29.15,98.45,67.99,10.0,6.18,0.72,152.1,16.3,145.0,3969.31
AGR_Nor_2019_00289,North_Zone,Haryana_East,2019,Kharif,Pulses,,34.45,862.79,91.51,10.43,7.27,0.647,146.3,24.0,212.9,2035.93
AGR_Nor_2019_00290,North_Zone,Rajasthan_North,2019,Zaid,Soybean,23.33,37.11,35.43,,10.03,7.03,0.582,156.2,12.8,211.2,2213.92
AGR_Nor_2019_00291,North_Zone,Punjab_Central,2019,Rabi,Wheat,17.04,27.26,117.86,46.03,13.39,6.82,0.959,176.9,31.5,228.3,3838.06
AGR_Nor_2020_00292,North_Zone,Haryana_East,2020,Rabi,Cotton,14.64,,152.83,57.99,10.4,7.18,0.672,252.1,23.5,183.7,2273.04
AGR_Nor_2023_00293,North_Zone,UP_Western,2023,Kharif,Soybean,21.59,29.3,517.83,52.29,15.33,6.4,0.73,135.6,26.0,240.2,3088.63
AGR_Nor_2020_00294,North_Zone,Haryana_East,2020,Kharif,Cotton,20.39,30.94,703.09,79.89,10.05,5.41,0.741,179.2,29.2,160.7,2472.95
AGR_Nor_2022_00295,North_Zone,UP_Western,2022,Rabi,Maize,17.31,28.0,162.02,59.23,12.17,6.6,0.642,159.5,25.0,145.5,3217.04
AGR_Nor_2020_00296,North_Zone,Haryana_East,2020,Kharif,Maize,18.91,27.61,508.42,82.77,10.0,7.2,0.433,178.0,20.0,179.6,3963.76
AGR_Nor_2019_00297,North_Zone,Haryana_East,2019,Rabi,Pulses,17.69,27.69,,47.71,11.51,6.89,0.287,163.6,20.0,219.9,1009.9
AGR_Nor_2022_00298,North_Zone,Rajasthan_North,2022,Rabi,Maize,16.43,24.23,,60.41,13.2,5.65,0.617,163.6,17.4,270.8,2978.87
AGR_Nor_2021_00299,North_Zone,Haryana_East,2021,Rabi,Maize,,26.3,186.14,,13.9,5.23,1.059,198.6,22.9,263.2,4146.55
AGR_Nor_2022_00300,North_Zone,UP_Western,2022,Rabi,Maize,16.88,30.34,,43.01,13.22,7.96,0.755,166.7,10.8,172.5,3349.13
AGR_Nor_2021_00301,North_Zone,Haryana_East,2021,Kharif,Cotton,20.53,34.32,602.37,63.27,13.61,7.4,0.847,150.2,24.9,238.5,2933.2
AGR_Nor_2019_00302,North_Zone,Haryana_East,2019,Rabi,Maize,14.02,26.54,122.98,61.18,12.54,6.16,0.744,185.3,11.6,196.8,3256.74
AGR_Nor_2021_00303,North_Zone,Punjab_Central,2021,Kharif,Wheat,21.07,31.53,205.2,56.84,11.96,7.0,0.586,164.9,16.0,127.3,3774.05
AGR_Nor_2018_00304,North_Zone,Haryana_East,2018,Rabi,Rice,17.67,29.71,109.95,52.92,10.99,6.5,0.419,178.2,20.5,306.5,4107.74
AGR_Nor_2023_00305,North_Zone,Punjab_Central,2023,Rabi,Rice,18.37,25.73,126.55,50.36,14.73,7.52,0.824,223.2,21.0,272.9,4883.72
AGR_Nor_2018_00306,North_Zone,Punjab_Central,2018,Rabi,Pulses,18.59,28.61,137.93,54.08,13.6,6.61,0.415,175.7,23.9,180.5,1302.92
AGR_Nor_2020_00307,North_Zone,Haryana_East,2020,Rabi,Pulses,17.25,24.35,243.76,70.44,10.0,7.86,0.578,141.1,14.3,222.3,1255.98
AGR_Nor_2022_00308,North_Zone,Punjab_Central,2022,Rabi,Pulses,19.88,29.09,103.72,61.26,12.64,5.93,0.472,150.0,21.0,199.7,1114.21
AGR_Nor_2021_00309,North_Zone,UP_Western,2021,Rabi,Soybean,17.3,27.2,137.02,43.86,15.44,6.63,0.868,200.6,21.6,199.4,2598.93
AGR_Nor_2022_00310,North_Zone,Rajasthan_North,2022,Kharif,Maize,21.09,,1111.23,89.09,10.57,7.06,0.377,190.2,34.0,237.5,4120.34
AGR_Nor_2020_00311,North_Zone,UP_Western,2020,Kharif,Pulses,21.38,30.25,650.87,69.04,13.51,7.58,0.754,146.2,24.2,298.1,1890.2
AGR_Nor_2020_00312,North_Zone,Haryana_East,2020,Rabi,Soybean,17.16,27.82,142.09,54.1,11.88,7.43,0.448,158.5,18.3,198.5,2120.05
AGR_Nor_2023_00313,North_Zone,UP_Western,2023,Zaid,Soybean,21.23,34.86,60.61,44.3,15.35,7.75,0.717,234.0,22.5,288.4,2936.43
AGR_Nor_2020_00314,North_Zone,Haryana_East,2020,Rabi,Cotton,17.74,28.13,131.65,55.23,11.05,5.71,0.473,131.3,32.2,204.8,1807.23
AGR_Nor_2021_00315,North_Zone,Punjab_Central,2021,Rabi,Soybean,15.03,28.66,98.46,44.37,15.0,7.64,0.557,251.8,25.9,239.6,2593.05
AGR_Nor_2022_00316,North_Zone,UP_Western,2022,Rabi,Pulses,16.51,26.96,108.06,50.46,13.58,6.63,0.575,144.9,26.7,162.1,854.55
AGR_Nor_2022_00317,North_Zone,Punjab_Central,2022,Kharif,Wheat,19.08,30.0,839.7,69.05,10.0,7.61,0.728,186.5,13.3,243.5,4839.66
AGR_Nor_2022_00318,North_Zone,UP_Western,2022,Kharif,Pulses,22.43,31.06,575.32,65.78,10.0,6.8,0.799,184.7,20.3,224.4,2313.46
AGR_Nor_2018_00319,North_Zone,UP_Western,2018,Rabi,Pulses,16.72,26.06,84.79,78.34,11.47,6.27,0.853,145.3,18.7,158.3,1234.81
AGR_Nor_2018_00320,North_Zone,UP_Western,2018,Rabi,Soybean,15.11,26.57,122.75,52.47,11.6,6.8,0.745,202.6,23.5,210.2,2511.17
AGR_Nor_2022_00321,North_Zone,Rajasthan_North,2022,Rabi,Pulses,15.66,28.65,69.1,43.84,15.47,6.6,0.508,185.2,26.6,317.2,1273.69
AGR_Nor_2020_00322,North_Zone,Rajasthan_North,2020,Rabi,Soybean,18.14,30.49,114.23,56.72,11.31,6.49,0.384,242.5,22.1,199.9,2272.09
AGR_Nor_2021_00323,North_Zone,Rajasthan_North,2021,Kharif,Wheat,20.39,33.11,971.77,89.95,10.0,8.14,0.44,159.9,13.0,160.6,4426.54
AGR_Nor_2022_00324,North_Zone,Haryana_East,2022,Rabi,Pulses,18.23,25.85,146.96,50.89,14.54,6.47,0.478,126.6,19.0,173.3,1150.53
AGR_Nor_2021_00325,North_Zone,Punjab_Central,2021,Rabi,Soybean,18.79,26.85,97.26,49.61,11.3,6.44,0.732,192.6,27.8,226.2,2098.15
AGR_Nor_2020_00326,North_Zone,Punjab_Central,2020,Rabi,Wheat,14.6,26.37,98.63,59.34,10.88,6.58,0.836,145.3,16.0,291.2,3545.45
AGR_Nor_2021_00327,North_Zone,Haryana_East,2021,Kharif,Wheat,21.55,30.42,736.92,66.69,10.0,6.79,0.217,129.3,20.1,231.4,3784.47
AGR_Nor_2020_00328,North_Zone,Punjab_Central,2020,Rabi,Rice,19.1,26.22,144.67,66.12,11.7,6.7,0.598,179.0,20.9,230.1,4068.99
AGR_Nor_2018_00329,North_Zone,Punjab_Central,2018,Rabi,Soybean,18.46,30.62,145.37,53.13,14.67,6.45,0.661,269.9,25.2,191.1,2694.36
AGR_Nor_2021_00330,North_Zone,UP_Western,2021,Kharif,Wheat,,28.27,804.16,80.17,11.81,6.65,0.383,215.0,16.6,221.7,4440.81
AGR_Nor_2021_00331,North_Zone,Rajasthan_North,2021,Kharif,Wheat,21.29,31.16,868.48,70.84,10.19,6.99,0.48,149.3,16.9,293.6,4450.14
AGR_Nor_2018_00332,North_Zone,Punjab_Central,2018,Kharif,Cotton,22.61,29.97,506.39,55.92,12.27,7.06,0.733,270.0,8.5,237.4,3164.32
AGR_Nor_2019_00333,North_Zone,Punjab_Central,2019,Kharif,Soybean,20.4,31.73,443.97,51.49,10.0,6.38,0.629,183.6,22.9,146.5,3281.15
AGR_Nor_2020_00334,North_Zone,Haryana_East,2020,Rabi,Rice,17.97,27.17,94.14,44.79,12.59,6.5,0.311,149.8,29.4,155.6,3448.58
AGR_Nor_2022_00335,North_Zone,Punjab_Central,2022,Rabi,Wheat,16.43,,50.96,41.9,13.02,5.2,0.74,174.0,8.0,144.4,3577.65
AGR_Nor_2023_00336,North_Zone,Punjab_Central,2023,Kharif,Pulses,,30.83,886.8,72.58,10.0,6.55,0.397,187.5,26.6,240.6,2099.19
AGR_Nor_2022_00337,North_Zone,Rajasthan_North,2022,Rabi,Soybean,18.47,31.51,,54.67,16.86,6.43,0.587,111.3,29.0,174.1,2229.48
AGR_Nor_2018_00338,North_Zone,Haryana_East,2018,Rabi,Pulses,17.62,24.76,118.28,52.24,16.05,6.69,0.596,163.1,28.6,298.2,1281.37
AGR_Nor_2020_00339,North_Zone,Haryana_East,2020,Zaid,Soybean,25.11,,40.83,55.67,10.0,6.72,0.483,103.2,31.6,241.6,2155.55
AGR_Nor_2018_00340,North_Zone,Haryana_East,2018,Rabi,Rice,,26.35,59.68,49.72,12.74,6.88,0.731,202.3,23.6,263.8,3982.57
AGR_Nor_2018_00341,North_Zone,UP_Western,2018,Kharif,Maize,19.28,26.39,810.35,,10.0,7.25,0.447,208.2,19.4,174.4,4165.24
AGR_Nor_2020_00342,North_Zone,Haryana_East,2020,Rabi,Soybean,19.53,29.65,196.8,51.46,14.31,7.82,0.2,219.4,25.9,283.8,2266.66
AGR_Nor_2018_00343,North_Zone,Punjab_Central,2018,Rabi,Rice,,28.0,122.0,36.59,13.84,7.4,0.583,256.1,11.5,166.7,4289.43
AGR_Nor_2020_00344,North_Zone,Haryana_East,2020,Kharif,Maize,21.06,,810.98,83.47,10.0,6.92,0.784,145.2,8.1,240.2,4372.91
AGR_Nor_2021_00345,North_Zone,UP_Western,2021,Kharif,Soybean,19.34,32.21,416.22,51.03,14.66,6.45,0.424,253.5,20.9,232.2,3261.41
AGR_Nor_2022_00346,North_Zone,Rajasthan_North,2022,Rabi,Soybean,17.99,31.34,200.66,57.63,10.14,6.66,0.775,152.8,21.8,167.9,2402.19
AGR_Nor_2023_00347,North_Zone,Punjab_Central,2023,Rabi,Cotton,19.23,27.12,174.46,48.41,14.89,6.89,0.654,152.6,26.2,303.8,1988.19
AGR_Nor_2023_00348,North_Zone,Haryana_East,2023,Rabi,Pulses,18.14,30.25,60.28,69.74,10.0,7.44,0.782,121.1,20.2,205.2,953.02
AGR_Nor_2019_00349,North_Zone,Haryana_East,2019,Zaid,Wheat,23.01,31.65,35.43,65.04,10.6,6.36,0.731,185.7,26.5,211.7,3493.98
AGR_Nor_2022_00350,North_Zone,UP_Western,2022,Rabi,Soybean,17.54,31.07,110.05,52.18,13.8,6.83,0.398,159.8,17.6,132.8,1927.62
AGR_Nor_2023_00351,North_Zone,Rajasthan_North,2023,Kharif,Maize,23.57,37.13,754.79,69.73,10.27,7.18,0.543,174.3,21.8,183.4,4024.93
AGR_Nor_2023_00352,North_Zone,UP_Western,2023,Rabi,Wheat,17.13,26.12,88.55,54.24,11.88,6.72,0.626,192.7,23.9,200.2,3705.45
AGR_Nor_2019_00353,North_Zone,Punjab_Central,2019,Rabi,Rice,15.85,27.54,105.85,50.33,10.0,5.98,0.401,183.6,24.0,207.5,3822.82
AGR_Nor_2018_00354,North_Zone,Haryana_East,2018,Rabi,Cotton,17.51,25.96,90.3,83.91,10.17,6.87,0.59,197.2,26.5,154.0,1955.1
AGR_Nor_2019_00355,North_Zone,Punjab_Central,2019,Rabi,Soybean,15.67,,71.94,51.17,12.45,6.7,0.929,141.7,20.2,277.6,2114.1
AGR_Nor_2023_00356,North_Zone,Rajasthan_North,2023,Kharif,Rice,21.31,31.68,325.32,56.94,12.67,6.46,0.489,152.5,25.6,146.5,4623.04
AGR_Nor_2019_00357,North_Zone,Rajasthan_North,2019,Rabi,Maize,17.04,29.85,83.67,43.44,10.0,7.72,0.788,190.6,30.9,220.1,3285.9
AGR_Nor_2021_00358,North_Zone,Rajasthan_North,2021,Kharif,Maize,20.9,30.51,888.35,95.0,10.0,7.46,0.86,187.7,16.9,110.0,4414.23
AGR_Nor_2019_00359,North_Zone,Haryana_East,2019,Rabi,Wheat,14.79,28.06,,55.18,12.34,6.56,0.638,192.3,14.5,283.4,3893.6
AGR_Nor_2018_00360,North_Zone,UP_Western,2018,Kharif,Soybean,18.14,27.69,938.88,87.92,10.0,5.93,0.936,123.3,19.9,207.3,3188.84
AGR_Nor_2019_00361,North_Zone,UP_Western,2019,Rabi,Cotton,17.8,25.84,86.69,,16.61,7.0,0.716,159.0,18.8,267.8,1866.34
AGR_Nor_2021_00362,North_Zone,Haryana_East,2021,Kharif,Wheat,18.96,30.92,895.56,63.67,12.39,6.31,0.658,95.9,30.4,240.3,3874.78
AGR_Nor_2022_00363,North_Zone,Haryana_East,2022,Kharif,Rice,21.52,,865.57,80.15,11.8,6.86,0.618,198.1,27.2,165.7,4916.17
AGR_Nor_2021_00364,North_Zone,Haryana_East,2021,Rabi,Rice,16.77,26.17,172.41,53.91,10.41,5.26,0.582,152.5,32.6,214.5,4116.28
AGR_Nor_2023_00365,North_Zone,Rajasthan_North,2023,Kharif,Cotton,21.97,32.77,430.19,65.97,10.0,6.73,0.709,214.8,12.3,221.4,2986.72
AGR_Nor_2020_00366,North_Zone,Haryana_East,2020,Kharif,Rice,21.49,35.0,672.33,,11.85,7.24,0.514,122.7,18.9,259.7,4629.61
AGR_Nor_2021_00367,North_Zone,Punjab_Central,2021,Rabi,Rice,18.03,30.43,114.78,69.11,10.08,6.77,0.699,149.5,23.4,211.0,4558.81
AGR_Nor_2020_00368,North_Zone,Haryana_East,2020,Rabi,Wheat,14.83,23.88,180.35,39.79,11.82,6.48,0.74,164.4,23.5,216.1,3801.74
AGR_Nor_2021_00369,North_Zone,Rajasthan_North,2021,Rabi,Maize,18.52,28.28,178.49,75.86,11.2,7.75,0.498,152.1,22.2,229.6,3118.11
AGR_Nor_2022_00370,North_Zone,Haryana_East,2022,Kharif,Rice,19.65,27.89,865.8,,12.85,7.06,0.7,186.7,23.4,138.8,5176.74
AGR_Nor_2022_00371,North_Zone,Punjab_Central,2022,Kharif,Cotton,20.91,33.94,739.31,62.87,12.17,6.88,0.952,207.7,23.8,250.7,3213.48
AGR_Nor_2020_00372,North_Zone,UP_Western,2020,Rabi,Pulses,18.42,,135.47,53.18,11.84,7.21,0.462,149.9,23.9,299.1,1354.23
AGR_Nor_2020_00373,North_Zone,Rajasthan_North,2020,Rabi,Soybean,17.49,25.58,107.01,58.2,13.61,6.51,0.749,219.7,14.7,196.6,2579.42
AGR_Nor_2019_00374,North_Zone,Haryana_East,2019,Rabi,Wheat,17.07,28.38,158.9,46.22,13.3,7.26,0.749,140.6,15.4,194.6,3796.96
AGR_Nor_2019_00375,North_Zone,Punjab_Central,2019,Rabi,Soybean,16.16,23.4,,72.82,11.84,6.44,0.8,179.7,20.7,179.4,2020.84
AGR_Nor_2023_00376,North_Zone,Punjab_Central,2023,Zaid,Cotton,23.05,36.57,71.06,50.74,11.18,6.84,0.733,140.0,22.5,220.5,1971.14
AGR_Nor_2021_00377,North_Zone,Haryana_East,2021,Kharif,Maize,24.51,32.71,477.85,57.24,14.4,6.23,0.682,153.3,24.3,140.9,4073.21
AGR_Nor_2021_00378,North_Zone,Rajasthan_North,2021,Kharif,Cotton,23.3,34.91,,52.06,14.45,6.31,0.554,181.1,32.9,164.8,3144.98
AGR_Nor_2023_00379,North_Zone,Punjab_Central,2023,Rabi,Wheat,,29.43,128.16,32.88,14.42,7.6,0.998,167.3,13.4,268.1,4157.0
AGR_Nor_2023_00380,North_Zone,UP_Western,2023,Kharif,Cotton,22.09,30.89,739.7,59.83,11.26,5.79,0.62,112.1,27.3,150.8,2456.35
AGR_Nor_2022_00381,North_Zone,Rajasthan_North,2022,Kharif,Rice,19.52,32.22,600.14,70.33,10.0,6.13,0.711,93.8,17.2,245.4,4476.83
AGR_Nor_2023_00382,North_Zone,UP_Western,2023,Kharif,Cotton,22.47,,783.88,,12.8,5.94,0.514,169.5,19.9,185.1,2698.08
AGR_Nor_2018_00383,North_Zone,Punjab_Central,2018,Kharif,Wheat,18.8,28.52,581.52,84.67,10.0,6.82,0.436,170.9,39.1,177.3,4443.09
AGR_Nor_2020_00384,North_Zone,Rajasthan_North,2020,Rabi,Cotton,18.8,30.74,128.71,37.29,14.14,6.92,0.774,154.6,16.7,189.5,2365.06
AGR_Nor_2018_00385,North_Zone,Punjab_Central,2018,Rabi,Rice,15.87,23.66,144.42,72.48,10.0,6.29,0.701,203.1,19.3,226.7,4399.75
AGR_Nor_2023_00386,North_Zone,UP_Western,2023,Kharif,Cotton,18.29,28.62,868.62,92.85,10.0,6.2,0.54,229.6,26.6,202.9,2932.77
AGR_Nor_2020_00387,North_Zone,Rajasthan_North,2020,Rabi,Wheat,18.2,29.3,99.02,59.74,12.33,6.68,0.578,142.8,11.4,230.9,3646.93
AGR_Nor_2022_00388,North_Zone,UP_Western,2022,Rabi,Cotton,17.76,29.34,147.45,47.38,11.45,6.37,0.537,149.5,17.9,249.6,2003.21
AGR_Nor_2019_00389,North_Zone,UP_Western,2019,Kharif,Soybean,19.78,31.64,821.4,95.0,10.0,7.21,0.404,174.7,31.3,173.2,3309.61
AGR_Nor_2022_00390,North_Zone,UP_Western,2022,Kharif,Pulses,21.92,,755.74,59.61,14.88,7.01,0.649,194.5,25.1,246.4,2123.12
AGR_Nor_2019_00391,North_Zone,Rajasthan_North,2019,Rabi,Rice,17.45,24.67,106.95,52.13,12.46,6.82,0.614,164.9,29.6,157.4,3861.96
AGR_Nor_2023_00392,North_Zone,Punjab_Central,2023,Kharif,Cotton,22.01,30.48,539.8,62.78,10.99,6.59,0.631,137.3,16.3,285.6,2852.68
AGR_Nor_2021_00393,North_Zone,Rajasthan_North,2021,Kharif,Rice,22.68,36.33,,95.0,10.0,6.82,0.678,171.0,14.0,266.6,5158.2
AGR_Nor_2019_00394,North_Zone,Haryana_East,2019,Kharif,Soybean,22.26,32.76,800.99,67.0,14.76,7.38,0.434,156.6,18.9,127.5,3061.89
AGR_Nor_2023_00395,North_Zone,Haryana_East,2023,Kharif,Rice,20.45,32.9,750.85,78.62,10.3,7.69,0.414,174.7,18.2,212.0,4895.73
AGR_Nor_2023_00396,North_Zone,Punjab_Central,2023,Rabi,Wheat,16.48,28.95,102.67,40.37,12.61,6.17,0.707,179.9,33.3,243.1,4016.84
AGR_Nor_2023_00397,North_Zone,UP_Western,2023,Kharif,Maize,23.3,31.69,892.55,,10.0,6.59,0.547,156.5,15.0,210.6,4029.22
AGR_Nor_2023_00398,North_Zone,Punjab_Central,2023,Kharif,Wheat,20.22,29.44,400.99,51.55,14.84,6.38,0.622,166.7,14.4,202.4,4528.03
AGR_Nor_2019_00399,North_Zone,Rajasthan_North,2019,Rabi,Soybean,17.43,27.0,,58.17,10.86,6.5,0.479,144.9,19.1,226.8,2141.32
AGR_Nor_2018_00400,North_Zone,Rajasthan_North,2018,Kharif,Pulses,18.59,31.95,575.47,81.65,11.57,7.94,0.513,228.9,15.0,205.0,2145.73
AGR_Nor_2021_00401,North_Zone,Haryana_East,2021,Kharif,Rice,21.07,33.63,691.73,60.83,14.77,7.73,0.759,153.3,20.2,216.5,4986.89
AGR_Nor_2018_00402,North_Zone,Haryana_East,2018,Rabi,Cotton,18.26,30.84,154.2,62.09,12.39,5.56,0.289,175.1,22.6,266.4,2037.21
AGR_Nor_2022_00403,North_Zone,Punjab_Central,2022,Rabi,Pulses,15.57,22.86,157.84,49.97,12.02,6.26,0.276,90.0,29.2,140.1,1191.34
AGR_Nor_2020_00404,North_Zone,Punjab_Central,2020,Kharif,Pulses,21.84,33.82,243.54,64.56,10.0,7.11,0.92,170.3,14.5,218.3,1820.92
AGR_Nor_2022_00405,North_Zone,UP_Western,2022,Rabi,Soybean,,30.62,127.13,70.27,10.85,6.52,0.783,177.4,27.9,191.6,2613.09
AGR_Nor_2018_00406,North_Zone,Haryana_East,2018,Rabi,Pulses,16.94,28.76,100.88,61.47,16.43,5.69,0.55,180.1,11.2,189.5,1121.44
AGR_Nor_2021_00407,North_Zone,Rajasthan_North,2021,Rabi,Cotton,15.79,27.03,137.51,63.76,13.0,7.23,0.896,219.4,21.1,209.9,2383.63
AGR_Nor_2021_00408,North_Zone,Punjab_Central,2021,Rabi,Cotton,13.81,27.79,142.7,62.1,13.32,6.25,0.51,155.9,30.3,311.4,1808.92
AGR_Nor_2020_00409,North_Zone,Rajasthan_North,2020,Zaid,Rice,18.94,27.29,63.11,64.33,10.0,6.48,0.638,121.6,23.8,140.5,3810.94
AGR_Nor_2018_00410,North_Zone,UP_Western,2018,Rabi,Cotton,,28.79,191.45,58.69,11.96,6.63,0.687,165.8,12.5,125.7,2208.11
AGR_Nor_2022_00411,North_Zone,UP_Western,2022,Zaid,Cotton,23.38,35.86,105.27,50.09,10.81,6.2,0.595,118.7,17.4,214.0,2084.01
AGR_Nor_2022_00412,North_Zone,Punjab_Central,2022,Kharif,Rice,21.24,,864.17,80.95,11.01,7.41,0.722,169.2,16.9,204.4,5274.82
AGR_Nor_2022_00413,North_Zone,Rajasthan_North,2022,Zaid,Cotton,22.94,35.5,39.93,43.83,14.23,7.95,0.578,97.6,25.9,225.6,1861.02
AGR_Nor_2019_00414,North_Zone,Punjab_Central,2019,Kharif,Pulses,20.89,34.03,850.19,95.0,10.22,7.14,0.796,191.7,8.0,187.5,2527.4
AGR_Nor_2023_00415,North_Zone,UP_Western,2023,Kharif,Pulses,21.03,30.53,681.58,62.73,10.0,6.27,0.924,156.6,27.7,208.9,2118.86
AGR_Nor_2023_00416,North_Zone,Haryana_East,2023,Kharif,Pulses,19.57,28.98,753.64,74.2,10.23,7.05,0.652,173.1,13.0,258.2,2093.23
AGR_Nor_2020_00417,North_Zone,Rajasthan_North,2020,Rabi,Cotton,17.45,28.15,196.69,59.46,10.0,6.23,0.926,205.2,24.6,202.5,2303.29
AGR_Nor_2021_00418,North_Zone,UP_Western,2021,Kharif,Cotton,23.56,36.88,285.09,61.89,11.71,6.84,0.891,153.1,23.7,222.3,2904.71
AGR_Nor_2018_00419,North_Zone,UP_Western,2018,Rabi,Maize,14.61,27.87,121.96,58.06,12.27,6.94,0.841,180.3,26.0,196.4,3475.56
AGR_Nor_2018_00420,North_Zone,Punjab_Central,2018,Kharif,Rice,19.63,28.01,789.03,,10.88,5.71,0.814,239.2,8.0,188.9,5437.21
AGR_Nor_2021_00421,North_Zone,Haryana_East,2021,Zaid,Wheat,22.86,30.31,65.6,52.87,10.0,6.49,0.609,180.0,14.3,161.0,3788.17
AGR_Nor_2018_00422,North_Zone,Rajasthan_North,2018,Kharif,Maize,20.13,28.69,598.4,66.94,10.0,6.05,0.751,180.4,20.2,230.0,4139.46
AGR_Nor_2019_00423,North_Zone,Haryana_East,2019,Rabi,Rice,18.91,32.25,,59.35,13.74,7.15,0.381,243.9,22.3,233.3,4650.01
AGR_Nor_2018_00424,North_Zone,Rajasthan_North,2018,Rabi,Cotton,18.59,32.19,167.56,59.67,14.23,6.13,0.716,149.0,33.1,226.5,2188.75
AGR_Nor_2019_00425,North_Zone,Rajasthan_North,2019,Kharif,Cotton,23.54,33.47,959.05,75.64,10.24,7.41,1.2,136.4,24.7,178.2,3124.67
AGR_Nor_2018_00426,North_Zone,UP_Western,2018,Kharif,Pulses,21.41,34.7,1058.45,89.51,10.0,6.58,0.652,139.3,19.9,171.3,2086.41
AGR_Nor_2019_00427,North_Zone,Haryana_East,2019,Kharif,Pulses,19.65,,568.67,79.64,10.0,6.15,1.061,241.3,21.8,221.6,2385.09
AGR_Nor_2021_00428,North_Zone,Rajasthan_North,2021,Kharif,Wheat,15.46,23.56,665.05,71.73,14.02,6.25,0.525,235.7,24.0,168.5,4350.25
AGR_Nor_2020_00429,North_Zone,Rajasthan_North,2020,Kharif,Rice,20.24,32.56,599.84,65.82,10.0,7.18,0.363,153.8,24.5,128.3,4423.65
AGR_Nor_2020_00430,North_Zone,Haryana_East,2020,Kharif,Cotton,21.01,32.1,,78.89,10.58,7.1,0.538,186.8,25.2,184.0,2894.04
AGR_Nor_2021_00431,North_Zone,Rajasthan_North,2021,Kharif,Cotton,21.18,32.53,511.29,,10.0,6.99,0.78,234.6,10.3,150.8,3390.68
AGR_Nor_2020_00432,North_Zone,UP_Western,2020,Rabi,Maize,17.61,31.15,112.95,32.94,16.05,5.64,0.354,165.9,14.7,224.3,2959.94
AGR_Nor_2018_00433,North_Zone,UP_Western,2018,Kharif,Soybean,22.07,34.54,603.26,76.04,13.23,7.68,0.841,210.5,34.5,229.7,3533.74
AGR_Nor_2021_00434,North_Zone,UP_Western,2021,Kharif,Soybean,20.16,31.47,656.53,68.56,11.78,7.77,0.894,178.0,23.5,182.5,3213.14
AGR_Nor_2022_00435,North_Zone,Punjab_Central,2022,Rabi,Wheat,16.49,,101.54,44.85,12.11,5.77,0.679,139.3,19.9,244.3,3613.2
AGR_Nor_2019_00436,North_Zone,Rajasthan_North,2019,Rabi,Maize,16.59,27.49,128.9,64.14,15.04,7.09,0.89,125.6,26.0,204.1,3075.64
AGR_Nor_2021_00437,North_Zone,Punjab_Central,2021,Kharif,Rice,20.63,31.91,953.23,95.0,10.0,7.1,0.761,90.0,27.5,272.3,4826.95
AGR_Nor_2022_00438,North_Zone,Punjab_Central,2022,Zaid,Soybean,25.65,,68.99,37.69,16.61,7.21,0.291,274.9,21.6,170.5,2388.48
AGR_Nor_2020_00439,North_Zone,Haryana_East,2020,Rabi,Pulses,,31.09,84.02,53.67,10.63,7.63,0.606,148.4,20.1,226.6,1041.73
AGR_Nor_2023_00440,North_Zone,Haryana_East,2023,Rabi,Rice,16.35,,96.34,50.23,10.0,6.75,0.531,200.3,22.5,270.1,4183.2
AGR_Nor_2018_00441,North_Zone,Rajasthan_North,2018,Kharif,Pulses,19.48,30.55,859.55,87.39,11.04,7.05,0.524,190.8,21.0,253.6,2075.93
AGR_Nor_2019_00442,North_Zone,UP_Western,2019,Rabi,Rice,16.09,26.38,85.94,64.54,10.0,6.29,0.527,189.5,21.7,234.7,3780.19
AGR_Nor_2022_00443,North_Zone,Rajasthan_North,2022,Rabi,Rice,18.78,31.32,54.34,63.68,10.0,6.55,0.47,191.0,19.8,242.8,3891.92
AGR_Nor_2018_00444,North_Zone,Rajasthan_North,2018,Rabi,Pulses,19.55,30.4,83.78,46.83,10.41,7.4,0.566,202.0,31.7,227.5,1401.15
AGR_Nor_2019_00445,North_Zone,Punjab_Central,2019,Rabi,Maize,15.09,25.46,176.19,42.1,17.19,7.84,0.615,118.0,15.5,136.9,2712.6
AGR_Nor_2018_00446,North_Zone,Rajasthan_North,2018,Rabi,Maize,15.29,24.52,154.57,,10.0,6.13,0.48,117.1,21.8,115.2,2844.63
AGR_Nor_2023_00447,North_Zone,Punjab_Central,2023,Kharif,Soybean,20.07,,511.04,65.86,11.44,5.65,0.335,191.8,17.6,257.6,3170.73
AGR_Nor_2021_00448,North_Zone,Rajasthan_North,2021,Kharif,Wheat,21.66,29.31,730.24,81.53,13.49,6.75,0.717,159.5,36.7,299.3,4523.94
AGR_Nor_2022_00449,North_Zone,UP_Western,2022,Kharif,Maize,21.65,35.03,248.88,60.13,10.32,5.77,0.643,211.7,20.6,274.6,3882.3
AGR_Nor_2019_00450,North_Zone,Rajasthan_North,2019,Rabi,Pulses,14.76,22.64,176.4,53.49,12.57,6.83,0.822,166.1,18.7,149.8,1293.27
AGR_Nor_2021_00451,North_Zone,Haryana_East,2021,Kharif,Maize,19.94,33.87,904.38,71.27,10.0,6.59,0.867,145.0,18.8,242.8,4277.26
AGR_Nor_2022_00452,North_Zone,Rajasthan_North,2022,Rabi,Pulses,15.61,24.64,179.74,51.77,12.9,6.71,0.461,183.1,23.1,241.6,1527.88
AGR_Nor_2023_00453,North_Zone,Punjab_Central,2023,Kharif,Cotton,23.9,35.31,523.21,67.75,10.5,6.4,0.746,162.1,20.9,234.6,2966.54
AGR_Nor_2022_00454,North_Zone,UP_Western,2022,Kharif,Rice,22.29,29.99,237.4,52.88,15.07,7.59,0.756,190.7,20.6,156.4,5140.19
AGR_Nor_2023_00455,North_Zone,UP_Western,2023,Zaid,Rice,25.59,35.3,55.61,57.48,10.0,7.99,0.52,222.2,22.9,226.8,4646.43
AGR_Nor_2018_00456,North_Zone,Punjab_Central,2018,Kharif,Wheat,24.92,33.18,730.46,66.4,12.56,6.87,0.421,174.5,22.4,183.0,4598.57
AGR_Nor_2022_00457,North_Zone,UP_Western,2022,Rabi,Wheat,19.9,33.36,162.24,63.38,14.65,7.13,0.788,160.7,20.8,283.7,4146.7
AGR_Nor_2023_00458,North_Zone,Rajasthan_North,2023,Kharif,Maize,19.3,30.22,855.84,69.88,10.0,5.95,0.511,130.8,23.0,154.7,3712.74
AGR_Nor_2022_00459,North_Zone,Haryana_East,2022,Rabi,Pulses,19.65,33.12,241.69,80.14,12.6,7.14,0.578,154.5,27.7,199.7,1922.73
AGR_Nor_2020_00460,North_Zone,Rajasthan_North,2020,Zaid,Cotton,25.6,33.75,78.43,51.16,10.55,7.7,0.456,181.3,21.0,161.5,2218.35
AGR_Nor_2020_00461,North_Zone,Punjab_Central,2020,Kharif,Soybean,22.46,31.6,753.9,68.8,15.08,5.75,0.202,210.8,16.1,166.5,3188.81
AGR_Nor_2018_00462,North_Zone,Haryana_East,2018,Kharif,Maize,20.46,,774.51,72.44,10.0,7.54,0.683,188.8,26.9,198.1,3986.38
AGR_Nor_2020_00463,North_Zone,Punjab_Central,2020,Rabi,Pulses,17.84,26.34,126.46,71.47,11.1,7.25,0.618,156.6,8.5,219.2,1155.79
AGR_Nor_2019_00464,North_Zone,Punjab_Central,2019,Rabi,Cotton,16.8,28.84,75.41,30.0,16.34,7.39,0.315,186.2,24.7,206.7,1673.66
AGR_Nor_2019_00465,North_Zone,Punjab_Central,2019,Zaid,Cotton,22.59,32.68,87.85,,12.68,6.85,0.521,161.5,15.5,190.6,1773.86
AGR_Nor_2019_00466,North_Zone,UP_Western,2019,Rabi,Rice,19.09,31.87,182.64,56.21,10.42,7.24,0.902,192.0,33.5,141.3,4672.84
AGR_Nor_2019_00467,North_Zone,UP_Western,2019,Rabi,Wheat,17.97,27.44,89.45,45.1,14.47,6.4,0.514,176.0,25.3,198.3,3334.81
AGR_Nor_2022_00468,North_Zone,Rajasthan_North,2022,Rabi,Pulses,,24.88,189.35,55.89,10.0,6.07,0.467,171.0,21.7,182.5,1401.52
AGR_Nor_2020_00469,North_Zone,UP_Western,2020,Kharif,Wheat,20.85,30.68,877.7,83.8,10.0,7.08,0.741,151.2,18.9,203.6,4630.3
AGR_Nor_2020_00470,North_Zone,Rajasthan_North,2020,Rabi,Pulses,15.31,28.7,171.39,64.3,10.29,6.91,0.735,200.2,25.6,235.8,1352.45
AGR_Nor_2020_00471,North_Zone,UP_Western,2020,Rabi,Cotton,16.03,,93.77,45.09,12.03,8.43,0.752,218.6,25.0,137.7,2100.3
AGR_Nor_2022_00472,North_Zone,Punjab_Central,2022,Kharif,Soybean,23.03,33.63,276.71,70.02,13.68,5.75,0.282,181.5,15.1,179.3,3124.72
AGR_Nor_2021_00473,North_Zone,Haryana_East,2021,Rabi,Wheat,15.5,25.19,87.64,32.39,12.4,6.65,0.807,126.7,23.8,219.9,3656.78
AGR_Nor_2020_00474,North_Zone,Haryana_East,2020,Zaid,Pulses,23.0,30.99,87.43,59.15,10.0,6.13,0.556,167.0,21.9,196.9,1432.31
AGR_Nor_2022_00475,North_Zone,Punjab_Central,2022,Kharif,Wheat,21.98,33.01,258.33,57.37,10.1,7.23,0.512,211.1,19.1,284.0,4265.11
AGR_Nor_2023_00476,North_Zone,Rajasthan_North,2023,Kharif,Rice,,31.16,849.52,89.88,11.78,6.0,0.824,193.4,30.6,234.4,5386.06
AGR_Nor_2020_00477,North_Zone,UP_Western,2020,Kharif,Pulses,19.77,,829.56,72.05,12.38,7.14,0.424,224.9,39.8,169.4,2128.57
AGR_Nor_2019_00478,North_Zone,Rajasthan_North,2019,Rabi,Cotton,17.02,24.16,70.74,53.54,10.0,8.43,0.694,187.4,25.7,241.9,1860.5
AGR_Nor_2021_00479,North_Zone,UP_Western,2021,Kharif,Wheat,20.66,29.47,658.86,70.06,11.12,6.66,0.513,191.4,24.8,210.1,4412.83
AGR_Nor_2023_00480,North_Zone,UP_Western,2023,Kharif,Cotton,20.82,31.57,941.74,88.33,11.5,7.33,0.563,169.8,24.7,246.7,2941.41
AGR_Nor_2021_00481,North_Zone,Punjab_Central,2021,Rabi,Rice,17.32,24.37,100.93,70.5,11.35,6.77,0.798,147.3,19.3,134.4,3849.79
AGR_Nor_2022_00482,North_Zone,Rajasthan_North,2022,Kharif,Cotton,22.45,30.89,497.27,72.84,14.05,6.48,0.467,90.0,21.3,242.6,2711.5
AGR_Nor_2020_00483,North_Zone,Haryana_East,2020,Rabi,Soybean,17.32,25.83,77.98,58.91,13.64,5.94,0.667,194.4,25.7,175.2,1823.3
AGR_Nor_2018_00484,North_Zone,Rajasthan_North,2018,Kharif,Pulses,19.5,33.07,1088.72,83.53,10.0,6.76,0.519,203.0,19.6,281.7,2434.5
AGR_Nor_2018_00485,North_Zone,Rajasthan_North,2018,Rabi,Soybean,17.49,30.78,131.86,53.12,13.71,7.12,0.829,143.9,25.6,162.1,2353.42
AGR_Nor_2020_00486,North_Zone,Rajasthan_North,2020,Kharif,Wheat,20.31,32.5,446.48,72.52,13.1,7.09,0.34,158.9,38.3,187.9,4649.11
AGR_Nor_2022_00487,North_Zone,Haryana_East,2022,Kharif,Maize,21.98,32.27,745.39,59.7,10.0,6.24,0.652,243.2,27.2,236.7,4452.68
AGR_Nor_2023_00488,North_Zone,UP_Western,2023,Kharif,Pulses,20.97,34.31,782.32,73.67,11.09,6.48,0.913,208.8,15.4,176.4,2517.86
AGR_Nor_2023_00489,North_Zone,Rajasthan_North,2023,Rabi,Soybean,17.67,29.77,141.99,52.61,13.82,6.6,0.6,170.4,19.3,179.0,2411.92
AGR_Nor_2018_00490,North_Zone,UP_Western,2018,Rabi,Wheat,17.45,,159.7,52.14,13.99,6.26,0.626,191.0,13.1,237.4,4043.7
AGR_Nor_2022_00491,North_Zone,Punjab_Central,2022,Kharif,Cotton,19.31,28.69,657.49,76.67,10.0,6.85,0.753,158.9,24.2,279.9,2940.21
AGR_Nor_2020_00492,North_Zone,UP_Western,2020,Rabi,Cotton,17.76,26.89,176.16,53.17,10.0,7.61,0.978,178.6,35.0,214.1,2298.73
AGR_Nor_2021_00493,North_Zone,Rajasthan_North,2021,Kharif,Rice,18.64,27.76,537.68,70.33,10.0,6.64,1.044,132.8,19.4,114.5,5042.83
AGR_Nor_2022_00494,North_Zone,UP_Western,2022,Kharif,Maize,18.94,30.63,788.53,79.41,10.43,6.28,0.951,173.6,21.2,163.8,4254.32
AGR_Nor_2019_00495,North_Zone,Rajasthan_North,2019,Kharif,Cotton,23.47,35.92,380.44,63.7,14.63,6.61,0.786,169.9,24.6,204.9,3008.08
AGR_Nor_2018_00496,North_Zone,UP_Western,2018,Kharif,Soybean,21.69,31.58,737.65,69.34,11.11,6.25,0.903,216.7,21.1,192.0,3458.03
AGR_Nor_2019_00497,North_Zone,UP_Western,2019,Rabi,Pulses,,28.66,176.42,40.35,11.16,6.75,1.006,172.9,20.9,145.1,1779.7
AGR_Nor_2022_00498,North_Zone,UP_Western,2022,Zaid,Maize,24.23,35.42,45.68,56.31,11.58,7.11,0.586,210.3,30.0,202.4,3729.24
AGR_Nor_2023_00499,North_Zone,UP_Western,2023,Zaid,Cotton,20.75,31.54,84.91,55.54,11.21,7.89,0.672,159.1,25.4,214.1,1829.49
AGR_Nor_2022_00500,North_Zone,Punjab_Central,2022,Kharif,Wheat,20.58,30.13,640.52,71.83,10.0,7.54,0.439,141.7,22.2,191.8,4191.71
AGR_Nor_2021_00501,North_Zone,Rajasthan_North,2021,Kharif,Rice,21.05,31.56,615.08,82.04,12.12,7.06,0.63,96.1,17.9,188.4,4278.45
AGR_Nor_2020_00502,North_Zone,UP_Western,2020,Kharif,Soybean,21.19,33.79,542.21,84.34,10.0,6.32,0.692,184.2,23.9,217.8,3195.9
AGR_Nor_2021_00503,North_Zone,Rajasthan_North,2021,Rabi,Pulses,18.27,30.91,94.78,44.79,10.72,6.93,0.525,121.1,17.9,237.1,1185.36
AGR_Nor_2022_00504,North_Zone,Punjab_Central,2022,Rabi,Pulses,16.05,25.95,100.63,52.84,10.0,7.03,0.723,151.1,23.0,170.4,1258.86
AGR_Nor_2023_00505,North_Zone,Haryana_East,2023,Kharif,Pulses,20.93,33.74,747.98,95.0,10.0,6.41,0.438,173.8,31.5,255.5,1951.85
AGR_Nor_2023_00506,North_Zone,UP_Western,2023,Rabi,Maize,18.74,28.31,112.54,69.75,14.08,7.25,0.555,90.0,23.8,209.9,2797.28
AGR_Nor_2018_00507,North_Zone,Haryana_East,2018,Rabi,Pulses,16.53,30.36,119.61,55.06,14.49,7.19,0.974,257.2,22.5,110.0,1834.94
AGR_Nor_2019_00508,North_Zone,Haryana_East,2019,Kharif,Soybean,23.6,31.67,934.51,87.38,10.55,6.33,0.424,162.3,23.4,276.8,2734.56
AGR_Nor_2018_00509,North_Zone,Punjab_Central,2018,Kharif,Soybean,21.98,31.62,742.98,81.14,10.0,6.38,0.864,140.9,20.7,142.2,3372.67
AGR_Nor_2023_00510,North_Zone,Punjab_Central,2023,Kharif,Pulses,20.74,29.5,917.72,79.09,10.01,7.23,1.2,195.9,22.1,160.7,2106.12
AGR_Nor_2023_00511,North_Zone,UP_Western,2023,Rabi,Pulses,16.22,25.28,,56.44,11.06,6.03,0.465,216.3,26.5,217.7,1541.08
AGR_Nor_2022_00512,North_Zone,UP_Western,2022,Rabi,Wheat,20.69,29.78,161.26,65.65,10.17,5.89,0.202,244.5,22.7,182.6,3817.98
AGR_Nor_2018_00513,North_Zone,Punjab_Central,2018,Kharif,Soybean,20.44,34.03,,77.09,10.68,7.85,0.52,219.1,23.4,138.0,3145.53
AGR_Nor_2022_00514,North_Zone,Rajasthan_North,2022,Rabi,Maize,15.33,26.94,83.14,,17.56,6.49,0.371,118.2,36.4,225.7,2435.46
AGR_Nor_2019_00515,North_Zone,UP_Western,2019,Kharif,Wheat,21.05,35.03,791.0,95.0,11.48,5.85,0.438,152.8,14.6,148.4,4311.97
AGR_Nor_2021_00516,North_Zone,Rajasthan_North,2021,Kharif,Rice,22.26,29.33,598.5,,15.28,6.51,0.436,194.7,20.2,333.3,4798.97
AGR_Nor_2023_00517,North_Zone,Rajasthan_North,2023,Rabi,Soybean,16.91,25.27,94.38,59.31,10.0,6.69,0.744,200.6,15.1,226.8,2367.35
AGR_Nor_2022_00518,North_Zone,Rajasthan_North,2022,Rabi,Soybean,15.02,28.4,111.12,53.66,14.15,6.57,0.611,124.1,17.0,200.7,2034.86
AGR_Nor_2022_00519,North_Zone,Rajasthan_North,2022,Rabi,Soybean,17.64,29.66,137.63,48.27,14.18,6.51,0.2,186.9,11.9,255.6,1972.53
AGR_Nor_2020_00520,North_Zone,Punjab_Central,2020,Kharif,Soybean,21.94,31.96,616.15,47.48,16.57,6.11,1.057,254.2,14.1,246.8,3542.75
AGR_Nor_2021_00521,North_Zone,Rajasthan_North,2021,Kharif,Soybean,21.43,29.75,838.74,75.92,10.0,6.54,0.899,166.0,11.0,246.7,3101.8
AGR_Nor_2022_00522,North_Zone,Rajasthan_North,2022,Kharif,Soybean,20.11,28.04,728.85,72.54,10.56,7.45,0.524,221.5,16.6,222.1,3025.3
AGR_Nor_2023_00523,North_Zone,Punjab_Central,2023,Kharif,Soybean,,31.85,868.2,72.33,10.21,6.66,0.645,186.4,32.4,211.8,3184.04
AGR_Nor_2018_00524,North_Zone,Rajasthan_North,2018,Kharif,Maize,20.96,30.72,415.95,58.94,12.35,6.66,0.625,166.7,24.3,132.8,4040.56
AGR_Nor_2018_00525,North_Zone,Punjab_Central,2018,Rabi,Cotton,15.83,27.8,178.46,54.82,11.41,6.21,0.733,198.7,29.3,129.9,2425.29
AGR_Nor_2022_00526,North_Zone,UP_Western,2022,Kharif,Pulses,22.33,34.97,407.63,61.5,10.0,5.61,0.588,110.2,20.8,273.1,1994.43
AGR_Nor_2022_00527,North_Zone,Punjab_Central,2022,Rabi,Cotton,18.51,26.88,178.49,44.24,15.2,6.15,0.918,203.2,22.2,287.0,2575.64
AGR_Nor_2021_00528,North_Zone,Haryana_East,2021,Rabi,Rice,17.96,31.19,197.9,47.05,14.58,6.66,0.2,193.7,17.6,189.4,4093.07
AGR_Nor_2022_00529,North_Zone,Punjab_Central,2022,Kharif,Cotton,23.11,30.42,696.44,53.36,15.28,7.58,0.524,274.7,29.4,262.9,3349.72
AGR_Nor_2020_00530,North_Zone,Rajasthan_North,2020,Rabi,Cotton,19.65,27.59,149.23,59.08,14.52,6.71,0.673,180.6,16.1,110.0,2256.65
AGR_Nor_2019_00531,North_Zone,UP_Western,2019,Rabi,Maize,16.5,30.24,176.55,54.65,10.92,5.53,0.825,195.1,13.9,242.3,3836.61
AGR_Nor_2019_00532,North_Zone,Haryana_East,2019,Rabi,Soybean,16.39,25.58,,79.78,10.86,7.17,0.805,130.3,32.5,110.0,2022.75
AGR_Nor_2018_00533,North_Zone,Haryana_East,2018,Rabi,Maize,20.7,29.62,125.64,61.13,15.06,6.33,0.725,170.1,29.1,256.0,3435.77
AGR_Nor_2022_00534,North_Zone,Punjab_Central,2022,Kharif,Pulses,21.07,32.71,611.41,59.26,10.0,7.56,0.396,197.8,18.3,282.8,2073.2
AGR_Nor_2021_00535,North_Zone,UP_Western,2021,Rabi,Pulses,15.31,28.7,113.26,56.39,11.4,6.61,0.416,139.9,20.2,261.9,973.96
AGR_Nor_2019_00536,North_Zone,Rajasthan_North,2019,Kharif,Soybean,21.3,30.08,440.43,55.45,13.53,7.49,0.66,208.3,26.9,254.5,3250.17
AGR_Nor_2020_00537,North_Zone,UP_Western,2020,Zaid,Maize,22.7,35.84,,44.42,10.0,6.84,0.805,183.8,21.5,216.4,3440.2
AGR_Nor_2018_00538,North_Zone,UP_Western,2018,Kharif,Maize,18.92,26.03,640.4,63.29,11.35,6.65,0.519,198.0,35.4,195.6,3996.38
AGR_Nor_2022_00539,North_Zone,UP_Western,2022,Kharif,Rice,22.66,36.58,,86.34,10.0,7.38,0.748,184.1,9.4,132.5,5283.83
AGR_Nor_2021_00540,North_Zone,UP_Western,2021,Kharif,Rice,19.77,27.2,790.98,74.37,10.0,5.37,0.623,135.9,8.0,194.2,4691.49
AGR_Nor_2023_00541,North_Zone,UP_Western,2023,Kharif,Maize,21.15,28.23,753.49,77.57,10.09,6.29,0.293,172.9,22.3,212.1,3861.2
AGR_Nor_2021_00542,North_Zone,Rajasthan_North,2021,Rabi,Rice,19.44,29.52,137.39,46.7,14.64,7.66,0.352,168.0,28.9,262.1,3920.98
AGR_Nor_2023_00543,North_Zone,Punjab_Central,2023,Kharif,Wheat,,31.76,405.09,59.85,12.57,6.67,0.549,187.4,17.6,201.1,4550.81
AGR_Nor_2020_00544,North_Zone,Haryana_East,2020,Kharif,Maize,20.23,33.83,829.53,82.86,10.0,6.1,0.746,212.8,19.1,176.3,4569.3
AGR_Nor_2019_00545,North_Zone,Rajasthan_North,2019,Rabi,Soybean,17.54,28.42,136.33,57.67,12.36,6.64,0.615,197.0,23.6,227.1,2590.64
AGR_Nor_2023_00546,North_Zone,Haryana_East,2023,Rabi,Wheat,16.32,23.76,170.88,,14.54,7.76,0.683,155.7,28.0,316.5,3671.72
AGR_Nor_2023_00547,North_Zone,Punjab_Central,2023,Rabi,Cotton,16.89,24.89,118.52,63.64,14.17,6.55,0.319,152.7,33.1,177.6,1695.0
AGR_Nor_2023_00548,North_Zone,Rajasthan_North,2023,Kharif,Maize,18.65,30.25,484.84,68.3,13.62,6.78,0.512,258.4,10.6,328.5,4298.19
AGR_Nor_2022_00549,North_Zone,Haryana_East,2022,Kharif,Pulses,21.26,33.29,880.18,82.73,10.0,6.76,0.553,169.4,25.2,167.9,2045.64
AGR_Nor_2020_00550,North_Zone,Punjab_Central,2020,Kharif,Pulses,21.13,33.45,855.8,85.85,11.76,7.13,0.531,160.0,21.5,245.8,2066.19
AGR_Nor_2022_00551,North_Zone,Haryana_East,2022,Rabi,Wheat,16.77,26.85,147.34,61.88,15.1,7.13,0.26,179.2,20.4,227.0,3253.71
AGR_Nor_2019_00552,North_Zone,Haryana_East,2019,Rabi,Soybean,17.39,31.31,125.18,,10.93,6.26,0.788,197.6,26.4,172.1,2589.54
AGR_Nor_2022_00553,North_Zone,Haryana_East,2022,Kharif,Wheat,19.51,31.87,726.52,82.99,10.0,6.67,0.706,90.0,23.5,223.5,3980.51
AGR_Nor_2021_00554,North_Zone,UP_Western,2021,Rabi,Rice,16.76,29.66,90.54,68.56,12.48,7.83,0.408,174.6,21.6,237.3,3757.67
AGR_Nor_2018_00555,North_Zone,Haryana_East,2018,Zaid,Pulses,,30.79,50.84,43.41,12.44,7.01,0.717,169.3,27.8,166.2,1142.89
AGR_Nor_2018_00556,North_Zone,UP_Western,2018,Rabi,Wheat,18.75,31.27,193.54,64.81,10.0,6.13,0.813,139.5,22.9,255.9,3949.49
AGR_Nor_2023_00557,North_Zone,Punjab_Central,2023,Rabi,Soybean,18.44,26.14,103.27,58.75,14.08,6.96,0.494,242.9,31.2,164.2,2217.43
AGR_Nor_2022_00558,North_Zone,Punjab_Central,2022,Kharif,Cotton,18.92,30.31,627.69,70.63,11.73,6.82,0.842,207.1,22.0,219.8,3082.1
AGR_Nor_2023_00559,North_Zone,UP_Western,2023,Rabi,Cotton,19.24,28.99,110.93,48.24,14.71,6.91,0.279,247.0,16.6,152.9,2010.43
AGR_Nor_2018_00560,North_Zone,Rajasthan_North,2018,Kharif,Wheat,21.3,30.14,743.52,84.57,10.36,7.5,0.537,191.3,19.9,142.2,4563.16
AGR_Nor_2018_00561,North_Zone,Rajasthan_North,2018,Rabi,Pulses,17.11,30.34,99.34,41.83,15.43,7.19,0.619,213.2,28.7,193.0,1261.45
AGR_Nor_2022_00562,North_Zone,UP_Western,2022,Kharif,Soybean,19.27,30.07,906.25,75.64,10.0,6.61,0.58,217.3,23.8,273.8,3071.51
AGR_Nor_2018_00563,North_Zone,UP_Western,2018,Kharif,Cotton,23.11,35.1,656.71,57.41,10.0,7.09,0.321,158.1,29.1,180.9,2635.39
AGR_Nor_2018_00564,North_Zone,Haryana_East,2018,Kharif,Wheat,16.79,26.76,437.36,71.39,10.89,7.16,0.612,200.0,17.1,235.7,4608.21
AGR_Nor_2022_00565,North_Zone,UP_Western,2022,Kharif,Cotton,20.71,33.37,860.06,69.21,11.06,6.31,0.769,150.4,21.3,252.3,2837.3
AGR_Nor_2023_00566,North_Zone,Haryana_East,2023,Kharif,Pulses,20.95,33.13,626.65,54.54,12.68,7.32,0.529,263.4,34.9,206.7,2403.08
AGR_Nor_2019_00567,North_Zone,UP_Western,2019,Kharif,Pulses,19.27,32.13,,94.69,10.0,6.18,0.518,176.7,19.7,200.3,2183.22
AGR_Nor_2023_00568,North_Zone,Haryana_East,2023,Kharif,Rice,20.62,27.97,623.8,69.9,14.23,6.24,0.275,201.6,24.1,164.6,4483.03
AGR_Nor_2023_00569,North_Zone,UP_Western,2023,Rabi,Maize,17.79,29.54,36.79,41.37,12.16,6.81,0.2,157.8,21.4,202.5,2423.74
AGR_Nor_2019_00570,North_Zone,Punjab_Central,2019,Rabi,Soybean,18.45,31.28,54.57,42.82,12.89,6.97,0.566,212.9,12.8,142.8,2326.4
AGR_Nor_2022_00571,North_Zone,Haryana_East,2022,Rabi,Wheat,16.45,26.57,139.43,47.05,14.38,7.22,0.525,126.6,36.8,211.7,3367.51
AGR_Nor_2018_00572,North_Zone,Rajasthan_North,2018,Rabi,Maize,17.53,27.39,101.51,49.03,10.47,6.93,0.514,150.7,15.4,334.6,2909.73
AGR_Nor_2019_00573,North_Zone,UP_Western,2019,Kharif,Wheat,17.11,29.0,631.39,77.14,10.0,7.73,0.557,121.4,26.9,279.3,3984.81
AGR_Nor_2023_00574,North_Zone,Rajasthan_North,2023,Zaid,Cotton,23.52,33.65,83.26,65.4,13.44,7.66,0.612,167.0,15.5,178.3,2039.8
AGR_Nor_2021_00575,North_Zone,Rajasthan_North,2021,Rabi,Pulses,18.65,25.69,149.55,65.77,11.25,6.72,0.323,170.0,16.0,189.1,1089.72
AGR_Nor_2020_00576,North_Zone,Rajasthan_North,2020,Kharif,Soybean,22.55,32.59,488.7,79.35,10.55,6.4,0.39,193.2,30.8,203.4,2992.72
AGR_Nor_2019_00577,North_Zone,Haryana_East,2019,Kharif,Pulses,20.91,33.52,535.3,68.17,11.23,6.24,0.614,228.9,24.7,211.4,2321.0
AGR_Nor_2021_00578,North_Zone,Haryana_East,2021,Kharif,Pulses,21.78,35.46,209.19,58.01,12.49,7.64,0.239,156.5,27.2,259.9,1683.22
AGR_Nor_2020_00579,North_Zone,UP_Western,2020,Kharif,Cotton,23.14,37.04,,64.57,10.0,7.47,0.677,246.8,15.8,208.6,3341.41
AGR_Nor_2018_00580,North_Zone,Rajasthan_North,2018,Kharif,Rice,17.9,29.63,894.36,58.64,12.12,6.57,0.568,190.9,25.9,285.9,4836.2
AGR_Nor_2023_00581,North_Zone,Punjab_Central,2023,Kharif,Cotton,21.9,33.21,719.38,74.86,10.0,7.29,0.44,140.5,28.9,194.3,3011.47
AGR_Nor_2018_00582,North_Zone,Rajasthan_North,2018,Rabi,Cotton,15.2,27.75,112.94,45.32,13.12,6.26,0.594,167.4,18.9,187.2,2065.43
AGR_Nor_2022_00583,North_Zone,Haryana_East,2022,Kharif,Maize,21.34,30.64,695.16,75.74,10.0,6.54,0.576,177.4,21.6,249.6,4069.09
AGR_Nor_2022_00584,North_Zone,Punjab_Central,2022,Rabi,Wheat,15.52,26.88,67.26,53.39,12.44,7.3,0.581,118.5,20.5,166.3,3147.39
AGR_Nor_2021_00585,North_Zone,Punjab_Central,2021,Zaid,Maize,23.57,32.79,61.67,45.8,13.88,7.27,0.468,207.3,22.3,257.0,3317.39
AGR_Nor_2019_00586,North_Zone,Punjab_Central,2019,Rabi,Rice,16.02,28.87,137.63,68.92,10.0,6.39,0.583,194.4,31.5,126.4,4181.56
AGR_Nor_2020_00587,North_Zone,UP_Western,2020,Kharif,Soybean,22.03,30.49,805.9,82.25,10.0,7.66,0.563,182.4,20.2,160.4,3236.65
AGR_Nor_2021_00588,North_Zone,UP_Western,2021,Rabi,Pulses,16.6,24.47,182.91,62.04,11.97,7.02,0.846,200.4,23.2,127.0,1390.44
AGR_Nor_2023_00589,North_Zone,UP_Western,2023,Kharif,Rice,22.47,30.79,600.07,65.82,11.5,7.07,0.865,162.0,22.9,249.1,5008.58
AGR_Nor_2023_00590,North_Zone,Haryana_East,2023,Rabi,Maize,15.22,23.46,147.67,58.64,13.28,6.2,0.91,157.5,27.8,230.3,3367.84
AGR_Nor_2021_00591,North_Zone,UP_Western,2021,Kharif,Pulses,23.11,35.64,624.85,63.66,14.1,8.15,0.404,173.6,24.0,312.6,2101.56
AGR_Nor_2020_00592,North_Zone,Rajasthan_North,2020,Kharif,Wheat,21.7,29.4,894.86,67.63,15.69,6.39,0.717,138.1,21.0,249.8,4575.94
AGR_Nor_2018_00593,North_Zone,Haryana_East,2018,Kharif,Wheat,21.43,31.25,883.07,84.02,12.08,5.77,0.526,221.3,12.6,192.9,4770.89
AGR_Nor_2021_00594,North_Zone,Haryana_East,2021,Rabi,Maize,15.16,27.92,211.54,59.16,13.37,7.28,0.593,180.1,25.0,232.6,3227.43
AGR_Nor_2020_00595,North_Zone,UP_Western,2020,Kharif,Pulses,21.62,34.65,1116.13,76.35,10.32,5.62,0.704,175.5,14.4,196.9,2208.94
AGR_Nor_2018_00596,North_Zone,Rajasthan_North,2018,Kharif,Cotton,20.79,34.57,355.25,64.99,11.93,7.47,0.722,186.8,31.1,228.9,3142.73
AGR_Nor_2021_00597,North_Zone,UP_Western,2021,Rabi,Wheat,19.43,29.55,113.0,59.68,14.36,6.07,0.646,183.1,22.6,235.0,3836.68
AGR_Nor_2021_00598,North_Zone,Rajasthan_North,2021,Kharif,Wheat,20.01,29.67,879.13,77.03,12.14,7.31,0.649,178.7,33.4,235.8,4515.81
AGR_Nor_2023_00599,North_Zone,Haryana_East,2023,Zaid,Maize,23.88,,65.13,59.92,14.98,6.13,0.842,219.6,15.1,192.3,3508.91
AGR_Nor_2022_00600,North_Zone,Rajasthan_North,2022,Kharif,Soybean,21.84,33.74,326.45,56.75,12.61,7.34,0.693,238.4,17.3,253.9,3217.03
AGR_Nor_2020_00601,North_Zone,Punjab_Central,2020,Rabi,Soybean,17.84,30.82,86.34,44.74,11.2,5.92,0.634,200.0,25.9,204.7,2177.12
AGR_Nor_2021_00602,North_Zone,Rajasthan_North,2021,Kharif,Rice,18.99,31.87,472.52,64.48,10.45,5.95,0.446,186.9,24.0,216.7,4818.39
AGR_Nor_2021_00603,North_Zone,Haryana_East,2021,Kharif,Rice,21.54,32.33,800.36,70.72,11.69,7.58,0.276,189.4,11.9,308.4,4845.85
AGR_Nor_2019_00604,North_Zone,UP_Western,2019,Kharif,Cotton,21.26,30.16,446.33,49.85,10.0,7.07,0.734,196.1,33.3,226.6,3024.14
AGR_Nor_2021_00605,North_Zone,Haryana_East,2021,Rabi,Pulses,14.62,,145.97,34.14,14.18,6.46,0.474,193.5,28.7,204.0,1343.24
AGR_Nor_2019_00606,North_Zone,Rajasthan_North,2019,Kharif,Pulses,19.79,28.37,558.16,43.75,11.55,6.3,0.503,154.7,27.9,175.1,1901.31
AGR_Nor_2020_00607,North_Zone,UP_Western,2020,Kharif,Wheat,,31.56,1037.55,78.03,10.0,7.65,0.561,126.4,13.2,208.7,4201.99
AGR_Nor_2022_00608,North_Zone,UP_Western,2022,Rabi,Soybean,16.15,27.5,141.16,52.28,13.78,7.48,0.68,243.6,22.6,159.5,2376.72
AGR_Nor_2020_00609,North_Zone,Punjab_Central,2020,Zaid,Pulses,,36.32,81.44,53.3,10.21,6.61,0.85,191.2,21.9,295.3,1351.38
AGR_Nor_2022_00610,North_Zone,UP_Western,2022,Rabi,Pulses,,24.63,100.13,52.11,13.46,5.6,0.844,136.3,19.5,263.2,1164.17
AGR_Nor_2021_00611,North_Zone,Haryana_East,2021,Kharif,Wheat,21.34,33.09,480.75,75.37,11.2,6.13,0.593,214.0,14.5,238.6,5124.71
AGR_Nor_2019_00612,North_Zone,UP_Western,2019,Kharif,Cotton,22.64,34.3,782.59,73.14,11.78,7.16,0.962,111.0,21.7,153.7,3001.05
AGR_Nor_2020_00613,North_Zone,Punjab_Central,2020,Rabi,Soybean,17.3,29.09,104.9,73.84,11.44,6.76,0.315,152.6,20.8,206.0,2345.34
AGR_Nor_2018_00614,North_Zone,Rajasthan_North,2018,Kharif,Maize,17.49,30.23,527.19,89.53,10.0,6.61,0.697,196.5,20.5,180.8,4162.64
AGR_Nor_2019_00615,North_Zone,Rajasthan_North,2019,Rabi,Maize,15.7,22.98,123.1,78.81,10.0,6.67,0.523,203.0,10.8,187.5,3061.53
AGR_Nor_2022_00616,North_Zone,Haryana_East,2022,Rabi,Wheat,18.67,32.61,160.06,45.21,10.0,6.53,0.509,198.4,23.5,156.3,3879.13
AGR_Nor_2020_00617,North_Zone,UP_Western,2020,Zaid,Wheat,22.15,34.18,35.86,49.43,15.11,7.25,0.611,178.0,14.6,232.1,3535.71
AGR_Nor_2020_00618,North_Zone,Haryana_East,2020,Kharif,Cotton,20.27,28.17,533.64,77.53,10.0,6.38,0.354,192.6,28.4,174.8,2815.13
AGR_Nor_2018_00619,North_Zone,Punjab_Central,2018,Rabi,Pulses,16.53,25.52,89.27,47.72,13.85,7.16,0.491,174.2,32.1,215.9,1037.11
AGR_Nor_2022_00620,North_Zone,Punjab_Central,2022,Kharif,Maize,21.19,33.17,606.65,71.14,10.0,6.97,0.702,189.2,29.4,164.4,4152.31
AGR_Nor_2021_00621,North_Zone,UP_Western,2021,Rabi,Cotton,17.21,28.87,,50.8,18.21,6.59,0.562,155.2,25.3,196.9,1992.08
AGR_Nor_2018_00622,North_Zone,Haryana_East,2018,Rabi,Wheat,17.26,26.81,213.27,47.88,15.32,5.43,0.864,149.7,15.4,226.0,3923.26
AGR_Nor_2022_00623,North_Zone,Haryana_East,2022,Kharif,Wheat,21.07,31.44,665.59,78.92,10.72,6.56,0.495,229.2,23.2,115.4,4616.92
AGR_Nor_2018_00624,North_Zone,Haryana_East,2018,Kharif,Rice,19.85,29.47,358.56,57.79,10.0,7.81,0.567,158.9,24.8,249.8,4716.98
AGR_Nor_2021_00625,North_Zone,Punjab_Central,2021,Kharif,Maize,21.19,34.92,615.94,75.26,10.0,6.9,0.393,191.4,15.8,171.5,4008.6
AGR_Nor_2021_00626,North_Zone,Rajasthan_North,2021,Rabi,Maize,17.23,27.43,132.46,38.36,14.45,6.93,0.863,275.0,12.7,273.8,3885.88
AGR_Nor_2023_00627,North_Zone,UP_Western,2023,Rabi,Pulses,14.76,24.1,123.25,54.36,13.71,7.12,0.2,156.9,28.9,224.7,801.15
AGR_Nor_2019_00628,North_Zone,UP_Western,2019,Zaid,Cotton,25.26,36.09,87.37,59.44,10.55,6.94,0.847,144.4,21.8,199.0,2179.54
AGR_Nor_2019_00629,North_Zone,Rajasthan_North,2019,Kharif,Pulses,16.94,26.92,555.87,65.77,13.38,6.07,0.373,193.0,20.1,234.5,1888.86
AGR_Nor_2021_00630,North_Zone,Rajasthan_North,2021,Kharif,Wheat,19.85,32.72,,82.82,10.0,6.9,0.671,227.1,27.6,202.7,4917.09
AGR_Nor_2021_00631,North_Zone,Punjab_Central,2021,Rabi,Pulses,,26.58,183.28,68.86,12.96,6.4,0.616,161.4,17.1,253.0,1233.95
AGR_Nor_2022_00632,North_Zone,Punjab_Central,2022,Rabi,Cotton,17.62,24.84,,49.12,11.64,6.19,0.573,192.5,18.4,263.5,2256.08
AGR_Nor_2021_00633,North_Zone,UP_Western,2021,Kharif,Pulses,21.66,34.84,662.67,86.05,11.08,7.05,0.411,176.5,20.7,205.8,2109.27
AGR_Nor_2018_00634,North_Zone,Rajasthan_North,2018,Kharif,Maize,21.06,28.59,828.99,75.03,10.0,6.9,0.666,168.2,27.6,221.9,3822.67
AGR_Nor_2018_00635,North_Zone,UP_Western,2018,Rabi,Pulses,17.52,,127.52,59.65,15.91,6.47,0.506,150.2,15.6,162.7,990.41
AGR_Nor_2021_00636,North_Zone,UP_Western,2021,Rabi,Rice,19.9,33.74,214.55,45.04,12.39,6.64,0.645,147.2,24.6,215.4,4560.54
AGR_Nor_2021_00637,North_Zone,Rajasthan_North,2021,Kharif,Cotton,22.3,31.32,518.68,79.52,10.0,7.48,0.971,188.8,25.6,256.7,3116.34
AGR_Nor_2019_00638,North_Zone,UP_Western,2019,Kharif,Pulses,19.87,28.21,391.14,71.83,10.0,6.34,0.552,198.9,30.7,167.9,1959.89
AGR_Nor_2019_00639,North_Zone,Rajasthan_North,2019,Kharif,Cotton,18.86,27.97,612.89,76.6,10.0,7.33,0.852,207.3,20.7,216.4,2757.01
AGR_Nor_2018_00640,North_Zone,Haryana_East,2018,Kharif,Maize,21.84,32.35,702.53,62.72,10.83,6.63,0.78,220.2,10.5,254.9,4639.93
AGR_Nor_2022_00641,North_Zone,UP_Western,2022,Kharif,Pulses,21.56,32.13,1024.94,80.2,10.0,7.13,0.64,159.9,27.5,173.5,2179.57
AGR_Nor_2021_00642,North_Zone,Haryana_East,2021,Rabi,Maize,16.56,23.92,103.93,41.17,13.06,7.89,0.704,92.8,29.3,259.0,2682.01
AGR_Nor_2022_00643,North_Zone,Haryana_East,2022,Zaid,Pulses,24.39,37.46,27.23,48.84,14.2,6.72,0.473,184.5,21.8,130.2,1160.44
AGR_Nor_2021_00644,North_Zone,Punjab_Central,2021,Zaid,Maize,21.84,32.92,91.06,50.06,11.76,5.85,0.601,127.8,23.3,242.4,3163.28
AGR_Nor_2019_00645,North_Zone,Haryana_East,2019,Kharif,Maize,22.66,,399.96,53.36,10.0,6.71,0.766,163.2,13.3,183.5,4288.03
AGR_Nor_2018_00646,North_Zone,Haryana_East,2018,Kharif,Rice,19.89,32.03,358.09,62.42,13.2,5.8,0.411,249.8,16.3,193.7,5033.51
AGR_Nor_2019_00647,North_Zone,Rajasthan_North,2019,Kharif,Soybean,19.05,27.34,577.13,59.35,10.4,6.22,0.703,190.7,22.2,297.4,2952.18
AGR_Nor_2020_00648,North_Zone,Rajasthan_North,2020,Rabi,Soybean,18.66,31.06,,55.71,11.2,7.0,0.325,123.8,17.6,218.6,1785.68
AGR_Nor_2022_00649,North_Zone,UP_Western,2022,Zaid,Wheat,23.06,31.55,46.92,64.04,11.87,7.72,0.84,207.2,22.4,211.0,4214.12
AGR_Nor_2023_00650,North_Zone,UP_Western,2023,Kharif,Wheat,20.74,32.86,442.45,53.28,14.59,7.11,0.638,133.8,14.9,140.8,4437.79
AGR_Nor_2020_00651,North_Zone,Punjab_Central,2020,Rabi,Rice,19.31,32.31,108.94,44.68,10.36,7.43,0.519,177.1,20.8,240.3,4450.93
AGR_Nor_2019_00652,North_Zone,Haryana_East,2019,Rabi,Cotton,15.33,27.87,159.09,41.11,14.85,5.3,0.498,190.2,26.5,265.2,2320.62
AGR_Nor_2019_00653,North_Zone,Punjab_Central,2019,Rabi,Wheat,17.56,29.17,47.58,51.47,11.19,7.34,0.54,193.1,26.2,266.9,3674.76
AGR_Nor_2021_00654,North_Zone,Haryana_East,2021,Kharif,Rice,20.07,27.13,,66.62,10.0,6.29,0.372,208.9,23.9,227.9,4772.43
AGR_Nor_2023_00655,North_Zone,Punjab_Central,2023,Kharif,Cotton,23.85,34.19,670.75,61.08,10.0,6.24,0.772,151.8,30.9,186.3,3105.13
AGR_Nor_2022_00656,North_Zone,Punjab_Central,2022,Kharif,Pulses,20.29,30.73,398.2,,10.0,7.7,0.475,161.8,14.5,261.6,2142.74
AGR_Nor_2021_00657,North_Zone,Rajasthan_North,2021,Rabi,Cotton,18.8,25.93,118.58,49.1,10.87,7.26,0.82,212.1,36.9,189.3,2318.27
AGR_Nor_2019_00658,North_Zone,Punjab_Central,2019,Kharif,Cotton,21.41,31.41,529.9,71.77,12.36,6.88,0.567,180.5,23.5,160.7,3010.21
AGR_Nor_2022_00659,North_Zone,Rajasthan_North,2022,Rabi,Rice,19.03,31.73,111.81,55.75,13.28,6.82,0.305,183.0,20.4,297.6,4059.55
AGR_Nor_2021_00660,North_Zone,Punjab_Central,2021,Zaid,Soybean,20.58,34.07,113.58,45.06,11.65,5.91,0.508,218.6,23.1,186.2,2669.87
AGR_Nor_2021_00661,North_Zone,Punjab_Central,2021,Zaid,Pulses,21.97,34.56,37.64,46.15,15.13,7.44,0.584,204.0,15.5,272.0,1751.31
AGR_Nor_2019_00662,North_Zone,Haryana_East,2019,Rabi,Rice,19.51,26.74,185.17,70.73,10.0,6.28,0.803,227.6,21.6,279.2,4736.03
AGR_Nor_2021_00663,North_Zone,UP_Western,2021,Kharif,Wheat,21.04,29.12,664.26,69.08,10.33,6.34,0.78,153.1,17.4,245.0,4507.52
AGR_Nor_2021_00664,North_Zone,Haryana_East,2021,Kharif,Maize,22.45,30.24,1035.51,89.67,10.0,5.89,0.686,204.3,19.9,256.8,4146.39
AGR_Nor_2018_00665,North_Zone,Rajasthan_North,2018,Kharif,Pulses,21.41,34.53,868.1,85.39,11.61,6.48,0.623,172.1,28.1,192.8,2278.2
AGR_Nor_2019_00666,North_Zone,Punjab_Central,2019,Kharif,Cotton,19.95,30.13,711.5,49.79,12.73,6.5,0.402,179.7,9.3,211.9,2740.25
AGR_Nor_2021_00667,North_Zone,Rajasthan_North,2021,Rabi,Cotton,14.7,27.67,89.9,46.93,12.24,8.5,0.845,172.9,21.3,248.1,2117.12
AGR_Nor_2023_00668,North_Zone,Haryana_East,2023,Rabi,Soybean,16.82,,169.28,56.08,14.84,6.46,0.692,190.2,22.3,251.9,2321.7
AGR_Nor_2019_00669,North_Zone,UP_Western,2019,Kharif,Pulses,20.17,29.9,864.21,,10.37,6.68,0.792,232.4,24.8,233.7,2264.4
AGR_Nor_2021_00670,North_Zone,Punjab_Central,2021,Kharif,Rice,19.91,28.41,434.33,61.6,13.9,6.82,0.369,130.9,19.5,247.5,4593.98
AGR_Nor_2018_00671,North_Zone,Punjab_Central,2018,Rabi,Pulses,16.43,28.03,121.71,46.98,13.84,7.5,0.762,147.0,17.0,178.9,1210.09
AGR_Nor_2022_00672,North_Zone,Punjab_Central,2022,Rabi,Rice,16.48,25.46,90.28,52.64,15.02,7.19,0.2,169.8,24.8,174.0,3375.37
AGR_Nor_2020_00673,North_Zone,Haryana_East,2020,Zaid,Pulses,,,49.83,56.91,13.49,6.97,0.43,157.6,17.1,259.1,1414.8
AGR_Nor_2023_00674,North_Zone,Rajasthan_North,2023,Kharif,Maize,18.37,31.73,693.18,48.89,10.85,6.53,0.752,173.8,22.9,194.0,4288.48
AGR_Nor_2019_00675,North_Zone,Haryana_East,2019,Kharif,Maize,20.95,30.74,544.59,72.27,10.0,7.04,0.619,175.1,29.6,183.2,4114.91
AGR_Nor_2022_00676,North_Zone,Punjab_Central,2022,Rabi,Maize,17.37,25.05,131.71,61.26,11.08,5.3,0.719,140.9,15.7,241.0,3036.58
AGR_Nor_2021_00677,North_Zone,Punjab_Central,2021,Kharif,Pulses,22.05,33.63,1190.28,74.17,10.9,6.26,0.425,142.8,20.5,304.6,2148.63
AGR_Nor_2018_00678,North_Zone,Haryana_East,2018,Kharif,Pulses,21.92,30.96,744.95,75.75,11.92,7.28,0.893,167.6,18.7,230.1,2463.21
AGR_Nor_2020_00679,North_Zone,UP_Western,2020,Rabi,Rice,18.42,,,62.27,13.02,6.97,0.629,135.7,20.8,218.2,3840.39
AGR_Nor_2023_00680,North_Zone,UP_Western,2023,Kharif,Rice,19.23,30.99,736.57,70.52,13.96,6.51,0.552,156.6,17.6,259.7,4409.48
AGR_Nor_2022_00681,North_Zone,Rajasthan_North,2022,Rabi,Rice,17.29,26.64,143.24,,10.0,7.53,0.493,182.3,24.2,143.2,4034.86
AGR_Nor_2020_00682,North_Zone,Haryana_East,2020,Rabi,Soybean,18.07,27.84,179.43,51.34,13.08,6.59,0.641,149.8,20.6,218.2,2538.14
AGR_Nor_2018_00683,North_Zone,UP_Western,2018,Kharif,Cotton,19.11,28.64,725.66,71.94,12.96,6.8,0.755,230.9,18.5,201.6,3351.99
AGR_Nor_2018_00684,North_Zone,Haryana_East,2018,Rabi,Cotton,17.18,29.04,138.69,47.35,12.67,7.87,0.912,177.3,25.6,241.1,2523.78
AGR_Nor_2019_00685,North_Zone,Punjab_Central,2019,Rabi,Pulses,18.91,32.12,116.92,58.35,10.0,6.34,0.775,203.0,8.0,227.0,1407.14
AGR_Nor_2021_00686,North_Zone,Punjab_Central,2021,Rabi,Pulses,15.27,24.59,165.28,41.6,14.29,6.83,0.535,252.8,19.2,218.4,1399.0
AGR_Nor_2022_00687,North_Zone,Rajasthan_North,2022,Rabi,Maize,18.57,27.04,105.46,40.44,14.33,7.14,0.564,193.0,16.1,166.5,3248.29
AGR_Nor_2020_00688,North_Zone,Haryana_East,2020,Kharif,Soybean,23.44,32.42,590.72,70.02,10.23,6.73,0.688,195.4,21.5,259.2,3470.43
AGR_Nor_2023_00689,North_Zone,Haryana_East,2023,Kharif,Soybean,20.34,32.42,456.96,54.1,13.59,6.72,0.254,147.9,20.9,203.1,2845.05
AGR_Nor_2020_00690,North_Zone,UP_Western,2020,Rabi,Soybean,18.78,30.61,165.93,58.75,10.54,5.89,0.249,244.8,20.2,160.3,2314.01
AGR_Nor_2019_00691,North_Zone,Punjab_Central,2019,Rabi,Maize,21.72,32.85,191.77,64.26,11.45,6.94,0.538,211.6,19.1,232.0,3854.44
AGR_Nor_2020_00692,North_Zone,Punjab_Central,2020,Kharif,Wheat,18.09,31.18,594.04,65.14,10.0,7.4,0.699,208.9,11.6,202.8,4685.34
AGR_Nor_2023_00693,North_Zone,Rajasthan_North,2023,Rabi,Maize,16.98,27.21,86.39,47.74,13.75,7.55,0.879,188.6,12.7,186.9,3314.8
AGR_Nor_2019_00694,North_Zone,Haryana_East,2019,Kharif,Maize,21.96,31.68,,,10.26,7.94,0.58,178.8,23.7,327.1,4414.89
AGR_Nor_2023_00695,North_Zone,Punjab_Central,2023,Kharif,Rice,18.49,27.94,820.17,81.99,12.75,6.94,0.558,176.8,28.1,195.5,4889.95
AGR_Nor_2019_00696,North_Zone,Haryana_East,2019,Zaid,Maize,22.9,35.69,88.26,55.09,12.3,7.54,0.554,224.9,21.4,171.3,3668.1
AGR_Nor_2018_00697,North_Zone,Punjab_Central,2018,Kharif,Cotton,21.84,33.68,830.09,,10.0,6.28,0.749,236.2,24.8,114.4,3308.62
AGR_Nor_2019_00698,North_Zone,Rajasthan_North,2019,Kharif,Maize,21.28,33.15,344.84,51.43,12.47,5.73,0.266,214.4,22.0,233.3,4045.68
AGR_Nor_2019_00699,North_Zone,Rajasthan_North,2019,Kharif,Maize,21.63,33.63,686.8,71.84,10.02,7.43,0.528,164.0,27.4,253.9,4365.31
AGR_Nor_2020_00700,North_Zone,UP_Western,2020,Zaid,Pulses,20.06,28.34,55.52,49.38,10.8,6.51,0.396,175.6,15.6,171.8,957.82
AGR_Nor_2022_00701,North_Zone,UP_Western,2022,Kharif,Rice,21.93,,875.0,78.47,10.0,7.03,0.724,185.0,31.6,230.7,5433.74
AGR_Nor_2022_00702,North_Zone,Rajasthan_North,2022,Kharif,Rice,22.51,34.93,469.36,68.66,13.77,6.92,0.608,205.0,14.4,237.7,5259.35
AGR_Nor_2018_00703,North_Zone,Haryana_East,2018,Kharif,Soybean,21.37,,473.39,66.47,10.0,7.33,0.969,165.7,17.8,313.3,3303.78
AGR_Nor_2022_00704,North_Zone,Haryana_East,2022,Kharif,Pulses,17.92,29.32,529.08,48.23,11.36,7.55,0.52,169.1,24.9,203.2,2204.8
AGR_Nor_2020_00705,North_Zone,Rajasthan_North,2020,Zaid,Rice,22.84,36.64,39.45,37.02,11.46,6.68,0.571,209.8,26.5,237.2,4268.28
AGR_Nor_2019_00706,North_Zone,Rajasthan_North,2019,Rabi,Wheat,16.25,28.89,139.05,52.22,10.63,6.9,0.781,162.5,21.2,221.2,3877.97
AGR_Nor_2023_00707,North_Zone,UP_Western,2023,Kharif,Maize,19.84,32.21,954.13,61.87,10.4,7.77,0.543,162.0,22.2,255.5,3928.56
AGR_Nor_2020_00708,North_Zone,Haryana_East,2020,Kharif,Wheat,22.5,31.04,582.41,60.13,14.2,6.47,0.2,199.3,8.0,164.5,4663.4
AGR_Nor_2023_00709,North_Zone,Punjab_Central,2023,Kharif,Maize,21.51,30.19,437.41,60.7,13.58,7.38,0.299,159.6,16.9,128.4,3561.86
AGR_Nor_2021_00710,North_Zone,Haryana_East,2021,Zaid,Cotton,20.53,31.39,105.53,51.13,11.02,7.51,0.575,199.6,30.6,161.4,2120.05
AGR_Nor_2018_00711,North_Zone,Rajasthan_North,2018,Kharif,Soybean,19.47,29.5,,78.05,10.0,6.76,0.59,162.5,18.8,223.4,2867.48
AGR_Nor_2018_00712,North_Zone,Haryana_East,2018,Rabi,Rice,17.34,27.73,181.92,52.53,12.32,7.34,0.462,194.1,25.1,221.0,4584.3
AGR_Nor_2021_00713,North_Zone,Rajasthan_North,2021,Kharif,Cotton,22.2,33.95,309.33,58.56,10.0,6.56,0.571,133.8,28.5,235.6,2453.51
AGR_Nor_2019_00714,North_Zone,Rajasthan_North,2019,Kharif,Pulses,19.86,,,62.45,11.83,8.15,0.579,121.5,17.7,243.2,1957.85
AGR_Nor_2021_00715,North_Zone,Punjab_Central,2021,Rabi,Maize,,25.59,49.45,40.07,14.24,8.01,0.73,178.9,8.0,185.9,3160.0
AGR_Nor_2019_00716,North_Zone,Haryana_East,2019,Kharif,Rice,21.84,35.37,285.62,57.09,12.08,7.44,0.718,218.2,19.9,231.8,5360.65
AGR_Nor_2019_00717,North_Zone,UP_Western,2019,Rabi,Pulses,14.83,26.51,78.84,38.31,12.86,7.55,0.526,183.3,23.9,217.8,1329.39
AGR_Nor_2020_00718,North_Zone,UP_Western,2020,Kharif,Cotton,,29.28,695.16,76.23,10.01,6.95,0.8,206.9,22.2,230.7,3304.37
AGR_Nor_2023_00719,North_Zone,Punjab_Central,2023,Kharif,Cotton,21.89,30.62,693.3,76.2,12.64,6.66,0.2,166.5,26.4,203.5,2627.01
AGR_Nor_2018_00720,North_Zone,Haryana_East,2018,Rabi,Maize,18.08,27.55,123.61,57.79,12.16,7.71,0.2,197.8,26.3,261.6,2965.63
AGR_Nor_2020_00721,North_Zone,Rajasthan_North,2020,Kharif,Pulses,21.09,31.85,848.49,73.81,10.0,6.37,0.884,186.2,13.9,245.3,2289.77
AGR_Nor_2021_00722,North_Zone,Punjab_Central,2021,Kharif,Rice,,33.97,542.25,71.35,10.0,7.1,0.338,114.6,10.1,116.4,4483.87
AGR_Nor_2021_00723,North_Zone,Rajasthan_North,2021,Kharif,Wheat,20.51,34.03,776.69,95.0,10.0,6.44,0.319,184.0,33.2,215.6,4390.06
AGR_Nor_2022_00724,North_Zone,Haryana_East,2022,Rabi,Cotton,14.51,27.36,191.99,65.56,13.13,6.71,0.349,180.4,28.8,246.9,2250.91
AGR_Nor_2022_00725,North_Zone,UP_Western,2022,Kharif,Soybean,21.24,30.45,705.56,57.01,12.65,7.11,0.513,172.1,21.8,238.5,3271.33
AGR_Nor_2019_00726,North_Zone,Rajasthan_North,2019,Rabi,Soybean,16.49,,208.12,57.59,10.73,6.16,0.559,203.1,16.6,200.6,2631.33
AGR_Nor_2019_00727,North_Zone,Haryana_East,2019,Rabi,Soybean,17.41,26.96,115.06,54.79,15.98,7.05,0.644,182.4,26.9,131.8,2279.49
AGR_Nor_2023_00728,North_Zone,Haryana_East,2023,Rabi,Pulses,18.02,29.59,122.72,,16.39,6.34,0.471,200.7,24.1,211.0,1506.24
AGR_Nor_2021_00729,North_Zone,UP_Western,2021,Rabi,Cotton,16.45,24.38,162.84,61.09,13.92,6.94,0.312,202.2,21.1,160.4,1994.18
AGR_Nor_2021_00730,North_Zone,UP_Western,2021,Zaid,Rice,22.23,29.53,56.13,68.58,15.55,7.19,0.423,149.4,27.3,269.9,3679.68
AGR_Nor_2018_00731,North_Zone,UP_Western,2018,Rabi,Soybean,16.18,28.49,73.42,41.88,14.8,6.88,0.541,179.9,12.0,228.2,2338.91
AGR_Nor_2020_00732,North_Zone,Punjab_Central,2020,Rabi,Cotton,17.8,31.73,185.26,54.72,12.37,7.06,0.794,189.9,25.5,159.0,2361.26
AGR_Nor_2019_00733,North_Zone,Rajasthan_North,2019,Rabi,Wheat,19.13,32.76,77.83,64.92,12.38,6.46,0.2,171.7,28.2,192.4,3311.86
AGR_Nor_2019_00734,North_Zone,Rajasthan_North,2019,Kharif,Maize,22.64,35.07,,88.34,10.0,7.05,0.445,167.5,12.8,201.2,3969.03
AGR_Nor_2018_00735,North_Zone,UP_Western,2018,Kharif,Soybean,19.77,31.55,651.19,59.65,10.73,6.31,0.497,186.5,27.9,206.5,3236.97
AGR_Nor_2020_00736,North_Zone,Rajasthan_North,2020,Rabi,Wheat,,28.15,80.29,68.2,10.0,5.64,0.585,246.9,26.0,208.5,3876.64
AGR_Nor_2020_00737,North_Zone,Rajasthan_North,2020,Rabi,Soybean,20.95,31.07,84.05,52.53,11.2,5.78,0.56,174.8,26.6,167.1,2217.36
AGR_Nor_2018_00738,North_Zone,Haryana_East,2018,Rabi,Maize,18.0,30.2,93.07,62.67,11.72,6.74,0.658,226.2,29.4,135.2,3346.29
AGR_Nor_2023_00739,North_Zone,UP_Western,2023,Kharif,Rice,22.48,36.05,808.13,80.37,10.0,6.81,0.334,140.7,26.8,143.2,4657.47
AGR_Nor_2019_00740,North_Zone,UP_Western,2019,Kharif,Cotton,20.0,33.08,924.43,65.01,10.0,6.8,0.619,199.0,25.3,250.5,2869.95
AGR_Nor_2021_00741,North_Zone,Punjab_Central,2021,Kharif,Wheat,22.15,29.47,,,10.0,7.38,0.504,190.1,23.3,121.8,4621.96
AGR_Nor_2020_00742,North_Zone,UP_Western,2020,Kharif,Soybean,22.96,35.3,562.82,69.53,12.83,8.33,0.908,161.7,13.3,191.7,3235.98
AGR_Nor_2022_00743,North_Zone,Rajasthan_North,2022,Kharif,Soybean,23.08,36.46,568.25,62.86,15.06,6.72,0.681,164.3,16.6,131.7,3306.23
AGR_Nor_2019_00744,North_Zone,UP_Western,2019,Rabi,Soybean,18.45,29.47,149.65,76.84,10.0,6.26,0.497,132.8,25.5,137.6,2374.53
AGR_Nor_2021_00745,North_Zone,Haryana_East,2021,Kharif,Cotton,20.85,31.61,811.97,85.72,11.56,7.0,0.706,198.1,27.2,160.8,3194.49
AGR_Nor_2020_00746,North_Zone,Rajasthan_North,2020,Zaid,Soybean,22.13,,38.46,53.03,11.26,6.29,0.69,206.6,17.3,272.4,2522.51
AGR_Nor_2023_00747,North_Zone,Haryana_East,2023,Kharif,Rice,19.1,28.45,470.15,,13.59,6.76,0.756,219.4,17.6,208.1,5268.21
AGR_Nor_2021_00748,North_Zone,Haryana_East,2021,Kharif,Cotton,20.46,31.41,877.96,85.15,10.0,6.8,0.544,203.2,23.4,270.5,2837.88
AGR_Nor_2021_00749,North_Zone,Rajasthan_North,2021,Kharif,Rice,21.37,34.15,657.29,80.96,10.0,7.19,0.48,176.9,15.0,179.5,5087.15
AGR_Nor_2019_00750,North_Zone,Rajasthan_North,2019,Rabi,Maize,16.51,23.6,158.77,43.34,15.05,6.67,0.303,160.9,27.1,123.8,2690.79
AGR_Nor_2018_00751,North_Zone,Haryana_East,2018,Kharif,Wheat,,29.25,787.8,73.52,11.25,5.51,0.687,166.9,22.3,197.0,4358.61
AGR_Nor_2023_00752,North_Zone,Haryana_East,2023,Rabi,Pulses,17.51,28.46,136.49,,13.55,6.55,0.727,188.2,22.3,280.1,1541.95
AGR_Nor_2018_00753,North_Zone,Haryana_East,2018,Kharif,Pulses,23.58,36.39,793.21,75.9,10.12,6.8,0.64,137.8,23.6,199.1,2247.77
AGR_Nor_2018_00754,North_Zone,Rajasthan_North,2018,Kharif,Rice,21.68,34.97,864.62,92.49,10.23,7.13,0.839,180.5,17.4,219.0,5335.6
AGR_Nor_2018_00755,North_Zone,UP_Western,2018,Kharif,Rice,20.2,30.96,448.44,65.74,13.07,6.23,0.846,203.1,30.3,148.1,5373.35
AGR_Nor_2018_00756,North_Zone,UP_Western,2018,Kharif,Pulses,20.56,32.09,819.14,80.6,10.0,7.05,0.659,170.0,17.3,195.4,2215.42
AGR_Nor_2022_00757,North_Zone,Punjab_Central,2022,Rabi,Rice,17.18,25.09,177.57,62.41,13.6,7.74,1.13,188.8,18.0,230.4,4811.67
AGR_Nor_2023_00758,North_Zone,Haryana_East,2023,Rabi,Pulses,20.14,29.74,124.41,55.36,12.99,6.31,0.744,167.2,15.1,275.5,1412.49
AGR_Nor_2022_00759,North_Zone,Haryana_East,2022,Rabi,Wheat,16.09,24.96,155.18,56.06,10.0,6.27,0.517,216.9,21.2,255.3,3815.16
AGR_Nor_2018_00760,North_Zone,Rajasthan_North,2018,Kharif,Maize,21.52,31.31,,79.89,10.73,6.8,0.666,152.3,21.5,210.8,4006.18
AGR_Nor_2020_00761,North_Zone,Rajasthan_North,2020,Kharif,Rice,21.72,30.13,783.13,78.37,10.01,7.58,0.673,150.6,17.9,240.7,5071.22
AGR_Nor_2019_00762,North_Zone,Punjab_Central,2019,Rabi,Pulses,17.05,27.23,145.28,30.99,12.38,5.75,0.644,179.4,26.8,206.0,1560.1
AGR_Nor_2022_00763,North_Zone,Punjab_Central,2022,Kharif,Pulses,20.45,,635.68,68.66,14.37,7.35,0.571,145.3,17.0,188.3,2176.76
AGR_Nor_2020_00764,North_Zone,UP_Western,2020,Rabi,Rice,,26.03,,39.48,12.21,6.78,0.421,232.4,16.4,218.3,4447.99
AGR_Nor_2020_00765,North_Zone,Haryana_East,2020,Kharif,Rice,17.58,31.51,748.0,64.17,10.0,7.04,0.363,262.4,16.8,187.5,5064.38
AGR_Nor_2023_00766,North_Zone,Rajasthan_North,2023,Kharif,Maize,19.58,,702.67,73.43,10.04,6.53,0.637,177.7,26.2,242.1,4034.84
AGR_Nor_2021_00767,North_Zone,Haryana_East,2021,Kharif,Soybean,23.0,32.82,494.92,66.2,10.08,6.37,0.872,204.4,17.4,215.4,3110.52
AGR_Nor_2022_00768,North_Zone,Haryana_East,2022,Kharif,Wheat,23.75,35.5,721.62,63.64,12.3,6.64,0.814,177.1,21.7,291.9,4675.15
AGR_Nor_2021_00769,North_Zone,UP_Western,2021,Kharif,Pulses,21.67,29.12,292.27,57.35,11.72,7.61,0.877,123.6,24.0,175.0,1835.3
AGR_Nor_2019_00770,North_Zone,UP_Western,2019,Kharif,Pulses,21.03,28.82,789.33,90.26,10.5,7.71,0.468,217.5,18.1,154.5,2039.4
AGR_Nor_2018_00771,North_Zone,UP_Western,2018,Kharif,Maize,21.59,30.3,798.51,88.89,12.18,6.54,0.679,161.3,16.5,281.2,4132.78
AGR_Nor_2019_00772,North_Zone,Punjab_Central,2019,Kharif,Maize,19.68,29.23,517.32,76.37,11.12,6.94,0.55,192.3,29.6,179.2,4097.42
AGR_Nor_2022_00773,North_Zone,UP_Western,2022,Rabi,Maize,16.64,28.91,43.6,74.56,10.0,6.04,0.417,188.6,11.3,196.0,3353.09
AGR_Nor_2019_00774,North_Zone,Rajasthan_North,2019,Rabi,Cotton,16.99,24.58,112.27,54.16,13.04,7.05,0.311,135.0,15.0,214.2,1589.1
AGR_Nor_2019_00775,North_Zone,Punjab_Central,2019,Kharif,Cotton,21.3,30.97,702.0,63.29,10.0,6.74,0.207,143.6,20.6,189.2,2428.97
AGR_Nor_2022_00776,North_Zone,Haryana_East,2022,Kharif,Pulses,17.55,25.52,767.1,,10.63,6.69,1.021,132.6,26.0,188.5,2020.65
AGR_Nor_2022_00777,North_Zone,Haryana_East,2022,Rabi,Cotton,16.61,29.76,128.36,54.36,12.55,6.13,0.339,176.9,20.6,191.2,1915.02
AGR_Nor_2020_00778,North_Zone,Punjab_Central,2020,Kharif,Maize,20.36,31.18,522.33,75.0,10.0,7.74,0.591,136.4,15.1,225.7,3791.22
AGR_Nor_2019_00779,North_Zone,Haryana_East,2019,Rabi,Wheat,16.14,26.24,104.59,45.82,15.16,7.32,0.307,196.5,13.2,191.9,3366.78
AGR_Nor_2023_00780,North_Zone,Rajasthan_North,2023,Kharif,Rice,22.29,35.53,,77.98,14.57,7.48,0.449,261.9,26.1,229.1,5426.34
AGR_Nor_2020_00781,North_Zone,UP_Western,2020,Rabi,Maize,18.11,28.83,93.83,46.94,12.15,7.32,0.524,236.1,28.0,193.3,3111.6
AGR_Nor_2022_00782,North_Zone,UP_Western,2022,Zaid,Wheat,22.01,32.1,71.65,52.63,15.51,7.42,0.754,199.1,19.8,144.7,3993.24
AGR_Nor_2021_00783,North_Zone,Haryana_East,2021,Rabi,Wheat,15.68,28.95,120.11,67.6,10.0,7.71,0.669,185.6,31.7,270.5,3860.96
AGR_Nor_2019_00784,North_Zone,Rajasthan_North,2019,Kharif,Rice,22.6,36.36,572.13,86.95,10.0,7.16,0.632,203.0,13.4,161.2,5146.18
AGR_Nor_2020_00785,North_Zone,Punjab_Central,2020,Rabi,Maize,16.61,24.49,160.3,54.76,10.2,7.29,0.874,184.3,28.5,264.4,3305.73
AGR_Nor_2021_00786,North_Zone,Haryana_East,2021,Rabi,Rice,17.73,27.74,90.6,57.23,13.33,7.37,0.791,155.9,22.6,190.0,4461.44
AGR_Nor_2018_00787,North_Zone,Rajasthan_North,2018,Kharif,Rice,19.34,,800.8,95.0,10.07,6.64,0.756,175.6,27.2,217.2,5084.06
AGR_Nor_2019_00788,North_Zone,Haryana_East,2019,Kharif,Rice,20.82,29.16,452.72,55.48,12.35,7.21,0.779,208.5,20.2,212.2,5393.27
AGR_Nor_2020_00789,North_Zone,Punjab_Central,2020,Kharif,Wheat,,32.5,371.51,46.89,16.32,7.52,0.549,190.7,21.9,298.8,4405.02
AGR_Nor_2018_00790,North_Zone,UP_Western,2018,Rabi,Soybean,,24.01,77.18,55.62,12.9,6.13,0.762,169.8,16.4,189.2,2267.23
AGR_Nor_2019_00791,North_Zone,Punjab_Central,2019,Rabi,Rice,17.24,29.59,108.71,60.64,13.38,6.71,0.657,142.0,29.6,110.0,3984.64
AGR_Nor_2023_00792,North_Zone,Punjab_Central,2023,Zaid,Cotton,24.82,33.08,103.15,34.4,12.93,7.23,0.592,123.6,28.3,185.6,2245.42
AGR_Nor_2020_00793,North_Zone,UP_Western,2020,Rabi,Rice,15.56,,104.65,32.81,12.47,7.53,0.797,175.5,19.8,171.5,4193.26
AGR_Nor_2020_00794,North_Zone,UP_Western,2020,Rabi,Rice,19.15,30.76,170.6,40.99,17.42,7.41,0.24,162.9,28.2,242.5,3917.93
AGR_Nor_2020_00795,North_Zone,Punjab_Central,2020,Kharif,Pulses,22.41,35.07,515.76,53.97,12.3,6.57,0.619,198.5,18.9,188.6,2455.79
AGR_Nor_2019_00796,North_Zone,Haryana_East,2019,Kharif,Wheat,,32.24,598.52,83.86,10.0,6.84,0.243,133.2,28.8,209.8,3880.93
AGR_Nor_2021_00797,North_Zone,Haryana_East,2021,Rabi,Cotton,15.95,22.99,105.41,56.78,12.63,7.1,0.397,186.9,22.7,220.4,1763.87
AGR_Nor_2023_00798,North_Zone,UP_Western,2023,Kharif,Soybean,23.46,31.7,605.55,69.8,10.57,6.85,0.978,174.4,27.7,234.6,3374.63
AGR_Nor_2021_00799,North_Zone,Rajasthan_North,2021,Kharif,Rice,20.88,30.61,645.88,59.04,13.67,6.41,0.582,231.8,25.1,136.7,5029.82
AGR_Nor_2022_00800,North_Zone,UP_Western,2022,Kharif,Wheat,20.82,28.76,442.15,81.99,10.14,5.85,0.66,225.9,13.7,163.0,4826.7
AGR_Nor_2021_00801,North_Zone,Rajasthan_North,2021,Kharif,Soybean,18.37,30.28,375.42,69.99,10.2,5.47,0.686,201.0,12.7,189.6,3014.12
AGR_Nor_2023_00802,North_Zone,UP_Western,2023,Zaid,Soybean,21.7,33.39,90.5,44.41,11.92,6.91,0.928,140.1,27.4,155.9,2810.32
AGR_Nor_2021_00803,North_Zone,Punjab_Central,2021,Rabi,Maize,17.15,30.63,138.01,47.59,11.17,6.8,0.459,167.1,26.8,154.8,3108.49
AGR_Nor_2021_00804,North_Zone,UP_Western,2021,Rabi,Wheat,17.33,26.23,156.02,59.51,14.81,5.88,0.403,207.0,37.3,235.9,3795.41
AGR_Nor_2020_00805,North_Zone,UP_Western,2020,Kharif,Rice,19.8,30.6,,71.95,10.0,6.75,0.505,234.0,14.6,210.5,4997.13
AGR_Nor_2018_00806,North_Zone,Punjab_Central,2018,Kharif,Rice,21.2,32.91,730.7,74.05,10.0,6.51,0.2,173.6,30.4,245.6,4608.79
AGR_Nor_2021_00807,North_Zone,UP_Western,2021,Rabi,Maize,14.9,25.98,158.58,52.06,10.0,6.1,0.434,196.7,21.4,332.1,3309.7
AGR_Nor_2018_00808,North_Zone,Haryana_East,2018,Kharif,Wheat,,35.04,454.98,79.87,10.0,7.74,0.546,251.8,25.7,221.3,5032.46
AGR_Nor_2018_00809,North_Zone,Haryana_East,2018,Kharif,Cotton,21.33,28.85,730.41,60.39,12.06,7.09,0.475,163.5,18.6,188.6,2606.87
AGR_Nor_2019_00810,North_Zone,Punjab_Central,2019,Kharif,Rice,,,466.69,69.17,13.11,7.07,0.625,264.4,24.9,163.0,5698.76
AGR_Nor_2020_00811,North_Zone,UP_Western,2020,Kharif,Rice,21.17,30.59,364.71,46.49,13.65,6.86,0.495,144.0,18.8,194.8,4572.88
AGR_Nor_2021_00812,North_Zone,Haryana_East,2021,Kharif,Pulses,21.58,34.62,463.31,61.12,10.0,6.42,0.375,227.9,19.6,223.5,2247.92
AGR_Nor_2023_00813,North_Zone,Punjab_Central,2023,Kharif,Maize,19.58,28.86,575.57,75.28,10.18,6.82,0.796,176.0,22.1,183.0,4197.36
AGR_Nor_2020_00814,North_Zone,Haryana_East,2020,Kharif,Pulses,22.53,34.45,952.81,82.43,12.75,6.79,0.846,193.2,19.7,224.4,2423.69
AGR_Nor_2020_00815,North_Zone,UP_Western,2020,Rabi,Pulses,19.73,,127.12,48.38,14.18,7.19,0.803,173.0,33.9,183.5,1516.46
AGR_Nor_2023_00816,North_Zone,Haryana_East,2023,Rabi,Pulses,18.83,29.35,57.8,58.19,10.52,7.13,0.803,198.3,20.7,133.9,1298.3
AGR_Nor_2019_00817,North_Zone,UP_Western,2019,Rabi,Cotton,20.68,28.05,171.53,63.19,10.0,8.5,0.605,185.0,29.5,251.2,2265.67
AGR_Nor_2019_00818,North_Zone,Punjab_Central,2019,Kharif,Maize,21.73,33.02,549.36,67.11,10.0,7.43,0.858,211.4,21.0,257.0,5016.21
AGR_Nor_2018_00819,North_Zone,Rajasthan_North,2018,Kharif,Cotton,22.18,33.13,492.82,79.53,11.78,5.5,0.766,204.7,23.5,132.1,3018.56
AGR_Nor_2021_00820,North_Zone,Haryana_East,2021,Kharif,Cotton,22.4,36.09,705.71,68.22,11.37,6.26,0.524,172.4,20.6,293.5,2953.56
AGR_Nor_2021_00821,North_Zone,UP_Western,2021,Kharif,Maize,21.99,32.61,665.32,77.3,11.59,8.11,0.649,207.8,8.0,294.0,4315.15
AGR_Nor_2019_00822,North_Zone,Punjab_Central,2019,Rabi,Soybean,20.3,27.5,178.08,67.78,11.74,6.4,0.672,239.8,27.5,234.6,2823.43
AGR_Nor_2023_00823,North_Zone,Punjab_Central,2023,Rabi,Maize,16.41,28.27,,49.09,15.5,6.23,0.837,171.7,17.0,250.7,3164.21
AGR_Nor_2021_00824,North_Zone,UP_Western,2021,Kharif,Wheat,24.5,32.14,730.79,59.62,11.31,6.82,0.297,200.8,26.6,255.5,4825.0
AGR_Nor_2021_00825,North_Zone,UP_Western,2021,Kharif,Soybean,21.54,30.97,854.83,91.33,12.49,7.76,0.856,170.0,23.8,262.5,2990.33
AGR_Nor_2020_00826,North_Zone,Punjab_Central,2020,Kharif,Cotton,21.2,34.79,722.49,44.66,12.13,6.98,0.58,197.9,28.1,232.8,2921.46
AGR_Nor_2020_00827,North_Zone,Rajasthan_North,2020,Kharif,Maize,19.52,28.51,556.9,67.0,14.67,5.92,0.35,171.8,13.8,165.8,3779.07
AGR_Nor_2018_00828,North_Zone,Rajasthan_North,2018,Kharif,Pulses,20.66,34.37,524.51,69.79,10.0,6.05,0.581,187.7,21.0,219.2,2381.85
AGR_Nor_2021_00829,North_Zone,Rajasthan_North,2021,Rabi,Pulses,18.95,32.74,200.42,89.86,10.5,5.5,0.587,208.9,19.5,189.5,1669.21
AGR_Nor_2023_00830,North_Zone,Haryana_East,2023,Kharif,Rice,21.77,,,73.63,12.58,6.73,0.657,190.8,13.5,315.9,5270.87
AGR_Nor_2019_00831,North_Zone,Punjab_Central,2019,Kharif,Wheat,21.55,,686.96,63.78,12.14,6.43,0.55,215.9,27.5,165.1,4617.22
AGR_Nor_2022_00832,North_Zone,Punjab_Central,2022,Rabi,Cotton,17.28,30.13,77.77,61.31,10.83,6.96,0.316,202.0,24.2,151.9,2117.29
AGR_Nor_2022_00833,North_Zone,Haryana_East,2022,Rabi,Pulses,,26.32,133.24,54.58,11.53,6.76,0.447,185.4,23.8,241.7,1270.49
AGR_Nor_2022_00834,North_Zone,Haryana_East,2022,Kharif,Soybean,,31.23,801.48,,12.78,6.45,0.277,230.3,26.4,262.6,3310.16
AGR_Nor_2022_00835,North_Zone,Rajasthan_North,2022,Rabi,Maize,18.15,31.69,113.08,45.51,14.97,6.67,0.586,189.8,23.6,145.7,3529.29
AGR_Nor_2019_00836,North_Zone,Rajasthan_North,2019,Rabi,Wheat,15.39,28.71,206.69,45.66,16.77,6.66,0.515,119.2,24.0,216.7,3237.93
AGR_Nor_2021_00837,North_Zone,UP_Western,2021,Kharif,Soybean,22.71,32.41,691.02,71.37,10.0,6.65,0.62,173.7,21.5,203.3,3047.75
AGR_Nor_2022_00838,North_Zone,Haryana_East,2022,Kharif,Pulses,16.38,30.36,730.29,87.35,10.27,7.39,0.512,233.5,27.4,229.2,1861.95
AGR_Nor_2019_00839,North_Zone,Haryana_East,2019,Kharif,Maize,20.21,30.21,802.24,,14.21,7.45,0.461,159.8,34.8,164.1,3715.42
AGR_Nor_2020_00840,North_Zone,Rajasthan_North,2020,Kharif,Cotton,20.85,29.92,606.71,67.87,10.0,6.49,0.52,254.5,26.6,204.6,3109.99
AGR_Nor_2023_00841,North_Zone,Rajasthan_North,2023,Kharif,Maize,20.76,29.43,860.52,69.92,10.0,7.06,0.529,188.2,14.5,247.3,4038.89
AGR_Nor_2018_00842,North_Zone,UP_Western,2018,Rabi,Cotton,16.32,28.75,75.8,,15.41,6.82,0.321,201.2,25.2,144.0,2111.54
AGR_Nor_2019_00843,North_Zone,Haryana_East,2019,Rabi,Rice,16.99,28.56,180.41,66.98,12.43,6.46,0.633,193.0,14.2,223.0,4597.27
AGR_Nor_2022_00844,North_Zone,Punjab_Central,2022,Rabi,Rice,15.56,24.43,123.72,53.18,10.0,5.38,0.351,191.3,22.0,249.1,3608.53
AGR_Nor_2022_00845,North_Zone,Rajasthan_North,2022,Rabi,Wheat,19.17,29.2,153.18,48.03,13.35,7.18,0.307,228.4,24.9,350.0,4128.33
AGR_Nor_2020_00846,North_Zone,Punjab_Central,2020,Kharif,Maize,19.67,32.07,707.57,71.3,15.05,6.72,0.204,161.2,15.4,168.6,3751.61
AGR_Nor_2018_00847,North_Zone,Punjab_Central,2018,Kharif,Cotton,22.49,31.29,781.53,95.0,10.0,7.88,0.501,150.2,23.8,242.2,2928.6
AGR_Nor_2019_00848,North_Zone,Rajasthan_North,2019,Rabi,Maize,18.4,26.98,208.69,45.19,14.74,6.43,0.411,208.0,18.5,195.8,3073.41
AGR_Nor_2023_00849,North_Zone,Haryana_East,2023,Rabi,Cotton,17.89,28.22,182.44,49.04,14.58,7.14,0.67,189.9,24.3,222.2,2266.32
AGR_Nor_2018_00850,North_Zone,Haryana_East,2018,Zaid,Maize,23.61,34.09,103.37,51.21,14.79,7.15,1.02,129.9,12.7,159.7,3612.5
AGR_Nor_2021_00851,North_Zone,Haryana_East,2021,Zaid,Wheat,23.58,32.8,77.43,41.33,13.9,6.57,0.634,190.1,31.5,241.0,3866.09
AGR_Nor_2023_00852,North_Zone,Rajasthan_North,2023,Zaid,Rice,23.95,31.98,71.21,48.77,12.63,6.82,0.394,153.2,11.3,168.5,3919.3
AGR_Nor_2022_00853,North_Zone,Haryana_East,2022,Kharif,Soybean,17.62,25.59,655.95,75.99,10.0,7.05,0.58,174.1,21.2,241.7,2834.06
AGR_Nor_2023_00854,North_Zone,Punjab_Central,2023,Rabi,Pulses,18.36,30.26,138.43,50.34,10.0,7.51,0.616,90.0,34.4,188.5,1640.5
AGR_Nor_2023_00855,North_Zone,UP_Western,2023,Kharif,Pulses,22.28,32.64,1151.14,,10.47,6.26,0.426,129.6,32.2,179.0,2077.15
AGR_Nor_2021_00856,North_Zone,UP_Western,2021,Rabi,Soybean,19.57,32.9,146.94,55.13,14.54,6.08,0.894,211.6,21.6,203.3,2860.66
AGR_Nor_2022_00857,North_Zone,Rajasthan_North,2022,Kharif,Rice,19.26,30.99,359.33,38.87,15.25,6.63,0.595,185.5,29.6,293.9,4937.92
AGR_Nor_2021_00858,North_Zone,UP_Western,2021,Rabi,Rice,17.04,24.8,136.49,69.14,10.67,6.88,0.556,99.0,22.1,223.6,3503.52
AGR_Nor_2020_00859,North_Zone,Rajasthan_North,2020,Zaid,Cotton,23.91,34.39,56.57,63.23,12.31,6.75,0.551,196.8,24.9,197.7,2251.76
AGR_Nor_2018_00860,North_Zone,UP_Western,2018,Kharif,Soybean,23.78,33.36,873.56,78.74,13.61,6.83,0.561,162.1,25.9,233.4,2968.5
AGR_Nor_2023_00861,North_Zone,Rajasthan_North,2023,Kharif,Rice,22.16,33.6,1053.84,88.78,10.23,5.2,0.553,156.5,34.7,194.6,4910.24
AGR_Nor_2020_00862,North_Zone,Haryana_East,2020,Kharif,Cotton,,26.87,574.87,78.99,10.0,6.55,0.497,187.6,22.2,202.6,2619.2
AGR_Nor_2018_00863,North_Zone,UP_Western,2018,Zaid,Rice,23.03,33.73,43.34,78.8,11.26,6.42,0.663,242.3,33.0,184.1,4718.09
AGR_Nor_2022_00864,North_Zone,UP_Western,2022,Kharif,Wheat,21.14,29.42,1033.31,87.34,11.91,6.51,0.976,181.9,14.8,195.1,4713.02
AGR_Nor_2022_00865,North_Zone,Haryana_East,2022,Rabi,Wheat,17.64,30.7,103.82,35.31,15.09,6.0,0.373,139.9,17.4,247.5,3318.16
AGR_Nor_2022_00866,North_Zone,Rajasthan_North,2022,Kharif,Rice,24.35,34.71,,64.95,12.25,8.07,0.551,244.2,17.9,121.1,5430.66
AGR_Nor_2023_00867,North_Zone,Punjab_Central,2023,Kharif,Soybean,19.57,30.37,835.87,66.97,10.0,5.28,0.522,229.5,13.4,242.8,3276.08
AGR_Nor_2021_00868,North_Zone,UP_Western,2021,Rabi,Pulses,17.87,30.67,165.22,46.88,12.14,7.58,0.46,184.4,17.3,195.9,1465.64
AGR_Nor_2021_00869,North_Zone,Rajasthan_North,2021,Kharif,Pulses,20.47,34.27,732.61,73.0,10.37,6.98,0.387,173.6,23.9,152.4,2191.43
AGR_Nor_2019_00870,North_Zone,Haryana_East,2019,Kharif,Cotton,19.52,32.67,466.67,72.47,10.0,6.75,0.41,215.9,24.2,239.2,2818.57
AGR_Nor_2018_00871,North_Zone,Rajasthan_North,2018,Kharif,Rice,20.8,30.43,741.82,71.76,14.13,5.98,0.542,128.8,23.7,220.0,4414.12
AGR_Nor_2020_00872,North_Zone,Rajasthan_North,2020,Kharif,Rice,22.51,34.73,565.31,60.06,11.84,6.8,0.614,153.3,31.8,240.5,5007.89
AGR_Nor_2021_00873,North_Zone,Punjab_Central,2021,Rabi,Cotton,15.27,26.99,199.8,51.23,10.0,6.56,0.594,195.2,18.8,243.1,2299.93
AGR_Nor_2021_00874,North_Zone,UP_Western,2021,Rabi,Pulses,17.32,26.12,99.75,60.27,12.07,7.26,0.624,236.6,14.2,219.1,1485.02
AGR_Nor_2022_00875,North_Zone,Haryana_East,2022,Zaid,Rice,,35.99,31.43,58.28,12.55,6.69,0.555,220.9,19.1,236.0,4393.73
AGR_Nor_2020_00876,North_Zone,Punjab_Central,2020,Kharif,Wheat,20.81,33.79,542.0,69.17,14.35,6.17,0.637,195.3,25.1,189.7,5036.24
AGR_Nor_2022_00877,North_Zone,Rajasthan_North,2022,Kharif,Maize,19.8,30.82,318.41,44.55,12.57,6.92,0.887,173.5,18.4,224.0,4115.96
AGR_Nor_2022_00878,North_Zone,Rajasthan_North,2022,Kharif,Soybean,20.98,31.26,,65.63,10.82,7.07,0.455,153.4,9.3,231.2,2825.2
AGR_Nor_2020_00879,North_Zone,Punjab_Central,2020,Rabi,Soybean,16.78,26.95,198.39,61.2,13.42,7.83,0.661,227.2,25.8,252.2,2784.82
AGR_Nor_2018_00880,North_Zone,Punjab_Central,2018,Zaid,Wheat,23.83,34.88,60.96,57.23,10.24,6.32,0.721,182.5,28.4,195.5,4097.44
AGR_Nor_2022_00881,North_Zone,UP_Western,2022,Zaid,Maize,25.68,37.05,81.0,40.57,15.66,7.79,0.306,179.3,18.7,208.9,3289.8
AGR_Nor_2020_00882,North_Zone,Haryana_East,2020,Kharif,Wheat,22.34,30.31,738.81,77.97,10.0,7.13,0.755,193.3,17.0,201.8,4921.12
AGR_Nor_2020_00883,North_Zone,Haryana_East,2020,Kharif,Soybean,19.85,31.53,779.18,83.35,10.22,5.85,0.856,185.6,19.6,193.0,2983.15
AGR_Nor_2020_00884,North_Zone,UP_Western,2020,Kharif,Cotton,22.85,36.72,560.19,79.44,10.0,6.44,0.2,142.3,15.2,145.6,2601.63
AGR_Nor_2022_00885,North_Zone,Rajasthan_North,2022,Kharif,Rice,19.26,29.8,594.0,53.34,12.93,6.7,0.444,188.0,24.5,220.8,4855.72
AGR_Nor_2021_00886,North_Zone,UP_Western,2021,Rabi,Wheat,18.82,29.92,147.35,61.8,13.54,6.58,0.326,153.0,20.0,209.4,3617.2
AGR_Nor_2023_00887,North_Zone,Rajasthan_North,2023,Rabi,Cotton,16.59,24.96,152.95,48.46,16.58,7.3,0.756,183.1,20.6,225.2,2132.29
AGR_Nor_2018_00888,North_Zone,Rajasthan_North,2018,Zaid,Pulses,22.66,32.3,73.51,39.75,16.42,6.43,0.539,230.8,15.3,177.3,1402.91
AGR_Nor_2021_00889,North_Zone,Haryana_East,2021,Zaid,Soybean,22.84,34.46,45.22,40.27,12.91,6.51,0.8,162.1,15.0,214.6,2204.74
AGR_Nor_2018_00890,North_Zone,UP_Western,2018,Kharif,Soybean,19.6,30.66,568.88,,11.44,6.01,0.518,142.4,30.6,191.8,2770.18
AGR_Nor_2018_00891,North_Zone,Rajasthan_North,2018,Kharif,Cotton,19.71,27.75,546.92,76.64,10.0,6.78,0.598,170.0,18.7,178.0,2794.33
AGR_Nor_2021_00892,North_Zone,UP_Western,2021,Rabi,Maize,18.41,31.45,84.29,30.0,13.44,7.08,0.908,179.5,22.6,204.9,3292.08
AGR_Nor_2019_00893,North_Zone,Punjab_Central,2019,Rabi,Cotton,19.33,27.86,132.83,,11.08,6.16,0.745,181.2,15.2,201.5,2069.46
AGR_Nor_2022_00894,North_Zone,Rajasthan_North,2022,Kharif,Cotton,22.25,34.93,1069.79,64.25,12.5,6.64,0.57,214.8,22.5,287.1,3120.58
AGR_Nor_2021_00895,North_Zone,Rajasthan_North,2021,Zaid,Rice,21.71,30.37,74.84,62.74,13.14,6.32,0.447,209.0,12.2,258.6,4317.73
AGR_Nor_2020_00896,North_Zone,UP_Western,2020,Rabi,Wheat,18.26,29.55,41.67,65.06,11.21,6.82,0.885,195.2,25.7,169.0,3764.32
AGR_Nor_2023_00897,North_Zone,Punjab_Central,2023,Rabi,Cotton,15.81,,118.71,42.5,11.27,7.06,0.781,211.6,30.4,288.7,2258.23
AGR_Nor_2019_00898,North_Zone,Haryana_East,2019,Rabi,Pulses,17.94,26.87,103.08,33.66,14.62,6.84,0.747,161.8,23.5,259.9,1116.65
AGR_Nor_2018_00899,North_Zone,UP_Western,2018,Rabi,Soybean,14.99,24.59,171.49,47.93,13.55,6.65,0.845,203.3,17.6,248.1,2709.54
AGR_Nor_2022_00900,North_Zone,Rajasthan_North,2022,Kharif,Rice,22.16,29.23,821.72,90.6,10.0,7.7,0.554,139.8,20.5,177.5,4777.06
AGR_Nor_2023_00901,North_Zone,Rajasthan_North,2023,Kharif,Cotton,21.97,29.53,802.86,77.67,10.64,6.71,0.667,207.6,24.6,227.6,2984.04
AGR_Nor_2018_00902,North_Zone,Punjab_Central,2018,Kharif,Rice,22.83,32.89,662.44,80.83,10.0,7.8,0.944,203.2,13.2,125.4,5823.57
AGR_Nor_2019_00903,North_Zone,Punjab_Central,2019,Rabi,Cotton,15.19,23.61,163.84,48.06,13.28,7.8,0.419,177.4,24.8,234.1,1803.19
AGR_Nor_2021_00904,North_Zone,Punjab_Central,2021,Rabi,Rice,18.74,28.97,39.78,46.93,15.58,6.36,0.877,155.5,14.8,200.6,4084.63
AGR_Nor_2022_00905,North_Zone,Rajasthan_North,2022,Kharif,Maize,20.55,29.1,672.78,52.59,11.7,6.86,0.932,216.0,16.5,318.8,4457.85
AGR_Nor_2022_00906,North_Zone,UP_Western,2022,Kharif,Maize,21.03,31.46,886.81,81.71,10.0,7.07,0.634,201.7,29.3,197.0,4081.97
AGR_Nor_2019_00907,North_Zone,Punjab_Central,2019,Rabi,Cotton,18.91,,199.17,56.81,10.0,7.87,0.816,212.5,29.7,189.0,2556.28
AGR_Nor_2020_00908,North_Zone,UP_Western,2020,Kharif,Cotton,20.3,29.86,528.87,74.29,12.22,6.24,0.378,147.2,22.7,147.8,2799.01
AGR_Nor_2021_00909,North_Zone,UP_Western,2021,Rabi,Wheat,15.19,23.98,166.87,72.7,10.2,5.67,0.675,173.3,22.5,110.0,3292.6
AGR_Nor_2023_00910,North_Zone,UP_Western,2023,Rabi,Maize,18.6,30.6,95.33,57.63,10.0,6.6,1.015,193.1,24.2,226.2,3715.04
AGR_Nor_2022_00911,North_Zone,Haryana_East,2022,Kharif,Rice,20.4,32.37,,,12.41,7.99,0.403,177.5,19.8,216.5,4626.35
AGR_Nor_2018_00912,North_Zone,Rajasthan_North,2018,Rabi,Wheat,16.87,30.81,140.58,66.32,11.07,6.82,0.329,215.6,25.8,235.1,3599.57
AGR_Nor_2021_00913,North_Zone,UP_Western,2021,Kharif,Rice,21.43,28.64,683.06,76.99,11.42,5.87,0.658,167.6,31.7,249.0,5024.0
AGR_Nor_2022_00914,North_Zone,Haryana_East,2022,Zaid,Maize,23.82,37.59,82.74,55.76,16.04,6.72,0.567,222.2,22.1,224.4,3616.12
AGR_Nor_2023_00915,North_Zone,Punjab_Central,2023,Zaid,Wheat,19.89,31.53,65.82,,12.97,5.72,0.684,192.6,19.1,179.5,3739.04
AGR_Nor_2022_00916,North_Zone,Haryana_East,2022,Kharif,Maize,21.36,32.74,714.75,86.49,10.0,6.99,0.802,204.4,26.8,129.8,4508.09
AGR_Nor_2019_00917,North_Zone,UP_Western,2019,Kharif,Rice,21.4,34.6,562.74,59.41,12.85,7.99,0.35,205.6,27.1,287.6,5103.92
AGR_Nor_2019_00918,North_Zone,Haryana_East,2019,Kharif,Pulses,22.1,36.0,535.96,72.33,13.11,6.79,0.459,172.6,19.8,195.6,2119.51
AGR_Nor_2020_00919,North_Zone,UP_Western,2020,Kharif,Cotton,17.73,,514.45,67.48,10.0,7.48,0.416,147.9,29.3,156.4,2637.15
AGR_Nor_2020_00920,North_Zone,Punjab_Central,2020,Zaid,Cotton,,36.83,95.7,62.1,14.14,7.12,0.339,146.1,27.1,212.5,2039.87
AGR_Nor_2019_00921,North_Zone,Rajasthan_North,2019,Kharif,Maize,20.8,27.96,475.48,79.0,10.0,7.85,0.378,213.4,19.1,169.0,4161.12
AGR_Nor_2023_00922,North_Zone,UP_Western,2023,Kharif,Rice,22.56,34.07,402.37,53.84,13.0,5.48,0.537,208.8,21.9,195.1,5229.83
AGR_Nor_2022_00923,North_Zone,Haryana_East,2022,Kharif,Pulses,21.74,33.57,508.73,89.72,12.0,6.71,0.432,171.0,18.7,217.5,2318.36
AGR_Nor_2018_00924,North_Zone,UP_Western,2018,Kharif,Maize,18.99,32.45,1003.08,95.0,10.0,7.22,0.464,197.6,23.7,207.5,3951.34
AGR_Nor_2021_00925,North_Zone,Punjab_Central,2021,Zaid,Soybean,,33.18,91.56,50.76,10.0,7.01,0.371,274.6,8.9,212.4,2516.83
AGR_Nor_2022_00926,North_Zone,Haryana_East,2022,Kharif,Cotton,,29.36,1214.83,95.0,10.0,6.23,0.847,191.2,27.1,164.8,3112.37
AGR_Nor_2020_00927,North_Zone,Rajasthan_North,2020,Kharif,Rice,19.27,33.03,782.99,75.54,10.0,7.26,0.674,199.2,28.8,194.8,5379.17
AGR_Nor_2019_00928,North_Zone,Rajasthan_North,2019,Kharif,Soybean,19.79,27.79,730.82,82.56,11.64,6.39,0.564,145.4,20.7,240.8,2905.05
AGR_Nor_2020_00929,North_Zone,Haryana_East,2020,Kharif,Wheat,20.89,,782.11,72.06,15.13,6.05,0.488,192.6,28.8,252.1,4396.88
AGR_Nor_2020_00930,North_Zone,UP_Western,2020,Kharif,Soybean,22.56,35.85,728.83,68.15,11.04,6.58,0.372,110.9,18.0,110.0,2676.92
AGR_Nor_2023_00931,North_Zone,Rajasthan_North,2023,Rabi,Maize,17.85,31.31,110.45,45.61,13.99,6.89,0.637,166.5,23.9,227.9,3033.61
AGR_Nor_2021_00932,North_Zone,Haryana_East,2021,Zaid,Soybean,20.45,30.67,85.83,43.67,10.95,6.81,1.024,206.6,8.5,141.7,2469.93
AGR_Nor_2023_00933,North_Zone,Rajasthan_North,2023,Kharif,Pulses,21.8,34.67,842.78,83.56,10.25,6.6,0.41,115.0,20.0,229.6,2128.45
AGR_Nor_2022_00934,North_Zone,Punjab_Central,2022,Kharif,Cotton,22.46,33.37,880.4,77.22,10.0,7.17,0.541,243.6,23.2,195.6,3061.76
AGR_Nor_2020_00935,North_Zone,Rajasthan_North,2020,Kharif,Rice,24.24,32.09,291.55,65.64,12.7,6.76,0.557,195.8,23.6,198.3,4662.6
AGR_Nor_2023_00936,North_Zone,UP_Western,2023,Rabi,Maize,17.72,31.71,,57.03,14.89,7.15,0.418,119.7,23.9,186.2,2727.22
AGR_Nor_2021_00937,North_Zone,Haryana_East,2021,Rabi,Soybean,16.94,30.59,140.22,41.78,15.29,6.14,0.604,168.0,27.4,162.4,2392.37
AGR_Nor_2021_00938,North_Zone,Haryana_East,2021,Kharif,Maize,23.18,35.18,762.12,72.38,12.68,7.1,0.73,157.8,26.0,203.1,4223.14
AGR_Nor_2022_00939,North_Zone,UP_Western,2022,Zaid,Cotton,22.4,31.64,90.99,,13.62,7.37,0.532,171.1,16.1,244.3,2289.78
AGR_Nor_2022_00940,North_Zone,Rajasthan_North,2022,Rabi,Pulses,17.17,24.49,161.79,39.55,10.55,6.86,0.678,228.8,27.3,238.6,1656.47
AGR_Nor_2023_00941,North_Zone,UP_Western,2023,Rabi,Maize,21.05,30.36,126.95,59.02,13.34,7.33,0.438,114.3,25.1,263.9,2985.48
AGR_Nor_2022_00942,North_Zone,Rajasthan_North,2022,Kharif,Wheat,21.81,31.58,644.52,63.58,11.81,6.51,0.555,189.4,28.4,223.2,4677.76
AGR_Nor_2018_00943,North_Zone,UP_Western,2018,Rabi,Cotton,18.73,32.39,65.06,40.6,13.31,5.72,0.652,195.2,13.8,235.0,2007.21
AGR_Nor_2022_00944,North_Zone,UP_Western,2022,Kharif,Cotton,18.62,25.72,531.57,73.61,11.72,6.48,0.524,175.9,15.1,213.3,2408.13
AGR_Nor_2023_00945,North_Zone,Haryana_East,2023,Rabi,Pulses,18.62,31.8,135.36,58.6,10.0,6.01,0.206,186.1,23.4,222.7,1211.3
AGR_Nor_2019_00946,North_Zone,Haryana_East,2019,Kharif,Cotton,25.2,37.19,649.87,64.36,13.34,6.53,0.462,105.0,22.6,181.7,2680.96
AGR_Nor_2020_00947,North_Zone,Punjab_Central,2020,Zaid,Soybean,22.98,33.69,76.56,57.8,13.02,7.13,0.684,170.6,11.4,217.0,2448.91
AGR_Nor_2018_00948,North_Zone,UP_Western,2018,Kharif,Cotton,21.95,32.55,719.47,62.22,12.34,6.38,0.466,206.1,21.3,147.7,2972.88
AGR_Nor_2023_00949,North_Zone,UP_Western,2023,Kharif,Soybean,21.54,34.6,661.09,72.97,10.34,7.55,0.397,182.2,36.4,230.4,3227.72
AGR_Nor_2018_00950,North_Zone,UP_Western,2018,Zaid,Soybean,21.08,28.6,42.4,58.61,11.32,6.31,0.537,153.1,16.4,137.4,2060.89
AGR_Nor_2022_00951,North_Zone,Punjab_Central,2022,Kharif,Wheat,19.19,30.48,670.88,,10.0,5.5,0.527,144.8,28.8,193.8,4121.93
AGR_Nor_2023_00952,North_Zone,UP_Western,2023,Rabi,Rice,18.0,31.27,84.82,44.83,16.94,7.6,0.46,202.7,30.8,228.8,4116.89
AGR_Nor_2022_00953,North_Zone,Rajasthan_North,2022,Rabi,Maize,16.62,24.39,82.81,73.05,10.0,6.48,0.573,167.2,19.0,286.2,2849.94
AGR_Nor_2023_00954,North_Zone,UP_Western,2023,Kharif,Pulses,21.14,30.51,617.27,62.24,11.13,6.61,0.536,205.3,20.1,272.7,2080.36
AGR_Nor_2018_00955,North_Zone,Haryana_East,2018,Kharif,Soybean,19.16,27.8,828.5,75.89,10.0,6.6,0.736,201.4,16.8,158.6,2974.3
AGR_Nor_2020_00956,North_Zone,Punjab_Central,2020,Kharif,Rice,23.48,35.34,549.04,86.68,10.18,6.65,0.75,209.7,31.8,208.0,5468.69
AGR_Nor_2019_00957,North_Zone,Rajasthan_North,2019,Kharif,Rice,18.28,30.94,691.87,67.17,10.0,7.13,0.42,217.9,29.9,170.4,4954.49
AGR_Nor_2019_00958,North_Zone,Punjab_Central,2019,Kharif,Maize,19.89,33.14,492.67,50.98,18.65,6.96,0.62,141.6,23.6,202.6,3651.13
AGR_Nor_2020_00959,North_Zone,Punjab_Central,2020,Rabi,Soybean,14.97,27.42,,,11.68,5.92,0.691,144.4,18.1,169.8,2069.75
AGR_Nor_2019_00960,North_Zone,Punjab_Central,2019,Kharif,Pulses,20.28,31.6,787.37,45.12,13.92,7.5,0.544,158.6,21.0,281.9,2018.6
AGR_Nor_2023_00961,North_Zone,Rajasthan_North,2023,Kharif,Maize,22.6,33.38,401.76,51.44,12.05,7.5,0.665,237.1,30.9,110.0,4527.06
AGR_Nor_2022_00962,North_Zone,UP_Western,2022,Rabi,Wheat,17.29,26.24,72.4,30.0,14.42,7.35,0.409,205.1,28.9,110.0,3449.61
AGR_Nor_2018_00963,North_Zone,Punjab_Central,2018,Rabi,Rice,15.1,24.72,,30.0,18.6,7.0,0.719,190.5,25.4,213.5,4101.29
AGR_Nor_2018_00964,North_Zone,Rajasthan_North,2018,Kharif,Soybean,24.25,33.46,,70.69,12.1,6.14,0.335,150.5,20.7,180.1,3201.74
AGR_Nor_2019_00965,North_Zone,Haryana_East,2019,Kharif,Maize,22.58,30.23,348.09,47.17,14.84,6.82,0.538,120.7,32.9,169.2,3672.47
AGR_Nor_2020_00966,North_Zone,Punjab_Central,2020,Rabi,Maize,,23.77,148.52,55.54,12.24,5.84,0.608,109.6,26.7,214.7,2995.89
AGR_Nor_2022_00967,North_Zone,Haryana_East,2022,Kharif,Maize,19.91,31.34,388.08,62.91,11.61,6.99,0.724,235.6,15.3,139.3,4415.52
AGR_Nor_2023_00968,North_Zone,UP_Western,2023,Kharif,Maize,23.49,36.07,382.63,58.97,10.0,6.4,0.725,195.2,13.7,237.9,4287.17
AGR_Nor_2020_00969,North_Zone,UP_Western,2020,Rabi,Pulses,18.48,32.01,166.51,63.01,13.5,7.22,0.221,221.8,31.2,188.3,1546.77
AGR_Nor_2019_00970,North_Zone,Haryana_East,2019,Rabi,Wheat,,24.8,,54.54,10.05,6.73,0.633,161.3,27.6,231.7,3527.03
AGR_Nor_2023_00971,North_Zone,Punjab_Central,2023,Kharif,Soybean,21.02,29.92,435.98,67.72,16.15,7.06,0.482,122.6,15.7,187.5,2768.2
AGR_Nor_2020_00972,North_Zone,Punjab_Central,2020,Kharif,Cotton,19.29,32.39,519.22,64.49,12.96,7.41,0.268,174.0,22.5,234.7,2704.2
AGR_Nor_2018_00973,North_Zone,UP_Western,2018,Kharif,Wheat,19.99,30.65,712.54,57.03,13.41,6.64,0.563,232.5,16.3,243.3,4645.85
AGR_Nor_2019_00974,North_Zone,Punjab_Central,2019,Kharif,Rice,21.65,31.55,712.65,95.0,10.0,7.16,0.424,187.5,19.8,245.0,4686.41
AGR_Nor_2022_00975,North_Zone,UP_Western,2022,Rabi,Soybean,16.82,30.05,95.6,65.02,11.28,6.09,0.371,174.0,27.5,180.1,2196.26
AGR_Nor_2018_00976,North_Zone,Haryana_East,2018,Zaid,Rice,22.87,32.97,,57.45,10.71,6.49,0.407,171.9,34.6,225.8,3907.32
AGR_Nor_2022_00977,North_Zone,Punjab_Central,2022,Kharif,Maize,21.12,29.81,723.97,62.08,10.0,7.52,0.385,98.9,25.7,196.3,3454.31
AGR_Nor_2020_00978,North_Zone,Rajasthan_North,2020,Rabi,Pulses,,24.88,119.91,60.42,10.44,6.19,0.783,145.3,18.4,249.9,1256.27
AGR_Nor_2021_00979,North_Zone,Haryana_East,2021,Rabi,Maize,15.96,26.97,205.91,65.12,12.97,6.72,0.742,212.7,13.7,288.7,3406.76
AGR_Nor_2022_00980,North_Zone,Haryana_East,2022,Rabi,Pulses,19.06,28.95,113.6,54.5,16.41,7.24,0.484,181.8,16.9,179.9,2006.07
AGR_Nor_2023_00981,North_Zone,UP_Western,2023,Kharif,Wheat,21.87,30.22,675.26,61.41,10.0,6.23,0.658,160.2,34.4,295.7,4495.37
AGR_Nor_2020_00982,North_Zone,Punjab_Central,2020,Kharif,Wheat,21.09,32.34,754.74,80.95,10.0,6.69,0.535,136.9,28.6,191.8,4260.16
AGR_Nor_2022_00983,North_Zone,Punjab_Central,2022,Rabi,Rice,19.96,31.53,127.01,61.39,12.2,6.78,0.319,132.6,26.5,201.9,3529.23
AGR_Nor_2023_00984,North_Zone,Punjab_Central,2023,Kharif,Cotton,18.93,29.11,488.54,64.34,14.3,6.59,0.412,202.0,23.6,209.9,2832.7
AGR_Nor_2022_00985,North_Zone,UP_Western,2022,Rabi,Rice,16.97,25.55,111.7,64.54,11.02,6.35,0.741,260.0,35.0,221.8,4815.16
AGR_Nor_2020_00986,North_Zone,UP_Western,2020,Kharif,Cotton,22.51,32.08,556.49,64.83,14.65,7.13,0.529,220.6,24.7,168.0,3316.43
AGR_Nor_2022_00987,North_Zone,UP_Western,2022,Kharif,Wheat,19.85,26.95,838.09,72.86,12.38,7.35,0.48,130.4,25.5,139.2,4062.17
AGR_Nor_2021_00988,North_Zone,Rajasthan_North,2021,Kharif,Rice,21.91,32.48,567.62,83.1,10.0,7.26,0.894,187.3,26.1,220.1,5582.18
AGR_Nor_2022_00989,North_Zone,Haryana_East,2022,Zaid,Soybean,21.59,30.94,46.93,54.31,12.2,6.05,0.715,196.3,19.8,196.9,2451.55
AGR_Nor_2019_00990,North_Zone,UP_Western,2019,Zaid,Rice,23.73,34.5,49.02,46.79,14.93,6.6,0.62,233.0,26.6,154.1,4541.97
AGR_Nor_2021_00991,North_Zone,UP_Western,2021,Zaid,Pulses,24.06,31.96,84.89,53.18,13.0,5.36,0.603,171.2,24.3,180.6,1420.31
AGR_Nor_2020_00992,North_Zone,Punjab_Central,2020,Rabi,Maize,16.36,27.3,178.11,52.39,13.14,6.08,0.667,186.0,17.6,175.3,3270.27
AGR_Nor_2021_00993,North_Zone,UP_Western,2021,Zaid,Cotton,23.57,37.12,54.35,50.43,12.96,6.28,0.55,227.8,19.6,122.9,1921.79
AGR_Nor_2023_00994,North_Zone,Rajasthan_North,2023,Rabi,Maize,15.59,26.95,74.47,53.18,12.59,7.27,0.625,175.4,19.7,165.2,3005.7
AGR_Nor_2019_00995,North_Zone,UP_Western,2019,Kharif,Pulses,22.19,33.23,622.12,64.02,14.94,7.24,0.436,181.1,36.9,154.1,2288.51
AGR_Nor_2021_00996,North_Zone,Haryana_East,2021,Kharif,Cotton,21.89,32.75,514.16,85.11,10.0,6.73,0.81,134.1,29.2,264.9,2639.1
AGR_Nor_2022_00997,North_Zone,Rajasthan_North,2022,Kharif,Wheat,19.34,31.08,783.5,84.35,10.0,7.6,0.805,230.2,30.8,216.5,4797.45
AGR_Nor_2022_00998,North_Zone,Punjab_Central,2022,Rabi,Soybean,18.87,26.15,164.23,71.51,12.62,7.07,0.767,220.3,23.6,251.3,2504.37
AGR_Nor_2021_00999,North_Zone,Rajasthan_North,2021,Kharif,Soybean,22.18,30.78,788.57,77.8,10.0,6.59,0.587,125.2,26.6,188.5,2543.35
AGR_Nor_2019_01000,North_Zone,Punjab_Central,2019,Rabi,Pulses,13.08,22.23,207.03,60.53,13.03,6.7,0.632,140.0,24.3,210.4,1257.24
AGR_Nor_2023_01001,North_Zone,Haryana_East,2023,Kharif,Cotton,,31.52,378.92,,10.0,7.66,0.76,168.4,25.7,110.0,2940.19
AGR_Nor_2020_01002,North_Zone,Haryana_East,2020,Rabi,Pulses,19.57,33.24,90.07,44.8,11.89,7.16,0.451,149.6,30.4,222.9,1149.64
AGR_Nor_2022_01003,North_Zone,Rajasthan_North,2022,Kharif,Soybean,19.79,26.89,750.73,81.18,10.15,7.59,0.692,178.9,34.4,247.0,3135.06
AGR_Nor_2020_01004,North_Zone,Punjab_Central,2020,Kharif,Cotton,21.07,31.82,878.38,78.98,12.38,6.45,0.646,167.4,14.7,234.0,2899.4
AGR_Nor_2018_01005,North_Zone,UP_Western,2018,Rabi,Maize,16.31,26.05,104.1,57.62,11.29,7.13,0.567,201.5,11.7,158.4,3047.34
AGR_Nor_2021_01006,North_Zone,Haryana_East,2021,Rabi,Cotton,18.31,29.52,,51.99,10.81,6.76,0.637,137.9,14.0,230.1,1996.59
AGR_Nor_2023_01007,North_Zone,Punjab_Central,2023,Kharif,Cotton,22.09,32.31,785.2,84.83,11.17,6.87,0.358,182.4,24.2,301.5,2865.52
AGR_Nor_2020_01008,North_Zone,Rajasthan_North,2020,Rabi,Rice,15.65,25.48,117.24,48.48,10.0,5.76,0.661,224.2,41.4,251.6,4301.57
AGR_Nor_2021_01009,North_Zone,Rajasthan_North,2021,Rabi,Rice,17.14,30.58,,45.68,12.47,7.49,0.494,186.5,17.4,201.4,3936.55
AGR_Nor_2022_01010,North_Zone,Haryana_East,2022,Kharif,Cotton,20.84,30.01,700.01,,10.0,6.15,0.987,266.2,32.2,233.9,3236.56
AGR_Nor_2021_01011,North_Zone,Rajasthan_North,2021,Kharif,Cotton,,26.59,414.93,73.12,12.71,7.3,0.661,184.5,27.4,225.3,2852.42
AGR_Nor_2019_01012,North_Zone,Haryana_East,2019,Kharif,Rice,22.1,31.56,568.01,47.73,11.35,6.9,0.832,255.6,19.9,193.9,5739.05
AGR_Nor_2021_01013,North_Zone,Punjab_Central,2021,Kharif,Soybean,22.21,30.14,866.84,94.08,10.0,7.05,0.542,126.0,27.8,250.9,3028.09
AGR_Nor_2019_01014,North_Zone,Haryana_East,2019,Kharif,Maize,22.34,30.22,767.78,40.69,11.43,7.5,0.492,177.0,21.3,242.2,3919.12
AGR_Nor_2019_01015,North_Zone,Rajasthan_North,2019,Kharif,Rice,22.09,32.35,535.17,75.62,10.0,5.83,0.799,222.7,15.3,190.0,5677.23
AGR_Nor_2022_01016,North_Zone,Haryana_East,2022,Kharif,Wheat,20.15,30.88,775.83,68.51,10.0,6.52,0.62,190.7,8.0,256.1,4583.7
AGR_Nor_2018_01017,North_Zone,Rajasthan_North,2018,Rabi,Cotton,18.51,27.2,127.32,60.76,14.06,6.36,0.432,144.3,20.8,219.6,1917.05
AGR_Nor_2023_01018,North_Zone,Haryana_East,2023,Rabi,Rice,16.64,29.47,167.24,45.73,14.47,6.71,0.645,204.9,18.5,200.1,4444.07
AGR_Nor_2018_01019,North_Zone,Punjab_Central,2018,Zaid,Pulses,21.75,29.53,103.46,77.7,10.07,7.47,0.773,128.3,23.9,216.6,1433.82
AGR_Nor_2018_01020,North_Zone,Rajasthan_North,2018,Kharif,Pulses,22.27,33.36,365.55,76.15,12.11,6.2,0.526,187.3,18.2,236.0,2281.48
AGR_Nor_2019_01021,North_Zone,Rajasthan_North,2019,Rabi,Cotton,18.89,31.59,128.57,41.95,15.44,6.25,0.673,149.9,20.7,188.8,2088.81
AGR_Nor_2023_01022,North_Zone,UP_Western,2023,Rabi,Pulses,17.78,29.63,130.2,57.86,11.79,6.26,0.34,145.3,16.7,227.8,1157.48
AGR_Nor_2019_01023,North_Zone,Haryana_East,2019,Kharif,Pulses,21.5,32.15,1084.93,77.16,10.0,5.86,0.391,217.5,23.7,275.5,2093.46
AGR_Nor_2020_01024,North_Zone,Rajasthan_North,2020,Zaid,Cotton,23.62,33.42,44.82,45.28,11.59,7.69,0.782,224.6,16.3,141.4,2376.97
AGR_Nor_2020_01025,North_Zone,Punjab_Central,2020,Kharif,Cotton,20.35,27.46,755.25,67.04,10.08,5.93,0.607,153.0,26.7,238.8,2967.39
AGR_Nor_2022_01026,North_Zone,UP_Western,2022,Rabi,Rice,17.05,25.58,113.13,39.54,18.95,7.67,0.99,182.2,25.3,189.3,4640.1
AGR_Nor_2018_01027,North_Zone,Rajasthan_North,2018,Rabi,Cotton,18.44,29.83,,56.97,10.54,7.16,0.829,202.4,14.1,143.7,2311.9
AGR_Nor_2022_01028,North_Zone,Haryana_East,2022,Kharif,Wheat,21.42,33.71,571.91,56.0,13.34,6.45,0.875,213.5,22.2,308.2,4952.3
AGR_Nor_2019_01029,North_Zone,UP_Western,2019,Rabi,Pulses,16.63,29.24,84.8,61.09,10.0,5.93,0.513,230.3,22.4,223.0,1359.93
AGR_Nor_2022_01030,North_Zone,UP_Western,2022,Zaid,Rice,,31.49,41.04,48.19,15.41,6.68,0.629,181.3,13.7,289.1,4111.35
AGR_Nor_2021_01031,North_Zone,Punjab_Central,2021,Rabi,Maize,20.64,32.55,184.61,50.07,13.81,5.89,0.79,128.5,20.7,221.0,3637.18
AGR_Nor_2023_01032,North_Zone,Haryana_East,2023,Zaid,Soybean,23.02,36.22,87.18,63.5,13.7,7.54,0.612,193.4,20.6,169.6,2774.54
AGR_Nor_2022_01033,North_Zone,Haryana_East,2022,Kharif,Cotton,20.22,33.32,,83.22,11.55,7.42,0.648,131.8,24.4,222.0,2728.46
AGR_Nor_2023_01034,North_Zone,Punjab_Central,2023,Kharif,Soybean,20.71,30.27,762.15,95.0,10.0,5.82,0.544,208.8,32.0,200.4,3132.07
AGR_Nor_2021_01035,North_Zone,Haryana_East,2021,Rabi,Wheat,15.75,28.59,65.59,52.03,10.0,6.52,0.515,195.8,18.9,137.0,3563.53
AGR_Nor_2021_01036,North_Zone,Rajasthan_North,2021,Kharif,Cotton,24.47,35.97,,58.64,12.17,7.1,0.873,192.6,17.9,229.6,3475.22
AGR_Nor_2023_01037,North_Zone,UP_Western,2023,Rabi,Maize,15.99,27.97,94.8,64.04,12.26,7.11,0.554,158.0,30.8,198.9,2912.63
AGR_Nor_2020_01038,North_Zone,Haryana_East,2020,Kharif,Maize,18.73,28.61,258.72,72.24,10.81,7.1,0.697,182.0,21.6,257.0,3719.11
AGR_Nor_2023_01039,North_Zone,Punjab_Central,2023,Kharif,Pulses,19.67,28.87,574.66,72.35,10.57,6.98,0.94,212.0,22.2,146.6,2212.46
AGR_Nor_2023_01040,North_Zone,Haryana_East,2023,Kharif,Pulses,19.47,32.02,509.62,54.98,10.0,7.35,0.581,166.0,23.0,213.4,2057.36
AGR_Nor_2021_01041,North_Zone,UP_Western,2021,Rabi,Cotton,16.02,29.14,124.41,34.94,15.82,6.02,0.427,109.7,18.7,278.0,1774.24
AGR_Nor_2020_01042,North_Zone,UP_Western,2020,Rabi,Wheat,,28.42,163.97,48.43,12.19,7.05,0.858,194.9,26.2,235.5,3870.89
AGR_Nor_2023_01043,North_Zone,UP_Western,2023,Rabi,Rice,14.89,24.91,170.12,58.39,12.39,7.12,0.613,142.2,17.2,270.3,3983.82
AGR_Nor_2018_01044,North_Zone,Haryana_East,2018,Kharif,Cotton,20.08,30.48,769.03,64.54,12.25,6.37,0.779,190.1,13.4,244.2,2959.97
AGR_Nor_2020_01045,North_Zone,Rajasthan_North,2020,Rabi,Soybean,15.55,25.88,106.42,55.44,11.65,6.38,1.2,200.1,20.3,250.4,2523.84
AGR_Nor_2022_01046,North_Zone,UP_Western,2022,Kharif,Rice,19.85,33.32,652.6,78.19,10.0,7.52,0.599,155.6,18.7,191.9,4969.75
AGR_Nor_2022_01047,North_Zone,Haryana_East,2022,Rabi,Cotton,15.3,22.45,96.2,49.38,10.0,7.14,0.656,185.8,25.7,224.5,1727.43
AGR_Nor_2021_01048,North_Zone,Punjab_Central,2021,Kharif,Pulses,20.92,29.79,590.19,74.35,10.0,6.4,0.661,90.0,18.7,225.2,1934.47
AGR_Nor_2021_01049,North_Zone,Haryana_East,2021,Kharif,Cotton,21.26,28.96,753.92,83.21,13.99,7.15,0.388,223.5,24.9,211.3,3025.33
AGR_Nor_2022_01050,North_Zone,Rajasthan_North,2022,Kharif,Rice,18.89,30.0,739.63,77.71,10.78,6.93,0.63,183.4,9.4,177.6,5122.38
AGR_Nor_2019_01051,North_Zone,Rajasthan_North,2019,Kharif,Cotton,22.3,31.97,562.07,,12.93,6.22,0.566,191.3,16.0,151.0,3035.94
AGR_Nor_2023_01052,North_Zone,Punjab_Central,2023,Kharif,Maize,19.08,31.25,249.9,65.33,12.92,6.71,0.809,168.5,24.6,184.2,3858.39
AGR_Nor_2019_01053,North_Zone,Haryana_East,2019,Rabi,Maize,16.49,23.83,,,15.08,6.46,0.773,235.7,17.1,225.2,3602.65
AGR_Nor_2020_01054,North_Zone,UP_Western,2020,Rabi,Rice,18.13,27.21,177.07,67.58,12.2,5.88,0.933,243.6,29.6,223.7,5053.45
AGR_Nor_2019_01055,North_Zone,Punjab_Central,2019,Zaid,Cotton,21.56,29.64,33.15,65.12,14.85,6.14,0.2,223.3,32.9,249.5,1826.56
AGR_Nor_2021_01056,North_Zone,Rajasthan_North,2021,Rabi,Cotton,14.39,28.3,146.37,58.85,11.38,7.9,0.656,204.8,16.3,200.0,2198.37
AGR_Nor_2022_01057,North_Zone,Haryana_East,2022,Rabi,Pulses,16.23,24.86,88.31,53.96,13.22,7.04,0.565,149.1,27.9,155.0,994.94
AGR_Nor_2022_01058,North_Zone,Rajasthan_North,2022,Kharif,Maize,20.16,33.18,675.23,65.01,12.88,5.2,0.426,156.3,31.3,230.0,3843.03
AGR_Nor_2021_01059,North_Zone,Rajasthan_North,2021,Rabi,Cotton,17.79,27.59,104.5,75.73,10.61,6.96,0.694,179.4,23.7,212.2,2115.0
AGR_Nor_2018_01060,North_Zone,Haryana_East,2018,Kharif,Cotton,22.62,31.67,218.15,47.98,12.93,7.75,0.668,162.1,14.9,229.6,2455.76
AGR_Nor_2019_01061,North_Zone,Rajasthan_North,2019,Zaid,Soybean,22.78,32.27,13.68,47.71,13.17,7.01,0.603,133.1,22.6,209.2,2071.64
AGR_Nor_2018_01062,North_Zone,Haryana_East,2018,Zaid,Soybean,22.41,35.06,78.99,55.48,11.63,6.43,0.2,212.3,32.5,147.5,2423.85
AGR_Nor_2018_01063,North_Zone,Haryana_East,2018,Kharif,Wheat,19.74,28.28,561.17,67.35,11.17,7.55,0.954,187.0,16.9,185.4,4798.27
AGR_Nor_2018_01064,North_Zone,Rajasthan_North,2018,Kharif,Rice,21.91,33.24,298.58,62.01,10.72,7.57,0.62,157.3,18.5,239.8,4866.36
AGR_Nor_2021_01065,North_Zone,Rajasthan_North,2021,Kharif,Soybean,18.69,30.88,827.11,78.72,13.69,6.99,0.457,192.2,36.6,211.8,3143.27
AGR_Nor_2021_01066,North_Zone,Rajasthan_North,2021,Kharif,Cotton,22.02,31.41,758.76,81.93,12.36,6.75,0.697,280.0,20.1,207.1,3254.9
AGR_Nor_2022_01067,North_Zone,UP_Western,2022,Kharif,Rice,22.89,30.84,513.18,35.57,15.44,6.61,0.32,160.7,17.9,243.8,4653.08
AGR_Nor_2018_01068,North_Zone,Rajasthan_North,2018,Kharif,Wheat,21.15,31.24,,76.38,10.0,6.32,0.587,145.8,28.2,128.6,4337.26
AGR_Nor_2023_01069,North_Zone,Punjab_Central,2023,Kharif,Cotton,21.32,34.25,579.21,62.56,14.14,6.85,0.734,233.5,28.7,260.4,3239.36
AGR_Nor_2019_01070,North_Zone,Haryana_East,2019,Rabi,Cotton,14.73,26.15,113.45,68.37,10.7,6.95,0.701,200.7,13.5,247.1,2070.45
AGR_Nor_2023_01071,North_Zone,UP_Western,2023,Kharif,Pulses,18.65,32.1,806.3,74.91,12.03,7.85,0.497,140.9,31.3,129.6,1887.44
AGR_Nor_2021_01072,North_Zone,UP_Western,2021,Kharif,Pulses,21.83,35.43,,74.83,10.0,6.77,0.699,106.9,22.3,207.0,2095.47
AGR_Nor_2018_01073,North_Zone,Punjab_Central,2018,Zaid,Rice,22.31,34.93,12.04,44.72,12.95,8.4,0.937,184.4,18.4,215.3,4599.21
AGR_Nor_2019_01074,North_Zone,UP_Western,2019,Rabi,Wheat,17.5,30.12,111.71,68.24,10.0,5.87,0.588,152.2,27.2,161.9,3475.76
AGR_Nor_2022_01075,North_Zone,Haryana_East,2022,Rabi,Soybean,15.05,26.85,107.17,43.76,15.53,7.08,0.668,207.4,19.4,192.9,2407.03
AGR_Nor_2021_01076,North_Zone,UP_Western,2021,Kharif,Wheat,20.57,28.7,496.92,76.57,10.0,6.74,0.377,160.4,12.7,222.5,4215.13
AGR_Nor_2020_01077,North_Zone,UP_Western,2020,Kharif,Pulses,20.11,30.76,616.06,,12.93,7.18,0.566,227.9,20.4,196.4,2339.57
AGR_Nor_2018_01078,North_Zone,UP_Western,2018,Kharif,Rice,19.19,,692.03,55.22,10.0,6.41,0.528,133.1,15.9,198.6,4684.26
AGR_Nor_2019_01079,North_Zone,UP_Western,2019,Kharif,Maize,23.47,,795.01,59.45,12.91,7.73,0.82,173.8,26.9,132.8,4329.47
AGR_Nor_2023_01080,North_Zone,Punjab_Central,2023,Rabi,Soybean,16.56,25.71,95.15,50.61,10.0,6.88,0.75,228.7,22.6,294.9,2379.38
AGR_Nor_2021_01081,North_Zone,UP_Western,2021,Zaid,Pulses,24.85,37.99,48.72,39.16,10.6,7.27,0.578,142.5,26.9,184.7,1145.25
AGR_Nor_2021_01082,North_Zone,Haryana_East,2021,Rabi,Rice,16.64,27.27,132.25,40.51,10.0,6.78,0.711,150.9,28.3,179.0,4260.0
AGR_Nor_2019_01083,North_Zone,Punjab_Central,2019,Rabi,Cotton,15.73,25.3,90.08,66.12,10.98,5.94,0.517,254.6,22.7,181.1,2108.06
AGR_Nor_2022_01084,North_Zone,UP_Western,2022,Rabi,Wheat,,29.82,147.43,56.51,10.75,6.96,0.644,184.2,19.1,180.5,3908.55
AGR_Nor_2023_01085,North_Zone,Rajasthan_North,2023,Rabi,Soybean,17.68,29.24,202.9,54.02,15.21,8.12,0.755,119.4,25.7,270.7,2094.97
AGR_Nor_2020_01086,North_Zone,Rajasthan_North,2020,Rabi,Wheat,17.83,27.57,145.23,57.36,13.38,6.28,0.811,214.4,30.1,148.8,3959.87
AGR_Nor_2020_01087,North_Zone,Rajasthan_North,2020,Kharif,Rice,22.87,31.49,789.51,77.29,11.01,7.6,0.551,142.7,14.6,202.0,4743.25
AGR_Nor_2020_01088,North_Zone,Punjab_Central,2020,Rabi,Maize,16.52,28.91,81.47,38.9,10.89,8.04,0.505,173.5,15.3,252.7,2890.33
AGR_Nor_2018_01089,North_Zone,UP_Western,2018,Rabi,Pulses,15.67,26.87,43.96,30.0,18.39,7.09,0.458,178.9,17.2,121.9,988.8
AGR_Nor_2023_01090,North_Zone,Rajasthan_North,2023,Rabi,Cotton,,21.82,66.44,57.76,10.09,5.2,0.86,179.3,14.5,251.4,1767.14
AGR_Nor_2018_01091,North_Zone,UP_Western,2018,Rabi,Cotton,15.44,,97.5,45.27,13.67,7.68,0.624,200.6,22.6,250.8,2271.31
AGR_Nor_2022_01092,North_Zone,Punjab_Central,2022,Rabi,Rice,18.46,32.07,151.61,51.88,17.03,6.16,0.348,136.5,15.0,244.1,4079.03
AGR_Nor_2018_01093,North_Zone,UP_Western,2018,Kharif,Rice,21.65,30.3,701.23,78.81,10.0,6.43,0.302,216.4,20.0,231.0,5125.16
AGR_Nor_2021_01094,North_Zone,UP_Western,2021,Kharif,Maize,21.37,28.52,632.89,83.4,10.0,7.72,0.666,189.9,28.0,184.5,4265.8
AGR_Nor_2022_01095,North_Zone,Punjab_Central,2022,Kharif,Pulses,22.47,36.42,882.64,91.41,10.0,6.28,0.376,185.5,23.5,154.0,2283.83
AGR_Nor_2020_01096,North_Zone,Haryana_East,2020,Zaid,Soybean,21.6,30.33,61.25,48.94,14.81,7.72,0.8,158.8,25.2,188.1,2052.34
AGR_Nor_2023_01097,North_Zone,UP_Western,2023,Rabi,Soybean,16.63,24.39,190.93,49.71,10.0,6.69,0.619,224.4,27.6,264.9,2609.38
AGR_Nor_2022_01098,North_Zone,UP_Western,2022,Rabi,Soybean,17.76,24.84,139.76,51.39,13.72,7.5,0.574,177.1,26.1,159.3,2467.51
AGR_Nor_2023_01099,North_Zone,UP_Western,2023,Zaid,Wheat,26.96,35.92,93.92,59.71,11.92,6.77,0.816,127.7,27.0,230.7,4089.45
AGR_Nor_2020_01100,North_Zone,UP_Western,2020,Kharif,Maize,24.81,37.19,747.7,,10.04,7.93,0.727,148.4,11.7,218.0,4095.85
AGR_Nor_2019_01101,North_Zone,Haryana_East,2019,Kharif,Wheat,19.96,30.17,512.19,64.85,10.54,6.72,0.2,192.8,12.2,243.6,4343.94
AGR_Nor_2021_01102,North_Zone,Rajasthan_North,2021,Rabi,Cotton,15.14,23.74,144.44,59.74,10.0,7.67,0.599,141.3,28.2,277.5,2292.68
AGR_Nor_2022_01103,North_Zone,Haryana_East,2022,Kharif,Rice,23.56,36.54,83.49,49.3,13.45,6.41,0.417,176.0,15.9,210.5,4127.26
AGR_Nor_2019_01104,North_Zone,Haryana_East,2019,Kharif,Maize,22.34,32.82,828.49,78.6,10.0,6.33,0.762,138.5,30.1,123.8,4274.18
AGR_Nor_2019_01105,North_Zone,UP_Western,2019,Kharif,Cotton,20.85,33.19,403.51,66.97,12.37,6.7,0.723,214.6,27.4,255.7,2798.78
AGR_Nor_2020_01106,North_Zone,Rajasthan_North,2020,Zaid,Pulses,21.78,29.44,48.02,65.48,10.0,7.56,1.013,224.3,16.1,188.1,1677.53
AGR_Nor_2020_01107,North_Zone,UP_Western,2020,Kharif,Soybean,19.13,26.13,691.36,76.87,11.96,6.97,0.474,160.3,36.2,252.7,2795.25
AGR_Nor_2021_01108,North_Zone,UP_Western,2021,Rabi,Soybean,17.51,30.69,137.75,52.49,12.78,6.81,0.552,123.2,9.1,244.1,2135.69
AGR_Nor_2021_01109,North_Zone,UP_Western,2021,Zaid,Maize,23.37,33.67,62.01,34.63,12.35,7.88,0.456,115.2,17.8,174.3,3022.62
AGR_Nor_2020_01110,North_Zone,Rajasthan_North,2020,Kharif,Soybean,20.61,33.62,,95.0,10.9,6.39,0.612,145.8,19.7,249.2,3111.59
AGR_Nor_2019_01111,North_Zone,Punjab_Central,2019,Kharif,Cotton,23.23,31.29,762.34,,11.45,6.52,0.713,209.3,26.3,137.0,2886.48
AGR_Nor_2022_01112,North_Zone,UP_Western,2022,Kharif,Cotton,20.95,29.61,358.95,49.88,13.29,6.34,0.591,116.6,27.5,259.3,2476.87
AGR_Nor_2020_01113,North_Zone,Haryana_East,2020,Kharif,Cotton,19.19,26.95,437.71,80.15,10.54,7.54,0.651,173.7,15.7,281.7,2908.92
AGR_Nor_2018_01114,North_Zone,UP_Western,2018,Kharif,Pulses,21.99,30.66,,72.49,12.16,6.78,0.416,145.1,26.8,223.4,2189.16
AGR_Nor_2019_01115,North_Zone,UP_Western,2019,Rabi,Rice,17.87,31.65,138.67,61.54,10.67,7.25,0.551,119.8,16.1,190.6,4093.71
AGR_Nor_2023_01116,North_Zone,Haryana_East,2023,Kharif,Soybean,22.17,29.75,352.93,62.72,10.0,5.74,0.616,164.7,24.7,246.5,2661.35
AGR_Nor_2020_01117,North_Zone,Rajasthan_North,2020,Kharif,Cotton,20.16,34.11,808.5,84.42,10.0,5.94,0.495,198.9,19.5,161.7,2756.08
AGR_Nor_2021_01118,North_Zone,Haryana_East,2021,Kharif,Maize,20.58,29.71,622.68,72.55,10.61,7.62,0.676,196.0,29.0,192.5,3980.77
AGR_Nor_2023_01119,North_Zone,Rajasthan_North,2023,Kharif,Cotton,20.68,29.34,888.61,91.77,10.0,6.16,0.565,197.1,21.2,203.1,2769.82
AGR_Nor_2020_01120,North_Zone,Haryana_East,2020,Kharif,Soybean,19.66,33.06,510.07,62.77,12.3,7.12,0.372,184.9,8.0,205.4,3111.93
AGR_Nor_2020_01121,North_Zone,Haryana_East,2020,Zaid,Maize,24.39,32.51,51.49,59.71,10.64,5.98,0.545,225.0,27.0,193.0,3387.19
AGR_Nor_2018_01122,North_Zone,Haryana_East,2018,Rabi,Soybean,18.46,30.64,159.97,52.92,11.64,6.07,0.338,220.2,18.3,250.2,2214.45
AGR_Nor_2020_01123,North_Zone,Haryana_East,2020,Rabi,Pulses,17.73,29.55,70.82,48.65,11.25,6.89,0.757,166.5,20.3,337.0,1439.27
AGR_Nor_2022_01124,North_Zone,Rajasthan_North,2022,Kharif,Maize,21.63,31.37,478.04,80.04,10.0,7.87,0.599,270.6,22.9,235.9,4728.08
AGR_Nor_2018_01125,North_Zone,Haryana_East,2018,Kharif,Wheat,21.89,29.22,890.53,73.18,12.05,6.54,0.555,174.1,41.6,164.1,4377.02
AGR_Nor_2023_01126,North_Zone,UP_Western,2023,Rabi,Soybean,18.01,27.53,,52.64,11.97,8.07,0.694,212.4,30.1,180.7,2738.67
AGR_Nor_2021_01127,North_Zone,UP_Western,2021,Kharif,Cotton,20.12,28.48,571.1,69.52,11.97,7.03,0.535,209.6,20.7,180.5,2643.85
AGR_Nor_2018_01128,North_Zone,Rajasthan_North,2018,Kharif,Pulses,18.85,26.12,530.31,78.07,10.0,5.96,0.4,176.5,31.5,203.7,2023.68
AGR_Nor_2020_01129,North_Zone,Haryana_East,2020,Rabi,Maize,17.62,30.03,86.37,62.17,10.02,7.15,0.688,219.3,15.1,258.3,3309.3
AGR_Nor_2023_01130,North_Zone,UP_Western,2023,Zaid,Rice,,32.94,,45.99,12.79,6.92,0.622,186.1,12.6,174.2,4380.36
AGR_Nor_2023_01131,North_Zone,UP_Western,2023,Rabi,Rice,17.35,,123.55,45.53,14.31,7.13,0.323,179.9,9.9,276.1,3663.03
AGR_Nor_2021_01132,North_Zone,Rajasthan_North,2021,Zaid,Maize,23.41,30.77,38.74,48.54,15.88,6.27,0.698,220.0,32.4,173.5,3643.66
AGR_Nor_2018_01133,North_Zone,Rajasthan_North,2018,Rabi,Wheat,17.17,30.95,25.19,,12.78,6.76,0.361,170.5,25.7,204.5,3369.51
AGR_Nor_2022_01134,North_Zone,Haryana_East,2022,Kharif,Pulses,19.34,29.65,640.59,81.48,10.0,7.12,0.281,200.6,31.0,215.3,2116.4
AGR_Nor_2021_01135,North_Zone,Punjab_Central,2021,Kharif,Rice,19.0,30.47,,69.02,10.08,8.02,0.857,222.8,26.9,169.1,5525.06
AGR_Nor_2020_01136,North_Zone,Haryana_East,2020,Rabi,Pulses,15.72,,91.81,43.57,11.31,6.82,0.621,187.8,21.8,206.3,946.2
AGR_Nor_2018_01137,North_Zone,Punjab_Central,2018,Rabi,Soybean,17.19,24.66,94.29,83.45,10.0,7.0,0.283,198.3,17.8,223.2,2031.08
AGR_Nor_2022_01138,North_Zone,Rajasthan_North,2022,Rabi,Rice,16.85,29.59,151.46,63.19,17.68,6.86,0.486,186.0,23.5,186.4,4240.57
AGR_Nor_2023_01139,North_Zone,Punjab_Central,2023,Rabi,Wheat,16.69,24.96,125.58,32.64,14.4,6.54,0.534,205.6,33.8,193.9,3740.85
AGR_Nor_2020_01140,North_Zone,Haryana_East,2020,Kharif,Pulses,21.87,29.95,475.82,57.62,12.4,7.08,0.861,208.2,22.5,209.6,2377.25
AGR_Nor_2019_01141,North_Zone,UP_Western,2019,Rabi,Pulses,17.22,29.45,77.3,52.16,10.35,7.37,0.591,204.5,23.2,301.8,1211.48
AGR_Nor_2020_01142,North_Zone,Rajasthan_North,2020,Rabi,Cotton,19.55,26.89,121.38,40.57,13.62,6.97,0.65,153.5,15.4,257.0,2142.62
AGR_Nor_2020_01143,North_Zone,Punjab_Central,2020,Rabi,Rice,19.56,26.7,122.91,38.19,11.28,7.18,0.833,170.2,19.2,133.5,4333.26
AGR_Nor_2023_01144,North_Zone,Rajasthan_North,2023,Rabi,Cotton,18.01,26.76,154.06,47.46,16.15,6.61,0.69,253.5,17.8,213.1,2531.04
AGR_Nor_2021_01145,North_Zone,Haryana_East,2021,Rabi,Wheat,19.59,33.09,192.88,46.39,11.42,5.6,0.45,207.8,29.9,240.9,4130.43
AGR_Nor_2019_01146,North_Zone,UP_Western,2019,Zaid,Wheat,26.58,37.98,103.71,59.35,13.46,6.56,0.874,177.6,32.6,195.4,4223.85
AGR_Nor_2019_01147,North_Zone,Punjab_Central,2019,Rabi,Maize,18.44,29.12,206.48,62.41,16.01,7.22,0.647,193.1,20.9,200.6,3503.83
AGR_Nor_2019_01148,North_Zone,Rajasthan_North,2019,Rabi,Pulses,17.6,30.86,125.18,73.1,10.0,7.51,0.569,147.0,13.3,189.6,1256.79
AGR_Nor_2019_01149,North_Zone,Punjab_Central,2019,Zaid,Maize,23.81,36.39,76.09,34.01,16.03,5.78,0.45,203.4,22.7,194.7,3063.32
AGR_Nor_2018_01150,North_Zone,Punjab_Central,2018,Rabi,Pulses,17.67,29.1,66.25,52.21,12.82,5.49,0.835,164.2,17.1,243.7,1182.69
AGR_Nor_2021_01151,North_Zone,Rajasthan_North,2021,Rabi,Maize,17.98,26.0,114.13,60.1,11.98,7.66,0.749,167.9,21.7,268.2,3448.68
AGR_Nor_2022_01152,North_Zone,Haryana_East,2022,Kharif,Rice,21.47,31.6,601.17,68.61,12.49,6.92,0.367,242.5,28.9,184.5,5148.58
AGR_Nor_2023_01153,North_Zone,UP_Western,2023,Kharif,Soybean,18.61,26.95,702.28,71.92,10.0,6.77,0.53,163.5,23.9,128.1,2842.44
AGR_Nor_2020_01154,North_Zone,Punjab_Central,2020,Kharif,Cotton,20.37,32.07,916.74,88.55,10.0,6.4,0.666,209.2,23.0,193.6,3225.44
AGR_Nor_2021_01155,North_Zone,Haryana_East,2021,Rabi,Soybean,16.7,29.81,56.84,40.65,12.57,6.38,0.593,150.8,30.5,219.4,1827.59
AGR_Nor_2023_01156,North_Zone,Punjab_Central,2023,Rabi,Pulses,15.27,27.25,126.32,56.77,12.5,5.8,0.525,182.1,21.3,224.2,1261.18
AGR_Nor_2021_01157,North_Zone,Haryana_East,2021,Kharif,Pulses,21.4,29.67,501.01,71.74,10.2,7.23,0.266,155.3,21.0,157.2,1729.43
AGR_Nor_2019_01158,North_Zone,UP_Western,2019,Kharif,Cotton,21.21,31.08,722.91,95.0,10.0,6.54,0.803,171.4,25.5,235.1,2988.38
AGR_Nor_2022_01159,North_Zone,Punjab_Central,2022,Kharif,Cotton,20.72,29.88,634.21,63.48,10.1,7.29,0.676,213.0,20.3,161.1,2912.54
AGR_Nor_2023_01160,North_Zone,Haryana_East,2023,Rabi,Maize,20.31,32.11,62.54,58.42,11.17,6.24,0.74,137.9,21.0,153.7,3178.01
AGR_Nor_2023_01161,North_Zone,Punjab_Central,2023,Zaid,Cotton,22.79,33.53,49.34,53.75,12.11,6.59,0.413,181.5,17.4,278.4,2116.67
AGR_Nor_2022_01162,North_Zone,Rajasthan_North,2022,Kharif,Rice,19.53,27.82,588.49,74.86,13.33,8.22,0.605,165.7,17.1,143.3,4672.55
AGR_Nor_2021_01163,North_Zone,UP_Western,2021,Kharif,Maize,19.38,31.34,306.16,52.11,14.03,7.84,0.891,166.5,20.9,154.6,3928.38
AGR_Nor_2023_01164,North_Zone,UP_Western,2023,Kharif,Maize,22.28,30.53,916.75,73.88,12.55,6.67,0.409,171.7,19.5,255.4,3837.27
AGR_Nor_2023_01165,North_Zone,Haryana_East,2023,Kharif,Rice,23.3,32.99,847.62,74.97,12.1,6.96,0.425,220.6,19.3,293.6,5059.05
AGR_Nor_2019_01166,North_Zone,Haryana_East,2019,Rabi,Cotton,17.66,25.48,137.79,52.9,11.92,6.85,0.398,272.7,26.0,155.1,2071.81
AGR_Nor_2020_01167,North_Zone,Haryana_East,2020,Rabi,Rice,17.97,28.21,109.66,71.39,10.0,7.38,0.742,162.3,25.7,202.2,4104.11
AGR_Nor_2022_01168,North_Zone,Haryana_East,2022,Kharif,Cotton,22.3,36.11,519.61,64.03,11.38,7.68,0.648,199.8,23.6,220.4,3088.87
AGR_Nor_2019_01169,North_Zone,Haryana_East,2019,Kharif,Rice,24.3,32.97,491.35,52.31,12.13,6.78,0.793,142.3,26.0,210.8,5165.11
AGR_Nor_2023_01170,North_Zone,Rajasthan_North,2023,Kharif,Maize,21.09,34.32,641.51,60.32,11.76,6.78,0.551,183.8,19.2,247.9,4164.53
AGR_Nor_2023_01171,North_Zone,UP_Western,2023,Kharif,Rice,18.09,26.71,422.91,,12.25,6.39,0.591,248.9,14.8,123.5,5166.52
AGR_Nor_2022_01172,North_Zone,Rajasthan_North,2022,Kharif,Rice,19.97,29.91,523.68,79.2,10.0,6.17,0.816,130.9,20.2,165.3,5148.97
AGR_Nor_2019_01173,North_Zone,UP_Western,2019,Kharif,Soybean,21.89,31.88,,48.97,14.26,6.06,0.517,90.0,25.4,176.7,2745.79
AGR_Nor_2020_01174,North_Zone,UP_Western,2020,Kharif,Rice,,31.43,484.62,67.0,10.46,6.66,0.78,177.8,11.5,216.2,5426.28
AGR_Nor_2022_01175,North_Zone,UP_Western,2022,Kharif,Maize,22.3,30.45,481.36,65.08,10.64,6.96,0.525,219.4,16.2,201.6,4000.77
AGR_Nor_2018_01176,North_Zone,Rajasthan_North,2018,Rabi,Maize,17.18,28.37,163.63,43.23,10.74,6.12,0.81,120.2,24.7,202.3,3037.02
AGR_Nor_2020_01177,North_Zone,Punjab_Central,2020,Kharif,Maize,,35.08,365.33,46.52,15.08,7.6,0.866,140.5,23.9,164.7,4416.55
AGR_Nor_2023_01178,North_Zone,UP_Western,2023,Rabi,Maize,15.47,22.81,121.83,49.27,13.59,6.77,0.739,213.4,20.9,223.5,3014.73
AGR_Nor_2018_01179,North_Zone,UP_Western,2018,Kharif,Wheat,21.05,28.66,573.5,70.8,11.38,6.85,0.662,256.7,37.4,181.2,4610.03
AGR_Nor_2019_01180,North_Zone,Rajasthan_North,2019,Kharif,Maize,19.81,27.38,1059.55,86.3,10.0,7.06,0.779,240.3,25.5,171.6,4366.39
AGR_Nor_2023_01181,North_Zone,Rajasthan_North,2023,Rabi,Maize,17.63,30.71,169.75,70.09,12.5,7.34,0.869,169.5,18.4,149.4,3553.72
AGR_Nor_2020_01182,North_Zone,Haryana_East,2020,Rabi,Pulses,16.68,26.09,167.49,48.34,13.19,6.54,0.505,200.3,26.7,182.2,1260.26
AGR_Nor_2023_01183,North_Zone,Rajasthan_North,2023,Kharif,Maize,24.39,36.72,1099.47,95.0,10.0,7.1,0.615,208.6,20.6,231.3,4464.79
AGR_Nor_2019_01184,North_Zone,Rajasthan_North,2019,Kharif,Rice,20.52,32.65,633.39,73.21,13.56,7.45,0.546,170.8,14.0,215.2,5028.49
AGR_Nor_2021_01185,North_Zone,UP_Western,2021,Rabi,Pulses,14.7,24.04,60.34,32.27,16.25,7.6,0.532,193.4,15.5,122.7,1027.44
AGR_Nor_2022_01186,North_Zone,Haryana_East,2022,Kharif,Pulses,18.78,26.44,681.41,89.28,10.0,7.85,0.438,90.0,19.2,172.4,1558.87
AGR_Nor_2022_01187,North_Zone,Haryana_East,2022,Rabi,Pulses,19.9,27.61,187.1,55.37,12.05,7.15,0.621,142.7,27.7,236.6,1698.02
AGR_Nor_2018_01188,North_Zone,Rajasthan_North,2018,Kharif,Wheat,,32.56,351.06,66.52,12.8,6.52,0.697,166.7,22.7,217.9,4448.41
AGR_Nor_2019_01189,North_Zone,Punjab_Central,2019,Rabi,Cotton,17.9,26.51,196.14,61.84,11.02,8.05,0.2,207.5,26.3,234.4,2092.78
AGR_Nor_2020_01190,North_Zone,Punjab_Central,2020,Rabi,Maize,15.3,28.61,122.19,61.24,10.75,5.9,0.503,152.0,28.2,216.9,3178.5
AGR_Nor_2020_01191,North_Zone,UP_Western,2020,Kharif,Wheat,21.94,34.45,815.09,62.95,12.88,6.98,0.553,149.1,26.2,166.2,4759.35
AGR_Nor_2020_01192,North_Zone,Punjab_Central,2020,Zaid,Soybean,22.2,32.51,80.39,60.02,12.53,7.52,0.5,224.1,20.8,184.2,2712.93
AGR_Nor_2021_01193,North_Zone,Haryana_East,2021,Kharif,Pulses,22.3,31.69,936.03,57.86,13.44,7.22,0.903,188.0,18.0,164.6,2576.06
AGR_Nor_2019_01194,North_Zone,Punjab_Central,2019,Kharif,Cotton,21.87,32.67,1070.43,80.34,12.46,6.81,0.963,220.4,23.7,213.7,3361.5
AGR_Nor_2018_01195,North_Zone,UP_Western,2018,Zaid,Pulses,21.47,34.72,78.91,61.15,12.67,6.94,0.788,229.9,14.5,162.7,1532.24
AGR_Nor_2021_01196,North_Zone,Rajasthan_North,2021,Rabi,Maize,17.72,26.37,135.49,47.3,15.22,7.42,0.792,193.3,14.6,195.2,3595.49
AGR_Nor_2018_01197,North_Zone,Haryana_East,2018,Kharif,Rice,22.14,34.23,933.91,78.28,13.0,7.0,0.602,177.2,24.6,159.2,5241.77
AGR_Nor_2018_01198,North_Zone,Punjab_Central,2018,Kharif,Pulses,24.84,37.96,529.46,78.77,10.0,6.6,0.671,175.4,20.5,156.0,1910.93
AGR_Nor_2022_01199,North_Zone,Punjab_Central,2022,Kharif,Wheat,20.54,30.23,620.35,65.74,10.0,6.91,0.604,209.5,25.3,202.1,4812.64
AGR_Nor_2018_01200,North_Zone,Punjab_Central,2018,Kharif,Maize,20.53,31.16,1206.65,70.45,10.0,8.44,0.982,185.0,24.6,221.3,4143.53
AGR_Nor_2020_01201,North_Zone,Haryana_East,2020,Rabi,Maize,18.01,28.53,,50.93,14.47,6.92,0.803,202.1,24.0,158.6,3240.19
AGR_Nor_2023_01202,North_Zone,Haryana_East,2023,Kharif,Rice,21.99,31.52,337.79,66.11,12.93,6.95,0.455,168.9,19.0,191.2,4611.87
AGR_Nor_2022_01203,North_Zone,Haryana_East,2022,Rabi,Pulses,20.24,33.37,143.21,68.28,10.03,7.09,0.45,167.3,31.5,222.3,1712.6
AGR_Nor_2019_01204,North_Zone,Punjab_Central,2019,Kharif,Wheat,22.59,34.75,794.77,71.86,12.16,6.44,0.422,220.8,21.1,233.3,4780.09
AGR_Nor_2018_01205,North_Zone,Rajasthan_North,2018,Kharif,Maize,22.66,30.63,755.41,79.64,11.28,6.27,0.928,212.4,27.7,264.2,4609.74
AGR_Nor_2018_01206,North_Zone,Rajasthan_North,2018,Zaid,Pulses,,30.41,56.28,36.77,17.43,7.76,0.613,169.1,13.1,180.6,1562.67
AGR_Nor_2023_01207,North_Zone,UP_Western,2023,Rabi,Cotton,18.04,26.18,78.28,61.89,10.39,6.92,0.597,154.2,8.3,163.9,1705.67
AGR_Nor_2021_01208,North_Zone,Punjab_Central,2021,Kharif,Rice,21.52,29.77,593.94,74.1,10.0,7.52,0.685,210.9,8.0,247.4,5126.42
AGR_Nor_2020_01209,North_Zone,Rajasthan_North,2020,Kharif,Soybean,20.57,32.3,992.16,95.0,10.0,7.81,0.777,157.5,17.0,128.8,2878.86
AGR_Nor_2022_01210,North_Zone,Rajasthan_North,2022,Rabi,Pulses,14.39,27.69,118.83,63.94,12.38,6.96,0.519,198.3,31.3,119.1,1227.9
AGR_Nor_2020_01211,North_Zone,UP_Western,2020,Rabi,Maize,17.29,25.88,168.32,57.69,10.85,7.98,0.693,225.2,21.0,136.9,3221.33
AGR_Nor_2022_01212,North_Zone,Haryana_East,2022,Kharif,Wheat,20.68,29.55,520.09,65.0,10.0,5.74,0.605,133.5,29.3,265.9,4171.33
AGR_Nor_2021_01213,North_Zone,Haryana_East,2021,Rabi,Rice,20.42,28.14,121.42,80.3,11.3,6.29,0.74,200.3,11.6,195.8,4488.45
AGR_Nor_2023_01214,North_Zone,Punjab_Central,2023,Kharif,Rice,20.44,32.84,481.62,63.61,10.93,7.75,0.72,147.3,24.4,164.5,5019.18
AGR_Nor_2023_01215,North_Zone,Rajasthan_North,2023,Rabi,Rice,16.85,26.97,73.52,70.75,11.21,6.18,0.866,200.5,22.7,123.7,4727.76
AGR_Nor_2023_01216,North_Zone,Rajasthan_North,2023,Kharif,Wheat,21.98,35.04,573.2,65.31,11.52,7.18,0.375,190.6,18.4,205.1,4683.36
AGR_Nor_2019_01217,North_Zone,Punjab_Central,2019,Kharif,Cotton,21.72,31.22,656.72,71.01,10.0,7.72,0.403,182.5,23.9,189.5,2852.43
AGR_Nor_2022_01218,North_Zone,UP_Western,2022,Kharif,Maize,18.78,27.55,462.59,66.53,17.1,8.44,0.542,213.6,14.5,115.3,4048.57
AGR_Nor_2019_01219,North_Zone,UP_Western,2019,Rabi,Rice,,28.89,116.27,55.98,13.7,6.89,0.488,180.1,25.2,175.8,3855.51
AGR_Nor_2022_01220,North_Zone,Punjab_Central,2022,Rabi,Maize,17.28,27.48,162.78,49.76,15.45,7.06,0.635,165.1,22.1,178.0,3406.88
AGR_Nor_2020_01221,North_Zone,Haryana_East,2020,Rabi,Cotton,19.79,32.65,111.12,54.78,13.46,6.58,0.604,175.4,18.5,263.5,1956.69
AGR_Nor_2022_01222,North_Zone,UP_Western,2022,Zaid,Wheat,23.13,33.15,94.62,60.83,10.93,7.19,0.443,150.2,23.4,178.7,3554.34
AGR_Nor_2022_01223,North_Zone,Rajasthan_North,2022,Rabi,Soybean,18.94,32.67,74.16,56.35,15.48,7.15,0.674,262.9,20.4,317.3,2838.1
AGR_Nor_2020_01224,North_Zone,Rajasthan_North,2020,Kharif,Rice,20.41,27.6,496.72,77.85,11.29,6.88,0.66,197.8,23.8,209.3,5202.65
AGR_Nor_2022_01225,North_Zone,Punjab_Central,2022,Zaid,Pulses,19.45,28.6,66.52,52.86,14.86,5.84,0.479,178.3,16.4,213.9,1304.64
AGR_Nor_2019_01226,North_Zone,Haryana_East,2019,Kharif,Maize,21.42,32.63,466.74,59.88,10.76,6.82,0.502,222.5,22.6,212.5,4333.8
AGR_Nor_2018_01227,North_Zone,Punjab_Central,2018,Rabi,Rice,17.51,30.28,105.94,44.57,15.06,6.08,0.449,176.0,18.7,250.0,4035.73
AGR_Nor_2019_01228,North_Zone,Rajasthan_North,2019,Kharif,Soybean,21.07,33.5,649.84,71.01,11.29,6.81,0.409,179.2,15.6,206.9,2808.51
AGR_Nor_2018_01229,North_Zone,UP_Western,2018,Rabi,Maize,,23.05,104.15,54.87,10.0,6.79,0.548,223.8,15.0,151.1,3314.22
AGR_Nor_2023_01230,North_Zone,Rajasthan_North,2023,Kharif,Rice,20.82,34.44,244.99,56.8,12.95,7.03,0.827,179.3,24.7,242.3,5058.08
AGR_Nor_2022_01231,North_Zone,Rajasthan_North,2022,Rabi,Maize,14.82,26.96,162.11,62.15,14.01,7.29,0.76,174.7,18.1,199.4,3237.07
AGR_Nor_2018_01232,North_Zone,Rajasthan_North,2018,Zaid,Rice,24.02,33.07,113.52,59.09,10.0,6.06,0.645,191.9,16.1,184.2,4266.77
AGR_Nor_2023_01233,North_Zone,UP_Western,2023,Rabi,Cotton,21.43,30.73,149.66,37.14,13.83,7.41,0.734,156.7,12.5,232.9,2474.11
AGR_Nor_2021_01234,North_Zone,Rajasthan_North,2021,Rabi,Rice,16.48,25.54,109.5,58.17,10.0,6.31,0.512,189.8,25.5,178.0,3819.51
AGR_Nor_2023_01235,North_Zone,UP_Western,2023,Rabi,Rice,16.52,26.84,71.03,69.84,12.13,6.73,0.48,90.0,17.6,242.2,3457.75
AGR_Nor_2020_01236,North_Zone,Rajasthan_North,2020,Rabi,Cotton,18.49,26.98,82.84,45.33,11.4,7.23,0.659,213.7,25.1,176.1,2086.85
AGR_Nor_2018_01237,North_Zone,UP_Western,2018,Rabi,Rice,18.33,32.23,166.1,65.13,10.0,6.95,0.798,165.9,30.2,182.4,4544.46
AGR_Nor_2022_01238,North_Zone,Haryana_East,2022,Rabi,Cotton,18.39,26.52,119.37,36.64,11.2,7.31,0.244,215.4,26.8,171.1,1961.47
AGR_Nor_2023_01239,North_Zone,UP_Western,2023,Rabi,Pulses,17.22,29.17,116.55,41.68,12.61,6.71,0.747,171.2,22.5,266.3,1325.26
AGR_Nor_2023_01240,North_Zone,Rajasthan_North,2023,Zaid,Cotton,21.17,,84.32,63.19,14.93,6.2,0.766,237.2,26.3,202.1,2531.3
AGR_Nor_2023_01241,North_Zone,Haryana_East,2023,Kharif,Soybean,21.99,33.95,539.18,75.86,12.63,7.54,0.217,195.8,18.8,176.4,3129.22
AGR_Nor_2019_01242,North_Zone,Punjab_Central,2019,Kharif,Rice,18.29,29.54,774.36,64.16,10.56,6.08,0.795,174.5,23.2,271.9,5381.85
AGR_Nor_2021_01243,North_Zone,UP_Western,2021,Kharif,Pulses,16.66,26.7,888.55,74.99,14.23,6.35,0.577,255.3,24.6,248.7,2022.57
AGR_Nor_2021_01244,North_Zone,Punjab_Central,2021,Kharif,Rice,23.32,30.69,443.45,65.37,11.65,6.58,0.515,202.5,23.3,175.9,4677.96
AGR_Nor_2023_01245,North_Zone,Rajasthan_North,2023,Kharif,Pulses,19.14,30.38,762.29,67.13,10.8,7.85,0.741,217.7,30.5,350.0,2256.94
AGR_Nor_2022_01246,North_Zone,Rajasthan_North,2022,Kharif,Rice,20.63,29.56,846.03,67.57,10.0,5.47,0.618,146.6,33.3,254.7,5036.21
AGR_Nor_2020_01247,North_Zone,UP_Western,2020,Kharif,Pulses,20.33,29.91,302.79,66.66,14.32,6.11,0.71,169.2,18.9,217.0,1818.33
AGR_Nor_2019_01248,North_Zone,Rajasthan_North,2019,Rabi,Cotton,,,123.31,50.73,10.42,7.7,0.744,185.3,19.5,229.1,1975.39
AGR_Nor_2020_01249,North_Zone,Rajasthan_North,2020,Kharif,Maize,21.23,33.69,803.44,68.53,12.87,6.67,0.249,145.7,21.6,205.3,3527.47
AGR_Nor_2019_01250,North_Zone,Punjab_Central,2019,Rabi,Soybean,17.08,28.84,111.68,47.62,16.23,6.91,0.445,193.8,21.1,110.0,2263.6
AGR_Nor_2021_01251,North_Zone,UP_Western,2021,Kharif,Cotton,22.39,35.97,650.38,73.97,10.17,5.2,0.401,175.3,22.6,225.4,2960.77
AGR_Nor_2023_01252,North_Zone,UP_Western,2023,Kharif,Pulses,19.55,33.14,89.48,42.7,15.51,5.2,0.669,197.9,24.7,247.7,1400.1
AGR_Nor_2020_01253,North_Zone,Punjab_Central,2020,Rabi,Rice,14.54,22.63,115.41,44.07,11.18,7.91,0.437,215.0,19.9,234.3,3981.78
AGR_Nor_2020_01254,North_Zone,Punjab_Central,2020,Zaid,Maize,24.23,36.03,93.45,47.5,13.42,6.45,0.94,154.7,21.3,226.4,3665.14
AGR_Nor_2020_01255,North_Zone,Punjab_Central,2020,Kharif,Maize,21.12,,452.07,59.55,10.73,6.55,0.978,234.0,20.6,117.0,4493.64
AGR_Nor_2021_01256,North_Zone,Rajasthan_North,2021,Kharif,Maize,20.66,31.93,523.83,58.54,12.41,7.23,0.617,197.3,18.7,160.9,4400.83
AGR_Nor_2023_01257,North_Zone,Haryana_East,2023,Rabi,Pulses,19.4,31.24,103.99,51.05,10.07,7.82,0.694,199.1,26.1,334.4,1468.33
AGR_Nor_2022_01258,North_Zone,Rajasthan_North,2022,Kharif,Cotton,20.44,33.2,421.02,67.96,10.57,5.42,0.593,136.5,29.6,267.5,2671.83
AGR_Nor_2019_01259,North_Zone,UP_Western,2019,Rabi,Soybean,16.1,28.54,,59.54,10.72,7.45,0.811,238.4,21.0,210.1,2450.12
AGR_Nor_2018_01260,North_Zone,Haryana_East,2018,Kharif,Pulses,18.76,31.03,694.41,62.33,10.0,8.0,0.541,156.8,21.0,195.7,2298.53
AGR_Nor_2021_01261,North_Zone,UP_Western,2021,Zaid,Soybean,23.79,30.95,93.1,,10.0,7.73,0.644,139.3,9.6,110.0,2433.1
AGR_Nor_2022_01262,North_Zone,Haryana_East,2022,Kharif,Maize,20.59,29.42,888.41,95.0,11.79,7.06,0.522,176.8,32.3,219.4,3886.95
AGR_Nor_2018_01263,North_Zone,UP_Western,2018,Zaid,Soybean,25.51,32.61,69.33,49.98,14.65,6.54,0.445,213.4,19.5,218.3,2434.83
AGR_Nor_2021_01264,North_Zone,Haryana_East,2021,Kharif,Cotton,18.49,28.77,,73.99,10.0,6.75,0.609,163.0,27.6,161.6,2658.18
AGR_Nor_2022_01265,North_Zone,Rajasthan_North,2022,Kharif,Cotton,22.08,30.28,1095.38,72.76,10.0,7.12,0.658,195.8,23.6,207.1,2879.87
AGR_Nor_2021_01266,North_Zone,Rajasthan_North,2021,Rabi,Soybean,19.36,28.07,76.32,53.62,11.5,6.13,0.863,207.2,21.0,211.6,2417.15
AGR_Nor_2018_01267,North_Zone,Punjab_Central,2018,Rabi,Pulses,18.1,30.61,131.18,51.38,15.63,6.07,0.519,150.3,28.2,163.7,1069.62
AGR_Nor_2019_01268,North_Zone,Punjab_Central,2019,Rabi,Pulses,16.94,26.51,72.27,66.25,10.5,7.48,0.545,186.1,15.2,160.5,1260.68
AGR_Nor_2019_01269,North_Zone,Rajasthan_North,2019,Rabi,Wheat,16.39,26.57,105.32,61.91,11.26,7.37,0.651,149.1,22.3,268.9,3451.48
AGR_Nor_2021_01270,North_Zone,Haryana_East,2021,Kharif,Rice,19.54,30.97,961.48,95.0,11.95,6.88,0.303,178.1,19.7,152.7,4691.8
AGR_Nor_2018_01271,North_Zone,Haryana_East,2018,Zaid,Cotton,23.09,32.66,51.39,56.18,11.07,6.71,0.534,108.6,29.8,221.5,1838.8
AGR_Nor_2019_01272,North_Zone,UP_Western,2019,Rabi,Rice,17.17,27.08,176.58,48.81,12.55,6.82,0.401,136.6,23.2,295.3,3654.4
AGR_Nor_2019_01273,North_Zone,UP_Western,2019,Kharif,Pulses,,28.48,643.72,78.79,10.0,7.3,0.698,174.8,26.4,198.1,2090.77
AGR_Nor_2022_01274,North_Zone,Rajasthan_North,2022,Rabi,Maize,16.45,27.49,108.25,55.15,14.05,6.83,0.614,169.4,22.4,190.2,3086.09
AGR_Nor_2021_01275,North_Zone,Punjab_Central,2021,Rabi,Pulses,14.74,27.05,113.42,49.92,14.33,6.66,0.529,169.2,17.9,230.2,1180.74
AGR_Nor_2021_01276,North_Zone,Haryana_East,2021,Kharif,Soybean,19.92,33.08,793.66,75.07,10.0,6.9,0.744,189.2,21.7,260.6,3307.8
AGR_Nor_2023_01277,North_Zone,UP_Western,2023,Rabi,Soybean,19.24,26.64,154.95,45.95,15.28,5.89,0.676,177.5,29.5,262.8,2491.51
AGR_Nor_2023_01278,North_Zone,UP_Western,2023,Kharif,Soybean,20.28,32.96,682.71,65.63,12.36,7.3,0.252,186.1,24.2,168.7,2789.79
AGR_Nor_2019_01279,North_Zone,Haryana_East,2019,Kharif,Soybean,20.06,31.1,752.52,86.66,11.87,6.6,0.454,206.4,11.1,227.9,3333.02
AGR_Nor_2023_01280,North_Zone,Haryana_East,2023,Rabi,Wheat,18.05,31.59,100.26,52.64,10.0,6.2,0.492,159.1,21.8,205.1,3513.91
AGR_Nor_2022_01281,North_Zone,Haryana_East,2022,Kharif,Soybean,21.74,31.13,722.5,80.2,13.98,6.22,0.431,138.1,22.8,197.8,2803.92
AGR_Nor_2021_01282,North_Zone,Haryana_East,2021,Kharif,Pulses,20.76,31.08,777.77,59.47,10.88,6.62,0.729,127.7,24.7,238.1,2223.74
AGR_Nor_2023_01283,North_Zone,Punjab_Central,2023,Kharif,Cotton,22.66,33.1,461.56,55.19,14.63,6.93,0.679,185.1,10.9,162.7,3125.8
AGR_Nor_2022_01284,North_Zone,Punjab_Central,2022,Zaid,Soybean,24.64,37.56,40.92,49.53,10.51,6.1,0.426,171.8,28.5,257.7,1891.29
AGR_Nor_2022_01285,North_Zone,Rajasthan_North,2022,Kharif,Rice,20.57,28.72,564.63,67.25,14.16,7.07,0.822,180.5,29.7,220.2,5075.64
AGR_Nor_2021_01286,North_Zone,UP_Western,2021,Kharif,Soybean,18.87,28.89,411.86,80.0,10.04,5.83,0.415,190.7,23.7,176.4,2789.17
AGR_Nor_2023_01287,North_Zone,Rajasthan_North,2023,Kharif,Wheat,21.5,32.04,450.98,58.56,11.47,6.37,0.857,183.7,21.0,244.7,4717.33
AGR_Nor_2023_01288,North_Zone,Rajasthan_North,2023,Rabi,Rice,18.27,26.76,177.29,57.64,10.0,7.2,0.983,90.0,14.6,110.0,4154.42
AGR_Nor_2019_01289,North_Zone,Punjab_Central,2019,Rabi,Maize,17.11,29.51,150.18,30.4,15.84,5.56,0.829,153.1,15.2,175.3,3251.57
AGR_Nor_2022_01290,North_Zone,Haryana_East,2022,Kharif,Rice,21.17,29.91,626.9,58.33,13.33,7.48,0.857,187.0,26.0,152.4,5255.69
AGR_Nor_2022_01291,North_Zone,Haryana_East,2022,Kharif,Pulses,19.2,26.44,807.47,76.07,10.83,6.84,0.932,154.0,23.9,110.0,2162.49
AGR_Nor_2020_01292,North_Zone,Haryana_East,2020,Kharif,Wheat,19.07,27.97,377.75,59.03,12.36,6.07,0.432,158.5,24.6,156.2,4015.62
AGR_Nor_2019_01293,North_Zone,Haryana_East,2019,Kharif,Pulses,20.69,31.07,884.95,81.49,11.59,6.79,0.788,202.5,16.9,302.2,2339.17
AGR_Nor_2023_01294,North_Zone,Punjab_Central,2023,Rabi,Pulses,,26.03,75.52,36.62,15.72,6.28,0.674,208.3,29.8,259.4,1533.48
AGR_Nor_2020_01295,North_Zone,UP_Western,2020,Rabi,Maize,15.13,22.36,89.47,53.0,13.97,7.29,0.601,145.6,14.6,261.8,2882.24
AGR_Nor_2021_01296,North_Zone,Punjab_Central,2021,Kharif,Rice,21.92,29.86,750.16,71.8,13.61,6.16,0.865,193.9,25.7,195.2,5184.35
AGR_Nor_2022_01297,North_Zone,Haryana_East,2022,Kharif,Rice,21.39,30.13,724.7,71.62,12.04,6.64,0.882,155.5,24.9,188.0,5119.39
AGR_Nor_2021_01298,North_Zone,Rajasthan_North,2021,Rabi,Cotton,19.91,32.19,105.21,33.79,12.69,6.24,0.731,179.5,20.4,191.1,2057.75
AGR_Nor_2019_01299,North_Zone,Rajasthan_North,2019,Rabi,Soybean,18.35,30.43,71.02,52.74,11.6,6.33,0.622,244.5,22.0,264.1,2498.0
AGR_Nor_2020_01300,North_Zone,Rajasthan_North,2020,Kharif,Wheat,20.36,27.78,545.75,66.03,12.42,7.08,0.403,203.9,26.7,208.6,4392.47
AGR_Nor_2022_01301,North_Zone,UP_Western,2022,Rabi,Cotton,17.97,29.05,128.64,57.19,11.28,6.68,0.779,121.0,17.5,215.9,2169.66
AGR_Nor_2020_01302,North_Zone,Haryana_East,2020,Zaid,Rice,22.87,34.49,54.04,53.26,12.44,6.76,0.39,242.9,16.8,217.1,4363.42
AGR_Nor_2018_01303,North_Zone,Haryana_East,2018,Kharif,Rice,21.51,28.77,913.74,79.61,10.0,6.47,0.534,139.0,26.1,207.6,4611.51
AGR_Nor_2020_01304,North_Zone,UP_Western,2020,Zaid,Maize,25.41,34.95,93.64,56.85,14.48,6.37,0.462,191.9,27.9,154.6,3386.82
AGR_Nor_2022_01305,North_Zone,Haryana_East,2022,Zaid,Cotton,23.55,33.14,53.08,53.72,12.75,6.66,0.371,212.8,30.5,126.2,2218.53
AGR_Nor_2019_01306,North_Zone,Rajasthan_North,2019,Kharif,Rice,19.38,30.8,952.0,88.82,10.63,7.44,0.245,217.3,21.1,194.7,4937.1
AGR_Nor_2020_01307,North_Zone,UP_Western,2020,Kharif,Cotton,,29.38,754.21,87.33,13.9,6.59,0.758,244.9,13.3,291.0,3169.78
AGR_Nor_2021_01308,North_Zone,Rajasthan_North,2021,Kharif,Wheat,22.44,29.6,636.76,,10.54,6.11,0.419,132.1,21.7,280.8,4087.1
AGR_Nor_2022_01309,North_Zone,Haryana_East,2022,Zaid,Cotton,21.93,,64.34,38.67,14.87,6.43,0.641,209.7,16.3,214.1,1969.48
AGR_Nor_2020_01310,North_Zone,Haryana_East,2020,Zaid,Cotton,22.53,33.46,86.37,60.88,11.96,6.41,0.771,200.5,23.4,198.6,2251.89
AGR_Nor_2019_01311,North_Zone,UP_Western,2019,Rabi,Pulses,18.77,31.13,80.08,,15.21,7.13,0.762,185.3,17.5,191.8,1579.24
AGR_Nor_2018_01312,North_Zone,Haryana_East,2018,Kharif,Cotton,18.79,27.9,590.03,67.02,10.0,6.71,0.799,112.7,21.9,205.2,2755.17
AGR_Nor_2019_01313,North_Zone,Punjab_Central,2019,Kharif,Rice,20.22,30.23,514.1,76.05,10.0,6.16,0.308,187.2,23.1,296.2,4843.93
AGR_Nor_2023_01314,North_Zone,Haryana_East,2023,Kharif,Maize,,30.16,441.34,61.64,10.0,6.45,0.46,206.9,24.7,212.4,3968.35
AGR_Nor_2021_01315,North_Zone,UP_Western,2021,Kharif,Rice,20.23,28.17,513.47,60.85,13.29,7.03,0.411,199.8,32.8,180.3,4736.39
AGR_Nor_2022_01316,North_Zone,Punjab_Central,2022,Kharif,Maize,21.22,34.0,927.99,85.36,10.0,5.71,0.764,269.8,25.0,251.2,4840.61
AGR_Nor_2018_01317,North_Zone,Rajasthan_North,2018,Kharif,Wheat,20.67,32.67,,76.04,12.16,6.35,0.856,171.6,9.7,192.5,4863.75
AGR_Nor_2023_01318,North_Zone,UP_Western,2023,Kharif,Rice,19.9,33.52,555.17,70.4,10.36,7.65,0.851,161.3,30.5,138.9,5097.15
AGR_Nor_2020_01319,North_Zone,UP_Western,2020,Zaid,Pulses,22.3,35.82,14.07,60.47,13.01,6.7,0.562,142.4,18.8,205.0,1235.3
AGR_Nor_2022_01320,North_Zone,Punjab_Central,2022,Kharif,Wheat,22.8,35.08,832.72,76.75,10.0,6.95,0.63,160.1,22.8,178.2,4575.81
AGR_Nor_2023_01321,North_Zone,Punjab_Central,2023,Kharif,Soybean,19.7,30.53,933.81,71.04,10.0,6.68,1.036,196.1,32.2,198.6,3605.38
AGR_Nor_2019_01322,North_Zone,Rajasthan_North,2019,Kharif,Soybean,21.17,29.15,804.15,91.85,10.0,7.38,0.758,167.5,20.9,276.2,3250.52
AGR_Nor_2018_01323,North_Zone,Punjab_Central,2018,Kharif,Soybean,22.22,32.76,1045.87,95.0,10.0,7.22,0.616,197.7,23.2,257.3,3225.85
AGR_Nor_2020_01324,North_Zone,Punjab_Central,2020,Kharif,Wheat,18.75,32.1,641.14,61.45,13.84,6.55,0.472,219.3,24.5,166.9,4604.43
AGR_Nor_2023_01325,North_Zone,Haryana_East,2023,Kharif,Wheat,20.82,31.0,444.06,86.5,10.59,6.87,0.665,185.1,28.0,181.5,4657.8
AGR_Nor_2020_01326,North_Zone,Punjab_Central,2020,Kharif,Wheat,20.2,32.65,718.52,88.6,10.0,7.44,0.713,135.7,22.4,150.6,4384.3
AGR_Nor_2021_01327,North_Zone,Punjab_Central,2021,Rabi,Pulses,16.02,28.49,134.64,55.22,10.91,7.06,0.558,212.6,21.3,171.3,1160.52
AGR_Nor_2020_01328,North_Zone,Rajasthan_North,2020,Kharif,Pulses,20.07,29.32,769.28,77.21,10.0,6.25,0.461,205.4,19.7,154.7,2131.74
AGR_Nor_2020_01329,North_Zone,Rajasthan_North,2020,Kharif,Soybean,19.06,29.68,890.77,,10.0,6.55,0.59,166.1,17.1,237.7,2974.98
AGR_Nor_2021_01330,North_Zone,UP_Western,2021,Kharif,Pulses,21.42,35.42,452.08,62.8,10.0,6.49,0.643,158.5,19.1,214.3,2163.12
AGR_Nor_2018_01331,North_Zone,UP_Western,2018,Kharif,Wheat,21.52,34.98,801.83,86.72,10.16,5.85,1.023,110.5,23.9,243.1,4731.64
AGR_Nor_2018_01332,North_Zone,Punjab_Central,2018,Rabi,Pulses,17.27,30.41,99.41,54.35,10.95,6.23,0.774,217.5,28.2,245.6,1533.39
AGR_Nor_2023_01333,North_Zone,Punjab_Central,2023,Rabi,Soybean,17.35,26.54,154.04,54.56,15.46,7.56,0.414,180.0,10.8,192.6,2260.54
AGR_Nor_2023_01334,North_Zone,Punjab_Central,2023,Rabi,Wheat,15.96,25.52,101.71,42.21,11.6,7.55,0.677,146.6,16.8,165.1,3160.35
AGR_Nor_2018_01335,North_Zone,Haryana_East,2018,Kharif,Rice,,27.17,960.61,89.0,10.0,7.67,0.738,203.1,12.3,197.2,5007.16
AGR_Nor_2019_01336,North_Zone,Punjab_Central,2019,Kharif,Pulses,22.32,33.82,737.75,70.79,10.79,6.29,0.642,149.9,18.5,254.3,2258.67
AGR_Nor_2022_01337,North_Zone,Punjab_Central,2022,Zaid,Wheat,,31.6,70.15,53.48,14.28,7.29,0.267,184.0,19.1,277.4,3456.32
AGR_Nor_2021_01338,North_Zone,Punjab_Central,2021,Rabi,Wheat,15.59,24.78,,74.73,10.0,7.34,0.514,164.7,21.3,235.8,3623.69
AGR_Nor_2019_01339,North_Zone,Haryana_East,2019,Rabi,Rice,17.59,28.23,157.98,40.02,17.39,6.63,0.703,168.6,17.8,231.8,4461.58
AGR_Nor_2018_01340,North_Zone,UP_Western,2018,Kharif,Pulses,21.98,33.85,,72.05,11.64,7.48,0.895,170.3,15.2,236.3,2396.82
AGR_Nor_2022_01341,North_Zone,Punjab_Central,2022,Rabi,Maize,16.84,28.22,118.31,56.18,15.23,7.6,0.665,262.2,25.7,256.9,3645.78
AGR_Nor_2021_01342,North_Zone,UP_Western,2021,Kharif,Wheat,20.49,29.86,589.39,68.88,10.01,7.17,0.625,230.1,30.7,167.0,4747.12
AGR_Nor_2018_01343,North_Zone,Rajasthan_North,2018,Kharif,Pulses,21.64,,372.76,48.62,14.98,7.65,0.688,90.0,28.7,190.4,1976.05
AGR_Nor_2021_01344,North_Zone,Haryana_East,2021,Kharif,Cotton,22.06,,960.67,84.23,10.0,7.3,0.595,255.3,30.5,220.0,3107.84
AGR_Nor_2019_01345,North_Zone,Haryana_East,2019,Kharif,Soybean,23.72,30.98,,73.23,10.0,6.58,0.789,184.6,11.8,155.4,3600.41
AGR_Nor_2022_01346,North_Zone,UP_Western,2022,Rabi,Soybean,17.01,28.56,170.95,48.55,13.38,6.4,0.345,194.4,22.0,254.7,2514.12
AGR_Nor_2020_01347,North_Zone,Haryana_East,2020,Rabi,Soybean,15.82,28.71,132.56,53.43,13.62,7.27,0.415,244.2,25.0,233.4,2133.87
AGR_Nor_2021_01348,North_Zone,Rajasthan_North,2021,Rabi,Maize,19.55,29.14,104.88,75.63,10.26,7.64,0.546,192.2,18.3,255.7,3170.97
AGR_Nor_2021_01349,North_Zone,Haryana_East,2021,Rabi,Wheat,17.29,26.9,137.17,68.02,10.0,6.4,0.536,156.7,13.4,208.6,3414.99
AGR_Nor_2018_01350,North_Zone,Haryana_East,2018,Rabi,Wheat,16.26,25.4,168.32,44.93,11.07,8.0,0.407,178.5,22.3,202.0,3406.71
AGR_Nor_2023_01351,North_Zone,Haryana_East,2023,Rabi,Cotton,16.54,26.15,82.5,39.2,13.32,6.82,0.386,174.0,26.1,165.1,1618.15
AGR_Nor_2022_01352,North_Zone,Haryana_East,2022,Rabi,Rice,15.83,24.17,92.97,68.56,13.39,7.07,0.481,150.5,16.2,196.3,3697.69
AGR_Nor_2023_01353,North_Zone,UP_Western,2023,Rabi,Soybean,20.46,30.28,151.56,63.93,10.4,6.7,0.543,140.6,18.8,245.3,2226.15
AGR_Nor_2023_01354,North_Zone,Punjab_Central,2023,Kharif,Wheat,23.41,33.47,689.71,,10.19,7.43,0.572,152.6,30.0,208.3,4756.72
AGR_Nor_2023_01355,North_Zone,UP_Western,2023,Kharif,Cotton,24.36,34.24,623.21,59.01,10.79,7.25,0.785,130.9,15.4,222.5,3354.79
AGR_Nor_2022_01356,North_Zone,Punjab_Central,2022,Rabi,Wheat,,28.98,,51.88,16.54,6.02,0.551,211.6,17.3,207.7,3839.41
AGR_Nor_2022_01357,North_Zone,Rajasthan_North,2022,Rabi,Maize,,25.39,164.34,48.75,14.22,6.46,0.348,140.4,15.0,186.2,2747.7
AGR_Nor_2018_01358,North_Zone,UP_Western,2018,Kharif,Cotton,21.82,34.78,919.36,71.05,10.0,6.51,0.469,216.3,21.1,218.0,3090.74
AGR_Nor_2022_01359,North_Zone,UP_Western,2022,Zaid,Pulses,21.47,35.23,66.24,30.0,15.28,6.63,0.393,161.1,20.4,183.8,1372.63
AGR_Nor_2018_01360,North_Zone,Punjab_Central,2018,Rabi,Cotton,17.29,29.15,140.09,44.71,13.92,7.03,0.528,196.3,29.4,191.0,2110.45
AGR_Nor_2023_01361,North_Zone,Rajasthan_North,2023,Kharif,Rice,18.0,31.93,433.34,65.76,12.04,7.72,0.495,166.4,14.3,189.9,4612.97
AGR_Nor_2019_01362,North_Zone,Haryana_East,2019,Kharif,Pulses,22.29,32.47,710.36,67.38,12.14,6.78,0.594,197.9,10.8,264.2,1999.58
AGR_Nor_2019_01363,North_Zone,Haryana_East,2019,Rabi,Pulses,17.3,29.86,,60.92,13.63,5.82,0.637,226.0,34.5,232.8,1199.32
AGR_Nor_2018_01364,North_Zone,UP_Western,2018,Kharif,Soybean,23.38,33.14,805.95,67.62,13.11,6.51,0.599,190.3,9.4,144.2,3283.44
AGR_Nor_2023_01365,North_Zone,UP_Western,2023,Zaid,Wheat,23.86,37.79,71.49,66.3,11.43,6.46,1.098,137.4,39.5,283.3,3895.49
AGR_Nor_2019_01366,North_Zone,UP_Western,2019,Kharif,Maize,21.2,30.87,746.23,68.26,13.15,6.91,0.367,223.8,23.5,270.1,4055.34
AGR_Nor_2021_01367,North_Zone,Punjab_Central,2021,Zaid,Maize,22.33,35.03,76.51,42.79,12.71,6.6,0.534,220.1,8.0,200.4,3632.56
AGR_Nor_2022_01368,North_Zone,Punjab_Central,2022,Kharif,Cotton,21.46,30.82,686.35,,10.0,6.62,0.201,152.8,15.2,240.8,2564.86
AGR_Nor_2020_01369,North_Zone,Punjab_Central,2020,Kharif,Cotton,20.57,28.85,817.74,,10.1,7.69,0.2,196.9,20.3,269.3,2629.38
AGR_Nor_2019_01370,North_Zone,UP_Western,2019,Rabi,Maize,15.15,23.95,126.69,50.22,12.98,7.88,0.463,267.5,24.7,165.0,3289.61
AGR_Nor_2020_01371,North_Zone,Rajasthan_North,2020,Rabi,Soybean,16.69,24.31,109.82,39.77,15.77,6.11,0.709,169.4,23.3,188.6,2198.2
AGR_Nor_2019_01372,North_Zone,Punjab_Central,2019,Kharif,Maize,,26.14,875.5,56.23,13.79,6.51,0.652,142.8,34.1,146.1,3682.53
AGR_Nor_2021_01373,North_Zone,UP_Western,2021,Rabi,Wheat,17.34,29.11,125.22,45.95,17.09,7.09,0.74,205.1,12.6,204.8,3989.55
AGR_Nor_2022_01374,North_Zone,Haryana_East,2022,Kharif,Rice,19.15,30.44,578.71,65.49,10.94,5.69,0.288,199.1,18.4,192.3,4746.4
AGR_Nor_2022_01375,North_Zone,Haryana_East,2022,Rabi,Maize,17.64,31.1,156.19,75.36,10.94,7.12,0.666,145.0,17.4,161.2,3159.27
AGR_Nor_2020_01376,North_Zone,Haryana_East,2020,Zaid,Cotton,22.38,34.85,38.56,54.29,17.42,6.29,0.635,188.6,21.9,211.8,2026.49
AGR_Nor_2021_01377,North_Zone,Haryana_East,2021,Zaid,Rice,24.52,37.72,68.01,42.19,13.93,6.61,0.291,209.2,27.9,248.4,4104.44
AGR_Nor_2020_01378,North_Zone,UP_Western,2020,Kharif,Soybean,19.01,32.03,,82.95,10.0,6.63,0.597,195.4,19.6,203.7,3352.37
AGR_Nor_2021_01379,North_Zone,Haryana_East,2021,Kharif,Rice,21.91,29.99,1091.87,75.86,10.15,6.38,0.445,106.4,22.8,153.9,4379.19
AGR_Nor_2021_01380,North_Zone,Rajasthan_North,2021,Rabi,Cotton,17.27,,96.31,48.06,14.27,7.81,0.36,218.8,14.3,141.7,1816.18
AGR_Nor_2021_01381,North_Zone,Haryana_East,2021,Kharif,Wheat,19.93,32.69,709.47,82.76,10.0,7.37,0.435,194.1,32.3,174.1,4349.94
AGR_Nor_2018_01382,North_Zone,Haryana_East,2018,Rabi,Wheat,16.36,29.49,140.54,47.34,10.07,7.11,0.809,143.6,17.7,274.8,3858.56
AGR_Nor_2021_01383,North_Zone,Punjab_Central,2021,Kharif,Pulses,21.8,29.52,,63.91,10.85,5.98,0.601,188.3,16.0,297.3,2194.27
AGR_Nor_2020_01384,North_Zone,Rajasthan_North,2020,Kharif,Rice,22.18,36.05,771.93,69.74,10.0,7.53,0.677,162.9,13.4,273.4,4991.13
AGR_Nor_2021_01385,North_Zone,Rajasthan_North,2021,Kharif,Pulses,23.09,32.72,734.92,54.97,10.6,6.74,0.241,172.4,14.6,231.4,2044.95
AGR_Nor_2021_01386,North_Zone,Haryana_East,2021,Zaid,Soybean,24.81,32.02,83.43,49.91,11.61,6.55,1.079,158.4,21.0,219.7,2749.9
AGR_Nor_2019_01387,North_Zone,Rajasthan_North,2019,Rabi,Wheat,16.5,25.58,61.1,47.4,11.71,7.54,0.654,130.7,14.4,306.9,3176.36
AGR_Nor_2022_01388,North_Zone,Haryana_East,2022,Rabi,Pulses,13.86,26.81,153.9,44.95,15.37,6.07,0.601,205.4,15.9,162.1,1150.39
AGR_Nor_2022_01389,North_Zone,UP_Western,2022,Rabi,Soybean,18.6,26.2,125.16,55.03,11.74,6.28,0.28,152.3,20.9,193.3,1770.34
AGR_Nor_2018_01390,North_Zone,Rajasthan_North,2018,Rabi,Rice,15.06,25.31,123.21,65.96,14.63,7.4,0.463,136.8,19.9,321.4,3460.59
AGR_Nor_2021_01391,North_Zone,Rajasthan_North,2021,Kharif,Soybean,20.63,32.37,939.3,73.95,12.37,6.72,0.486,164.4,17.7,134.9,3265.96
AGR_Nor_2018_01392,North_Zone,UP_Western,2018,Kharif,Soybean,21.22,32.9,277.64,66.53,13.27,6.63,0.56,131.1,23.2,212.5,2557.75
AGR_Nor_2018_01393,North_Zone,Haryana_East,2018,Kharif,Soybean,20.81,,536.5,65.61,10.0,5.98,0.602,153.1,32.5,221.1,2865.3
AGR_Nor_2019_01394,North_Zone,Punjab_Central,2019,Rabi,Maize,17.35,26.92,85.03,52.06,18.66,6.56,0.616,199.1,15.4,226.1,3207.02
AGR_Nor_2023_01395,North_Zone,UP_Western,2023,Rabi,Wheat,16.11,25.01,56.69,49.35,13.03,7.12,0.516,242.8,15.2,240.7,3495.84
AGR_Nor_2020_01396,North_Zone,Rajasthan_North,2020,Rabi,Pulses,17.75,27.06,163.51,54.96,15.07,7.25,0.674,199.3,28.5,251.7,1424.73
AGR_Nor_2019_01397,North_Zone,Rajasthan_North,2019,Rabi,Maize,14.85,22.04,184.5,59.58,10.9,5.93,0.393,178.6,28.0,280.5,2947.19
AGR_Nor_2022_01398,North_Zone,UP_Western,2022,Kharif,Cotton,20.01,32.81,928.87,83.05,10.0,7.62,0.472,221.2,20.5,280.9,2994.13
AGR_Nor_2021_01399,North_Zone,Haryana_East,2021,Zaid,Pulses,23.88,31.74,54.86,60.74,12.5,6.81,0.858,151.3,12.1,174.2,1466.61
AGR_Nor_2022_01400,North_Zone,Rajasthan_North,2022,Rabi,Soybean,17.23,27.0,78.41,70.69,10.0,6.24,0.679,231.6,22.0,154.7,2325.71
AGR_Nor_2019_01401,North_Zone,Haryana_East,2019,Rabi,Soybean,16.2,23.35,160.18,57.49,10.0,7.04,0.531,205.2,26.7,185.5,2364.56
AGR_Nor_2018_01402,North_Zone,UP_Western,2018,Rabi,Cotton,18.11,,172.92,62.71,10.8,5.81,0.529,195.3,22.2,190.5,2288.52
AGR_Nor_2022_01403,North_Zone,UP_Western,2022,Rabi,Soybean,16.95,24.56,131.77,40.94,17.14,5.72,0.695,199.4,14.6,208.3,2082.07
AGR_Nor_2019_01404,North_Zone,Rajasthan_North,2019,Zaid,Soybean,22.49,33.44,78.97,51.69,11.31,7.67,0.872,211.2,27.7,180.8,2794.48
AGR_Nor_2019_01405,North_Zone,Punjab_Central,2019,Kharif,Wheat,22.45,,678.52,70.38,12.28,7.41,0.842,220.7,30.2,187.5,5031.83
AGR_Nor_2022_01406,North_Zone,Punjab_Central,2022,Rabi,Rice,17.66,26.18,65.25,69.25,10.0,5.42,0.443,171.8,26.6,188.4,3487.49
AGR_Nor_2021_01407,North_Zone,Rajasthan_North,2021,Rabi,Maize,17.48,29.85,72.48,57.3,13.74,7.15,0.664,223.4,16.4,216.7,3351.06
AGR_Nor_2019_01408,North_Zone,UP_Western,2019,Zaid,Pulses,25.78,39.02,90.72,51.48,12.66,6.74,0.483,122.1,23.2,197.5,1409.56
AGR_Nor_2022_01409,North_Zone,Haryana_East,2022,Kharif,Wheat,21.26,33.12,1155.54,95.0,10.0,7.73,0.469,171.6,24.6,203.1,4460.09
AGR_Nor_2023_01410,North_Zone,Haryana_East,2023,Kharif,Soybean,19.27,,764.35,75.55,10.29,5.83,0.454,257.2,23.4,202.1,3530.81
AGR_Nor_2022_01411,North_Zone,Rajasthan_North,2022,Rabi,Wheat,16.68,,125.62,75.77,10.0,7.64,0.64,208.2,26.5,110.2,3868.73
AGR_Nor_2022_01412,North_Zone,Haryana_East,2022,Rabi,Rice,18.47,27.86,182.56,51.44,11.95,7.54,1.003,191.5,27.3,158.8,4950.45
AGR_Nor_2021_01413,North_Zone,Punjab_Central,2021,Kharif,Rice,21.87,32.78,908.31,86.87,10.0,7.56,0.84,198.7,24.3,241.6,5237.1
AGR_Nor_2019_01414,North_Zone,Punjab_Central,2019,Rabi,Soybean,16.89,24.37,166.09,61.83,12.92,7.09,0.617,215.9,29.4,243.2,2327.03
AGR_Nor_2020_01415,North_Zone,UP_Western,2020,Kharif,Pulses,22.14,33.9,261.13,62.26,12.79,7.46,0.516,175.5,17.5,209.7,1792.96
AGR_Nor_2021_01416,North_Zone,UP_Western,2021,Rabi,Soybean,20.17,30.94,112.82,63.2,16.1,6.57,0.365,232.7,23.0,169.8,2703.81
AGR_Nor_2022_01417,North_Zone,Rajasthan_North,2022,Rabi,Wheat,18.64,27.53,54.01,46.4,11.63,6.61,0.314,192.4,31.7,181.0,3682.83
AGR_Nor_2022_01418,North_Zone,Rajasthan_North,2022,Rabi,Maize,18.1,28.58,177.6,47.51,12.62,7.8,0.53,176.1,24.4,262.5,3332.79
AGR_Nor_2023_01419,North_Zone,UP_Western,2023,Rabi,Maize,16.83,30.35,157.2,52.52,12.21,6.81,0.718,178.2,13.8,235.9,3514.34
AGR_Nor_2018_01420,North_Zone,Rajasthan_North,2018,Rabi,Soybean,16.47,29.35,126.99,59.51,10.09,7.46,0.51,108.6,22.7,157.0,1825.57
AGR_Nor_2019_01421,North_Zone,Punjab_Central,2019,Rabi,Pulses,16.0,23.6,103.69,57.82,14.1,6.51,0.698,235.4,14.4,226.0,1416.13
AGR_Nor_2018_01422,North_Zone,Haryana_East,2018,Zaid,Rice,24.29,34.16,71.54,60.81,10.0,6.8,0.529,193.9,20.8,206.2,4226.93
AGR_Nor_2018_01423,North_Zone,Haryana_East,2018,Rabi,Wheat,18.16,28.08,173.28,59.18,10.0,5.85,0.539,163.0,26.3,260.9,3612.01
AGR_Nor_2023_01424,North_Zone,Haryana_East,2023,Kharif,Pulses,19.56,30.99,726.4,65.44,10.0,6.44,0.792,156.1,16.3,256.0,2343.07
AGR_Nor_2021_01425,North_Zone,UP_Western,2021,Kharif,Maize,18.25,28.42,605.6,65.59,14.44,6.48,0.393,162.8,31.4,189.8,3458.1
AGR_Nor_2022_01426,North_Zone,UP_Western,2022,Kharif,Maize,21.8,34.04,228.44,59.74,11.46,6.77,0.523,198.4,22.6,157.3,3794.34
AGR_Nor_2018_01427,North_Zone,Rajasthan_North,2018,Rabi,Pulses,19.01,26.83,85.79,45.86,14.43,6.36,0.915,177.8,26.6,209.1,1284.56
AGR_Nor_2018_01428,North_Zone,Haryana_East,2018,Kharif,Rice,20.9,33.42,269.22,31.1,14.49,6.82,0.558,191.8,19.1,247.7,4595.17
AGR_Nor_2018_01429,North_Zone,Haryana_East,2018,Rabi,Pulses,14.56,28.12,114.66,,12.46,6.43,0.701,191.0,23.7,167.6,1406.35
AGR_Nor_2021_01430,North_Zone,Rajasthan_North,2021,Kharif,Cotton,20.82,30.34,,41.06,14.52,7.39,0.668,181.5,12.8,248.1,2700.22
AGR_Nor_2022_01431,North_Zone,Haryana_East,2022,Kharif,Cotton,19.69,31.03,468.18,67.22,12.17,6.56,0.888,129.0,19.7,110.0,2915.88
AGR_Nor_2023_01432,North_Zone,Haryana_East,2023,Kharif,Soybean,21.38,32.59,519.95,80.85,12.03,6.35,0.719,222.5,33.1,217.7,3314.36
AGR_Nor_2021_01433,North_Zone,Rajasthan_North,2021,Kharif,Maize,20.47,31.17,868.46,88.53,10.0,6.04,0.596,256.7,30.8,285.5,4385.55
AGR_Nor_2020_01434,North_Zone,UP_Western,2020,Rabi,Maize,,21.11,74.37,56.36,10.0,6.81,0.466,229.1,39.7,193.8,2700.6
AGR_Nor_2019_01435,North_Zone,UP_Western,2019,Kharif,Maize,21.61,29.78,858.83,89.31,10.0,7.12,0.437,140.2,23.2,173.4,3799.12
AGR_Nor_2022_01436,North_Zone,UP_Western,2022,Rabi,Maize,19.39,30.76,244.25,50.48,12.79,5.79,0.257,231.2,23.6,189.7,3585.36
AGR_Nor_2022_01437,North_Zone,Haryana_East,2022,Kharif,Maize,19.5,29.23,801.69,66.69,14.09,6.84,0.375,147.3,29.0,213.9,3400.85
AGR_Nor_2021_01438,North_Zone,Punjab_Central,2021,Rabi,Maize,15.6,27.64,163.23,47.67,11.85,7.96,0.691,196.2,24.2,150.6,3713.08
AGR_Nor_2023_01439,North_Zone,UP_Western,2023,Kharif,Pulses,21.31,29.49,226.77,,13.3,7.81,0.577,101.4,20.5,263.7,1543.73
AGR_Nor_2021_01440,North_Zone,Haryana_East,2021,Rabi,Rice,,27.21,128.62,53.89,15.57,6.09,0.583,218.5,14.8,256.8,4368.16
AGR_Nor_2018_01441,North_Zone,Haryana_East,2018,Rabi,Maize,17.95,27.14,159.06,54.79,16.32,6.29,0.288,170.2,26.7,168.3,2796.56
AGR_Nor_2019_01442,North_Zone,Rajasthan_North,2019,Kharif,Cotton,18.15,27.84,,68.1,10.0,6.33,0.414,198.4,11.3,160.9,2707.43
AGR_Nor_2020_01443,North_Zone,Punjab_Central,2020,Zaid,Pulses,26.11,39.81,57.6,45.16,13.76,6.94,0.599,229.7,11.8,192.9,1483.6
AGR_Nor_2023_01444,North_Zone,Rajasthan_North,2023,Rabi,Pulses,16.68,28.06,129.24,36.47,15.83,6.22,1.199,150.5,15.9,245.0,1609.29
AGR_Nor_2023_01445,North_Zone,Haryana_East,2023,Rabi,Pulses,20.45,32.38,137.25,41.45,11.48,7.02,0.294,201.5,9.2,261.9,1431.84
AGR_Nor_2022_01446,North_Zone,Rajasthan_North,2022,Zaid,Pulses,24.81,36.1,,57.8,12.28,6.34,0.514,208.4,13.0,259.8,1489.19
AGR_Nor_2018_01447,North_Zone,Punjab_Central,2018,Rabi,Soybean,16.84,,130.6,52.46,12.33,6.74,0.856,195.3,17.0,214.9,2522.31
AGR_Nor_2021_01448,North_Zone,Punjab_Central,2021,Rabi,Maize,18.1,26.97,108.81,42.59,12.59,7.54,0.605,143.0,22.5,228.1,2771.03
AGR_Nor_2022_01449,North_Zone,Punjab_Central,2022,Rabi,Wheat,18.67,26.59,172.92,43.41,16.11,6.8,0.366,232.8,20.4,202.6,3838.37
AGR_Nor_2020_01450,North_Zone,UP_Western,2020,Rabi,Rice,17.67,25.65,103.22,,14.61,7.07,1.046,176.1,21.4,182.8,4536.32
AGR_Nor_2019_01451,North_Zone,Rajasthan_North,2019,Rabi,Soybean,15.1,23.04,78.63,64.04,14.31,6.75,0.431,177.2,34.5,255.0,1963.32
AGR_Nor_2023_01452,North_Zone,Haryana_East,2023,Kharif,Wheat,20.24,29.46,349.7,75.3,12.87,6.96,0.979,222.5,24.6,234.5,4967.22
AGR_Nor_2021_01453,North_Zone,Haryana_East,2021,Kharif,Wheat,,38.34,641.63,82.95,10.0,5.9,0.63,193.3,22.6,210.9,4480.12
AGR_Nor_2023_01454,North_Zone,Punjab_Central,2023,Kharif,Soybean,,32.89,487.0,67.1,11.52,6.72,0.635,222.0,27.1,211.3,3627.55
AGR_Nor_2018_01455,North_Zone,UP_Western,2018,Rabi,Cotton,16.38,25.08,121.82,53.24,13.08,7.1,0.46,161.7,27.5,167.6,1692.0
AGR_Nor_2023_01456,North_Zone,Punjab_Central,2023,Kharif,Pulses,23.74,37.23,482.63,60.43,10.06,6.15,0.632,171.9,16.6,228.8,2258.23
AGR_Nor_2020_01457,North_Zone,UP_Western,2020,Kharif,Maize,22.2,32.06,617.96,60.09,11.69,6.25,0.302,178.5,20.0,258.2,3782.78
AGR_Nor_2021_01458,North_Zone,UP_Western,2021,Rabi,Cotton,16.42,26.23,91.33,57.58,12.04,7.35,0.692,136.4,22.0,208.4,1966.39
AGR_Nor_2021_01459,North_Zone,Punjab_Central,2021,Rabi,Pulses,16.71,24.25,201.76,35.69,14.33,6.17,0.694,194.5,21.4,218.8,1367.58
AGR_Nor_2023_01460,North_Zone,Punjab_Central,2023,Rabi,Rice,15.0,27.39,180.54,58.02,10.11,6.93,0.282,217.2,18.1,223.6,4189.6
AGR_Nor_2019_01461,North_Zone,Punjab_Central,2019,Kharif,Cotton,21.33,28.39,764.94,83.44,10.0,6.73,0.625,220.0,19.9,261.2,3008.8
AGR_Nor_2019_01462,North_Zone,UP_Western,2019,Rabi,Cotton,15.47,29.47,197.43,48.01,12.01,7.06,0.2,227.7,15.9,212.0,1940.28
AGR_Nor_2018_01463,North_Zone,Haryana_East,2018,Kharif,Cotton,20.44,33.33,367.79,49.92,10.0,7.02,0.463,203.4,14.0,185.7,2650.56
AGR_Nor_2020_01464,North_Zone,Haryana_East,2020,Rabi,Wheat,16.67,30.32,180.23,36.69,15.49,6.67,0.468,241.0,25.5,219.9,3943.83
AGR_Nor_2018_01465,North_Zone,UP_Western,2018,Kharif,Soybean,20.12,33.39,293.16,71.16,10.0,6.04,0.776,177.0,25.6,291.9,2884.59
AGR_Nor_2018_01466,North_Zone,Haryana_East,2018,Kharif,Maize,21.18,29.2,641.78,62.98,11.56,5.57,0.626,221.1,13.5,231.8,4155.37
AGR_Nor_2020_01467,North_Zone,Punjab_Central,2020,Kharif,Maize,20.23,31.61,650.97,77.42,10.94,6.74,0.605,201.6,18.4,160.0,4004.3
AGR_Nor_2021_01468,North_Zone,Haryana_East,2021,Kharif,Rice,18.03,28.96,577.23,63.05,10.0,7.43,0.495,182.7,22.7,219.3,4364.46
AGR_Nor_2019_01469,North_Zone,Haryana_East,2019,Zaid,Wheat,23.22,35.22,87.26,53.72,13.59,6.09,0.644,104.9,8.0,194.4,3896.92
AGR_Nor_2019_01470,North_Zone,Haryana_East,2019,Kharif,Rice,21.16,29.19,485.96,61.81,10.0,6.0,0.388,172.8,22.7,222.1,4750.35
AGR_Nor_2022_01471,North_Zone,Rajasthan_North,2022,Zaid,Cotton,23.17,30.52,66.84,45.18,14.53,6.13,0.511,106.3,13.9,227.2,1901.41
AGR_Nor_2021_01472,North_Zone,Punjab_Central,2021,Rabi,Rice,16.74,25.42,63.14,57.8,10.18,5.96,0.2,170.0,15.1,249.5,3213.16
AGR_Nor_2020_01473,North_Zone,UP_Western,2020,Rabi,Rice,16.35,23.63,153.77,49.94,10.9,7.94,0.494,159.6,30.7,283.3,3853.69
AGR_Nor_2022_01474,North_Zone,Punjab_Central,2022,Rabi,Pulses,17.33,30.7,142.87,63.54,11.35,7.37,0.656,183.7,20.2,196.6,1521.45
AGR_Nor_2023_01475,North_Zone,Punjab_Central,2023,Kharif,Pulses,22.32,29.41,538.42,84.79,10.0,8.08,0.737,188.5,12.9,136.1,2238.4
AGR_Nor_2021_01476,North_Zone,Haryana_East,2021,Kharif,Maize,22.32,36.03,576.68,66.09,12.56,7.04,0.421,147.2,21.8,239.7,4117.76
AGR_Nor_2023_01477,North_Zone,Rajasthan_North,2023,Kharif,Soybean,,34.63,629.59,89.58,10.0,6.24,0.441,166.3,10.4,212.4,3026.67
AGR_Nor_2022_01478,North_Zone,Haryana_East,2022,Rabi,Pulses,18.72,26.78,83.49,,14.41,7.07,0.499,153.8,13.5,174.4,1232.83
AGR_Nor_2020_01479,North_Zone,UP_Western,2020,Kharif,Pulses,20.68,34.68,519.45,59.28,11.1,7.45,1.102,202.7,21.6,166.2,2335.66
AGR_Nor_2023_01480,North_Zone,Haryana_East,2023,Kharif,Soybean,21.47,33.09,680.33,75.26,11.93,6.23,0.349,139.4,17.1,301.0,2782.68
AGR_Nor_2020_01481,North_Zone,Punjab_Central,2020,Rabi,Soybean,15.84,25.47,173.93,71.99,10.0,7.17,0.407,151.9,24.6,314.7,2201.53
AGR_Nor_2023_01482,North_Zone,Haryana_East,2023,Rabi,Rice,17.09,26.44,103.08,54.86,14.41,7.27,0.795,238.8,22.8,110.7,4763.05
AGR_Nor_2018_01483,North_Zone,Rajasthan_North,2018,Kharif,Cotton,20.98,28.04,,73.05,10.0,7.37,0.843,247.6,16.0,268.5,3183.45
AGR_Nor_2022_01484,North_Zone,UP_Western,2022,Kharif,Rice,23.14,32.16,1022.88,90.64,10.0,7.01,0.436,200.0,25.6,236.6,5088.22
AGR_Nor_2019_01485,North_Zone,Punjab_Central,2019,Rabi,Wheat,13.99,25.72,123.59,63.81,11.58,6.62,0.728,190.0,16.6,246.3,3720.94
AGR_Nor_2023_01486,North_Zone,UP_Western,2023,Kharif,Cotton,23.54,36.25,885.69,61.8,10.77,6.97,0.211,183.0,22.9,156.7,2818.35
AGR_Nor_2023_01487,North_Zone,Rajasthan_North,2023,Kharif,Rice,24.12,35.17,605.6,85.0,10.0,6.99,0.483,164.3,20.5,110.0,4648.0
AGR_Nor_2023_01488,North_Zone,Rajasthan_North,2023,Kharif,Pulses,,33.33,345.05,68.31,12.09,6.26,0.422,132.8,15.9,247.2,1808.66
AGR_Nor_2021_01489,North_Zone,Punjab_Central,2021,Kharif,Cotton,23.65,,813.67,76.87,10.0,6.28,0.657,193.0,20.5,259.5,3029.83
AGR_Nor_2022_01490,North_Zone,Punjab_Central,2022,Kharif,Maize,20.04,27.24,644.26,95.0,10.0,7.33,0.715,242.3,27.5,280.8,4198.23
AGR_Nor_2021_01491,North_Zone,Punjab_Central,2021,Kharif,Cotton,17.37,29.6,351.0,60.58,10.0,6.84,0.564,173.2,29.1,228.2,2412.92
AGR_Nor_2021_01492,North_Zone,Haryana_East,2021,Rabi,Rice,16.75,27.49,133.38,52.77,12.96,6.4,0.893,237.2,21.3,256.4,4907.5
AGR_Nor_2022_01493,North_Zone,Rajasthan_North,2022,Rabi,Cotton,18.83,28.02,142.07,54.49,11.26,6.45,0.568,216.9,24.6,172.5,2492.05
AGR_Nor_2019_01494,North_Zone,UP_Western,2019,Kharif,Maize,21.72,34.22,654.05,85.95,10.0,6.84,0.736,261.1,12.0,236.8,4617.94
AGR_Nor_2021_01495,North_Zone,Haryana_East,2021,Rabi,Cotton,19.42,27.95,177.8,52.2,10.0,6.89,0.45,124.8,17.3,163.8,1881.76
AGR_Nor_2020_01496,North_Zone,UP_Western,2020,Kharif,Maize,21.75,35.14,834.98,75.48,10.0,6.3,0.454,204.6,11.4,206.4,4121.78
AGR_Nor_2019_01497,North_Zone,Haryana_East,2019,Rabi,Rice,16.36,29.33,140.96,59.2,10.43,7.92,0.601,204.5,25.7,222.2,4403.87
AGR_Nor_2021_01498,North_Zone,Haryana_East,2021,Zaid,Maize,23.28,36.23,53.64,70.32,14.89,6.99,0.593,185.7,18.6,216.0,3092.87
AGR_Nor_2020_01499,North_Zone,Rajasthan_North,2020,Rabi,Soybean,19.18,31.92,114.18,61.4,10.0,5.9,0.648,186.8,19.9,275.1,2441.65
AGR_Nor_2023_01500,North_Zone,Punjab_Central,2023,Rabi,Cotton,14.68,26.06,,49.89,10.0,6.98,1.102,184.6,23.2,209.2,2298.08
AGR_Nor_2022_01501,North_Zone,UP_Western,2022,Kharif,Cotton,23.8,36.81,666.38,81.63,10.9,7.12,0.605,222.3,14.0,160.6,3247.99
AGR_Nor_2020_01502,North_Zone,Punjab_Central,2020,Kharif,Cotton,21.01,28.56,918.16,,10.04,7.11,0.463,235.4,19.9,204.6,2728.19
AGR_Nor_2023_01503,North_Zone,Punjab_Central,2023,Rabi,Cotton,15.66,29.36,131.22,56.28,14.85,7.33,0.527,168.7,19.9,232.1,1771.52
AGR_Nor_2023_01504,North_Zone,Rajasthan_North,2023,Kharif,Maize,19.58,32.26,816.57,67.63,10.08,6.15,0.755,141.4,21.7,180.7,4253.5
AGR_Nor_2021_01505,North_Zone,Punjab_Central,2021,Zaid,Pulses,21.21,31.02,95.71,37.31,14.29,7.95,0.528,159.7,21.7,174.6,1170.0
AGR_Nor_2020_01506,North_Zone,Haryana_East,2020,Rabi,Cotton,14.78,27.13,,43.34,11.61,6.41,0.392,190.2,15.5,239.1,1839.6
AGR_Nor_2021_01507,North_Zone,Haryana_East,2021,Rabi,Pulses,18.85,28.73,158.24,75.2,10.0,6.96,0.663,188.2,23.5,271.4,1242.45
AGR_Nor_2021_01508,North_Zone,Haryana_East,2021,Kharif,Cotton,22.86,34.73,749.52,71.52,10.0,5.5,0.697,199.4,17.4,181.3,3016.59
AGR_Nor_2018_01509,North_Zone,Rajasthan_North,2018,Kharif,Wheat,20.24,30.44,894.49,78.06,10.0,6.21,0.443,160.1,26.9,256.7,4331.25
AGR_Nor_2019_01510,North_Zone,UP_Western,2019,Kharif,Rice,,34.46,583.46,71.23,12.11,7.89,0.774,187.6,22.9,172.7,5281.76
AGR_Nor_2019_01511,North_Zone,Rajasthan_North,2019,Kharif,Wheat,19.89,30.04,820.41,81.86,10.0,6.31,0.844,155.9,26.5,259.5,4737.87
AGR_Nor_2018_01512,North_Zone,UP_Western,2018,Kharif,Wheat,22.28,30.65,613.51,78.17,11.54,7.09,0.2,173.8,25.8,267.9,4194.28
AGR_Nor_2018_01513,North_Zone,Rajasthan_North,2018,Rabi,Wheat,15.91,27.29,83.7,50.98,10.77,7.06,0.535,175.4,19.5,242.4,3490.14
AGR_Nor_2021_01514,North_Zone,Punjab_Central,2021,Kharif,Maize,19.73,29.98,711.84,83.14,11.78,6.16,0.432,133.6,20.5,209.0,3669.25
AGR_Nor_2022_01515,North_Zone,UP_Western,2022,Rabi,Soybean,16.2,29.82,86.37,45.14,12.52,6.14,0.732,104.4,27.7,206.6,2106.36
AGR_Nor_2020_01516,North_Zone,Punjab_Central,2020,Kharif,Cotton,19.01,27.12,314.58,74.8,14.98,6.91,0.356,209.9,21.8,162.2,2528.45
AGR_Nor_2018_01517,North_Zone,UP_Western,2018,Rabi,Rice,17.23,27.79,85.4,45.04,10.0,5.59,0.638,215.9,16.7,201.4,4251.9
AGR_Nor_2019_01518,North_Zone,Haryana_East,2019,Zaid,Pulses,26.32,39.16,33.7,55.91,11.67,7.74,0.715,182.7,21.3,254.0,1214.82
AGR_Nor_2022_01519,North_Zone,UP_Western,2022,Kharif,Maize,21.74,33.34,551.62,79.23,10.0,6.82,0.594,241.1,25.9,257.0,4388.17
AGR_Nor_2021_01520,North_Zone,Punjab_Central,2021,Rabi,Pulses,16.52,27.36,142.74,57.24,12.75,6.62,0.933,121.8,12.9,243.9,1336.51
AGR_Nor_2023_01521,North_Zone,Punjab_Central,2023,Rabi,Cotton,17.15,30.37,119.76,51.7,13.32,6.96,0.699,145.5,28.5,254.7,2187.06
AGR_Nor_2019_01522,North_Zone,Punjab_Central,2019,Kharif,Rice,20.19,33.04,932.41,81.76,10.43,6.59,0.417,195.9,28.7,238.2,5032.9
AGR_Nor_2023_01523,North_Zone,Punjab_Central,2023,Zaid,Maize,23.3,35.75,52.48,49.93,10.58,7.24,0.686,123.1,13.1,280.8,3166.76
AGR_Nor_2021_01524,North_Zone,Haryana_East,2021,Kharif,Rice,20.43,29.67,462.4,64.28,12.95,7.32,0.89,166.8,21.2,163.5,5016.71
AGR_Nor_2021_01525,North_Zone,UP_Western,2021,Kharif,Cotton,24.18,36.5,728.5,80.46,10.0,7.53,0.374,211.3,27.3,169.5,2850.02
AGR_Nor_2018_01526,North_Zone,UP_Western,2018,Rabi,Rice,15.22,27.37,68.34,56.48,10.17,7.42,0.709,172.0,23.4,224.3,3880.61
AGR_Nor_2019_01527,North_Zone,Punjab_Central,2019,Rabi,Wheat,16.64,26.01,96.99,65.76,12.4,6.06,0.282,158.1,10.9,203.0,3507.84
AGR_Nor_2023_01528,North_Zone,UP_Western,2023,Kharif,Rice,21.52,29.94,543.62,,13.69,6.75,0.254,167.0,22.6,132.0,4304.84
AGR_Nor_2018_01529,North_Zone,Punjab_Central,2018,Kharif,Maize,22.15,35.64,373.66,71.0,13.31,6.53,0.679,200.0,17.8,181.0,4362.58
AGR_Nor_2023_01530,North_Zone,UP_Western,2023,Zaid,Wheat,21.57,31.21,56.81,52.92,17.27,7.08,0.792,194.0,12.1,215.7,3861.59
AGR_Nor_2021_01531,North_Zone,UP_Western,2021,Rabi,Cotton,16.38,26.16,142.71,70.45,12.49,6.76,0.711,193.9,16.9,194.8,2322.48
AGR_Nor_2021_01532,North_Zone,UP_Western,2021,Kharif,Soybean,21.27,28.98,896.11,74.29,10.0,7.28,0.554,90.0,23.5,222.0,3050.79
AGR_Nor_2018_01533,North_Zone,Haryana_East,2018,Kharif,Rice,19.49,29.78,366.98,71.97,10.0,7.59,0.796,176.1,24.4,214.3,4845.97
AGR_Nor_2020_01534,North_Zone,UP_Western,2020,Zaid,Rice,24.17,31.27,82.02,,14.23,6.74,0.508,165.5,32.0,212.7,4360.64
AGR_Nor_2019_01535,North_Zone,Haryana_East,2019,Zaid,Maize,24.37,36.1,32.33,64.33,11.55,6.48,0.415,141.6,26.8,233.1,2923.94
AGR_Nor_2019_01536,North_Zone,UP_Western,2019,Kharif,Pulses,19.32,28.15,352.0,72.77,11.5,7.01,0.6,229.1,18.2,217.4,2070.35
AGR_Nor_2018_01537,North_Zone,UP_Western,2018,Kharif,Rice,20.45,31.42,836.16,54.29,14.24,6.55,0.997,176.8,16.0,285.9,5520.21
AGR_Nor_2021_01538,North_Zone,Haryana_East,2021,Kharif,Pulses,22.19,35.18,310.12,64.26,15.26,7.2,1.032,183.3,31.1,207.7,2062.76
AGR_Nor_2023_01539,North_Zone,Punjab_Central,2023,Kharif,Rice,19.24,29.95,964.68,77.65,10.54,6.59,0.271,206.5,14.5,207.0,4775.64
AGR_Nor_2020_01540,North_Zone,Rajasthan_North,2020,Kharif,Soybean,22.01,31.56,849.29,85.92,10.0,5.95,0.484,113.9,23.1,248.1,2767.19
AGR_Nor_2018_01541,North_Zone,UP_Western,2018,Zaid,Maize,23.5,35.47,,45.4,12.9,7.43,0.467,128.1,13.5,132.2,2738.62
AGR_Nor_2018_01542,North_Zone,Haryana_East,2018,Kharif,Cotton,19.81,28.33,685.78,56.9,14.5,7.65,0.627,203.1,27.9,201.9,2918.18
AGR_Nor_2023_01543,North_Zone,Haryana_East,2023,Kharif,Rice,21.22,30.44,,76.79,10.0,7.83,0.48,227.2,29.0,289.7,5187.93
AGR_Nor_2023_01544,North_Zone,Haryana_East,2023,Rabi,Cotton,17.34,30.61,116.25,61.24,10.58,6.42,0.463,162.8,14.9,135.5,1837.05
AGR_Nor_2023_01545,North_Zone,Haryana_East,2023,Rabi,Maize,17.77,26.42,103.08,35.22,14.0,6.56,0.743,207.4,29.3,119.4,3614.75
AGR_Nor_2018_01546,North_Zone,UP_Western,2018,Kharif,Maize,21.66,29.94,770.38,65.05,10.0,7.45,0.492,212.0,26.6,218.9,4246.84
AGR_Nor_2020_01547,North_Zone,Punjab_Central,2020,Kharif,Cotton,21.6,30.62,529.39,65.82,13.38,6.96,0.373,111.6,28.4,168.9,2555.02
AGR_Nor_2023_01548,North_Zone,Rajasthan_North,2023,Zaid,Cotton,22.28,29.54,70.67,41.81,12.45,6.55,0.92,227.5,22.6,333.3,2182.82
AGR_Nor_2019_01549,North_Zone,Punjab_Central,2019,Zaid,Cotton,23.33,31.41,72.74,49.18,13.23,7.41,0.764,160.7,24.9,159.2,2238.12
AGR_Nor_2021_01550,North_Zone,Rajasthan_North,2021,Zaid,Cotton,23.44,30.49,81.28,42.42,15.33,6.89,0.542,206.3,29.2,218.4,1847.15
AGR_Nor_2018_01551,North_Zone,Punjab_Central,2018,Rabi,Pulses,15.72,24.63,59.96,32.92,15.27,6.93,0.725,143.9,13.4,302.6,1015.53
AGR_Nor_2018_01552,North_Zone,Rajasthan_North,2018,Rabi,Rice,14.96,24.2,133.99,49.6,15.16,7.34,0.732,232.8,22.0,217.9,4202.48
AGR_Nor_2022_01553,North_Zone,Haryana_East,2022,Kharif,Rice,20.2,30.83,708.11,62.64,11.7,6.96,0.569,164.0,20.8,207.7,4862.77
AGR_Nor_2022_01554,North_Zone,UP_Western,2022,Kharif,Rice,22.99,35.76,634.65,72.9,11.26,6.99,0.487,147.9,22.4,185.8,4830.1
AGR_Nor_2020_01555,North_Zone,Punjab_Central,2020,Kharif,Maize,21.16,32.67,790.07,72.64,10.0,6.98,0.707,190.4,14.1,201.5,4334.41
AGR_Nor_2019_01556,North_Zone,Rajasthan_North,2019,Rabi,Maize,16.4,26.52,126.67,51.14,12.34,6.3,0.56,140.1,20.0,186.8,2985.6
AGR_Nor_2018_01557,North_Zone,Punjab_Central,2018,Kharif,Soybean,20.6,34.43,359.28,65.53,12.1,7.0,0.779,153.5,29.9,137.9,3217.09
AGR_Nor_2021_01558,North_Zone,Rajasthan_North,2021,Rabi,Pulses,13.52,26.63,66.77,54.17,11.46,8.5,0.622,155.0,15.0,233.8,911.26
AGR_Nor_2020_01559,North_Zone,Haryana_East,2020,Rabi,Soybean,16.86,24.52,82.02,63.31,12.28,6.37,0.854,199.2,28.1,110.0,2343.8
AGR_Nor_2023_01560,North_Zone,Haryana_East,2023,Rabi,Wheat,18.83,,66.88,,15.11,7.58,0.424,150.5,23.1,220.8,3193.19
AGR_Nor_2020_01561,North_Zone,Rajasthan_North,2020,Rabi,Soybean,17.36,28.79,82.98,63.69,10.95,5.77,1.046,158.4,23.9,245.3,2303.52
AGR_Nor_2023_01562,North_Zone,Punjab_Central,2023,Rabi,Cotton,18.26,28.0,79.62,59.2,14.22,7.33,0.564,237.0,17.9,300.6,2123.68
AGR_Nor_2023_01563,North_Zone,UP_Western,2023,Kharif,Rice,20.73,32.39,372.61,75.79,10.58,6.74,0.548,150.4,24.2,219.5,4504.67
AGR_Nor_2021_01564,North_Zone,Rajasthan_North,2021,Kharif,Maize,23.8,32.13,445.23,57.83,14.48,6.81,0.737,192.4,28.4,294.8,4424.02
AGR_Nor_2022_01565,North_Zone,Punjab_Central,2022,Rabi,Pulses,16.94,25.06,87.45,71.54,12.81,6.47,0.605,134.6,16.2,216.7,999.53
AGR_Nor_2023_01566,North_Zone,Haryana_East,2023,Kharif,Rice,,30.25,521.26,71.82,12.35,7.1,0.797,126.9,22.2,167.1,4690.93
AGR_Nor_2021_01567,North_Zone,UP_Western,2021,Rabi,Rice,18.93,31.6,88.17,62.48,10.06,6.49,0.718,203.5,17.9,237.5,4327.71
AGR_Nor_2021_01568,North_Zone,UP_Western,2021,Kharif,Rice,,31.09,1066.09,93.04,10.0,6.8,0.714,209.3,17.2,256.8,5215.83
AGR_Nor_2020_01569,North_Zone,UP_Western,2020,Rabi,Maize,14.43,22.31,168.17,,12.2,5.86,0.434,143.8,27.3,137.1,3151.42
AGR_Nor_2023_01570,North_Zone,Haryana_East,2023,Kharif,Wheat,22.36,35.8,531.16,77.0,10.0,6.44,0.482,171.9,19.6,212.8,4712.69
AGR_Nor_2020_01571,North_Zone,Rajasthan_North,2020,Zaid,Pulses,23.75,30.85,82.06,58.18,10.0,8.5,0.652,205.6,15.3,178.7,1301.25
AGR_Nor_2018_01572,North_Zone,UP_Western,2018,Kharif,Rice,20.75,30.85,802.29,80.07,10.0,6.11,0.812,114.4,20.5,242.6,4915.02
AGR_Nor_2019_01573,North_Zone,Punjab_Central,2019,Rabi,Soybean,18.9,29.37,74.25,47.16,14.15,7.03,0.533,231.9,31.5,330.0,2237.05
AGR_Nor_2020_01574,North_Zone,UP_Western,2020,Kharif,Wheat,20.92,28.41,1102.27,80.15,10.12,7.12,0.602,218.5,16.3,184.0,4911.67
AGR_Nor_2018_01575,North_Zone,Haryana_East,2018,Rabi,Cotton,15.05,23.61,,56.53,13.45,7.21,0.919,232.5,17.1,253.6,2149.59
AGR_Nor_2018_01576,North_Zone,Rajasthan_North,2018,Kharif,Wheat,19.09,29.53,,46.56,14.04,7.03,0.642,198.5,19.3,194.2,4530.3
AGR_Nor_2019_01577,North_Zone,Punjab_Central,2019,Rabi,Rice,16.53,,101.3,48.43,12.27,6.83,0.44,201.9,20.4,228.2,3788.74
AGR_Nor_2019_01578,North_Zone,UP_Western,2019,Rabi,Cotton,16.44,29.54,89.43,52.29,14.11,6.7,0.546,153.6,17.4,330.1,1833.29
AGR_Nor_2023_01579,North_Zone,Haryana_East,2023,Kharif,Wheat,19.54,30.16,490.09,50.82,13.02,6.55,0.94,171.7,33.7,188.6,5058.32
AGR_Nor_2019_01580,North_Zone,Haryana_East,2019,Rabi,Cotton,16.83,29.03,69.81,48.93,12.61,7.77,0.754,230.7,23.9,211.8,2217.99
AGR_Nor_2021_01581,North_Zone,Rajasthan_North,2021,Kharif,Pulses,20.18,33.56,398.84,66.52,10.33,6.36,0.672,203.2,32.7,165.1,2126.5
AGR_Nor_2023_01582,North_Zone,Rajasthan_North,2023,Kharif,Cotton,21.54,35.22,665.49,64.83,10.0,6.74,0.52,152.5,16.7,181.2,2684.63
AGR_Nor_2018_01583,North_Zone,Haryana_East,2018,Kharif,Maize,21.78,34.16,734.59,74.64,10.49,6.16,0.2,199.5,27.9,190.4,3838.94
AGR_Nor_2023_01584,North_Zone,Haryana_East,2023,Rabi,Maize,15.51,29.36,111.47,40.04,19.37,6.37,0.695,212.7,23.1,237.9,3422.39
AGR_Nor_2022_01585,North_Zone,UP_Western,2022,Kharif,Soybean,20.79,32.46,,68.13,11.17,7.0,0.483,159.9,20.4,216.8,3261.43
AGR_Nor_2021_01586,North_Zone,UP_Western,2021,Kharif,Maize,19.93,33.07,460.51,83.04,10.0,6.33,0.408,176.3,18.8,194.1,4070.89
AGR_Nor_2020_01587,North_Zone,Rajasthan_North,2020,Rabi,Pulses,17.26,29.46,,59.2,13.95,6.39,0.578,184.3,22.5,348.6,1573.56
AGR_Nor_2022_01588,North_Zone,Rajasthan_North,2022,Kharif,Maize,19.69,31.59,616.62,60.96,10.19,6.43,0.837,179.0,13.3,314.0,4077.83
AGR_Nor_2019_01589,North_Zone,Haryana_East,2019,Kharif,Maize,19.37,27.65,637.92,82.34,10.0,8.49,0.431,199.4,27.4,192.5,3718.85
AGR_Nor_2018_01590,North_Zone,Haryana_East,2018,Rabi,Maize,17.11,27.87,85.94,46.78,15.21,6.58,0.443,177.1,8.9,134.4,3110.18
AGR_Nor_2018_01591,North_Zone,Punjab_Central,2018,Rabi,Pulses,17.63,29.0,73.89,57.4,10.99,6.55,0.726,199.0,29.0,145.0,1389.99
AGR_Nor_2021_01592,North_Zone,Rajasthan_North,2021,Kharif,Cotton,20.14,28.47,984.32,85.17,10.0,6.15,0.468,226.8,11.6,261.9,3084.69
AGR_Nor_2018_01593,North_Zone,UP_Western,2018,Rabi,Cotton,16.56,26.6,140.93,54.77,14.04,7.27,0.698,158.4,18.1,245.8,2142.04
AGR_Nor_2021_01594,North_Zone,Rajasthan_North,2021,Zaid,Wheat,24.0,33.74,87.48,54.12,11.17,5.97,0.368,166.9,33.6,183.7,3825.09
AGR_Nor_2019_01595,North_Zone,UP_Western,2019,Rabi,Pulses,16.46,25.3,108.18,34.57,17.57,6.93,0.476,187.8,17.0,110.0,1623.36
AGR_Nor_2021_01596,North_Zone,UP_Western,2021,Rabi,Maize,16.49,28.24,110.64,68.79,12.02,7.19,0.68,127.3,14.8,187.0,3091.88
AGR_Nor_2023_01597,North_Zone,UP_Western,2023,Rabi,Maize,14.01,22.86,130.8,54.18,10.83,6.8,0.483,174.5,12.0,133.0,2804.11
AGR_Nor_2020_01598,North_Zone,Punjab_Central,2020,Rabi,Cotton,16.02,26.55,56.3,32.96,11.66,5.35,0.68,152.3,28.8,196.9,1622.68
AGR_Nor_2021_01599,North_Zone,Haryana_East,2021,Kharif,Maize,20.31,30.11,413.9,57.13,10.0,6.02,0.654,124.9,28.6,228.3,4071.88
AGR_Nor_2022_01600,North_Zone,UP_Western,2022,Rabi,Soybean,17.34,26.34,140.44,54.76,12.57,5.92,0.587,191.3,30.0,176.2,2651.0
AGR_Nor_2022_01601,North_Zone,Punjab_Central,2022,Rabi,Pulses,13.92,25.84,154.54,63.6,14.34,6.83,0.774,244.7,23.6,202.1,1458.39
AGR_Nor_2020_01602,North_Zone,Punjab_Central,2020,Zaid,Cotton,,31.71,,51.0,14.96,6.13,0.603,115.1,14.2,246.3,1808.87
AGR_Nor_2021_01603,North_Zone,Haryana_East,2021,Rabi,Maize,16.73,26.96,159.63,37.95,13.75,7.34,0.519,210.3,19.8,162.7,3153.54
AGR_Nor_2022_01604,North_Zone,UP_Western,2022,Kharif,Rice,21.17,29.11,690.83,53.17,12.16,6.14,0.357,162.0,36.8,238.4,4434.59
AGR_Nor_2022_01605,North_Zone,Haryana_East,2022,Rabi,Wheat,15.48,23.76,125.88,45.34,16.29,6.5,0.943,158.0,19.3,255.2,3748.11
AGR_Nor_2020_01606,North_Zone,Haryana_East,2020,Kharif,Wheat,21.23,31.17,680.38,77.39,11.04,5.63,0.522,199.9,23.7,210.0,4675.58
AGR_Nor_2020_01607,North_Zone,Haryana_East,2020,Rabi,Cotton,17.64,30.27,71.88,58.91,14.87,7.25,0.765,166.4,31.0,241.3,2040.5
AGR_Nor_2023_01608,North_Zone,Haryana_East,2023,Rabi,Rice,15.56,23.02,79.88,60.12,13.88,7.85,0.677,129.1,16.6,199.7,3831.9
AGR_Nor_2018_01609,North_Zone,Punjab_Central,2018,Rabi,Maize,15.71,23.59,203.15,46.13,14.66,5.63,0.616,198.2,21.5,259.2,3167.95
AGR_Nor_2018_01610,North_Zone,Haryana_East,2018,Rabi,Maize,19.7,28.52,76.78,42.77,10.0,6.58,0.762,137.2,25.5,244.3,2918.84
AGR_Nor_2018_01611,North_Zone,UP_Western,2018,Rabi,Rice,19.32,31.56,130.97,43.82,14.0,6.38,0.463,176.1,19.5,163.4,4194.17
AGR_Nor_2018_01612,North_Zone,Punjab_Central,2018,Kharif,Wheat,21.43,28.77,883.57,70.13,11.56,8.05,0.591,179.7,14.9,247.9,4476.98
AGR_Nor_2021_01613,North_Zone,UP_Western,2021,Kharif,Rice,19.37,29.71,560.71,57.02,11.48,5.49,0.348,226.9,27.7,311.9,5044.23
AGR_Nor_2018_01614,North_Zone,Rajasthan_North,2018,Kharif,Wheat,20.89,33.25,848.14,86.72,10.0,7.05,0.959,165.7,19.5,258.9,4851.65
AGR_Nor_2018_01615,North_Zone,Punjab_Central,2018,Kharif,Wheat,19.8,32.16,,74.35,10.0,6.89,0.441,185.6,30.0,221.7,4469.07
AGR_Nor_2021_01616,North_Zone,Rajasthan_North,2021,Zaid,Pulses,24.91,37.32,81.93,43.71,15.65,7.1,0.94,186.8,21.3,186.8,1323.05
AGR_Nor_2023_01617,North_Zone,Haryana_East,2023,Rabi,Wheat,,26.11,138.52,68.32,11.13,6.96,0.649,164.7,19.4,265.1,3578.04
AGR_Nor_2022_01618,North_Zone,Haryana_East,2022,Kharif,Wheat,19.92,30.28,552.32,,13.41,6.53,0.35,191.8,19.1,262.9,4206.0
AGR_Nor_2020_01619,North_Zone,UP_Western,2020,Rabi,Wheat,16.81,30.55,84.37,58.94,10.0,6.78,0.621,155.3,20.3,189.2,3365.41
AGR_Nor_2020_01620,North_Zone,Rajasthan_North,2020,Kharif,Cotton,20.71,29.19,567.3,51.88,15.69,7.36,0.817,192.6,23.8,200.5,3191.59
AGR_Nor_2019_01621,North_Zone,UP_Western,2019,Rabi,Rice,15.89,23.86,152.98,46.43,10.5,6.14,0.331,173.8,20.9,186.3,3563.79
AGR_Nor_2019_01622,North_Zone,Rajasthan_North,2019,Zaid,Cotton,24.48,32.85,90.76,44.83,16.06,6.37,0.215,175.4,18.4,216.6,1972.94
AGR_Nor_2020_01623,North_Zone,UP_Western,2020,Rabi,Pulses,17.84,28.42,,51.44,10.8,7.6,0.713,165.5,22.6,194.0,1244.76
AGR_Nor_2021_01624,North_Zone,UP_Western,2021,Kharif,Wheat,21.13,32.56,848.01,78.52,11.79,6.51,0.766,211.3,29.5,190.2,4727.68
AGR_Nor_2020_01625,North_Zone,Rajasthan_North,2020,Zaid,Wheat,23.06,36.96,42.19,47.91,14.86,8.11,0.921,219.8,28.7,247.5,4199.2
AGR_Nor_2018_01626,North_Zone,UP_Western,2018,Rabi,Pulses,20.23,31.04,123.49,41.49,16.16,6.77,0.696,138.7,15.8,213.9,1394.9
AGR_Nor_2020_01627,North_Zone,UP_Western,2020,Kharif,Cotton,22.09,33.82,668.68,76.51,13.78,6.98,0.428,200.9,26.4,173.0,2826.47
AGR_Nor_2022_01628,North_Zone,Rajasthan_North,2022,Zaid,Pulses,21.82,,72.03,48.44,15.44,6.29,0.255,127.8,18.3,208.2,1189.97
AGR_Nor_2019_01629,North_Zone,Rajasthan_North,2019,Kharif,Pulses,19.82,33.62,674.9,75.93,12.03,6.62,0.48,188.1,22.0,255.2,1797.11
AGR_Nor_2018_01630,North_Zone,Haryana_East,2018,Kharif,Soybean,,33.75,498.24,58.35,12.22,6.38,0.348,202.5,28.0,188.7,3165.93
AGR_Nor_2023_01631,North_Zone,Rajasthan_North,2023,Rabi,Wheat,17.99,26.18,110.27,51.81,12.53,6.56,0.497,214.8,23.1,267.3,3380.49
AGR_Nor_2018_01632,North_Zone,Rajasthan_North,2018,Kharif,Wheat,20.21,,427.69,66.67,12.6,6.43,0.417,223.7,21.7,165.1,4333.12
AGR_Nor_2021_01633,North_Zone,UP_Western,2021,Kharif,Soybean,20.42,32.81,640.4,85.15,11.44,7.34,0.589,194.0,8.0,219.1,3486.23
AGR_Nor_2018_01634,North_Zone,UP_Western,2018,Kharif,Cotton,20.54,29.09,798.97,79.84,11.33,6.68,0.439,207.1,32.9,260.6,3127.3
AGR_Nor_2022_01635,North_Zone,Rajasthan_North,2022,Zaid,Wheat,21.09,29.36,80.32,44.77,12.01,7.0,0.677,195.8,26.1,229.0,4192.39
AGR_Nor_2020_01636,North_Zone,Haryana_East,2020,Rabi,Rice,15.67,26.12,,56.45,10.0,7.58,0.336,190.3,27.0,293.9,4235.51
AGR_Nor_2021_01637,North_Zone,Haryana_East,2021,Rabi,Cotton,16.54,23.66,145.56,53.01,13.73,6.14,0.442,208.6,16.7,213.1,1988.31
AGR_Nor_2019_01638,North_Zone,Rajasthan_North,2019,Kharif,Cotton,17.71,26.06,796.4,77.2,10.0,6.17,0.652,198.9,22.7,184.7,2868.44
AGR_Nor_2020_01639,North_Zone,Rajasthan_North,2020,Kharif,Cotton,20.27,33.48,937.24,95.0,14.87,7.07,0.354,199.2,24.3,154.5,2759.98
AGR_Nor_2022_01640,North_Zone,Punjab_Central,2022,Rabi,Wheat,17.13,30.47,213.43,53.33,10.37,7.16,0.434,198.1,33.6,254.1,4118.05
AGR_Nor_2018_01641,North_Zone,Rajasthan_North,2018,Rabi,Soybean,16.63,23.71,119.12,77.94,13.81,5.6,0.6,232.1,19.6,187.3,2239.0
AGR_Nor_2021_01642,North_Zone,UP_Western,2021,Rabi,Maize,16.98,30.03,92.2,53.41,14.54,6.21,0.641,194.8,18.7,239.4,3358.1
AGR_Nor_2022_01643,North_Zone,Haryana_East,2022,Kharif,Rice,19.81,33.14,738.58,79.85,12.78,7.43,0.346,115.2,20.8,243.8,4471.17
AGR_Nor_2023_01644,North_Zone,Rajasthan_North,2023,Kharif,Soybean,24.94,,631.42,66.47,10.68,6.06,0.589,203.8,32.5,206.0,3263.4
AGR_Nor_2018_01645,North_Zone,UP_Western,2018,Rabi,Maize,15.56,24.26,81.28,56.49,10.0,7.84,0.612,166.5,10.6,216.4,2938.45
AGR_Nor_2020_01646,North_Zone,Haryana_East,2020,Kharif,Wheat,20.15,33.41,641.27,64.06,10.74,6.55,0.457,149.3,22.2,270.7,4103.84
AGR_Nor_2018_01647,North_Zone,Rajasthan_North,2018,Kharif,Maize,,32.71,340.65,54.27,10.86,7.72,0.79,193.5,15.3,288.5,4204.96
AGR_Nor_2022_01648,North_Zone,Haryana_East,2022,Rabi,Cotton,18.04,25.79,103.87,58.87,10.0,7.54,1.014,224.8,8.0,220.1,2034.8
AGR_Nor_2023_01649,North_Zone,UP_Western,2023,Rabi,Maize,18.57,31.37,134.51,46.9,13.42,5.63,0.76,253.6,25.4,271.6,4007.77
AGR_Nor_2022_01650,North_Zone,Haryana_East,2022,Rabi,Cotton,12.99,25.25,82.18,68.57,10.0,7.38,0.844,224.5,24.4,254.8,2102.91
AGR_Nor_2018_01651,North_Zone,Rajasthan_North,2018,Kharif,Wheat,20.94,34.23,708.48,70.64,10.48,6.25,0.86,219.9,14.7,246.2,4806.0
AGR_Nor_2021_01652,North_Zone,Rajasthan_North,2021,Kharif,Cotton,20.14,28.98,526.71,81.52,14.27,7.36,0.403,241.7,12.6,196.3,2910.31
AGR_Nor_2023_01653,North_Zone,UP_Western,2023,Kharif,Soybean,,31.11,751.44,80.74,10.9,6.06,0.786,199.4,26.4,193.0,3316.23
AGR_Nor_2020_01654,North_Zone,Haryana_East,2020,Kharif,Soybean,20.69,29.86,331.6,80.72,11.03,7.59,0.698,198.5,12.2,302.9,3287.37
AGR_Nor_2020_01655,North_Zone,Haryana_East,2020,Zaid,Cotton,24.37,35.33,83.62,64.41,10.0,6.45,0.452,195.6,19.1,192.8,2191.15
AGR_Nor_2023_01656,North_Zone,Punjab_Central,2023,Rabi,Soybean,15.98,24.13,,66.35,10.0,6.44,0.504,220.3,19.3,230.1,2039.24
AGR_Nor_2023_01657,North_Zone,Haryana_East,2023,Rabi,Pulses,16.51,24.36,116.31,55.08,13.85,6.73,0.567,195.5,23.5,188.3,1245.28
AGR_Nor_2021_01658,North_Zone,UP_Western,2021,Rabi,Cotton,15.79,28.09,175.3,57.58,15.21,7.75,0.641,161.4,28.2,234.1,2178.46
AGR_Nor_2023_01659,North_Zone,Punjab_Central,2023,Rabi,Soybean,17.04,30.07,182.2,61.91,12.72,6.47,0.438,208.2,16.9,194.9,2407.78
AGR_Nor_2019_01660,North_Zone,Haryana_East,2019,Kharif,Cotton,,31.3,424.59,70.1,10.0,6.5,0.816,170.0,20.2,136.1,2902.22
AGR_Nor_2020_01661,North_Zone,UP_Western,2020,Zaid,Soybean,22.82,30.86,,58.48,13.42,7.2,0.469,147.5,23.2,244.6,2160.24
AGR_Nor_2020_01662,North_Zone,Rajasthan_North,2020,Kharif,Wheat,22.0,30.24,696.95,62.05,11.17,8.5,0.553,175.7,25.7,254.0,4507.23
AGR_Nor_2023_01663,North_Zone,UP_Western,2023,Rabi,Soybean,15.0,26.96,141.27,47.37,12.33,6.79,0.448,194.4,19.9,246.8,2202.86
AGR_Nor_2018_01664,North_Zone,Haryana_East,2018,Kharif,Wheat,22.97,35.68,690.33,75.0,10.0,7.2,0.595,146.7,18.0,158.9,4626.11
AGR_Nor_2022_01665,North_Zone,Punjab_Central,2022,Kharif,Soybean,19.15,26.83,998.01,82.14,10.99,6.4,0.242,171.9,21.0,199.0,2703.09
AGR_Nor_2019_01666,North_Zone,Punjab_Central,2019,Rabi,Soybean,14.48,24.94,158.92,60.73,10.0,7.09,0.514,184.5,18.3,177.5,2296.64
AGR_Nor_2021_01667,North_Zone,Haryana_East,2021,Kharif,Wheat,19.19,31.44,606.51,69.55,10.0,6.18,0.733,184.1,17.3,215.4,4569.13
AGR_Nor_2022_01668,North_Zone,UP_Western,2022,Kharif,Wheat,21.22,31.72,717.43,76.23,10.01,6.67,0.475,187.9,21.5,182.4,4479.23
AGR_Nor_2019_01669,North_Zone,Rajasthan_North,2019,Rabi,Rice,16.34,29.65,124.78,44.96,15.11,7.92,0.709,164.3,30.3,226.2,4142.46
AGR_Nor_2023_01670,North_Zone,Punjab_Central,2023,Rabi,Rice,16.68,27.53,27.49,44.62,10.84,6.31,0.325,134.3,22.0,138.9,3106.49
AGR_Nor_2021_01671,North_Zone,UP_Western,2021,Kharif,Wheat,,33.41,1289.8,95.0,10.0,6.91,0.638,145.7,19.2,133.6,4421.97
AGR_Nor_2023_01672,North_Zone,Punjab_Central,2023,Kharif,Soybean,20.02,29.28,562.94,64.98,12.28,7.23,0.768,150.3,33.6,178.2,3030.7
AGR_Nor_2022_01673,North_Zone,Rajasthan_North,2022,Kharif,Wheat,22.54,31.79,,81.12,11.96,7.31,0.539,257.0,22.8,110.0,4909.12
AGR_Nor_2022_01674,North_Zone,Haryana_East,2022,Rabi,Wheat,19.44,30.23,127.98,72.4,11.05,6.7,0.371,182.8,14.9,166.3,3638.21
AGR_Nor_2018_01675,North_Zone,UP_Western,2018,Rabi,Rice,18.03,30.81,123.41,60.05,10.0,7.22,0.652,255.6,32.0,156.6,5032.24
AGR_Nor_2019_01676,North_Zone,Punjab_Central,2019,Kharif,Wheat,19.75,28.18,798.93,78.61,13.9,6.74,0.315,246.3,19.6,275.4,4620.72
AGR_Nor_2018_01677,North_Zone,UP_Western,2018,Rabi,Pulses,17.2,,,,15.19,7.83,0.318,163.3,13.6,273.5,1105.71
AGR_Nor_2019_01678,North_Zone,UP_Western,2019,Kharif,Pulses,19.53,28.06,405.01,61.29,11.62,7.25,0.523,206.1,24.2,205.2,1959.92
AGR_Nor_2021_01679,North_Zone,Rajasthan_North,2021,Kharif,Soybean,19.58,29.38,432.97,78.47,10.0,6.72,0.576,218.3,33.6,217.2,3144.66
AGR_Nor_2022_01680,North_Zone,Haryana_East,2022,Rabi,Rice,16.57,28.46,154.06,46.94,10.0,7.26,0.454,180.5,28.0,271.7,4075.37
AGR_Nor_2023_01681,North_Zone,Punjab_Central,2023,Kharif,Wheat,20.47,28.07,429.63,46.03,15.28,6.62,0.661,151.3,18.6,166.5,4389.86
AGR_Nor_2018_01682,North_Zone,Rajasthan_North,2018,Rabi,Wheat,16.18,29.47,100.25,51.96,17.49,5.74,0.697,195.2,25.8,236.4,3845.91
AGR_Nor_2022_01683,North_Zone,Haryana_East,2022,Rabi,Wheat,18.6,26.64,81.91,56.74,11.74,6.79,0.97,158.3,15.2,158.0,3862.86
AGR_Nor_2019_01684,North_Zone,Rajasthan_North,2019,Kharif,Wheat,20.24,31.38,420.65,58.34,10.0,6.88,0.511,154.7,23.7,237.5,4492.08
AGR_Nor_2019_01685,North_Zone,Rajasthan_North,2019,Rabi,Soybean,18.75,27.24,173.2,53.7,15.46,7.11,0.412,138.8,24.1,194.6,2337.74
AGR_Nor_2021_01686,North_Zone,UP_Western,2021,Kharif,Soybean,23.11,35.17,645.2,,13.92,7.53,0.694,177.9,28.0,142.9,3325.92
AGR_Nor_2020_01687,North_Zone,Haryana_East,2020,Kharif,Cotton,23.02,36.09,508.93,,13.11,7.26,0.755,107.3,20.2,253.4,2666.19
AGR_Nor_2020_01688,North_Zone,Haryana_East,2020,Kharif,Wheat,21.21,29.89,785.92,79.04,10.0,7.63,0.696,131.7,17.1,184.6,4272.41
AGR_Nor_2020_01689,North_Zone,Haryana_East,2020,Kharif,Soybean,20.28,32.4,769.67,84.12,10.0,6.94,0.611,186.4,21.3,267.8,2946.45
AGR_Nor_2018_01690,North_Zone,Haryana_East,2018,Rabi,Soybean,16.53,26.81,171.51,68.85,10.55,6.73,0.658,245.2,20.6,209.3,2746.16
AGR_Nor_2022_01691,North_Zone,Punjab_Central,2022,Rabi,Maize,15.0,28.75,102.35,58.24,13.0,6.89,0.913,215.1,12.3,129.1,3619.18
AGR_Nor_2022_01692,North_Zone,Haryana_East,2022,Zaid,Maize,23.5,35.03,,51.87,12.01,6.39,0.517,124.0,14.7,239.6,3353.65
AGR_Nor_2021_01693,North_Zone,Punjab_Central,2021,Rabi,Soybean,13.61,23.23,,51.1,12.81,6.81,0.446,194.5,18.9,187.6,1983.97
AGR_Nor_2018_01694,North_Zone,UP_Western,2018,Rabi,Cotton,17.28,30.08,155.3,73.32,15.5,6.81,0.772,262.9,18.3,110.0,2655.22
AGR_Nor_2023_01695,North_Zone,UP_Western,2023,Rabi,Rice,17.29,27.99,116.83,43.29,13.34,7.55,0.54,150.8,23.0,129.8,3962.05
AGR_Nor_2018_01696,North_Zone,Rajasthan_North,2018,Kharif,Maize,21.16,31.13,783.1,73.98,16.02,7.19,0.562,195.7,9.9,256.2,4505.44
AGR_Nor_2019_01697,North_Zone,UP_Western,2019,Kharif,Soybean,19.41,31.62,474.0,61.19,10.0,6.25,0.457,163.8,22.8,220.4,3181.77
AGR_Nor_2019_01698,North_Zone,Haryana_East,2019,Rabi,Wheat,16.33,26.01,75.24,,10.0,7.04,0.547,208.8,20.6,334.4,3888.01
AGR_Nor_2021_01699,North_Zone,Punjab_Central,2021,Rabi,Maize,14.22,28.02,58.85,71.75,10.07,5.74,0.589,186.9,18.2,176.1,2828.56
AGR_Nor_2018_01700,North_Zone,Punjab_Central,2018,Kharif,Rice,21.0,31.66,,41.03,12.87,6.53,0.879,173.5,30.0,246.2,5338.12
AGR_Nor_2019_01701,North_Zone,Haryana_East,2019,Rabi,Rice,16.51,29.35,118.42,,11.85,6.46,0.708,147.0,15.1,246.1,3954.61
AGR_Nor_2020_01702,North_Zone,Punjab_Central,2020,Kharif,Maize,20.57,34.19,563.58,73.38,10.0,5.2,0.489,147.7,9.4,185.1,3791.19
AGR_Nor_2020_01703,North_Zone,Haryana_East,2020,Zaid,Rice,23.44,32.77,41.49,53.5,14.2,5.2,0.592,150.0,31.0,237.6,4067.11
AGR_Nor_2019_01704,North_Zone,Rajasthan_North,2019,Rabi,Pulses,14.16,24.24,65.49,49.18,14.01,6.84,0.855,186.3,12.1,203.8,1109.66
AGR_Nor_2020_01705,North_Zone,UP_Western,2020,Kharif,Pulses,,33.27,589.6,83.46,11.33,5.25,0.737,149.0,11.5,221.3,2564.68
AGR_Nor_2023_01706,North_Zone,Rajasthan_North,2023,Kharif,Pulses,23.57,35.77,611.04,60.05,11.94,6.19,0.445,158.9,25.2,300.5,2138.63
AGR_Nor_2021_01707,North_Zone,Punjab_Central,2021,Rabi,Wheat,15.51,,187.49,43.1,15.44,6.97,0.572,216.0,17.5,260.8,4116.25
AGR_Nor_2020_01708,North_Zone,Punjab_Central,2020,Rabi,Cotton,19.14,,10.0,44.89,15.57,6.78,0.77,154.0,23.8,193.7,1880.1
AGR_Nor_2023_01709,North_Zone,Haryana_East,2023,Kharif,Wheat,20.82,31.05,777.31,62.93,12.48,6.73,0.735,197.6,18.2,188.0,4706.62
AGR_Nor_2020_01710,North_Zone,Punjab_Central,2020,Kharif,Soybean,21.83,30.31,471.04,59.14,13.33,7.75,0.823,185.6,22.0,249.8,3240.67
AGR_Nor_2022_01711,North_Zone,Rajasthan_North,2022,Rabi,Cotton,16.89,24.32,61.51,49.96,11.35,6.11,0.58,164.8,15.2,247.4,1996.34
AGR_Nor_2019_01712,North_Zone,Punjab_Central,2019,Kharif,Pulses,22.28,,386.92,46.69,12.7,6.27,0.626,164.3,22.5,172.2,2109.56
AGR_Nor_2019_01713,North_Zone,UP_Western,2019,Kharif,Cotton,23.69,36.35,614.79,53.33,13.01,6.71,0.571,125.3,15.5,206.9,2963.86
AGR_Nor_2021_01714,North_Zone,UP_Western,2021,Kharif,Pulses,19.79,27.7,756.1,61.75,12.97,6.41,0.595,195.6,33.7,150.7,2234.87
AGR_Nor_2020_01715,North_Zone,Rajasthan_North,2020,Kharif,Wheat,21.72,35.15,934.63,86.29,10.0,6.9,0.514,137.0,18.9,222.1,4402.5
AGR_Nor_2023_01716,North_Zone,Punjab_Central,2023,Rabi,Pulses,17.66,28.28,154.93,82.81,10.65,7.12,0.731,180.8,29.0,255.4,1527.82
AGR_Nor_2023_01717,North_Zone,UP_Western,2023,Kharif,Rice,19.2,30.34,459.77,68.32,12.85,7.13,0.53,136.3,25.5,264.0,4532.72
AGR_Nor_2019_01718,North_Zone,Rajasthan_North,2019,Kharif,Rice,20.62,28.83,275.57,60.89,14.68,6.58,0.652,133.5,16.6,268.5,4630.86
AGR_Nor_2018_01719,North_Zone,Rajasthan_North,2018,Kharif,Pulses,21.08,33.47,114.37,64.11,12.41,7.09,0.598,164.9,29.8,239.4,1472.94
AGR_Nor_2020_01720,North_Zone,Rajasthan_North,2020,Rabi,Wheat,17.19,30.9,145.55,66.98,12.18,6.8,0.36,111.2,29.6,227.7,3181.0
AGR_Nor_2018_01721,North_Zone,UP_Western,2018,Kharif,Cotton,22.82,31.29,936.54,80.43,10.0,6.86,0.64,119.1,27.0,171.9,2760.91
AGR_Nor_2019_01722,North_Zone,Rajasthan_North,2019,Kharif,Soybean,21.19,31.18,678.28,59.18,14.04,7.23,0.642,128.3,27.6,243.5,3029.39
AGR_Nor_2021_01723,North_Zone,Haryana_East,2021,Rabi,Rice,16.65,30.58,132.62,63.34,10.0,6.35,0.324,256.0,27.7,241.6,4488.97
AGR_Nor_2021_01724,North_Zone,Rajasthan_North,2021,Kharif,Rice,19.17,31.69,477.78,79.93,10.0,7.62,0.313,190.7,25.7,193.8,4784.25
AGR_Nor_2018_01725,North_Zone,UP_Western,2018,Rabi,Rice,17.78,25.08,83.43,51.42,12.16,6.49,0.729,166.9,21.9,218.4,3956.87
AGR_Nor_2020_01726,North_Zone,Haryana_East,2020,Kharif,Cotton,22.41,34.44,619.79,78.55,11.1,7.39,0.846,178.7,12.0,172.0,3230.21
AGR_Nor_2018_01727,North_Zone,Haryana_East,2018,Zaid,Wheat,23.25,32.94,64.87,,12.69,6.76,0.669,180.0,21.2,268.9,3958.16
AGR_Nor_2018_01728,North_Zone,Haryana_East,2018,Kharif,Rice,,30.03,664.93,68.65,15.37,7.55,0.508,201.1,27.2,199.2,4944.58
AGR_Nor_2022_01729,North_Zone,Punjab_Central,2022,Rabi,Pulses,13.59,23.72,137.35,57.31,13.07,7.75,0.943,125.4,21.0,216.3,1015.91
AGR_Nor_2023_01730,North_Zone,Haryana_East,2023,Rabi,Pulses,17.6,27.74,89.78,48.11,15.22,6.48,0.67,175.2,26.3,242.0,1165.06
AGR_Nor_2018_01731,North_Zone,Rajasthan_North,2018,Kharif,Cotton,22.88,32.25,1009.23,73.81,10.0,7.07,0.598,200.1,24.6,350.0,3135.04
AGR_Nor_2023_01732,North_Zone,Haryana_East,2023,Zaid,Maize,22.1,30.95,80.42,54.74,13.65,7.19,0.32,150.9,27.6,190.9,2957.98
AGR_Nor_2019_01733,North_Zone,Rajasthan_North,2019,Kharif,Maize,21.65,34.4,494.88,76.23,13.89,6.84,0.981,186.8,29.9,208.7,4646.81
AGR_Nor_2020_01734,North_Zone,Punjab_Central,2020,Kharif,Pulses,21.82,31.95,947.93,85.57,10.0,7.52,0.506,225.7,14.9,200.0,2271.01
AGR_Nor_2020_01735,North_Zone,Punjab_Central,2020,Rabi,Cotton,15.17,,190.21,57.82,13.91,7.71,0.435,161.1,23.2,284.0,2030.71
AGR_Nor_2023_01736,North_Zone,UP_Western,2023,Zaid,Cotton,22.74,36.33,75.98,60.46,12.56,6.83,0.466,176.0,15.5,208.2,2074.57
AGR_Nor_2022_01737,North_Zone,Punjab_Central,2022,Zaid,Cotton,23.99,34.21,79.08,45.39,16.4,6.66,0.448,167.7,15.4,245.3,1879.05
AGR_Nor_2022_01738,North_Zone,Haryana_East,2022,Kharif,Maize,20.11,30.12,396.85,53.06,10.0,6.42,0.721,166.2,21.9,164.8,4061.76
AGR_Nor_2023_01739,North_Zone,Haryana_East,2023,Zaid,Wheat,24.15,34.71,,65.36,10.51,6.75,0.824,198.3,13.6,169.8,4063.8
AGR_Nor_2023_01740,North_Zone,UP_Western,2023,Rabi,Maize,18.18,27.15,129.12,55.52,11.52,6.81,0.476,163.1,8.0,172.5,3173.5
AGR_Nor_2019_01741,North_Zone,Punjab_Central,2019,Rabi,Wheat,17.02,27.3,152.05,57.12,14.0,6.49,0.311,186.4,23.0,203.8,3539.58
AGR_Nor_2021_01742,North_Zone,Haryana_East,2021,Rabi,Cotton,19.19,,156.39,47.9,13.1,5.78,0.808,113.1,12.1,257.3,2382.88
AGR_Nor_2018_01743,North_Zone,UP_Western,2018,Rabi,Soybean,16.66,28.48,85.22,62.34,11.47,7.32,0.851,193.3,21.7,261.7,2152.11
AGR_Nor_2020_01744,North_Zone,Punjab_Central,2020,Zaid,Maize,22.05,31.72,75.4,40.35,12.43,7.81,0.718,161.6,28.5,203.1,3519.63
AGR_Nor_2019_01745,North_Zone,Haryana_East,2019,Kharif,Pulses,20.42,27.75,714.4,71.07,10.0,6.46,0.78,165.9,14.7,206.2,1969.81
AGR_Nor_2020_01746,North_Zone,UP_Western,2020,Kharif,Maize,18.92,26.11,566.87,65.56,10.0,6.93,0.524,106.7,32.0,306.2,3537.6
AGR_Nor_2023_01747,North_Zone,Rajasthan_North,2023,Kharif,Soybean,20.75,,620.76,70.71,10.0,6.91,0.732,239.4,21.8,159.5,3401.93
AGR_Nor_2020_01748,North_Zone,Punjab_Central,2020,Kharif,Rice,22.48,29.95,727.88,75.82,10.0,7.11,0.363,168.1,20.5,260.1,4720.37
AGR_Nor_2021_01749,North_Zone,Punjab_Central,2021,Kharif,Rice,19.63,30.6,473.07,,10.0,7.27,0.901,172.7,25.2,232.7,5487.83
AGR_Nor_2021_01750,North_Zone,Rajasthan_North,2021,Rabi,Soybean,15.28,27.4,78.67,59.26,10.71,6.04,0.709,157.9,24.6,232.5,2174.64
AGR_Nor_2021_01751,North_Zone,UP_Western,2021,Rabi,Rice,16.1,26.18,201.56,58.25,11.03,6.2,0.57,167.5,21.0,170.4,4475.95
AGR_Nor_2018_01752,North_Zone,Rajasthan_North,2018,Kharif,Maize,18.73,29.19,665.23,75.4,10.61,6.54,0.711,197.4,14.8,188.9,4313.12
AGR_Nor_2021_01753,North_Zone,UP_Western,2021,Rabi,Rice,16.12,26.61,127.09,64.89,12.34,6.33,0.529,184.4,19.6,141.8,4104.52
AGR_Nor_2020_01754,North_Zone,UP_Western,2020,Rabi,Rice,15.41,26.42,161.2,60.8,10.35,7.09,0.667,193.5,22.3,157.5,4551.81
AGR_Nor_2020_01755,North_Zone,Punjab_Central,2020,Zaid,Pulses,24.06,33.73,64.79,48.71,12.66,7.77,0.741,200.7,15.8,198.9,1634.61
AGR_Nor_2018_01756,North_Zone,Rajasthan_North,2018,Kharif,Rice,21.5,,669.95,80.86,10.0,5.6,0.718,148.1,26.6,243.9,5012.66
AGR_Nor_2020_01757,North_Zone,Rajasthan_North,2020,Rabi,Cotton,17.96,27.29,67.78,41.13,11.38,7.63,0.674,205.8,19.1,206.4,2252.01
AGR_Nor_2023_01758,North_Zone,Haryana_East,2023,Kharif,Rice,20.54,32.94,856.48,,10.0,6.04,0.607,175.5,15.4,244.4,5266.41
AGR_Nor_2019_01759,North_Zone,Punjab_Central,2019,Rabi,Pulses,16.92,29.14,107.05,55.57,14.28,6.3,0.848,241.7,21.8,185.7,1765.62
AGR_Nor_2019_01760,North_Zone,UP_Western,2019,Zaid,Cotton,24.72,32.73,,42.98,12.44,7.18,0.708,241.6,17.7,168.1,2767.31
AGR_Nor_2020_01761,North_Zone,UP_Western,2020,Kharif,Maize,21.53,33.36,628.3,70.38,11.22,5.43,0.443,148.0,28.6,217.1,3861.87
AGR_Nor_2020_01762,North_Zone,Rajasthan_North,2020,Kharif,Soybean,22.21,33.72,617.14,63.15,11.91,7.35,0.803,133.1,26.9,203.4,3242.35
AGR_Nor_2019_01763,North_Zone,Rajasthan_North,2019,Zaid,Pulses,21.59,35.46,52.96,43.47,15.64,5.55,0.65,119.9,10.7,228.5,1117.2
AGR_Nor_2021_01764,North_Zone,UP_Western,2021,Kharif,Soybean,21.38,,595.75,84.59,10.0,7.32,0.46,180.1,18.3,183.6,2969.95
AGR_Nor_2023_01765,North_Zone,UP_Western,2023,Rabi,Pulses,16.49,27.16,,65.97,12.57,7.12,0.711,163.2,26.6,290.2,1202.36
AGR_Nor_2020_01766,North_Zone,Punjab_Central,2020,Kharif,Pulses,19.7,28.86,339.15,72.7,10.0,7.35,0.495,230.4,24.1,189.3,1988.22
AGR_Nor_2018_01767,North_Zone,Rajasthan_North,2018,Rabi,Pulses,16.43,26.8,134.05,57.93,13.45,7.03,0.746,183.5,16.0,181.7,1574.15
AGR_Nor_2018_01768,North_Zone,UP_Western,2018,Kharif,Cotton,22.64,33.49,905.96,70.51,10.0,7.13,0.556,190.4,29.3,244.3,3226.15
AGR_Nor_2021_01769,North_Zone,Rajasthan_North,2021,Rabi,Rice,16.65,30.26,48.84,41.43,16.64,7.13,0.709,212.3,29.3,224.5,4155.99
AGR_Nor_2023_01770,North_Zone,Punjab_Central,2023,Kharif,Wheat,19.85,31.68,850.63,76.26,10.0,7.7,0.575,159.9,10.0,273.5,4620.7
AGR_Nor_2018_01771,North_Zone,Rajasthan_North,2018,Rabi,Cotton,16.62,25.19,92.18,49.19,12.51,7.56,0.739,198.7,23.3,190.5,1880.81
AGR_Nor_2019_01772,North_Zone,UP_Western,2019,Kharif,Maize,21.56,29.72,780.49,71.12,10.6,6.35,0.973,192.1,22.3,136.5,4301.19
AGR_Nor_2019_01773,North_Zone,Rajasthan_North,2019,Kharif,Wheat,21.1,28.95,581.84,76.35,10.0,6.26,0.511,131.0,24.3,244.2,3935.22
AGR_Nor_2022_01774,North_Zone,Rajasthan_North,2022,Kharif,Pulses,19.57,31.54,996.79,74.87,10.0,6.69,0.763,148.5,23.3,219.2,2153.46
AGR_Nor_2021_01775,North_Zone,Rajasthan_North,2021,Kharif,Soybean,20.48,33.26,390.02,65.82,10.0,6.81,0.299,182.1,10.5,286.3,2963.39
AGR_Nor_2021_01776,North_Zone,Haryana_East,2021,Kharif,Cotton,19.97,29.04,782.51,,11.09,6.95,0.821,177.4,18.0,159.3,2900.66
AGR_Nor_2018_01777,North_Zone,Rajasthan_North,2018,Kharif,Soybean,21.74,34.7,541.05,74.87,10.0,7.65,0.72,202.0,28.8,217.9,3362.6
AGR_Nor_2021_01778,North_Zone,UP_Western,2021,Kharif,Maize,19.58,32.45,697.63,75.16,12.0,7.06,0.972,123.6,14.9,218.2,4262.23
AGR_Nor_2023_01779,North_Zone,UP_Western,2023,Kharif,Wheat,19.79,28.5,473.82,72.64,10.0,6.48,0.779,209.5,19.1,144.0,4916.48
AGR_Nor_2022_01780,North_Zone,Rajasthan_North,2022,Zaid,Soybean,19.88,32.36,106.86,55.23,11.32,6.7,0.888,170.5,19.5,240.7,2588.68
AGR_Nor_2022_01781,North_Zone,Rajasthan_North,2022,Rabi,Rice,17.0,30.94,101.96,52.68,10.0,6.12,0.704,215.3,29.7,145.0,4371.58
AGR_Nor_2021_01782,North_Zone,UP_Western,2021,Zaid,Cotton,18.89,31.96,68.49,50.87,13.97,5.65,0.679,170.3,21.5,214.8,2284.29
AGR_Nor_2018_01783,North_Zone,Haryana_East,2018,Rabi,Cotton,16.83,30.42,104.01,65.1,14.05,7.2,0.2,186.1,10.5,227.2,2080.91
AGR_Nor_2020_01784,North_Zone,Haryana_East,2020,Kharif,Rice,19.35,31.45,617.13,63.48,10.61,7.15,0.2,185.5,16.7,218.6,4639.91
AGR_Nor_2019_01785,North_Zone,Rajasthan_North,2019,Rabi,Cotton,15.29,28.96,60.86,51.51,10.0,6.78,0.714,115.5,18.8,139.3,1663.34
AGR_Nor_2018_01786,North_Zone,Rajasthan_North,2018,Rabi,Maize,15.02,24.44,116.69,62.24,14.26,7.22,0.624,145.9,28.8,236.1,3227.09
AGR_Nor_2023_01787,North_Zone,Haryana_East,2023,Kharif,Pulses,21.15,33.12,850.11,85.08,10.0,6.23,0.789,202.9,32.8,287.3,2272.62
AGR_Nor_2018_01788,North_Zone,Haryana_East,2018,Rabi,Cotton,16.28,26.59,130.07,56.97,13.15,5.62,0.661,280.0,20.1,254.5,2441.98
AGR_Nor_2021_01789,North_Zone,UP_Western,2021,Rabi,Pulses,14.81,28.35,147.69,46.73,15.17,7.93,0.42,154.2,19.4,185.3,1514.67
AGR_Nor_2018_01790,North_Zone,Punjab_Central,2018,Kharif,Maize,22.83,34.45,489.15,60.31,11.24,6.61,0.321,156.4,26.6,170.6,3868.61
AGR_Nor_2019_01791,North_Zone,Punjab_Central,2019,Rabi,Pulses,17.12,25.23,207.56,61.27,16.36,6.85,0.602,170.0,28.9,224.7,1577.43
AGR_Nor_2023_01792,North_Zone,Punjab_Central,2023,Kharif,Pulses,21.18,33.75,768.89,80.35,10.0,6.89,0.561,107.7,14.1,242.5,2193.7
AGR_Nor_2020_01793,North_Zone,Haryana_East,2020,Kharif,Rice,21.85,33.86,477.83,64.13,11.61,7.08,0.526,176.5,20.8,240.9,5217.03
AGR_Nor_2022_01794,North_Zone,Punjab_Central,2022,Kharif,Maize,20.89,,791.58,56.01,13.82,7.3,0.531,139.2,27.5,168.4,3517.87
AGR_Nor_2018_01795,North_Zone,Haryana_East,2018,Rabi,Soybean,,27.73,128.84,52.85,11.04,7.84,0.238,194.8,14.3,180.3,2038.97
AGR_Nor_2019_01796,North_Zone,Punjab_Central,2019,Kharif,Cotton,,30.92,892.71,,10.0,6.86,0.68,187.1,24.8,187.2,3065.23
AGR_Nor_2023_01797,North_Zone,Rajasthan_North,2023,Kharif,Pulses,20.33,30.14,766.03,82.65,10.0,7.02,0.523,197.5,19.0,275.7,1877.87
AGR_Nor_2018_01798,North_Zone,UP_Western,2018,Zaid,Pulses,24.26,31.47,45.83,51.51,10.64,7.21,0.488,168.0,12.9,247.0,1342.47
AGR_Nor_2022_01799,North_Zone,Haryana_East,2022,Kharif,Wheat,21.13,32.63,344.91,58.63,12.88,6.3,0.301,155.9,15.2,126.8,3950.46
AGR_Nor_2020_01800,North_Zone,Haryana_East,2020,Rabi,Soybean,17.63,27.6,109.09,45.55,14.93,6.95,0.819,180.3,20.6,193.9,2347.97
AGR_Nor_2019_01801,North_Zone,Haryana_East,2019,Kharif,Cotton,21.43,32.19,,74.24,12.46,5.61,0.802,126.7,28.1,227.6,2866.05
AGR_Nor_2020_01802,North_Zone,Punjab_Central,2020,Kharif,Soybean,23.27,37.1,750.53,66.31,11.9,6.86,0.574,144.9,24.7,248.1,2903.27
AGR_Nor_2020_01803,North_Zone,Punjab_Central,2020,Kharif,Soybean,17.71,28.72,695.74,85.1,10.0,7.93,0.619,215.6,20.9,141.5,2983.74
AGR_Nor_2021_01804,North_Zone,Punjab_Central,2021,Kharif,Rice,18.47,32.11,671.28,59.08,13.27,7.69,0.461,204.0,19.8,186.8,4865.48
AGR_Nor_2018_01805,North_Zone,Rajasthan_North,2018,Rabi,Pulses,18.45,32.08,200.64,67.12,10.99,7.29,0.627,195.0,11.2,181.0,1665.58
AGR_Nor_2019_01806,North_Zone,Rajasthan_North,2019,Rabi,Rice,14.55,24.47,93.98,51.36,12.42,7.66,0.608,221.3,34.7,160.2,4415.88
AGR_Nor_2018_01807,North_Zone,Rajasthan_North,2018,Zaid,Cotton,20.67,28.15,70.74,58.26,10.0,7.28,0.394,160.7,28.6,254.4,1829.19
AGR_Nor_2021_01808,North_Zone,Punjab_Central,2021,Rabi,Maize,16.29,23.41,109.85,49.71,11.8,6.68,0.922,177.0,31.7,166.3,3329.08
AGR_Nor_2020_01809,North_Zone,Haryana_East,2020,Kharif,Maize,20.43,27.98,956.78,89.69,10.0,6.68,0.473,192.5,21.4,261.4,4035.0
AGR_Nor_2019_01810,North_Zone,Rajasthan_North,2019,Rabi,Cotton,16.14,29.54,166.59,60.16,11.26,6.73,0.563,218.3,13.4,239.2,2305.93
AGR_Nor_2021_01811,North_Zone,UP_Western,2021,Kharif,Cotton,21.19,33.73,1191.24,82.01,10.0,6.83,0.765,192.5,33.9,300.3,2896.89
AGR_Nor_2019_01812,North_Zone,Rajasthan_North,2019,Zaid,Maize,,29.92,85.8,57.12,15.17,7.82,0.38,165.9,13.1,185.2,3161.14
AGR_Nor_2021_01813,North_Zone,Haryana_East,2021,Rabi,Cotton,17.23,30.31,,38.69,14.24,6.05,0.35,102.5,13.9,156.5,1866.95
AGR_Nor_2021_01814,North_Zone,Punjab_Central,2021,Kharif,Soybean,,29.76,638.9,71.77,13.52,7.62,0.814,199.3,27.6,208.3,3298.85
AGR_Nor_2023_01815,North_Zone,Haryana_East,2023,Zaid,Wheat,24.06,33.92,52.79,42.65,14.74,6.16,0.62,123.8,23.4,298.8,3454.75
AGR_Nor_2023_01816,North_Zone,Haryana_East,2023,Kharif,Maize,,29.12,925.06,74.77,10.0,7.01,0.684,175.9,14.7,168.0,4139.51
AGR_Nor_2021_01817,North_Zone,Haryana_East,2021,Zaid,Maize,24.16,35.31,66.47,54.36,13.0,6.24,1.042,90.0,17.6,188.0,3479.84
AGR_Nor_2021_01818,North_Zone,UP_Western,2021,Zaid,Rice,21.05,34.61,39.01,51.96,12.03,7.6,0.681,175.1,24.6,295.0,4157.11
AGR_Nor_2019_01819,North_Zone,Punjab_Central,2019,Kharif,Maize,21.68,34.88,426.71,78.66,12.47,6.98,0.47,251.9,18.3,247.4,4141.9
AGR_Nor_2022_01820,North_Zone,Rajasthan_North,2022,Kharif,Soybean,19.57,32.26,682.24,62.7,11.92,7.01,0.533,217.8,19.1,240.4,3398.74
AGR_Nor_2023_01821,North_Zone,Rajasthan_North,2023,Rabi,Rice,18.67,29.52,94.56,32.86,16.54,6.64,0.536,153.2,27.4,237.6,3760.41
AGR_Nor_2019_01822,North_Zone,Rajasthan_North,2019,Rabi,Soybean,17.93,31.6,86.11,51.54,14.71,7.08,0.997,147.5,19.6,275.4,2666.94
AGR_Nor_2019_01823,North_Zone,Rajasthan_North,2019,Rabi,Cotton,19.72,33.58,106.49,60.38,10.86,6.43,0.291,165.0,11.6,303.0,1849.31
AGR_Nor_2018_01824,North_Zone,Rajasthan_North,2018,Kharif,Pulses,,32.75,539.61,74.95,10.21,6.93,0.462,160.4,20.8,235.1,1978.78
AGR_Nor_2018_01825,North_Zone,Rajasthan_North,2018,Rabi,Soybean,,31.46,126.78,43.23,13.12,5.43,0.634,211.8,21.3,232.4,2422.6
AGR_Nor_2021_01826,North_Zone,UP_Western,2021,Rabi,Soybean,14.89,22.51,163.75,83.97,10.05,5.66,0.212,205.6,36.9,197.4,1988.48
AGR_Nor_2018_01827,North_Zone,Punjab_Central,2018,Kharif,Cotton,21.2,33.07,602.67,72.42,11.12,7.17,0.684,134.8,14.4,115.1,2971.1
AGR_Nor_2021_01828,North_Zone,UP_Western,2021,Kharif,Wheat,20.39,31.95,618.77,67.38,10.0,6.22,0.525,145.1,25.1,177.6,4414.32
AGR_Nor_2023_01829,North_Zone,UP_Western,2023,Rabi,Rice,17.51,24.72,112.63,55.23,12.59,6.45,0.626,120.5,24.7,179.7,3408.18
AGR_Nor_2019_01830,North_Zone,UP_Western,2019,Rabi,Maize,16.68,27.71,148.93,52.49,10.0,6.91,0.803,164.8,23.0,187.3,3413.99
AGR_Nor_2018_01831,North_Zone,Haryana_East,2018,Rabi,Cotton,16.18,27.02,135.32,51.36,11.27,7.42,0.512,175.0,21.4,282.6,2089.79
AGR_Nor_2020_01832,North_Zone,Rajasthan_North,2020,Rabi,Rice,17.66,,187.77,62.35,10.75,6.97,0.606,203.9,16.7,243.5,4509.11
AGR_Nor_2020_01833,North_Zone,Rajasthan_North,2020,Zaid,Soybean,20.6,27.61,74.28,52.36,13.38,6.9,0.631,173.8,30.1,197.9,2341.18
AGR_Nor_2022_01834,North_Zone,UP_Western,2022,Kharif,Soybean,21.24,33.74,517.51,59.08,11.71,6.72,0.83,171.3,21.2,192.0,3326.92
AGR_Nor_2019_01835,North_Zone,Haryana_East,2019,Kharif,Rice,20.41,29.75,712.9,74.25,12.61,7.3,0.564,177.9,16.6,261.8,5162.51
AGR_Nor_2019_01836,North_Zone,Rajasthan_North,2019,Rabi,Maize,16.83,29.68,147.87,54.65,11.21,6.08,0.503,116.8,10.1,223.6,2971.59
AGR_Nor_2018_01837,North_Zone,Rajasthan_North,2018,Kharif,Cotton,22.68,31.22,1013.76,92.39,10.0,6.78,0.863,212.7,16.5,279.9,3285.6
AGR_Nor_2018_01838,North_Zone,Haryana_East,2018,Zaid,Maize,,39.1,84.12,44.07,14.0,6.91,0.511,223.1,26.7,301.4,3478.57
AGR_Nor_2019_01839,North_Zone,UP_Western,2019,Kharif,Maize,20.26,31.34,356.09,52.17,14.13,6.96,0.647,203.4,23.3,184.8,4195.82
AGR_Nor_2022_01840,North_Zone,Haryana_East,2022,Kharif,Soybean,18.25,30.23,779.89,70.92,10.0,7.4,0.591,155.1,24.7,281.0,2616.43
AGR_Nor_2019_01841,North_Zone,Punjab_Central,2019,Zaid,Wheat,23.46,31.67,75.18,55.4,12.43,6.27,0.661,117.0,8.0,199.1,3448.27
AGR_Nor_2020_01842,North_Zone,Punjab_Central,2020,Kharif,Rice,20.96,30.57,947.49,84.42,10.0,6.83,0.766,177.6,26.9,224.0,5028.6
AGR_Nor_2019_01843,North_Zone,Rajasthan_North,2019,Rabi,Pulses,,24.03,135.84,55.29,11.13,7.09,0.614,204.4,27.4,226.5,1443.85
AGR_Nor_2019_01844,North_Zone,Punjab_Central,2019,Kharif,Maize,22.12,31.05,777.34,52.71,11.63,7.1,0.764,206.5,27.6,217.8,4343.43
AGR_Nor_2022_01845,North_Zone,Punjab_Central,2022,Zaid,Soybean,,33.83,51.54,49.67,10.99,6.79,0.547,261.3,24.6,281.1,2839.14
AGR_Nor_2018_01846,North_Zone,UP_Western,2018,Kharif,Soybean,20.68,30.52,537.62,51.08,12.82,6.64,0.692,173.7,28.9,183.5,3192.41
AGR_Nor_2018_01847,North_Zone,Punjab_Central,2018,Kharif,Pulses,,33.74,956.74,85.83,10.0,6.7,0.678,155.6,20.7,244.2,2535.1
AGR_Nor_2019_01848,North_Zone,Rajasthan_North,2019,Kharif,Cotton,19.53,27.25,510.55,59.07,12.39,6.41,0.624,246.9,27.1,208.3,2803.52
AGR_Nor_2022_01849,North_Zone,Rajasthan_North,2022,Zaid,Soybean,,31.69,110.11,37.15,18.27,6.46,0.53,205.8,21.0,191.2,2340.03
AGR_Nor_2022_01850,North_Zone,Haryana_East,2022,Kharif,Rice,21.06,28.85,563.04,,10.0,6.68,0.768,229.9,21.2,301.0,5186.12
AGR_Nor_2018_01851,North_Zone,UP_Western,2018,Rabi,Cotton,18.37,27.1,60.02,48.11,15.22,5.94,0.677,178.5,18.3,185.7,1937.98
AGR_Nor_2018_01852,North_Zone,Haryana_East,2018,Rabi,Rice,18.74,32.38,29.17,49.61,10.06,6.99,0.332,184.9,27.1,284.8,3818.2
AGR_Nor_2020_01853,North_Zone,Punjab_Central,2020,Rabi,Maize,16.8,25.64,92.21,43.59,13.17,6.97,0.538,166.2,23.5,257.0,3197.42
AGR_Nor_2021_01854,North_Zone,UP_Western,2021,Kharif,Maize,,33.14,745.69,74.07,10.0,6.96,0.915,192.2,28.3,244.4,4409.53
AGR_Nor_2020_01855,North_Zone,Punjab_Central,2020,Kharif,Soybean,21.05,31.27,387.76,49.2,14.45,7.16,0.502,215.0,26.5,196.1,3099.79
AGR_Nor_2023_01856,North_Zone,UP_Western,2023,Rabi,Soybean,14.79,27.7,110.6,,13.64,5.9,0.684,120.2,31.2,193.2,2184.66
AGR_Nor_2023_01857,North_Zone,UP_Western,2023,Kharif,Pulses,19.77,30.64,637.4,66.66,12.87,6.86,0.965,183.4,12.8,201.0,2199.46
AGR_Nor_2018_01858,North_Zone,Haryana_East,2018,Kharif,Maize,21.64,33.94,398.39,49.64,13.01,6.71,0.533,168.0,29.9,299.8,4034.66
AGR_Nor_2019_01859,North_Zone,UP_Western,2019,Rabi,Soybean,16.96,30.58,188.79,65.12,10.0,7.78,0.567,210.6,25.0,120.1,2607.88
AGR_Nor_2018_01860,North_Zone,UP_Western,2018,Kharif,Rice,20.5,,968.1,80.6,10.0,7.11,0.683,118.0,25.1,218.0,4799.68
AGR_Nor_2019_01861,North_Zone,Haryana_East,2019,Rabi,Soybean,17.65,25.43,108.23,73.54,11.43,6.93,0.444,120.5,21.6,258.0,1843.8
AGR_Nor_2022_01862,North_Zone,UP_Western,2022,Rabi,Maize,14.04,21.7,143.57,46.26,13.87,7.95,0.873,188.5,26.7,177.2,3529.58
AGR_Nor_2018_01863,North_Zone,UP_Western,2018,Kharif,Pulses,18.44,31.9,578.3,91.0,11.71,6.88,0.251,264.9,26.9,185.2,2320.93
AGR_Nor_2018_01864,North_Zone,Punjab_Central,2018,Rabi,Maize,15.07,22.6,186.28,50.09,14.78,7.0,0.792,218.9,11.6,270.8,3679.96
AGR_Nor_2023_01865,North_Zone,Punjab_Central,2023,Kharif,Soybean,18.28,32.17,801.82,78.63,15.55,6.39,0.555,156.6,18.6,246.7,3093.18
AGR_Nor_2023_01866,North_Zone,Haryana_East,2023,Zaid,Soybean,21.12,30.48,76.09,,10.0,7.22,0.577,165.5,23.3,168.7,2194.13
AGR_Nor_2022_01867,North_Zone,Haryana_East,2022,Kharif,Cotton,20.64,32.98,526.3,74.86,12.31,5.98,0.835,122.3,24.2,188.9,3036.14
AGR_Nor_2023_01868,North_Zone,UP_Western,2023,Kharif,Wheat,20.74,,392.91,76.93,10.11,7.38,0.629,126.1,22.5,204.6,4162.51
AGR_Nor_2018_01869,North_Zone,Punjab_Central,2018,Rabi,Rice,18.41,30.34,112.15,69.87,12.83,6.7,0.453,214.7,23.7,165.8,4396.0
AGR_Nor_2020_01870,North_Zone,Haryana_East,2020,Zaid,Cotton,21.77,35.64,44.91,38.74,17.85,6.24,0.6,185.6,17.6,110.0,2128.45
AGR_Nor_2019_01871,North_Zone,Rajasthan_North,2019,Kharif,Pulses,20.52,32.69,,58.72,10.0,6.68,0.674,163.1,24.5,202.0,2010.26
AGR_Nor_2019_01872,North_Zone,Rajasthan_North,2019,Kharif,Cotton,22.2,31.46,759.0,,11.96,6.76,0.693,159.3,21.0,214.2,2881.49
AGR_Nor_2022_01873,North_Zone,Punjab_Central,2022,Kharif,Pulses,19.85,29.6,631.08,81.09,10.0,7.12,0.477,150.4,22.0,233.9,1785.24
AGR_Nor_2019_01874,North_Zone,UP_Western,2019,Kharif,Soybean,21.48,35.19,620.47,,13.64,6.97,0.408,146.2,33.2,258.7,3123.5
AGR_Nor_2020_01875,North_Zone,Haryana_East,2020,Kharif,Cotton,20.98,34.47,665.47,67.84,10.23,5.61,0.737,144.8,33.2,197.1,3139.81
AGR_Nor_2021_01876,North_Zone,Punjab_Central,2021,Rabi,Soybean,17.04,26.28,157.67,48.91,10.83,6.92,0.625,118.0,19.6,270.4,1933.41
AGR_Nor_2020_01877,North_Zone,UP_Western,2020,Kharif,Wheat,22.21,35.08,830.98,75.81,11.27,7.04,0.758,212.3,15.7,177.0,5209.84
AGR_Nor_2019_01878,North_Zone,Punjab_Central,2019,Rabi,Soybean,15.33,27.61,212.38,58.93,12.12,6.53,0.635,233.6,18.1,226.6,2701.61
AGR_Nor_2018_01879,North_Zone,Rajasthan_North,2018,Rabi,Rice,16.95,24.06,,44.03,13.72,6.78,0.964,151.1,28.0,231.3,4465.9
AGR_Nor_2023_01880,North_Zone,Rajasthan_North,2023,Rabi,Soybean,14.32,21.74,109.04,73.39,10.0,7.36,0.423,220.3,21.6,232.0,1949.95
AGR_Nor_2022_01881,North_Zone,Rajasthan_North,2022,Kharif,Cotton,20.51,34.07,456.14,89.01,10.0,6.32,0.722,186.5,24.6,110.0,3011.8
AGR_Nor_2022_01882,North_Zone,Punjab_Central,2022,Zaid,Rice,21.64,28.78,52.86,47.74,11.2,6.56,0.84,153.0,25.7,244.4,4045.04
AGR_Nor_2019_01883,North_Zone,UP_Western,2019,Kharif,Pulses,19.21,26.66,119.5,45.93,13.17,6.37,0.531,139.9,17.8,176.2,1161.67
AGR_Nor_2023_01884,North_Zone,Punjab_Central,2023,Kharif,Soybean,21.62,29.75,736.02,68.81,11.05,7.59,0.451,164.3,20.2,350.0,3062.38
AGR_Nor_2021_01885,North_Zone,Haryana_East,2021,Kharif,Rice,22.17,31.39,918.58,93.3,10.0,7.04,0.348,168.4,29.3,174.9,4731.98
AGR_Nor_2020_01886,North_Zone,Punjab_Central,2020,Kharif,Maize,20.25,31.47,728.73,80.62,13.51,5.87,0.614,206.6,17.5,243.0,4208.19
AGR_Nor_2021_01887,North_Zone,Punjab_Central,2021,Rabi,Rice,18.42,28.49,94.59,42.57,17.2,6.21,0.827,245.3,21.4,205.2,4723.96
AGR_Nor_2021_01888,North_Zone,Haryana_East,2021,Rabi,Maize,15.25,28.93,117.55,40.57,13.64,7.25,0.874,180.8,23.6,188.7,3671.21
AGR_Nor_2019_01889,North_Zone,UP_Western,2019,Kharif,Pulses,,29.32,1030.88,78.81,10.0,5.39,0.656,130.7,21.8,156.7,1765.0
AGR_Nor_2023_01890,North_Zone,Rajasthan_North,2023,Rabi,Cotton,18.85,29.69,87.29,41.72,16.63,7.09,0.521,232.6,14.8,240.0,2114.36
AGR_Nor_2020_01891,North_Zone,Rajasthan_North,2020,Rabi,Maize,17.82,31.22,162.94,55.61,10.81,6.23,0.72,150.9,11.3,208.6,3591.32
AGR_Nor_2022_01892,North_Zone,Punjab_Central,2022,Kharif,Maize,20.96,31.45,489.96,50.96,14.78,6.73,0.293,167.6,22.7,253.0,3662.98
AGR_Nor_2019_01893,North_Zone,Haryana_East,2019,Zaid,Maize,24.24,35.45,68.89,30.3,15.62,8.31,0.278,250.0,26.3,133.6,3455.77
AGR_Nor_2018_01894,North_Zone,Punjab_Central,2018,Kharif,Soybean,19.39,26.8,666.17,71.37,10.0,7.13,0.789,139.8,27.2,208.8,2928.78
AGR_Nor_2020_01895,North_Zone,Rajasthan_North,2020,Rabi,Wheat,19.21,28.27,49.71,47.32,12.57,6.54,0.575,137.0,23.9,146.0,3192.94
AGR_Nor_2020_01896,North_Zone,Rajasthan_North,2020,Kharif,Rice,21.48,31.86,619.54,89.09,10.0,6.68,0.68,192.8,14.7,177.3,5208.82
AGR_Nor_2020_01897,North_Zone,UP_Western,2020,Rabi,Soybean,17.46,24.75,145.82,55.15,11.67,6.24,0.321,231.1,17.8,168.3,2198.04
AGR_Nor_2020_01898,North_Zone,Punjab_Central,2020,Kharif,Cotton,24.3,37.38,,87.98,11.45,7.18,1.017,162.6,16.0,179.6,3370.02
AGR_Nor_2022_01899,North_Zone,Punjab_Central,2022,Rabi,Rice,15.51,23.39,103.62,62.13,10.0,6.85,0.382,182.7,12.2,172.2,3875.84
AGR_Nor_2022_01900,North_Zone,Haryana_East,2022,Kharif,Cotton,21.41,33.36,329.7,66.83,10.94,5.92,0.879,186.8,27.7,197.7,2949.97
AGR_Nor_2021_01901,North_Zone,UP_Western,2021,Kharif,Soybean,22.75,30.66,380.51,55.73,14.3,6.71,0.586,182.1,15.8,267.4,3158.16
AGR_Nor_2020_01902,North_Zone,Rajasthan_North,2020,Rabi,Pulses,17.0,29.76,134.03,56.83,12.19,6.68,0.679,205.9,16.7,201.5,1724.1
AGR_Nor_2023_01903,North_Zone,Rajasthan_North,2023,Zaid,Wheat,26.31,37.53,59.76,67.81,10.0,7.3,0.69,158.5,39.6,216.9,3669.2
AGR_Nor_2023_01904,North_Zone,Punjab_Central,2023,Rabi,Soybean,18.02,31.65,116.57,70.35,13.36,6.23,0.473,109.1,20.9,205.0,2167.95
AGR_Nor_2018_01905,North_Zone,Rajasthan_North,2018,Kharif,Cotton,19.63,28.81,528.02,74.38,11.05,7.35,0.579,187.5,26.8,285.4,2770.79
AGR_Nor_2018_01906,North_Zone,Haryana_East,2018,Rabi,Cotton,15.63,26.76,130.68,63.64,10.62,6.31,0.58,192.8,14.8,186.5,2031.29
AGR_Nor_2023_01907,North_Zone,UP_Western,2023,Kharif,Pulses,19.79,27.04,978.02,77.78,12.02,7.09,0.636,208.7,24.6,240.3,2156.44
AGR_Nor_2020_01908,North_Zone,Punjab_Central,2020,Rabi,Pulses,16.69,30.16,80.54,65.27,13.21,6.76,0.608,115.5,29.3,195.2,1075.82
AGR_Nor_2022_01909,North_Zone,Punjab_Central,2022,Kharif,Maize,22.01,34.01,966.06,89.01,10.0,8.24,0.521,155.0,26.2,218.8,3862.79
AGR_Nor_2018_01910,North_Zone,Haryana_East,2018,Rabi,Cotton,17.57,26.19,95.47,53.28,11.95,7.41,0.43,165.1,14.8,147.9,1660.61
AGR_Nor_2020_01911,North_Zone,Rajasthan_North,2020,Kharif,Rice,19.62,32.35,608.44,80.64,10.0,7.01,0.495,144.8,14.9,227.1,4550.75
AGR_Nor_2022_01912,North_Zone,Rajasthan_North,2022,Rabi,Cotton,14.19,21.62,135.8,50.25,11.5,6.49,0.714,112.9,10.8,187.9,1684.75
AGR_Nor_2018_01913,North_Zone,Haryana_East,2018,Rabi,Pulses,15.88,29.39,134.19,63.31,14.45,6.18,0.643,130.5,22.0,140.1,1592.49
AGR_Nor_2023_01914,North_Zone,Haryana_East,2023,Kharif,Cotton,21.35,35.24,653.84,63.91,10.82,6.58,0.617,156.9,24.9,205.7,3021.21
AGR_Nor_2020_01915,North_Zone,Haryana_East,2020,Kharif,Soybean,21.27,32.56,506.4,51.57,10.79,6.75,0.473,193.4,21.2,189.6,3436.84
AGR_Nor_2018_01916,North_Zone,Punjab_Central,2018,Rabi,Soybean,,28.56,121.73,48.08,12.99,5.9,0.755,133.8,27.5,162.2,2429.76
AGR_Nor_2018_01917,North_Zone,UP_Western,2018,Rabi,Pulses,17.6,,71.84,33.71,15.2,6.3,0.877,107.5,24.3,245.0,1064.54
AGR_Nor_2022_01918,North_Zone,UP_Western,2022,Rabi,Soybean,16.82,28.95,51.82,38.99,16.29,8.05,0.704,248.8,22.9,342.7,2179.48
AGR_Nor_2022_01919,North_Zone,UP_Western,2022,Rabi,Rice,16.47,28.42,90.72,55.95,12.92,5.61,1.051,187.3,28.9,137.2,4892.11
AGR_Nor_2020_01920,North_Zone,Haryana_East,2020,Kharif,Pulses,20.83,29.82,615.95,82.83,10.0,7.31,0.354,232.9,25.5,193.2,2310.58
AGR_Nor_2020_01921,North_Zone,Punjab_Central,2020,Zaid,Soybean,22.5,35.23,65.79,49.01,15.3,7.34,1.112,175.7,25.6,231.0,2826.35
AGR_Nor_2022_01922,North_Zone,UP_Western,2022,Kharif,Maize,,,578.14,66.42,11.49,6.97,0.775,143.7,15.3,136.7,3942.38
AGR_Nor_2023_01923,North_Zone,UP_Western,2023,Rabi,Maize,15.01,26.65,111.04,38.62,17.07,6.62,0.529,196.5,21.8,173.0,3027.59
AGR_Nor_2021_01924,North_Zone,Haryana_East,2021,Rabi,Pulses,19.09,29.23,152.93,66.29,10.48,7.95,0.68,256.8,23.8,184.7,1545.35
AGR_Nor_2018_01925,North_Zone,Rajasthan_North,2018,Kharif,Cotton,19.47,32.22,473.6,51.67,13.33,5.62,0.363,165.9,16.7,268.3,2664.79
AGR_Nor_2022_01926,North_Zone,Punjab_Central,2022,Kharif,Maize,22.66,,584.58,,10.75,6.65,0.324,185.4,28.6,175.5,3891.65
AGR_Nor_2022_01927,North_Zone,Punjab_Central,2022,Kharif,Maize,24.42,35.14,903.35,,10.0,7.19,0.642,242.4,28.8,169.5,4656.52
AGR_Nor_2022_01928,North_Zone,Haryana_East,2022,Zaid,Soybean,23.16,30.94,,57.58,11.45,7.02,0.601,172.3,16.2,219.0,2044.53
AGR_Nor_2019_01929,North_Zone,Rajasthan_North,2019,Kharif,Wheat,19.0,31.53,577.93,50.77,15.04,7.11,0.289,157.3,21.4,209.9,4405.34
AGR_Nor_2018_01930,North_Zone,Punjab_Central,2018,Rabi,Pulses,19.34,33.06,119.26,71.26,10.0,6.03,0.892,203.1,31.5,177.9,1733.63
AGR_Nor_2018_01931,North_Zone,Punjab_Central,2018,Kharif,Wheat,21.09,33.1,868.68,92.25,10.0,6.53,0.705,255.5,18.1,251.1,5128.92
AGR_Nor_2019_01932,North_Zone,Haryana_East,2019,Rabi,Rice,21.78,33.85,138.42,41.05,13.52,7.31,0.759,203.3,18.9,148.4,4849.41
AGR_Nor_2018_01933,North_Zone,Haryana_East,2018,Rabi,Rice,16.32,23.72,117.56,,10.46,6.78,0.612,227.6,17.3,258.1,4149.28
AGR_Nor_2018_01934,North_Zone,Rajasthan_North,2018,Kharif,Wheat,20.34,31.5,1039.71,67.57,13.83,6.36,0.625,132.6,21.8,148.3,4300.04
AGR_Nor_2023_01935,North_Zone,Rajasthan_North,2023,Kharif,Soybean,21.14,34.9,504.92,67.78,10.0,5.93,0.686,185.9,10.4,205.6,3563.35
AGR_Nor_2018_01936,North_Zone,Punjab_Central,2018,Rabi,Maize,12.19,21.6,179.71,72.13,11.89,6.17,0.761,141.2,23.6,222.5,2983.62
AGR_Nor_2021_01937,North_Zone,Haryana_East,2021,Kharif,Wheat,20.68,30.11,853.36,83.82,10.0,6.5,0.828,217.6,17.6,277.1,4905.13
AGR_Nor_2019_01938,North_Zone,UP_Western,2019,Kharif,Maize,20.49,,599.35,80.21,10.49,6.17,0.652,185.7,17.7,263.8,4127.5
AGR_Nor_2022_01939,North_Zone,Haryana_East,2022,Kharif,Rice,18.87,,399.69,84.3,10.39,6.14,0.641,204.0,19.1,181.9,5425.88
AGR_Nor_2023_01940,North_Zone,Haryana_East,2023,Rabi,Pulses,14.02,22.77,33.39,41.65,14.34,7.29,0.65,204.8,29.4,232.7,1081.4
AGR_Nor_2018_01941,North_Zone,Haryana_East,2018,Kharif,Rice,21.64,,551.36,65.87,13.0,7.13,0.478,236.9,26.1,152.2,5253.49
AGR_Nor_2021_01942,North_Zone,Rajasthan_North,2021,Zaid,Soybean,,30.61,43.46,,10.0,6.41,0.859,188.5,26.3,204.6,2174.68
AGR_Nor_2021_01943,North_Zone,Haryana_East,2021,Zaid,Soybean,22.95,35.93,65.54,,13.8,6.77,0.868,198.1,12.3,224.4,2496.55
AGR_Nor_2023_01944,North_Zone,Rajasthan_North,2023,Rabi,Wheat,16.54,29.54,198.08,47.81,11.9,6.5,0.772,226.9,19.6,170.7,4616.32
AGR_Nor_2022_01945,North_Zone,Haryana_East,2022,Kharif,Maize,22.72,,585.27,72.61,10.0,8.0,0.815,130.7,24.4,276.4,4142.29
AGR_Nor_2018_01946,North_Zone,Haryana_East,2018,Rabi,Wheat,18.57,29.54,160.0,63.81,14.19,5.48,0.45,140.9,25.4,201.0,3048.03
AGR_Nor_2020_01947,North_Zone,Punjab_Central,2020,Rabi,Soybean,15.81,23.61,142.84,38.34,16.65,7.13,0.825,171.0,36.2,224.1,2175.27
AGR_Nor_2023_01948,North_Zone,UP_Western,2023,Kharif,Wheat,21.66,29.42,650.01,91.76,10.0,7.14,0.565,202.3,21.0,235.1,4801.45
AGR_Nor_2022_01949,North_Zone,Haryana_East,2022,Kharif,Pulses,22.67,36.47,808.99,64.38,11.79,6.84,0.708,204.1,29.0,240.3,2079.76
AGR_Nor_2018_01950,North_Zone,Punjab_Central,2018,Kharif,Rice,21.19,35.08,639.49,73.48,10.0,5.77,0.985,183.6,23.0,174.8,5684.15
AGR_Nor_2020_01951,North_Zone,Haryana_East,2020,Kharif,Pulses,,29.98,480.38,46.44,13.55,6.87,0.758,171.1,14.8,122.7,2036.19
AGR_Nor_2023_01952,North_Zone,Haryana_East,2023,Rabi,Wheat,17.5,31.22,95.69,59.25,12.98,6.6,0.73,146.2,20.4,189.1,3704.88
AGR_Nor_2018_01953,North_Zone,Rajasthan_North,2018,Rabi,Cotton,18.61,27.71,,46.77,13.89,7.65,0.2,168.1,23.6,129.4,1794.57
AGR_Nor_2018_01954,North_Zone,UP_Western,2018,Kharif,Soybean,22.06,29.94,239.83,66.85,12.7,6.1,0.528,196.1,22.8,178.3,2794.44
AGR_Nor_2018_01955,North_Zone,UP_Western,2018,Kharif,Wheat,23.4,31.92,529.67,81.99,10.0,6.24,0.716,117.4,23.5,208.5,4368.07
AGR_Nor_2018_01956,North_Zone,Punjab_Central,2018,Rabi,Pulses,17.74,27.3,188.21,,11.56,6.75,0.646,171.1,19.9,166.0,1563.01
AGR_Nor_2020_01957,North_Zone,Rajasthan_North,2020,Rabi,Soybean,16.18,24.83,118.83,64.55,10.0,6.47,0.633,193.9,21.2,246.8,2211.97
AGR_Nor_2019_01958,North_Zone,Punjab_Central,2019,Rabi,Maize,17.15,25.95,146.0,60.14,12.42,7.26,0.534,124.2,16.8,110.0,2973.76
AGR_Nor_2023_01959,North_Zone,Haryana_East,2023,Kharif,Rice,21.21,28.35,568.88,62.79,10.0,6.29,0.909,182.2,27.5,264.0,5034.14
AGR_Nor_2022_01960,North_Zone,UP_Western,2022,Kharif,Cotton,19.15,31.48,584.9,64.54,12.33,6.48,0.253,190.4,19.7,240.6,2708.83
AGR_Nor_2022_01961,North_Zone,Rajasthan_North,2022,Zaid,Cotton,25.08,37.19,86.63,58.49,15.78,6.81,0.712,178.3,20.1,233.8,2189.85
AGR_Nor_2019_01962,North_Zone,UP_Western,2019,Rabi,Cotton,15.94,22.96,121.42,38.55,14.8,6.89,0.807,114.6,17.7,260.8,1876.08
AGR_Nor_2022_01963,North_Zone,Haryana_East,2022,Kharif,Rice,21.24,34.15,654.03,92.37,10.0,6.63,0.423,173.4,27.8,192.8,4753.0
AGR_Nor_2022_01964,North_Zone,Punjab_Central,2022,Rabi,Soybean,16.68,27.84,92.54,53.76,11.68,7.21,0.539,264.6,27.5,165.1,2025.4
AGR_Nor_2018_01965,North_Zone,Haryana_East,2018,Rabi,Pulses,17.36,28.72,188.66,51.87,12.34,7.21,0.862,155.2,23.5,121.8,1514.08
AGR_Nor_2018_01966,North_Zone,Haryana_East,2018,Rabi,Maize,17.64,31.17,148.25,65.11,10.0,6.66,0.2,118.9,18.7,180.1,2751.04
AGR_Nor_2023_01967,North_Zone,UP_Western,2023,Rabi,Rice,15.58,28.38,134.31,50.55,11.37,7.52,0.515,176.2,17.0,299.4,3815.0
AGR_Nor_2020_01968,North_Zone,UP_Western,2020,Kharif,Pulses,23.27,34.14,672.66,72.43,10.42,5.89,0.715,157.0,16.8,164.4,2362.42
AGR_Nor_2020_01969,North_Zone,Rajasthan_North,2020,Rabi,Rice,18.46,28.99,115.73,58.79,10.0,6.35,0.518,174.1,20.4,242.3,4147.73
AGR_Nor_2019_01970,North_Zone,Rajasthan_North,2019,Kharif,Wheat,22.59,34.86,799.14,70.98,12.77,5.75,0.574,207.7,25.7,185.0,4929.82
AGR_Nor_2023_01971,North_Zone,Rajasthan_North,2023,Rabi,Soybean,19.02,32.81,119.46,50.04,10.73,6.66,0.646,138.7,20.2,154.2,2417.92
AGR_Nor_2018_01972,North_Zone,Haryana_East,2018,Rabi,Cotton,,27.31,175.94,31.72,15.71,7.22,0.763,189.8,22.5,141.7,2408.11
AGR_Nor_2020_01973,North_Zone,UP_Western,2020,Kharif,Cotton,19.73,29.93,799.29,,14.19,7.87,0.721,195.4,18.2,219.0,2972.42
AGR_Nor_2022_01974,North_Zone,Haryana_East,2022,Kharif,Wheat,20.83,29.59,735.02,85.98,12.58,7.62,0.357,167.7,17.6,240.0,4162.78
AGR_Nor_2018_01975,North_Zone,UP_Western,2018,Kharif,Cotton,20.66,30.89,783.83,73.76,13.56,6.26,0.221,232.5,19.1,209.3,2952.3
AGR_Nor_2018_01976,North_Zone,UP_Western,2018,Rabi,Rice,19.92,32.49,119.36,58.7,17.48,6.24,0.874,173.5,23.5,224.0,4706.07
AGR_Nor_2021_01977,North_Zone,UP_Western,2021,Rabi,Pulses,18.41,28.95,110.21,50.98,11.82,6.38,0.507,90.0,17.1,246.1,766.59
AGR_Nor_2023_01978,North_Zone,Rajasthan_North,2023,Zaid,Pulses,23.88,31.08,64.46,50.13,12.34,6.4,0.458,155.0,21.5,126.9,1395.31
AGR_Nor_2022_01979,North_Zone,Haryana_East,2022,Kharif,Maize,18.85,30.19,1087.36,75.39,10.0,6.93,0.535,200.9,19.3,181.0,3904.79
AGR_Nor_2020_01980,North_Zone,Rajasthan_North,2020,Kharif,Cotton,21.94,35.93,677.25,,10.0,6.72,0.333,164.7,10.6,350.0,2611.9
AGR_Nor_2022_01981,North_Zone,Rajasthan_North,2022,Rabi,Maize,17.56,30.94,78.95,56.72,12.06,6.97,0.513,187.9,20.3,197.0,3048.99
AGR_Nor_2021_01982,North_Zone,Punjab_Central,2021,Kharif,Rice,21.08,32.6,890.97,91.52,10.0,6.81,0.711,143.8,22.1,257.3,4909.9
AGR_Nor_2021_01983,North_Zone,Rajasthan_North,2021,Kharif,Cotton,17.64,28.92,594.95,67.92,10.0,6.44,0.741,186.8,26.6,110.0,2997.62
AGR_Nor_2018_01984,North_Zone,UP_Western,2018,Kharif,Soybean,20.92,28.19,707.97,,10.82,6.45,0.548,173.6,21.1,209.6,3003.85
AGR_Nor_2020_01985,North_Zone,Punjab_Central,2020,Kharif,Soybean,20.39,33.66,313.23,67.78,11.4,6.76,0.741,129.3,24.7,179.1,3031.83
AGR_Nor_2021_01986,North_Zone,Punjab_Central,2021,Kharif,Pulses,17.36,24.88,,86.89,10.0,7.04,0.611,280.0,27.4,118.5,2187.14
AGR_Nor_2020_01987,North_Zone,Punjab_Central,2020,Kharif,Rice,20.94,28.98,352.17,36.44,14.56,7.39,0.504,192.4,20.5,315.8,4963.56
AGR_Nor_2021_01988,North_Zone,Punjab_Central,2021,Kharif,Wheat,19.18,29.1,935.56,82.78,10.0,6.67,0.784,199.8,25.3,204.2,4640.53
AGR_Nor_2023_01989,North_Zone,Punjab_Central,2023,Kharif,Maize,17.99,30.64,1062.04,92.83,10.0,5.87,0.333,168.1,23.2,231.6,3681.53
AGR_Nor_2023_01990,North_Zone,Punjab_Central,2023,Kharif,Wheat,19.8,28.58,877.64,78.76,10.0,6.85,0.577,91.0,13.6,110.0,3908.54
AGR_Nor_2023_01991,North_Zone,Rajasthan_North,2023,Kharif,Wheat,19.41,32.17,524.92,52.63,10.0,8.13,0.803,164.2,22.5,188.0,4721.06
AGR_Nor_2022_01992,North_Zone,Punjab_Central,2022,Rabi,Maize,17.11,26.24,53.19,55.56,11.84,6.33,0.824,202.1,29.9,167.1,3182.22
AGR_Nor_2020_01993,North_Zone,Punjab_Central,2020,Kharif,Maize,20.58,30.6,1043.26,79.98,14.3,5.8,0.733,159.3,25.0,211.9,3930.52
AGR_Nor_2022_01994,North_Zone,Rajasthan_North,2022,Kharif,Wheat,21.17,32.61,1095.33,86.47,10.0,7.17,0.541,179.3,20.7,247.9,4495.66
AGR_Nor_2023_01995,North_Zone,Rajasthan_North,2023,Kharif,Pulses,20.46,33.61,728.35,62.7,11.9,6.99,0.997,177.2,19.8,222.7,2588.34
AGR_Nor_2020_01996,North_Zone,Punjab_Central,2020,Rabi,Maize,16.14,28.66,149.86,46.77,14.85,7.52,0.421,154.3,18.0,240.4,3057.74
AGR_Nor_2020_01997,North_Zone,UP_Western,2020,Kharif,Wheat,21.73,32.92,858.1,66.7,11.91,7.01,0.624,172.1,18.6,139.5,4563.94
AGR_Nor_2022_01998,North_Zone,Haryana_East,2022,Rabi,Rice,18.85,27.82,113.88,41.26,10.84,6.64,0.2,183.0,11.6,222.7,3786.33
AGR_Nor_2018_01999,North_Zone,Rajasthan_North,2018,Rabi,Pulses,16.71,29.15,135.63,72.83,11.5,7.26,0.793,203.4,34.4,217.5,1491.06
AGR_Nor_2020_02000,North_Zone,Haryana_East,2020,Kharif,Maize,22.18,29.27,1258.65,,10.0,7.22,0.699,214.6,15.9,191.0,4469.76
AGR_Nor_2022_02001,North_Zone,Haryana_East,2022,Rabi,Soybean,17.64,30.57,132.6,,10.0,6.94,0.608,133.2,25.2,248.9,2280.38
AGR_Nor_2022_02002,North_Zone,Haryana_East,2022,Zaid,Wheat,24.69,37.75,30.62,44.49,13.5,6.82,0.766,169.3,22.2,218.4,3713.31
AGR_Nor_2018_02003,North_Zone,Rajasthan_North,2018,Zaid,Wheat,24.05,36.26,35.96,43.17,13.3,6.28,0.731,188.8,26.1,195.8,4055.08
AGR_Nor_2018_02004,North_Zone,Haryana_East,2018,Rabi,Soybean,16.27,24.41,165.11,40.79,12.24,6.67,0.534,251.9,14.1,208.0,2159.63
AGR_Nor_2022_02005,North_Zone,Punjab_Central,2022,Rabi,Pulses,15.98,27.77,164.88,30.0,15.57,7.57,0.834,134.5,18.7,242.6,1297.36
AGR_Nor_2021_02006,North_Zone,Punjab_Central,2021,Rabi,Pulses,16.29,28.64,141.0,48.7,11.66,6.77,0.751,142.3,21.2,274.1,1084.87
AGR_Nor_2023_02007,North_Zone,Rajasthan_North,2023,Kharif,Pulses,18.59,26.4,,70.53,10.73,7.42,0.55,249.0,25.5,188.1,2024.78
AGR_Nor_2020_02008,North_Zone,Haryana_East,2020,Kharif,Rice,23.44,,726.65,70.05,12.87,6.78,0.611,173.4,27.6,299.2,5161.91
AGR_Nor_2019_02009,North_Zone,UP_Western,2019,Kharif,Wheat,21.58,,506.69,58.53,11.01,6.1,0.702,175.1,9.1,225.2,4802.71
AGR_Nor_2018_02010,North_Zone,UP_Western,2018,Kharif,Soybean,19.45,29.96,551.67,62.63,14.26,6.01,0.785,212.8,29.3,259.5,3490.44
AGR_Nor_2021_02011,North_Zone,Haryana_East,2021,Kharif,Soybean,23.32,35.84,465.31,68.91,11.83,7.09,0.772,239.2,16.2,189.8,3685.17
AGR_Nor_2018_02012,North_Zone,Haryana_East,2018,Rabi,Soybean,18.19,28.99,193.22,74.02,12.61,6.72,0.365,146.4,25.2,223.2,2252.8
AGR_Nor_2020_02013,North_Zone,Haryana_East,2020,Zaid,Cotton,21.84,32.11,87.3,55.33,13.12,6.54,0.634,217.5,36.4,216.6,2338.0
AGR_Nor_2020_02014,North_Zone,Haryana_East,2020,Kharif,Cotton,22.99,35.85,950.76,93.47,10.0,6.99,0.606,138.9,30.9,212.7,3107.78
AGR_Nor_2023_02015,North_Zone,UP_Western,2023,Rabi,Maize,17.97,25.78,180.1,46.25,13.57,7.41,0.492,176.7,16.4,237.5,3240.12
AGR_Nor_2018_02016,North_Zone,Punjab_Central,2018,Rabi,Rice,17.71,31.56,152.41,,14.58,6.41,0.79,145.1,17.2,175.6,4373.23
AGR_Nor_2022_02017,North_Zone,Haryana_East,2022,Kharif,Rice,22.5,,506.65,56.7,10.15,5.71,0.69,172.5,14.2,208.7,5054.86
AGR_Nor_2020_02018,North_Zone,Rajasthan_North,2020,Rabi,Wheat,16.57,28.49,87.61,43.09,16.55,6.59,0.629,215.5,15.4,186.0,3725.28
AGR_Nor_2020_02019,North_Zone,Haryana_East,2020,Rabi,Maize,17.47,30.21,118.29,62.08,10.0,5.85,0.721,192.5,17.3,226.4,3212.66
AGR_Nor_2020_02020,North_Zone,Rajasthan_North,2020,Rabi,Rice,15.88,26.0,120.85,46.01,10.57,6.95,0.532,198.7,24.7,220.3,4513.39
AGR_Nor_2019_02021,North_Zone,Haryana_East,2019,Kharif,Wheat,22.5,34.6,,58.72,14.07,6.97,0.815,218.1,21.0,283.6,4907.72
AGR_Nor_2020_02022,North_Zone,Rajasthan_North,2020,Zaid,Cotton,23.89,31.16,61.45,30.55,15.48,6.19,0.679,169.8,11.6,207.2,2063.61
AGR_Nor_2018_02023,North_Zone,UP_Western,2018,Rabi,Wheat,15.92,28.85,,56.4,10.35,6.15,1.011,254.5,21.5,175.0,4230.07
AGR_Nor_2019_02024,North_Zone,Punjab_Central,2019,Rabi,Pulses,17.82,26.69,74.53,63.65,10.0,6.81,0.781,210.6,25.8,212.0,1479.9
AGR_Nor_2022_02025,North_Zone,Rajasthan_North,2022,Rabi,Pulses,16.43,26.6,,54.88,13.28,7.0,0.648,170.8,27.5,166.5,1232.66
AGR_Nor_2022_02026,North_Zone,Rajasthan_North,2022,Kharif,Rice,19.92,29.08,812.33,65.86,13.17,7.38,0.241,255.7,22.5,256.0,4889.68
AGR_Nor_2020_02027,North_Zone,Rajasthan_North,2020,Kharif,Pulses,21.27,30.57,725.83,78.47,10.0,6.67,0.984,169.2,11.8,231.2,2354.04
AGR_Nor_2021_02028,North_Zone,UP_Western,2021,Rabi,Wheat,15.33,29.27,196.44,56.48,11.17,5.83,0.611,128.8,23.8,118.8,3343.66
AGR_Nor_2018_02029,North_Zone,Punjab_Central,2018,Kharif,Pulses,22.52,36.14,684.45,69.97,13.1,6.46,0.992,133.4,17.7,270.8,2262.0
AGR_Nor_2022_02030,North_Zone,Rajasthan_North,2022,Kharif,Wheat,21.97,32.52,839.5,74.14,10.0,7.32,0.657,120.2,24.6,165.1,4405.23
AGR_Nor_2018_02031,North_Zone,Haryana_East,2018,Zaid,Cotton,24.05,34.65,69.53,38.8,13.17,7.02,0.52,170.3,16.2,288.0,2010.56
AGR_Nor_2018_02032,North_Zone,Punjab_Central,2018,Rabi,Wheat,17.04,25.68,172.99,54.27,13.5,6.82,0.557,234.5,25.6,211.8,3835.15
AGR_Nor_2021_02033,North_Zone,Rajasthan_North,2021,Kharif,Pulses,20.16,27.99,751.5,80.6,11.23,7.01,0.692,177.6,20.3,110.1,2068.81
AGR_Nor_2019_02034,North_Zone,Punjab_Central,2019,Kharif,Wheat,20.17,33.62,603.71,,10.0,7.21,0.779,164.5,24.0,237.5,4696.89
AGR_Nor_2018_02035,North_Zone,Punjab_Central,2018,Rabi,Cotton,16.1,29.81,101.98,53.12,12.49,5.8,0.798,214.9,24.3,190.9,2180.04
AGR_Nor_2020_02036,North_Zone,Haryana_East,2020,Rabi,Maize,17.34,30.7,105.44,43.46,11.8,7.59,0.701,166.7,25.4,170.8,3425.83
AGR_Nor_2021_02037,North_Zone,Haryana_East,2021,Kharif,Cotton,20.62,31.99,310.6,58.67,11.89,7.39,0.673,212.2,19.0,229.5,2313.91
AGR_Nor_2020_02038,North_Zone,Haryana_East,2020,Kharif,Soybean,21.48,34.7,569.89,72.84,12.53,7.44,0.6,131.8,22.5,202.9,3150.21
AGR_Nor_2022_02039,North_Zone,Punjab_Central,2022,Kharif,Soybean,22.84,32.34,545.52,70.14,11.88,6.77,0.654,172.9,19.2,181.2,3167.11
AGR_Nor_2018_02040,North_Zone,Rajasthan_North,2018,Zaid,Maize,23.11,36.73,63.35,41.91,10.72,6.95,0.566,196.1,18.3,273.1,3147.65
AGR_Nor_2021_02041,North_Zone,Haryana_East,2021,Rabi,Rice,14.91,24.28,188.08,71.59,14.71,5.86,0.479,118.9,22.4,213.9,3664.2
AGR_Nor_2021_02042,North_Zone,Rajasthan_North,2021,Zaid,Pulses,24.67,36.12,97.55,49.58,14.41,7.15,0.865,174.7,17.5,188.0,1768.24
AGR_Nor_2022_02043,North_Zone,Punjab_Central,2022,Zaid,Cotton,21.32,29.44,72.09,64.39,11.27,6.95,0.729,225.6,17.6,166.7,2141.91
AGR_Nor_2018_02044,North_Zone,UP_Western,2018,Kharif,Maize,21.34,29.4,526.76,91.32,10.0,6.37,0.578,206.5,25.4,204.7,4081.42
AGR_Nor_2021_02045,North_Zone,Haryana_East,2021,Kharif,Cotton,17.8,27.69,671.41,62.13,12.05,7.85,0.693,166.7,26.3,237.9,2963.19
AGR_Nor_2021_02046,North_Zone,Rajasthan_North,2021,Rabi,Maize,18.0,31.25,152.7,59.06,15.21,5.8,0.763,172.8,20.9,233.1,3375.64
AGR_Nor_2021_02047,North_Zone,UP_Western,2021,Kharif,Pulses,23.46,31.83,888.05,80.34,10.0,5.95,0.607,204.0,28.4,220.5,2192.46
AGR_Nor_2021_02048,North_Zone,Haryana_East,2021,Kharif,Pulses,21.2,,731.38,71.36,10.0,6.5,0.772,198.2,20.6,214.4,2107.58
AGR_Nor_2022_02049,North_Zone,UP_Western,2022,Kharif,Maize,21.68,31.34,,80.44,10.0,7.25,0.574,166.5,14.0,251.2,4167.19
AGR_Nor_2018_02050,North_Zone,Rajasthan_North,2018,Kharif,Wheat,21.72,35.47,719.75,66.37,10.62,6.71,0.715,179.9,16.5,186.5,4573.3
AGR_Nor_2022_02051,North_Zone,Haryana_East,2022,Kharif,Soybean,,32.98,650.17,57.02,11.26,7.14,0.404,168.9,28.5,290.8,3109.29
AGR_Nor_2022_02052,North_Zone,Punjab_Central,2022,Kharif,Soybean,22.22,29.42,531.98,61.66,10.11,6.71,0.778,190.8,23.7,225.9,3332.74
AGR_Nor_2022_02053,North_Zone,Haryana_East,2022,Rabi,Maize,16.59,27.4,174.43,64.35,15.52,6.43,0.468,225.0,16.4,180.0,3440.44
AGR_Nor_2019_02054,North_Zone,Rajasthan_North,2019,Kharif,Maize,21.03,34.86,1116.12,93.12,10.0,7.3,0.518,159.4,14.1,255.3,4302.64
AGR_Nor_2023_02055,North_Zone,UP_Western,2023,Kharif,Cotton,21.15,31.92,618.6,71.18,11.08,6.44,0.931,206.8,15.3,277.4,3284.2
AGR_Nor_2023_02056,North_Zone,Rajasthan_North,2023,Kharif,Rice,22.12,30.54,620.51,66.01,13.1,6.88,0.502,168.0,28.9,180.4,4917.28
AGR_Nor_2020_02057,North_Zone,Haryana_East,2020,Rabi,Soybean,15.4,,170.92,72.84,14.61,7.17,0.694,187.2,19.4,264.5,2317.32
AGR_Nor_2021_02058,North_Zone,Haryana_East,2021,Rabi,Rice,16.44,26.78,136.4,56.94,15.37,6.22,0.471,184.9,31.4,190.9,3928.41
AGR_Nor_2023_02059,North_Zone,Punjab_Central,2023,Rabi,Pulses,19.89,33.29,116.47,59.15,11.1,6.71,0.691,145.8,26.1,304.8,1245.84
AGR_Nor_2021_02060,North_Zone,Rajasthan_North,2021,Kharif,Soybean,22.38,34.02,488.69,71.01,12.09,6.18,0.676,172.4,26.1,205.7,3321.07
AGR_Nor_2023_02061,North_Zone,Punjab_Central,2023,Rabi,Rice,,29.96,127.52,54.84,10.3,7.27,0.648,211.1,18.0,195.0,4523.99
AGR_Nor_2022_02062,North_Zone,Rajasthan_North,2022,Rabi,Maize,18.38,29.18,161.57,72.83,13.47,6.98,0.471,265.6,18.9,278.6,3715.21
AGR_Nor_2020_02063,North_Zone,Rajasthan_North,2020,Kharif,Rice,19.51,31.2,646.64,71.57,14.28,6.17,0.685,143.1,19.5,261.0,4550.35
AGR_Nor_2021_02064,North_Zone,Rajasthan_North,2021,Kharif,Maize,19.02,28.71,817.46,71.47,10.06,7.35,0.573,180.1,13.6,201.3,4163.14
AGR_Nor_2021_02065,North_Zone,Rajasthan_North,2021,Kharif,Wheat,18.74,28.48,568.99,56.6,10.06,7.37,0.868,126.2,31.5,159.3,4511.94
AGR_Nor_2019_02066,North_Zone,Haryana_East,2019,Kharif,Maize,22.99,36.33,104.9,30.0,11.2,8.17,0.501,221.4,18.9,165.0,3354.2
AGR_Nor_2018_02067,North_Zone,Rajasthan_North,2018,Kharif,Pulses,21.77,34.75,695.54,52.43,12.26,7.14,0.998,215.9,23.2,171.9,2694.36
AGR_Nor_2023_02068,North_Zone,Rajasthan_North,2023,Kharif,Wheat,20.78,29.79,808.21,65.61,13.03,7.3,0.556,150.5,23.1,259.8,4087.95
AGR_Nor_2021_02069,North_Zone,Haryana_East,2021,Zaid,Cotton,23.62,31.58,63.0,47.11,11.77,6.0,0.576,154.3,20.2,265.7,1996.37
AGR_Nor_2023_02070,North_Zone,UP_Western,2023,Rabi,Maize,16.67,28.96,66.17,51.26,14.06,7.29,0.766,242.1,26.0,207.0,3434.16
AGR_Nor_2022_02071,North_Zone,Haryana_East,2022,Kharif,Cotton,22.44,31.67,1042.38,87.86,10.0,5.9,0.573,181.7,18.5,176.2,2850.78
AGR_Nor_2020_02072,North_Zone,UP_Western,2020,Rabi,Soybean,17.33,27.41,117.76,46.25,13.43,5.69,0.822,121.3,36.9,204.7,2142.66
AGR_Nor_2019_02073,North_Zone,Punjab_Central,2019,Rabi,Soybean,16.36,25.52,88.75,53.32,13.22,8.34,0.741,167.8,25.1,130.6,2163.13
AGR_Nor_2021_02074,North_Zone,Rajasthan_North,2021,Rabi,Soybean,17.07,24.72,159.68,70.97,10.0,7.61,0.421,190.3,24.5,218.5,2542.98
AGR_Nor_2021_02075,North_Zone,Rajasthan_North,2021,Kharif,Pulses,21.25,31.41,476.63,42.37,11.23,6.0,0.843,198.2,23.7,110.0,2320.14
AGR_Nor_2023_02076,North_Zone,Haryana_East,2023,Kharif,Rice,21.39,33.38,766.66,80.76,11.2,7.05,0.314,119.9,15.7,246.9,4347.0
AGR_Nor_2021_02077,North_Zone,Rajasthan_North,2021,Rabi,Rice,16.72,30.63,151.71,48.5,12.5,6.61,0.364,188.6,35.1,255.7,3776.09
AGR_Nor_2020_02078,North_Zone,Haryana_East,2020,Rabi,Pulses,18.77,29.76,82.45,36.58,17.76,6.33,0.363,188.8,10.8,258.7,1265.02
AGR_Nor_2021_02079,North_Zone,UP_Western,2021,Zaid,Soybean,25.25,34.67,79.9,48.31,10.0,7.67,0.794,204.9,22.6,284.7,2905.86
AGR_Nor_2019_02080,North_Zone,UP_Western,2019,Rabi,Wheat,16.36,29.54,103.19,59.58,11.38,7.32,0.441,143.1,20.6,247.3,3132.47
AGR_Nor_2019_02081,North_Zone,Rajasthan_North,2019,Rabi,Maize,12.9,26.66,127.31,52.4,13.04,7.11,0.445,179.4,19.2,268.6,2897.57
AGR_Nor_2022_02082,North_Zone,Punjab_Central,2022,Kharif,Rice,21.1,32.65,511.49,76.79,10.8,7.64,0.394,160.5,17.1,202.3,4956.35
AGR_Nor_2019_02083,North_Zone,Haryana_East,2019,Kharif,Maize,21.87,35.15,,61.14,13.04,6.62,0.741,138.1,12.4,234.3,4230.91
AGR_Nor_2023_02084,North_Zone,Rajasthan_North,2023,Rabi,Rice,17.21,28.65,134.19,46.38,12.23,6.92,0.724,179.2,23.5,110.0,4572.83
AGR_Nor_2020_02085,North_Zone,Punjab_Central,2020,Kharif,Pulses,20.05,31.57,710.66,68.61,10.3,6.7,0.557,139.6,23.3,243.2,2008.7
AGR_Nor_2021_02086,North_Zone,Haryana_East,2021,Zaid,Rice,24.98,33.78,10.0,31.99,11.21,6.77,0.505,252.8,20.5,261.1,4545.13
AGR_Nor_2022_02087,North_Zone,Punjab_Central,2022,Kharif,Soybean,19.59,33.3,574.65,58.9,15.57,5.4,0.785,140.0,23.4,213.5,2970.78
AGR_Nor_2023_02088,North_Zone,Haryana_East,2023,Kharif,Wheat,20.4,32.51,866.72,82.35,11.8,6.54,0.708,263.3,15.2,231.5,4962.57
AGR_Nor_2023_02089,North_Zone,Punjab_Central,2023,Kharif,Pulses,21.62,33.59,459.03,61.18,10.67,7.08,0.482,163.2,19.6,202.0,2097.57
AGR_Nor_2018_02090,North_Zone,Haryana_East,2018,Kharif,Pulses,19.65,28.97,1055.99,75.56,12.95,6.67,0.508,198.8,18.4,209.3,2379.37
AGR_Nor_2021_02091,North_Zone,Haryana_East,2021,Kharif,Cotton,21.23,30.53,794.49,69.84,10.0,5.9,0.54,160.6,30.0,164.8,2688.01
AGR_Nor_2023_02092,North_Zone,Rajasthan_North,2023,Kharif,Maize,20.03,32.41,636.37,81.16,12.77,7.29,0.68,170.6,30.0,165.0,4172.79
AGR_Nor_2023_02093,North_Zone,Rajasthan_North,2023,Kharif,Soybean,21.38,35.14,638.37,77.82,10.0,7.5,0.434,129.3,16.8,244.6,3127.34
AGR_Nor_2018_02094,North_Zone,Haryana_East,2018,Rabi,Cotton,16.7,26.01,100.81,40.42,14.49,7.96,0.743,140.5,17.8,187.5,1938.27
AGR_Nor_2021_02095,North_Zone,Rajasthan_North,2021,Kharif,Pulses,21.46,29.13,876.18,75.46,11.11,6.84,0.785,131.6,8.0,213.5,2066.58
AGR_Nor_2023_02096,North_Zone,UP_Western,2023,Kharif,Rice,,32.57,979.3,95.0,11.76,7.24,0.807,163.1,21.5,201.1,5097.39
AGR_Nor_2023_02097,North_Zone,Haryana_East,2023,Kharif,Pulses,21.68,30.24,801.62,71.14,12.76,6.04,0.577,195.1,15.6,233.5,2358.98
AGR_Nor_2018_02098,North_Zone,Rajasthan_North,2018,Kharif,Pulses,,32.1,657.68,77.07,12.85,6.56,0.718,201.1,16.4,218.8,2239.22
AGR_Nor_2023_02099,North_Zone,Haryana_East,2023,Kharif,Rice,23.29,31.98,458.26,68.84,10.0,5.88,0.664,146.5,16.2,205.1,4969.86
AGR_Nor_2020_02100,North_Zone,UP_Western,2020,Kharif,Soybean,22.37,35.8,701.55,68.38,11.29,7.21,0.56,242.3,22.0,263.6,3437.66
AGR_Nor_2020_02101,North_Zone,Punjab_Central,2020,Zaid,Maize,23.94,36.29,65.86,49.59,12.5,6.02,0.455,252.1,14.8,180.5,3531.28
AGR_Nor_2019_02102,North_Zone,UP_Western,2019,Kharif,Maize,20.11,30.05,1071.9,95.0,10.0,6.54,0.703,194.8,11.2,248.2,3897.13
AGR_Nor_2019_02103,North_Zone,Punjab_Central,2019,Rabi,Soybean,15.85,24.23,127.63,54.88,14.44,6.82,0.632,129.8,17.3,200.3,2117.04
AGR_Nor_2020_02104,North_Zone,Haryana_East,2020,Rabi,Rice,16.55,24.47,87.55,68.11,10.82,7.74,0.678,217.9,24.3,227.1,4396.19
AGR_Nor_2019_02105,North_Zone,Haryana_East,2019,Rabi,Cotton,17.97,31.0,126.52,51.58,14.9,6.83,0.39,182.8,11.6,238.3,1984.03
AGR_Nor_2021_02106,North_Zone,Haryana_East,2021,Rabi,Soybean,17.54,,102.46,35.67,13.97,6.15,0.372,198.7,19.5,203.6,2098.59
AGR_Nor_2018_02107,North_Zone,Rajasthan_North,2018,Rabi,Cotton,18.23,31.4,143.09,40.29,12.96,7.31,0.461,128.1,17.5,186.0,1799.77
AGR_Nor_2022_02108,North_Zone,UP_Western,2022,Zaid,Rice,22.29,30.66,86.12,36.69,17.91,6.89,0.457,166.8,8.0,274.5,4220.67
AGR_Nor_2018_02109,North_Zone,UP_Western,2018,Zaid,Rice,23.15,35.12,60.23,60.16,14.79,6.31,0.506,156.9,18.9,187.9,4046.81
AGR_Nor_2023_02110,North_Zone,Rajasthan_North,2023,Zaid,Pulses,20.44,32.22,,30.27,13.56,7.01,0.661,184.9,21.0,217.1,1837.24
AGR_Nor_2022_02111,North_Zone,Haryana_East,2022,Rabi,Maize,19.58,32.73,135.0,61.04,13.89,6.3,0.69,189.0,9.0,221.2,3385.78
AGR_Nor_2019_02112,North_Zone,UP_Western,2019,Rabi,Pulses,17.13,25.6,122.75,47.64,15.25,7.39,0.59,200.3,25.8,144.2,1565.16
AGR_Nor_2023_02113,North_Zone,Punjab_Central,2023,Rabi,Wheat,,26.68,135.83,55.67,15.28,6.21,0.577,159.2,24.3,197.5,3572.43
AGR_Nor_2018_02114,North_Zone,Rajasthan_North,2018,Rabi,Wheat,17.12,26.6,159.58,36.6,12.88,6.63,0.594,218.3,18.3,272.8,3928.8
AGR_Nor_2023_02115,North_Zone,Punjab_Central,2023,Kharif,Wheat,16.67,24.06,895.71,73.3,12.64,7.15,0.294,204.2,13.1,169.0,4221.16
AGR_Nor_2023_02116,North_Zone,Punjab_Central,2023,Kharif,Rice,20.99,31.54,,76.81,10.0,6.77,0.349,195.1,18.7,183.5,4679.09
AGR_Nor_2022_02117,North_Zone,Haryana_East,2022,Rabi,Soybean,18.18,25.92,,61.97,11.73,6.39,0.52,207.0,21.8,110.0,2320.01
AGR_Nor_2018_02118,North_Zone,Punjab_Central,2018,Rabi,Soybean,14.08,23.91,151.97,40.68,12.61,7.8,0.663,182.3,30.1,227.3,2288.47
AGR_Nor_2023_02119,North_Zone,UP_Western,2023,Rabi,Pulses,16.88,,113.08,39.39,12.69,6.42,0.772,165.6,14.9,227.9,1217.67
AGR_Nor_2020_02120,North_Zone,Punjab_Central,2020,Kharif,Cotton,20.71,30.77,857.28,75.36,10.3,6.67,0.86,121.6,23.3,239.1,2938.18
AGR_Nor_2020_02121,North_Zone,UP_Western,2020,Kharif,Cotton,21.56,33.07,742.29,83.43,10.0,6.6,0.651,171.5,22.5,223.3,2878.0
AGR_Nor_2019_02122,North_Zone,Haryana_East,2019,Kharif,Maize,20.46,29.57,604.99,55.58,12.27,6.9,0.224,158.5,20.4,235.8,3520.14
AGR_Nor_2023_02123,North_Zone,Rajasthan_North,2023,Zaid,Soybean,,33.52,38.36,66.05,10.0,6.44,0.711,197.8,21.4,175.6,2253.11
AGR_Nor_2018_02124,North_Zone,Punjab_Central,2018,Rabi,Cotton,17.8,29.6,,54.78,12.69,6.96,0.23,194.8,17.7,199.6,1836.32
AGR_Nor_2021_02125,North_Zone,Haryana_East,2021,Kharif,Pulses,21.72,28.72,525.73,59.13,11.84,5.6,0.723,178.6,19.2,140.3,2253.14
AGR_Nor_2022_02126,North_Zone,Haryana_East,2022,Rabi,Wheat,16.67,25.23,120.57,58.39,10.0,7.0,0.577,168.6,19.0,220.6,3675.14
AGR_Nor_2022_02127,North_Zone,Haryana_East,2022,Kharif,Cotton,21.02,31.26,968.48,87.82,10.0,5.99,0.581,163.1,16.1,162.1,2861.6
AGR_Nor_2019_02128,North_Zone,UP_Western,2019,Kharif,Soybean,22.33,33.83,641.39,68.69,10.0,7.61,0.623,194.5,26.9,221.6,3011.12
AGR_Nor_2022_02129,North_Zone,Rajasthan_North,2022,Zaid,Pulses,,37.11,65.44,47.51,16.22,6.88,0.597,117.4,26.2,251.9,1428.87
AGR_Nor_2020_02130,North_Zone,Rajasthan_North,2020,Kharif,Maize,22.79,31.63,813.25,94.3,10.0,6.27,0.599,150.8,26.3,207.7,3853.67
AGR_Nor_2019_02131,North_Zone,Haryana_East,2019,Rabi,Wheat,,28.65,94.72,66.75,12.65,6.01,0.6,178.3,15.9,223.5,3406.23
AGR_Nor_2023_02132,North_Zone,Haryana_East,2023,Kharif,Rice,21.37,30.42,715.61,73.6,10.0,7.03,0.578,163.9,30.5,195.9,4822.74
AGR_Nor_2023_02133,North_Zone,Rajasthan_North,2023,Kharif,Soybean,19.9,30.84,749.29,75.99,13.9,8.08,0.843,116.0,20.3,187.5,3053.26
AGR_Nor_2022_02134,North_Zone,Haryana_East,2022,Zaid,Rice,23.76,37.03,69.28,62.41,11.08,6.09,0.639,168.0,22.4,273.8,4237.83
AGR_Nor_2021_02135,North_Zone,Rajasthan_North,2021,Kharif,Soybean,21.8,30.07,672.2,77.74,10.0,6.71,0.615,188.2,21.8,306.1,3045.35
AGR_Nor_2022_02136,North_Zone,Rajasthan_North,2022,Kharif,Maize,22.27,34.31,634.53,67.75,10.0,6.89,0.652,225.6,34.5,276.5,4173.41
AGR_Nor_2022_02137,North_Zone,UP_Western,2022,Kharif,Wheat,23.44,35.56,399.15,59.57,10.0,7.5,0.451,155.7,20.4,240.2,4574.69
AGR_Nor_2019_02138,North_Zone,UP_Western,2019,Rabi,Maize,16.4,23.69,119.71,56.68,11.11,6.71,0.629,120.5,15.2,160.8,2906.81
AGR_Nor_2021_02139,North_Zone,Rajasthan_North,2021,Rabi,Cotton,16.57,28.89,60.73,56.22,14.42,6.61,0.406,205.5,22.7,208.8,1884.19
AGR_Nor_2020_02140,North_Zone,Haryana_East,2020,Kharif,Cotton,21.12,32.08,678.19,76.57,14.41,7.07,0.462,260.1,21.3,162.5,3434.93
AGR_Nor_2021_02141,North_Zone,UP_Western,2021,Rabi,Rice,17.61,27.74,156.82,57.36,13.16,6.77,0.737,236.6,8.0,258.8,4968.77
AGR_Nor_2021_02142,North_Zone,Rajasthan_North,2021,Kharif,Soybean,21.69,31.37,813.13,81.01,13.99,6.61,0.311,180.1,13.1,330.5,3074.34
AGR_Nor_2020_02143,North_Zone,Rajasthan_North,2020,Rabi,Wheat,14.34,24.22,126.21,50.75,15.65,7.44,0.541,159.9,17.1,248.8,3325.67
AGR_Nor_2018_02144,North_Zone,UP_Western,2018,Kharif,Soybean,20.02,32.46,1050.03,71.86,10.0,6.28,0.496,159.2,18.2,196.1,2998.31
AGR_Nor_2018_02145,North_Zone,Punjab_Central,2018,Kharif,Maize,22.44,35.44,550.58,57.57,10.0,6.6,0.342,152.1,18.7,230.4,3747.34
AGR_Nor_2020_02146,North_Zone,Punjab_Central,2020,Kharif,Pulses,19.57,29.84,610.43,64.93,10.3,6.4,0.532,211.1,26.0,281.9,2025.52
AGR_Nor_2023_02147,North_Zone,Haryana_East,2023,Rabi,Maize,,23.19,118.18,54.99,13.58,6.89,0.845,135.2,19.4,206.0,3061.96
AGR_Nor_2021_02148,North_Zone,UP_Western,2021,Kharif,Soybean,22.76,31.62,922.07,95.0,10.71,6.35,1.115,204.0,17.3,297.0,3443.75
AGR_Nor_2023_02149,North_Zone,Rajasthan_North,2023,Rabi,Rice,15.77,25.2,119.61,46.44,10.0,6.32,0.832,209.1,20.9,146.5,4599.37
AGR_Nor_2018_02150,North_Zone,Punjab_Central,2018,Rabi,Wheat,16.21,28.91,102.09,64.08,10.82,7.2,0.523,161.1,31.1,241.7,3478.81
AGR_Nor_2020_02151,North_Zone,Punjab_Central,2020,Rabi,Soybean,,26.88,160.39,44.47,12.95,5.78,0.46,104.0,21.9,283.9,1970.22
AGR_Nor_2021_02152,North_Zone,Haryana_East,2021,Kharif,Soybean,20.28,,675.67,63.11,11.48,6.59,0.676,145.6,18.8,212.4,3113.65
AGR_Nor_2018_02153,North_Zone,Rajasthan_North,2018,Kharif,Pulses,21.27,34.78,,,10.3,6.09,0.366,127.6,25.8,183.8,2151.8
AGR_Nor_2021_02154,North_Zone,Punjab_Central,2021,Kharif,Pulses,22.54,30.08,505.03,52.87,15.42,7.3,0.494,158.9,29.2,251.9,2083.17
AGR_Nor_2019_02155,North_Zone,UP_Western,2019,Kharif,Cotton,20.81,28.92,554.32,63.76,10.0,6.78,0.394,185.6,23.6,227.7,2809.27
AGR_Nor_2021_02156,North_Zone,Rajasthan_North,2021,Kharif,Rice,20.74,31.88,579.06,66.52,10.32,7.38,0.521,166.5,16.8,167.1,4717.73
AGR_Nor_2020_02157,North_Zone,Haryana_East,2020,Rabi,Cotton,17.51,,63.54,47.44,17.13,6.79,0.402,231.4,20.1,132.5,1893.3
AGR_Nor_2019_02158,North_Zone,Haryana_East,2019,Rabi,Rice,18.7,28.89,129.52,36.04,20.27,6.27,0.555,174.4,20.9,179.8,4283.28
AGR_Nor_2023_02159,North_Zone,UP_Western,2023,Rabi,Maize,17.65,31.13,125.0,43.65,13.3,7.14,0.94,148.3,22.8,217.9,3661.01
AGR_Nor_2023_02160,North_Zone,UP_Western,2023,Rabi,Rice,18.58,26.06,136.52,52.34,11.95,6.17,0.69,200.1,26.4,165.4,4421.79
AGR_Nor_2019_02161,North_Zone,Punjab_Central,2019,Rabi,Cotton,16.27,27.23,68.28,64.32,13.95,7.06,0.626,122.6,24.9,190.6,1882.4
AGR_Nor_2023_02162,North_Zone,Punjab_Central,2023,Rabi,Rice,16.89,26.05,208.03,52.82,10.88,7.61,0.736,196.2,16.3,186.2,4470.91
AGR_Nor_2019_02163,North_Zone,Haryana_East,2019,Zaid,Maize,21.13,33.49,69.78,59.43,13.03,7.38,0.583,151.7,25.2,235.6,3083.55
AGR_Nor_2023_02164,North_Zone,UP_Western,2023,Kharif,Soybean,23.22,,789.13,76.51,10.0,6.56,0.88,125.5,26.4,192.4,3015.48
AGR_Nor_2018_02165,North_Zone,Haryana_East,2018,Rabi,Pulses,17.68,28.33,188.27,55.42,10.23,8.13,0.722,139.5,21.1,230.9,1363.63
AGR_Nor_2022_02166,North_Zone,Rajasthan_North,2022,Kharif,Cotton,21.01,31.17,480.26,74.24,13.51,6.77,0.212,209.3,22.4,243.9,2791.33
AGR_Nor_2021_02167,North_Zone,Rajasthan_North,2021,Rabi,Wheat,18.21,25.81,139.5,55.84,10.0,6.45,0.648,193.5,19.3,213.2,3666.42
AGR_Nor_2022_02168,North_Zone,UP_Western,2022,Rabi,Soybean,15.19,29.18,,62.11,11.25,6.31,0.752,186.5,16.0,257.6,2366.02
AGR_Nor_2022_02169,North_Zone,Rajasthan_North,2022,Kharif,Wheat,,30.73,750.01,70.03,15.83,7.37,0.558,135.9,10.6,264.7,4413.08
AGR_Nor_2021_02170,North_Zone,Punjab_Central,2021,Kharif,Wheat,19.97,28.67,382.84,71.9,14.06,7.01,0.554,142.7,21.3,219.1,3957.88
AGR_Nor_2021_02171,North_Zone,Punjab_Central,2021,Zaid,Pulses,24.28,37.55,59.74,59.73,10.04,7.21,0.576,178.5,32.5,115.6,1222.14
AGR_Nor_2021_02172,North_Zone,UP_Western,2021,Kharif,Soybean,21.61,31.13,812.13,68.94,11.61,7.7,0.632,180.4,12.0,254.9,2893.92
AGR_Nor_2019_02173,North_Zone,UP_Western,2019,Zaid,Pulses,23.98,37.64,96.76,43.65,14.85,6.83,0.412,146.0,24.9,255.7,1352.18
AGR_Nor_2020_02174,North_Zone,Rajasthan_North,2020,Rabi,Soybean,14.39,24.98,112.49,,15.75,7.33,0.413,161.0,18.3,275.5,1699.44
AGR_Nor_2022_02175,North_Zone,Haryana_East,2022,Zaid,Rice,23.43,,65.2,67.38,13.11,7.05,0.354,209.3,19.4,247.4,4264.75
AGR_Nor_2022_02176,North_Zone,Rajasthan_North,2022,Rabi,Cotton,18.61,32.58,170.93,48.29,13.95,7.06,1.012,188.5,25.2,314.6,2599.78
AGR_Nor_2019_02177,North_Zone,Haryana_East,2019,Rabi,Soybean,18.03,27.7,142.17,60.44,11.44,6.78,0.487,139.5,21.2,278.5,2022.44
AGR_Nor_2023_02178,North_Zone,Rajasthan_North,2023,Zaid,Cotton,23.27,33.17,,54.65,13.08,7.05,0.353,215.5,41.5,166.7,2019.25
AGR_Nor_2020_02179,North_Zone,Rajasthan_North,2020,Kharif,Cotton,20.94,28.87,563.2,76.45,10.66,7.2,0.744,161.5,31.7,172.2,3065.19
AGR_Nor_2020_02180,North_Zone,Rajasthan_North,2020,Kharif,Soybean,19.17,31.1,729.27,69.1,13.08,5.73,0.688,173.8,17.5,198.0,3361.43
AGR_Nor_2021_02181,North_Zone,Punjab_Central,2021,Kharif,Pulses,21.67,31.82,431.52,70.53,11.98,7.18,0.412,171.4,20.8,188.8,2082.58
AGR_Nor_2018_02182,North_Zone,UP_Western,2018,Rabi,Wheat,,27.62,68.7,52.08,10.07,7.3,0.825,199.9,23.9,208.0,3906.01
AGR_Nor_2019_02183,North_Zone,Rajasthan_North,2019,Rabi,Cotton,13.52,27.3,131.3,61.62,10.07,6.86,0.714,200.6,18.8,226.4,2177.57
AGR_Nor_2021_02184,North_Zone,Punjab_Central,2021,Rabi,Pulses,15.01,23.54,81.33,53.68,15.5,7.01,0.805,119.0,30.2,239.6,1172.27
AGR_Nor_2018_02185,North_Zone,Punjab_Central,2018,Kharif,Wheat,21.85,35.78,462.86,75.86,10.0,6.76,0.752,181.5,25.2,231.4,4723.28
AGR_Nor_2022_02186,North_Zone,Punjab_Central,2022,Kharif,Rice,,32.68,885.16,76.47,11.06,6.03,0.456,148.9,9.4,185.8,4692.67
AGR_Nor_2020_02187,North_Zone,UP_Western,2020,Rabi,Soybean,16.99,28.75,137.64,63.72,16.21,6.89,0.538,205.0,16.1,266.8,2271.98
AGR_Nor_2022_02188,North_Zone,Punjab_Central,2022,Kharif,Maize,18.52,27.47,398.45,70.82,10.0,7.43,0.413,221.5,18.9,196.1,3915.86
AGR_Nor_2019_02189,North_Zone,Rajasthan_North,2019,Kharif,Cotton,20.42,29.96,473.46,70.5,12.91,6.63,0.691,176.4,37.6,206.3,3098.07
AGR_Nor_2021_02190,North_Zone,Rajasthan_North,2021,Rabi,Rice,16.36,23.56,128.02,67.49,10.0,6.45,0.562,212.3,18.1,110.0,4320.1
AGR_Nor_2019_02191,North_Zone,Punjab_Central,2019,Kharif,Soybean,22.6,36.25,544.46,62.55,11.51,6.58,0.556,224.2,13.9,137.0,3331.09
AGR_Nor_2022_02192,North_Zone,Punjab_Central,2022,Rabi,Maize,16.51,27.15,142.71,56.08,12.35,6.14,0.355,206.3,19.3,255.5,3064.45
AGR_Nor_2018_02193,North_Zone,Rajasthan_North,2018,Zaid,Cotton,20.99,31.82,62.64,57.07,11.88,6.46,0.768,154.7,32.7,285.9,2234.29
AGR_Nor_2021_02194,North_Zone,Haryana_East,2021,Rabi,Maize,16.96,25.11,90.97,39.02,15.15,7.19,0.822,223.6,23.6,130.7,3451.47
AGR_Nor_2018_02195,North_Zone,Haryana_East,2018,Rabi,Wheat,18.04,29.06,164.45,50.9,11.9,6.19,0.644,148.9,26.1,188.3,3677.93
AGR_Nor_2021_02196,North_Zone,Haryana_East,2021,Kharif,Cotton,,,724.7,64.22,10.0,6.92,0.547,174.7,11.3,213.2,2945.07
AGR_Nor_2019_02197,North_Zone,UP_Western,2019,Rabi,Wheat,17.59,,99.28,56.53,11.94,6.61,0.428,230.5,20.3,220.8,3732.93
AGR_Nor_2018_02198,North_Zone,Punjab_Central,2018,Kharif,Soybean,21.22,34.85,876.54,76.46,14.18,7.72,0.513,219.7,24.8,215.8,3532.12
AGR_Nor_2021_02199,North_Zone,Haryana_East,2021,Rabi,Maize,16.29,25.16,128.23,55.23,16.0,5.71,0.486,194.3,22.6,117.5,3076.24
AGR_Nor_2022_02200,North_Zone,Rajasthan_North,2022,Kharif,Soybean,,36.83,760.16,79.12,10.0,7.1,0.663,215.4,20.5,183.2,3351.38
AGR_Nor_2020_02201,North_Zone,Haryana_East,2020,Kharif,Soybean,20.26,31.79,547.78,77.75,12.02,7.36,0.544,101.8,31.6,183.3,2942.53
AGR_Nor_2023_02202,North_Zone,Haryana_East,2023,Kharif,Wheat,21.82,31.93,631.31,86.2,10.0,6.2,0.415,164.3,24.0,229.7,4493.9
AGR_Nor_2023_02203,North_Zone,Punjab_Central,2023,Kharif,Soybean,19.23,28.24,686.02,81.79,10.0,5.61,0.753,148.0,17.9,239.1,3017.12
AGR_Nor_2018_02204,North_Zone,Rajasthan_North,2018,Kharif,Maize,20.68,27.74,804.97,78.22,13.77,7.02,0.863,160.4,20.8,195.7,4175.21
AGR_Nor_2021_02205,North_Zone,UP_Western,2021,Zaid,Rice,21.34,33.01,70.44,34.16,13.83,6.71,0.558,235.5,24.0,221.5,4585.01
AGR_Nor_2022_02206,North_Zone,UP_Western,2022,Kharif,Pulses,21.27,30.75,394.21,64.27,12.31,6.62,0.646,196.5,23.2,149.5,2245.26
AGR_Nor_2018_02207,North_Zone,UP_Western,2018,Kharif,Pulses,20.52,29.18,237.12,57.71,11.62,8.13,0.717,161.2,26.3,247.0,1725.48
AGR_Nor_2023_02208,North_Zone,UP_Western,2023,Kharif,Soybean,22.59,33.42,753.14,73.52,10.0,7.12,0.619,196.5,25.5,233.3,3334.8
AGR_Nor_2021_02209,North_Zone,Punjab_Central,2021,Rabi,Maize,17.65,30.83,,31.06,16.16,7.73,0.648,156.7,19.5,265.3,3205.29
AGR_Nor_2021_02210,North_Zone,Rajasthan_North,2021,Rabi,Wheat,15.32,,176.22,63.98,10.92,6.08,0.66,167.1,29.6,169.8,4046.57
AGR_Nor_2018_02211,North_Zone,Haryana_East,2018,Kharif,Rice,22.36,,754.39,63.02,11.28,7.58,0.691,136.6,28.8,225.3,4799.61
AGR_Nor_2019_02212,North_Zone,UP_Western,2019,Rabi,Maize,13.85,24.72,174.2,59.14,13.07,6.67,0.602,149.2,21.1,195.1,2965.57
AGR_Nor_2023_02213,North_Zone,UP_Western,2023,Rabi,Wheat,16.24,25.14,162.05,35.03,17.48,6.4,0.602,198.9,16.2,171.9,3659.12
AGR_Nor_2023_02214,North_Zone,Haryana_East,2023,Rabi,Wheat,16.16,29.89,136.8,46.22,14.3,6.75,0.654,195.8,16.2,186.3,3948.56
AGR_Nor_2020_02215,North_Zone,Haryana_East,2020,Rabi,Pulses,17.9,28.34,215.19,46.12,13.47,6.82,0.398,187.0,21.3,228.9,1524.56
AGR_Nor_2018_02216,North_Zone,UP_Western,2018,Rabi,Rice,17.43,27.4,166.74,57.71,11.65,7.03,0.485,98.2,25.4,270.4,3729.66
AGR_Nor_2022_02217,North_Zone,Rajasthan_North,2022,Rabi,Rice,16.12,29.0,152.1,66.81,12.14,7.39,0.788,163.3,16.7,164.8,4343.41
AGR_Nor_2019_02218,North_Zone,UP_Western,2019,Rabi,Soybean,16.6,28.34,,48.43,14.82,6.82,0.479,176.6,18.8,170.0,2163.47
AGR_Nor_2020_02219,North_Zone,Haryana_East,2020,Kharif,Pulses,18.92,29.25,,77.15,10.59,7.14,0.628,199.2,22.4,179.6,1973.02
AGR_Nor_2023_02220,North_Zone,UP_Western,2023,Kharif,Wheat,22.25,35.55,442.87,88.96,10.46,7.61,0.611,160.8,13.4,223.8,4628.35
AGR_Nor_2019_02221,North_Zone,Haryana_East,2019,Rabi,Wheat,17.94,31.72,146.17,60.23,12.2,7.54,0.591,179.6,31.5,110.0,3928.74
AGR_Nor_2020_02222,North_Zone,Punjab_Central,2020,Kharif,Pulses,19.85,30.34,765.53,69.37,10.0,6.89,0.413,131.2,13.7,163.5,2130.43
AGR_Nor_2022_02223,North_Zone,Punjab_Central,2022,Rabi,Pulses,15.48,24.22,121.38,65.76,11.98,7.57,0.575,177.4,19.1,216.9,1172.45
AGR_Nor_2018_02224,North_Zone,UP_Western,2018,Kharif,Cotton,21.09,34.87,1157.17,88.85,10.0,6.57,0.609,228.4,19.4,257.8,3124.81
AGR_Nor_2018_02225,North_Zone,Punjab_Central,2018,Rabi,Cotton,16.6,24.36,213.55,61.18,11.04,6.0,0.593,118.1,31.1,207.4,2130.74
AGR_Nor_2021_02226,North_Zone,Rajasthan_North,2021,Rabi,Wheat,18.55,30.39,182.03,48.49,12.9,6.49,0.668,196.4,11.7,233.3,4064.4
AGR_Nor_2023_02227,North_Zone,Punjab_Central,2023,Kharif,Cotton,20.08,31.42,659.55,92.9,10.0,7.11,0.551,208.5,13.9,204.1,3027.54
AGR_Nor_2023_02228,North_Zone,Haryana_East,2023,Rabi,Wheat,,24.3,,,11.6,6.34,0.648,181.1,15.3,157.3,3618.95
AGR_Nor_2022_02229,North_Zone,Haryana_East,2022,Rabi,Wheat,16.93,29.34,168.87,77.96,10.0,7.52,0.449,157.2,32.2,178.7,3529.62
AGR_Nor_2023_02230,North_Zone,UP_Western,2023,Rabi,Cotton,,25.32,128.72,59.5,11.88,7.98,0.764,192.1,30.6,144.7,2159.89
AGR_Nor_2023_02231,North_Zone,Punjab_Central,2023,Rabi,Pulses,17.99,28.44,100.29,48.01,13.31,6.06,0.691,133.4,11.3,142.1,1198.14
AGR_Nor_2019_02232,North_Zone,UP_Western,2019,Zaid,Wheat,23.32,,74.33,53.6,14.0,7.42,0.934,155.4,27.3,240.9,4165.19
AGR_Nor_2022_02233,North_Zone,Punjab_Central,2022,Kharif,Cotton,,33.64,491.89,59.8,12.42,6.86,0.72,206.5,14.0,263.5,3281.35
AGR_Nor_2020_02234,North_Zone,Punjab_Central,2020,Zaid,Wheat,25.02,36.6,66.04,57.73,11.36,6.43,0.4,186.8,25.7,243.1,3828.98
AGR_Nor_2020_02235,North_Zone,Haryana_East,2020,Kharif,Maize,21.01,30.46,981.09,80.32,13.68,7.09,0.545,173.1,20.7,309.8,4082.41
AGR_Nor_2019_02236,North_Zone,Punjab_Central,2019,Rabi,Cotton,15.88,26.47,198.61,64.67,14.55,5.85,0.632,173.4,22.3,267.8,2190.41
AGR_Nor_2021_02237,North_Zone,Punjab_Central,2021,Kharif,Rice,22.9,31.58,595.67,73.19,11.02,6.63,0.587,198.9,27.1,223.5,5011.7
AGR_Nor_2018_02238,North_Zone,Punjab_Central,2018,Kharif,Maize,19.59,,348.19,56.34,12.11,7.65,0.804,166.2,29.4,214.9,3917.0
AGR_Nor_2022_02239,North_Zone,UP_Western,2022,Rabi,Wheat,16.5,23.94,196.35,57.75,11.93,6.67,0.737,172.0,21.0,202.1,4077.48
AGR_Nor_2023_02240,North_Zone,Rajasthan_North,2023,Zaid,Wheat,21.5,31.19,,44.64,15.47,8.05,0.75,135.8,26.8,167.5,3602.59
AGR_Nor_2018_02241,North_Zone,Rajasthan_North,2018,Kharif,Maize,19.18,29.14,425.06,69.79,11.76,6.34,0.537,168.4,20.8,271.4,3987.76
AGR_Nor_2019_02242,North_Zone,Haryana_East,2019,Rabi,Soybean,15.79,25.81,196.65,47.04,12.48,7.52,0.55,188.9,24.5,163.9,2588.52
AGR_Nor_2019_02243,North_Zone,Punjab_Central,2019,Kharif,Rice,20.23,33.88,903.77,89.21,10.0,5.86,0.475,90.0,12.9,225.3,4420.87
AGR_Nor_2018_02244,North_Zone,UP_Western,2018,Zaid,Wheat,21.0,30.21,87.31,56.88,10.0,7.13,0.92,238.5,12.4,149.4,4434.58
AGR_Nor_2019_02245,North_Zone,UP_Western,2019,Rabi,Cotton,19.24,32.63,206.92,47.49,11.95,6.58,0.371,228.6,16.4,207.7,2293.65
AGR_Nor_2021_02246,North_Zone,Punjab_Central,2021,Rabi,Soybean,19.73,32.86,,54.32,11.34,7.69,0.946,181.9,29.3,249.3,2769.07
AGR_Nor_2021_02247,North_Zone,Haryana_East,2021,Rabi,Wheat,,28.47,77.71,56.97,12.97,5.7,0.588,119.0,24.1,177.1,3389.97
AGR_Nor_2021_02248,North_Zone,Haryana_East,2021,Rabi,Cotton,17.55,28.68,55.11,30.0,17.73,6.25,0.718,164.5,11.6,186.8,1944.75
AGR_Nor_2018_02249,North_Zone,Haryana_East,2018,Rabi,Pulses,16.92,29.35,91.31,39.67,11.43,6.39,0.432,121.1,33.1,233.8,1017.8
AGR_Nor_2019_02250,North_Zone,UP_Western,2019,Rabi,Soybean,14.7,28.69,227.1,53.43,15.14,5.82,0.573,202.0,24.8,213.2,2620.7
AGR_Nor_2020_02251,North_Zone,Punjab_Central,2020,Kharif,Soybean,20.35,30.93,823.53,90.52,12.49,6.79,0.481,198.7,25.3,238.5,3102.9
AGR_Nor_2023_02252,North_Zone,UP_Western,2023,Kharif,Soybean,19.01,27.64,690.67,59.92,10.34,6.8,0.854,146.6,15.2,183.0,3091.8
AGR_Nor_2019_02253,North_Zone,Haryana_East,2019,Kharif,Wheat,20.23,33.98,,71.05,10.0,6.27,0.546,267.6,25.8,205.7,5088.73
AGR_Nor_2021_02254,North_Zone,Haryana_East,2021,Kharif,Soybean,,30.58,716.98,65.12,10.95,6.51,0.361,184.8,27.7,263.1,2904.32
AGR_Nor_2022_02255,North_Zone,UP_Western,2022,Rabi,Wheat,16.91,30.47,99.12,68.67,11.9,5.41,0.49,174.8,29.8,190.5,3444.4
AGR_Nor_2021_02256,North_Zone,UP_Western,2021,Kharif,Wheat,19.95,27.49,325.29,58.55,11.52,8.06,0.918,229.6,32.8,273.9,4814.08
AGR_Nor_2021_02257,North_Zone,Punjab_Central,2021,Kharif,Maize,,30.37,675.58,71.71,11.21,6.59,0.305,138.4,24.7,184.9,3663.07
AGR_Nor_2021_02258,North_Zone,Haryana_East,2021,Kharif,Soybean,21.43,35.19,569.29,95.0,10.0,7.08,0.578,188.5,20.3,261.9,3328.46
AGR_Nor_2018_02259,North_Zone,Punjab_Central,2018,Kharif,Soybean,18.08,29.84,,79.32,10.0,6.44,0.689,121.1,15.3,264.5,2688.39
AGR_Nor_2018_02260,North_Zone,Rajasthan_North,2018,Rabi,Soybean,17.85,29.24,136.08,62.04,10.0,6.91,0.781,241.1,22.1,189.6,2687.22
AGR_Nor_2022_02261,North_Zone,Punjab_Central,2022,Zaid,Soybean,22.23,30.25,69.41,31.59,15.68,7.44,0.574,156.2,16.3,154.4,2318.13
AGR_Nor_2021_02262,North_Zone,Punjab_Central,2021,Kharif,Pulses,20.73,30.36,448.62,55.61,12.1,7.39,0.551,168.7,17.2,158.6,2274.74
AGR_Nor_2018_02263,North_Zone,Rajasthan_North,2018,Kharif,Pulses,22.85,36.55,,57.97,11.29,5.95,0.741,125.3,24.4,261.2,2288.37
AGR_Nor_2023_02264,North_Zone,Punjab_Central,2023,Kharif,Rice,20.82,32.82,361.53,,14.1,6.46,0.445,204.2,26.5,208.6,4946.46
AGR_Nor_2021_02265,North_Zone,Haryana_East,2021,Kharif,Pulses,24.16,37.68,421.2,57.07,10.98,6.9,0.593,168.4,21.3,228.5,1931.39
AGR_Nor_2020_02266,North_Zone,UP_Western,2020,Kharif,Soybean,21.85,31.6,496.22,59.12,13.2,6.73,0.607,202.3,8.0,208.5,3376.34
AGR_Nor_2021_02267,North_Zone,Rajasthan_North,2021,Kharif,Cotton,,,789.14,53.21,16.17,6.9,0.665,191.2,24.4,162.1,2809.46
AGR_Nor_2020_02268,North_Zone,UP_Western,2020,Kharif,Soybean,16.89,26.18,712.66,60.83,10.27,7.47,0.646,209.1,29.9,225.2,2897.04
AGR_Nor_2018_02269,North_Zone,Punjab_Central,2018,Rabi,Cotton,17.37,25.96,83.29,44.06,14.75,6.44,0.364,165.7,34.6,205.7,1818.69
AGR_Nor_2022_02270,North_Zone,Punjab_Central,2022,Zaid,Soybean,21.28,28.91,58.73,67.78,11.6,6.48,0.429,157.1,35.1,283.3,2196.26
AGR_Nor_2023_02271,North_Zone,Punjab_Central,2023,Kharif,Wheat,22.1,29.95,495.12,63.76,10.0,7.86,0.41,156.8,22.0,216.4,4003.26
AGR_Nor_2018_02272,North_Zone,Rajasthan_North,2018,Kharif,Soybean,24.37,,477.46,53.19,12.31,6.01,0.748,165.0,29.4,223.1,3306.96
AGR_Nor_2019_02273,North_Zone,UP_Western,2019,Kharif,Rice,19.97,31.35,422.88,59.98,12.43,7.29,0.695,220.0,26.8,268.9,5078.91
AGR_Nor_2023_02274,North_Zone,Haryana_East,2023,Rabi,Maize,16.68,26.06,108.31,72.16,11.05,7.41,0.947,208.5,19.0,183.3,3625.61
AGR_Nor_2023_02275,North_Zone,UP_Western,2023,Kharif,Wheat,19.88,32.64,983.45,,12.78,7.14,0.81,158.3,17.7,202.8,4633.78
AGR_Nor_2021_02276,North_Zone,UP_Western,2021,Kharif,Maize,21.54,34.75,645.4,73.67,10.61,6.94,0.397,140.0,12.5,219.3,3955.62
AGR_Nor_2021_02277,North_Zone,Punjab_Central,2021,Kharif,Cotton,21.22,33.86,775.8,85.9,10.55,6.22,0.947,174.0,28.2,283.4,2931.45
AGR_Nor_2020_02278,North_Zone,UP_Western,2020,Rabi,Wheat,18.06,29.23,116.39,56.54,12.09,7.21,0.752,189.4,24.3,239.1,3671.36
AGR_Nor_2019_02279,North_Zone,Punjab_Central,2019,Rabi,Rice,16.95,25.19,133.35,57.94,14.69,6.51,0.494,197.0,17.4,229.8,3971.32
AGR_Nor_2023_02280,North_Zone,UP_Western,2023,Kharif,Maize,20.87,28.79,386.51,65.81,12.19,7.82,0.686,164.9,36.0,174.6,4013.41
AGR_Nor_2021_02281,North_Zone,Haryana_East,2021,Rabi,Soybean,20.07,30.81,42.78,57.7,10.16,8.44,0.347,193.8,11.7,112.2,2137.27
AGR_Nor_2021_02282,North_Zone,UP_Western,2021,Rabi,Pulses,18.2,26.84,141.41,47.73,12.79,7.24,0.687,119.5,15.2,183.5,1313.83
AGR_Nor_2020_02283,North_Zone,UP_Western,2020,Kharif,Rice,18.13,29.07,,60.17,13.41,6.4,0.696,260.4,9.5,223.1,5763.41
AGR_Nor_2019_02284,North_Zone,Rajasthan_North,2019,Rabi,Soybean,16.25,24.77,96.86,52.66,13.13,7.23,0.71,234.5,16.2,199.5,2221.15
AGR_Nor_2022_02285,North_Zone,UP_Western,2022,Kharif,Wheat,,31.28,1166.93,91.52,10.55,6.74,0.223,116.4,9.5,255.7,3643.39
AGR_Nor_2018_02286,North_Zone,UP_Western,2018,Rabi,Maize,14.74,25.02,183.0,60.31,13.26,6.34,0.403,213.4,17.7,238.9,3224.12
AGR_Nor_2018_02287,North_Zone,UP_Western,2018,Rabi,Rice,15.54,,165.97,46.59,12.78,6.3,0.556,134.0,21.6,219.9,3650.8
AGR_Nor_2018_02288,North_Zone,UP_Western,2018,Kharif,Maize,22.28,31.91,455.75,66.68,15.28,6.8,0.389,151.7,28.1,159.0,3899.05
AGR_Nor_2019_02289,North_Zone,UP_Western,2019,Rabi,Pulses,16.24,29.44,75.86,56.6,13.35,5.32,0.331,210.6,24.7,110.0,779.8
AGR_Nor_2021_02290,North_Zone,Rajasthan_North,2021,Kharif,Rice,24.29,34.83,583.43,56.09,14.59,7.04,0.435,133.0,23.6,226.2,4499.87
AGR_Nor_2021_02291,North_Zone,Rajasthan_North,2021,Kharif,Pulses,20.97,34.0,652.7,,10.0,7.21,0.733,200.8,22.5,200.0,2530.06
AGR_Nor_2020_02292,North_Zone,Punjab_Central,2020,Zaid,Pulses,22.9,32.85,71.21,75.62,12.09,7.58,0.309,214.8,20.3,215.0,1497.82
AGR_Nor_2022_02293,North_Zone,Punjab_Central,2022,Kharif,Soybean,23.6,35.91,856.13,80.54,10.55,6.34,0.463,204.9,27.5,241.6,3165.59
AGR_Nor_2023_02294,North_Zone,Haryana_East,2023,Kharif,Soybean,18.73,30.38,547.54,67.19,14.21,7.1,0.981,176.0,18.1,161.4,3277.11
AGR_Nor_2018_02295,North_Zone,Punjab_Central,2018,Kharif,Wheat,18.45,32.13,338.11,53.6,12.13,7.08,0.46,136.8,19.1,207.8,4194.65
AGR_Nor_2019_02296,North_Zone,Haryana_East,2019,Kharif,Cotton,19.42,29.91,783.85,71.18,10.0,6.52,0.69,134.2,20.8,202.8,2965.94
AGR_Nor_2019_02297,North_Zone,Haryana_East,2019,Rabi,Soybean,,28.35,109.15,45.79,13.9,6.63,0.634,170.0,26.9,256.8,2320.65
AGR_Nor_2018_02298,North_Zone,UP_Western,2018,Rabi,Pulses,17.26,27.74,99.77,61.71,14.03,6.46,0.448,225.0,24.7,218.6,1363.47
AGR_Nor_2021_02299,North_Zone,Punjab_Central,2021,Rabi,Wheat,18.63,29.42,167.44,50.43,14.05,7.57,0.532,163.6,21.1,144.9,3885.79
AGR_Nor_2018_02300,North_Zone,Haryana_East,2018,Kharif,Rice,20.48,34.36,695.05,74.11,12.71,7.04,0.212,211.2,26.9,192.9,4869.32
AGR_Nor_2019_02301,North_Zone,Punjab_Central,2019,Kharif,Wheat,19.2,31.38,540.53,77.12,11.52,7.62,0.912,240.9,14.9,225.5,5026.77
AGR_Nor_2022_02302,North_Zone,Rajasthan_North,2022,Rabi,Maize,18.85,29.17,157.6,49.56,16.02,7.23,0.745,105.2,24.5,303.6,3012.13
AGR_Nor_2022_02303,North_Zone,Haryana_East,2022,Kharif,Rice,18.34,31.42,701.16,65.3,14.1,6.96,0.48,158.8,24.2,223.0,4710.39
AGR_Nor_2021_02304,North_Zone,Rajasthan_North,2021,Rabi,Rice,18.5,28.03,157.81,59.34,10.0,7.43,0.524,155.4,28.3,254.2,4033.05
AGR_Nor_2021_02305,North_Zone,Haryana_East,2021,Rabi,Cotton,,24.98,152.64,42.88,13.56,7.67,0.653,183.6,13.1,271.6,2069.87
AGR_Nor_2020_02306,North_Zone,UP_Western,2020,Zaid,Rice,21.6,34.67,60.64,55.2,12.45,6.52,0.609,243.7,21.6,206.9,4605.31
AGR_Nor_2023_02307,North_Zone,Haryana_East,2023,Zaid,Wheat,,31.9,85.77,45.16,12.39,6.96,0.594,164.0,10.0,178.7,3547.63
AGR_Nor_2019_02308,North_Zone,Punjab_Central,2019,Kharif,Rice,19.8,28.12,641.31,75.97,10.0,6.37,0.53,166.6,18.9,160.4,4805.52
AGR_Nor_2022_02309,North_Zone,Rajasthan_North,2022,Kharif,Cotton,20.45,32.21,707.98,73.34,10.0,6.33,0.27,233.1,26.0,188.9,2776.33
AGR_Nor_2023_02310,North_Zone,Haryana_East,2023,Kharif,Pulses,20.31,33.2,416.35,52.34,10.0,7.2,0.546,141.2,25.7,245.8,2093.3
AGR_Nor_2021_02311,North_Zone,Haryana_East,2021,Kharif,Wheat,22.19,34.91,668.14,69.16,10.56,6.87,0.803,113.8,20.5,269.3,4517.73
AGR_Nor_2018_02312,North_Zone,Haryana_East,2018,Kharif,Wheat,20.66,30.14,365.7,57.41,13.13,5.86,0.898,244.1,22.9,150.5,4844.38
AGR_Nor_2023_02313,North_Zone,Punjab_Central,2023,Kharif,Cotton,19.97,28.16,353.82,62.48,12.21,6.82,0.565,114.3,29.0,141.0,2543.37
AGR_Nor_2021_02314,North_Zone,UP_Western,2021,Kharif,Soybean,20.23,30.89,618.54,65.49,12.83,6.69,0.465,280.0,20.0,245.1,3463.15
AGR_Nor_2018_02315,North_Zone,UP_Western,2018,Kharif,Soybean,19.0,,,75.11,10.0,6.66,0.544,162.7,20.4,220.7,2998.2
AGR_Nor_2019_02316,North_Zone,UP_Western,2019,Kharif,Maize,21.53,30.82,582.81,69.3,11.18,7.1,0.546,238.7,25.1,251.9,4276.3
AGR_Nor_2019_02317,North_Zone,UP_Western,2019,Kharif,Cotton,21.71,,692.32,44.29,13.12,7.56,0.751,147.7,21.4,236.7,2738.36
AGR_Nor_2023_02318,North_Zone,UP_Western,2023,Rabi,Maize,15.71,24.21,149.54,52.15,14.13,5.57,0.591,152.7,16.7,231.1,3066.16
AGR_Nor_2021_02319,North_Zone,Haryana_East,2021,Kharif,Pulses,19.82,30.32,422.28,68.91,10.0,7.32,0.265,246.5,18.4,231.2,2044.95
AGR_Nor_2019_02320,North_Zone,Haryana_East,2019,Zaid,Soybean,23.68,37.26,95.86,57.5,12.98,7.48,0.691,139.4,18.4,220.2,2380.45
AGR_Nor_2021_02321,North_Zone,Punjab_Central,2021,Rabi,Wheat,16.47,29.42,124.93,,14.56,7.1,0.749,100.2,22.0,169.2,3295.0
AGR_Nor_2020_02322,North_Zone,Rajasthan_North,2020,Rabi,Rice,15.72,27.99,100.77,76.81,10.0,7.6,0.578,190.9,22.0,184.7,4050.47
AGR_Nor_2018_02323,North_Zone,Haryana_East,2018,Rabi,Rice,17.44,29.35,120.43,43.58,11.99,7.29,0.761,165.7,16.3,178.4,4135.41
AGR_Nor_2018_02324,North_Zone,Punjab_Central,2018,Zaid,Cotton,22.82,35.76,60.47,55.17,11.33,6.95,0.666,138.8,24.1,271.4,2211.89
AGR_Nor_2018_02325,North_Zone,Punjab_Central,2018,Kharif,Rice,22.29,35.22,576.21,73.42,14.63,7.32,0.659,125.1,24.0,205.9,4696.73
AGR_Nor_2022_02326,North_Zone,UP_Western,2022,Zaid,Wheat,25.26,32.9,89.62,50.71,13.41,7.79,0.424,184.0,18.2,180.0,3747.78
AGR_Nor_2021_02327,North_Zone,Punjab_Central,2021,Kharif,Cotton,18.59,29.29,786.7,93.58,10.0,7.02,0.917,162.9,13.7,161.0,2908.13
AGR_Nor_2020_02328,North_Zone,Punjab_Central,2020,Kharif,Rice,21.84,29.95,237.51,53.33,10.14,7.76,0.588,249.7,28.8,189.2,5287.12
AGR_Nor_2022_02329,North_Zone,Haryana_East,2022,Rabi,Wheat,19.43,32.27,91.28,48.27,14.51,7.45,0.29,187.9,23.8,222.0,3516.49
AGR_Nor_2018_02330,North_Zone,Rajasthan_North,2018,Rabi,Maize,18.74,31.59,124.88,50.51,12.68,5.2,0.818,211.5,14.0,179.6,3891.23
AGR_Nor_2022_02331,North_Zone,Rajasthan_North,2022,Rabi,Cotton,16.54,24.1,127.99,41.5,12.84,7.14,0.78,178.4,23.0,110.0,1989.14
AGR_Nor_2020_02332,North_Zone,Haryana_East,2020,Rabi,Wheat,18.07,28.51,179.96,55.35,10.75,6.93,0.758,199.3,18.8,239.9,3860.65
AGR_Nor_2020_02333,North_Zone,UP_Western,2020,Rabi,Pulses,18.07,29.68,94.79,49.2,12.19,7.49,0.461,176.6,19.1,165.4,1337.05
AGR_Nor_2022_02334,North_Zone,Punjab_Central,2022,Kharif,Rice,23.83,36.79,496.32,57.74,12.55,7.01,0.52,193.2,13.1,131.1,4976.67
AGR_Nor_2023_02335,North_Zone,Haryana_East,2023,Rabi,Cotton,17.65,24.76,132.81,49.58,15.0,7.67,0.607,153.9,29.0,262.5,1730.95
AGR_Nor_2019_02336,North_Zone,Punjab_Central,2019,Rabi,Pulses,18.56,25.72,138.17,47.28,14.33,7.14,0.296,152.8,18.8,210.0,1097.77
AGR_Nor_2021_02337,North_Zone,Rajasthan_North,2021,Kharif,Soybean,20.06,,591.93,72.41,12.55,6.37,0.268,144.1,19.3,154.6,2752.57
AGR_Nor_2018_02338,North_Zone,Haryana_East,2018,Rabi,Maize,16.69,30.42,,54.04,13.96,7.33,0.454,206.2,32.0,249.7,3355.04
AGR_Nor_2021_02339,North_Zone,UP_Western,2021,Kharif,Pulses,20.69,29.01,525.97,76.54,10.0,6.95,0.597,173.1,25.4,159.8,1997.17
AGR_Nor_2021_02340,North_Zone,Rajasthan_North,2021,Zaid,Soybean,23.16,30.33,62.19,38.34,16.56,6.43,0.665,176.5,12.5,226.7,2166.66
AGR_Nor_2020_02341,North_Zone,UP_Western,2020,Kharif,Cotton,22.05,32.28,,84.72,10.0,6.75,0.549,150.7,17.6,235.5,2717.35
AGR_Nor_2019_02342,North_Zone,Punjab_Central,2019,Zaid,Pulses,22.6,33.71,72.13,38.16,14.52,5.84,0.2,280.0,16.2,251.4,1558.91
AGR_Nor_2020_02343,North_Zone,Rajasthan_North,2020,Kharif,Maize,22.7,33.78,915.52,75.87,13.33,6.87,0.403,157.2,24.8,242.6,3755.22
AGR_Nor_2019_02344,North_Zone,Haryana_East,2019,Kharif,Cotton,22.06,33.67,602.52,56.46,10.0,6.48,0.601,215.3,26.3,193.4,3141.76
AGR_Nor_2022_02345,North_Zone,Haryana_East,2022,Kharif,Soybean,19.48,28.1,771.69,65.0,13.8,6.16,0.619,161.8,20.8,256.3,3020.3
AGR_Nor_2023_02346,North_Zone,Rajasthan_North,2023,Rabi,Maize,17.69,27.6,,43.56,12.57,7.37,0.482,182.0,17.8,200.3,3173.92
AGR_Nor_2021_02347,North_Zone,Rajasthan_North,2021,Kharif,Maize,20.23,28.07,566.66,95.0,10.0,7.07,0.781,209.6,26.1,230.3,4271.21
AGR_Nor_2018_02348,North_Zone,Punjab_Central,2018,Kharif,Rice,21.63,32.89,823.23,86.97,10.0,6.39,0.667,190.2,24.8,279.0,5153.09
AGR_Nor_2023_02349,North_Zone,Punjab_Central,2023,Zaid,Soybean,21.96,29.42,76.77,65.43,11.89,6.86,0.768,158.2,20.0,154.9,2473.25
AGR_Nor_2018_02350,North_Zone,UP_Western,2018,Rabi,Rice,16.54,27.71,152.02,37.24,15.7,6.45,0.6,123.0,18.9,193.7,4006.54
AGR_Nor_2022_02351,North_Zone,UP_Western,2022,Rabi,Cotton,15.86,25.62,184.67,,12.22,6.48,0.443,226.8,27.9,243.6,2398.55
AGR_Nor_2020_02352,North_Zone,Punjab_Central,2020,Kharif,Cotton,20.94,34.05,1080.18,71.28,12.06,5.87,0.616,254.2,19.3,193.1,3312.9
AGR_Nor_2023_02353,North_Zone,Haryana_East,2023,Kharif,Soybean,20.43,31.73,711.02,90.73,10.0,7.02,0.541,168.6,26.5,254.3,3160.51
AGR_Nor_2019_02354,North_Zone,UP_Western,2019,Kharif,Cotton,22.26,32.31,380.1,58.59,13.86,6.77,0.326,145.6,17.4,179.2,2680.48
AGR_Nor_2018_02355,North_Zone,Haryana_East,2018,Kharif,Rice,20.46,30.25,344.12,75.49,13.31,6.05,0.539,196.0,22.5,184.1,4642.12
AGR_Nor_2023_02356,North_Zone,UP_Western,2023,Rabi,Rice,19.63,31.82,15.91,37.53,18.84,7.11,0.534,233.0,16.0,116.5,4190.92
AGR_Nor_2021_02357,North_Zone,Punjab_Central,2021,Kharif,Cotton,24.14,33.09,1195.22,95.0,10.13,6.35,0.402,159.5,29.1,133.1,2666.25
AGR_Nor_2021_02358,North_Zone,Haryana_East,2021,Kharif,Soybean,17.12,26.05,581.77,63.04,12.96,7.05,0.321,166.5,19.0,298.0,2747.33
AGR_Nor_2018_02359,North_Zone,Rajasthan_North,2018,Kharif,Soybean,21.98,34.18,788.07,84.07,12.59,7.12,0.88,206.3,18.0,222.3,3649.13
AGR_Nor_2019_02360,North_Zone,UP_Western,2019,Kharif,Cotton,22.81,34.21,611.15,61.02,13.71,5.68,0.608,160.9,13.6,169.8,2863.29
AGR_Nor_2021_02361,North_Zone,UP_Western,2021,Rabi,Maize,15.64,26.33,78.58,42.37,16.43,7.17,0.839,143.8,22.0,207.5,3221.71
AGR_Nor_2022_02362,North_Zone,Rajasthan_North,2022,Kharif,Wheat,21.54,29.36,749.46,81.51,10.02,7.12,0.773,194.8,27.2,202.8,4690.57
AGR_Nor_2018_02363,North_Zone,Haryana_East,2018,Kharif,Soybean,21.81,31.63,482.45,67.51,12.24,7.63,0.445,194.6,24.8,185.3,2883.59
AGR_Nor_2021_02364,North_Zone,Haryana_East,2021,Kharif,Cotton,,27.61,646.54,81.1,10.0,6.07,0.498,168.2,18.4,169.2,2701.31
AGR_Nor_2021_02365,North_Zone,UP_Western,2021,Kharif,Maize,20.73,29.2,792.35,78.3,10.0,5.99,0.955,197.0,30.9,249.0,4459.09
AGR_Nor_2020_02366,North_Zone,Haryana_East,2020,Kharif,Maize,20.37,27.39,759.33,58.25,10.0,7.0,0.394,181.0,27.1,189.2,3900.81
AGR_Nor_2018_02367,North_Zone,Rajasthan_North,2018,Zaid,Rice,,27.55,37.05,44.96,16.61,6.97,0.584,199.1,34.1,197.3,3959.75
AGR_Nor_2019_02368,North_Zone,UP_Western,2019,Kharif,Pulses,19.95,28.22,240.52,56.38,11.4,6.7,0.536,165.5,28.3,167.1,1546.05
AGR_Nor_2019_02369,North_Zone,Haryana_East,2019,Rabi,Wheat,15.92,25.99,45.8,35.69,12.23,6.54,0.407,137.7,24.8,193.6,3115.4
AGR_Nor_2018_02370,North_Zone,Rajasthan_North,2018,Zaid,Wheat,22.31,,72.87,61.14,11.74,6.47,0.987,169.5,17.3,261.2,4270.92
AGR_Nor_2023_02371,North_Zone,Rajasthan_North,2023,Rabi,Rice,18.77,26.01,146.83,39.9,17.73,7.96,0.51,229.3,24.1,130.6,4157.54
AGR_Nor_2023_02372,North_Zone,Rajasthan_North,2023,Zaid,Pulses,,38.72,43.52,42.13,13.89,6.55,0.575,137.9,29.5,188.7,1465.64
AGR_Nor_2018_02373,North_Zone,UP_Western,2018,Zaid,Wheat,24.2,31.31,49.54,31.64,16.87,6.49,0.659,215.1,16.4,230.2,3799.36
AGR_Nor_2019_02374,North_Zone,Haryana_East,2019,Zaid,Cotton,23.08,36.1,43.86,67.89,11.72,7.98,0.969,148.6,18.1,189.4,1934.54
AGR_Nor_2022_02375,North_Zone,Rajasthan_North,2022,Rabi,Soybean,14.61,28.5,187.99,64.53,10.39,6.53,0.421,229.5,25.3,220.5,2675.62
AGR_Nor_2018_02376,North_Zone,Rajasthan_North,2018,Kharif,Wheat,21.66,30.2,944.44,71.43,10.0,6.91,0.593,202.9,26.6,248.1,4454.77
AGR_Nor_2020_02377,North_Zone,Punjab_Central,2020,Zaid,Maize,21.31,33.05,63.53,56.15,14.3,6.63,0.571,186.0,18.0,214.0,3322.23
AGR_Nor_2018_02378,North_Zone,Punjab_Central,2018,Zaid,Rice,22.53,29.79,47.87,42.63,14.16,6.33,0.617,234.7,28.3,272.5,4537.5
AGR_Nor_2021_02379,North_Zone,UP_Western,2021,Rabi,Wheat,18.38,26.57,116.78,62.64,11.2,6.69,0.76,148.5,22.7,235.6,3596.7
AGR_Nor_2020_02380,North_Zone,Rajasthan_North,2020,Kharif,Soybean,20.99,29.36,618.86,71.39,10.0,6.86,0.609,173.3,26.7,257.0,3235.18
AGR_Nor_2019_02381,North_Zone,UP_Western,2019,Kharif,Soybean,22.11,33.57,1000.44,88.71,10.0,8.36,0.647,264.4,17.9,196.0,3640.09
AGR_Nor_2022_02382,North_Zone,Haryana_East,2022,Kharif,Cotton,21.48,29.1,614.05,66.39,10.0,7.25,0.745,152.2,16.3,280.3,2655.23
AGR_Nor_2019_02383,North_Zone,UP_Western,2019,Kharif,Wheat,21.04,30.39,559.21,56.26,10.86,6.82,0.566,155.0,31.1,141.3,4142.27
AGR_Nor_2020_02384,North_Zone,Punjab_Central,2020,Kharif,Rice,21.18,31.04,533.41,70.09,10.0,7.75,0.824,159.3,27.2,261.9,5264.8
AGR_Nor_2021_02385,North_Zone,Punjab_Central,2021,Kharif,Rice,19.62,30.25,494.54,69.75,10.0,7.56,0.308,209.7,17.6,162.4,4831.96
AGR_Nor_2020_02386,North_Zone,Haryana_East,2020,Rabi,Wheat,17.92,26.4,121.04,43.03,10.0,6.79,0.282,194.2,31.1,280.4,3268.96
AGR_Nor_2021_02387,North_Zone,UP_Western,2021,Kharif,Rice,22.04,35.66,891.85,73.2,10.58,6.17,0.754,144.0,18.4,250.6,4971.74
AGR_Nor_2020_02388,North_Zone,Rajasthan_North,2020,Kharif,Wheat,20.42,31.32,422.37,67.8,12.0,6.94,0.799,210.9,22.8,176.2,4826.63
AGR_Nor_2019_02389,North_Zone,UP_Western,2019,Rabi,Rice,15.35,25.48,147.67,57.55,12.93,7.59,0.654,167.0,19.5,239.1,3995.62
AGR_Nor_2020_02390,North_Zone,Rajasthan_North,2020,Rabi,Cotton,,31.37,118.04,60.24,11.55,5.91,1.067,186.1,29.5,195.0,2383.65
AGR_Nor_2022_02391,North_Zone,Punjab_Central,2022,Kharif,Cotton,22.21,32.25,323.28,76.19,10.0,6.86,0.208,203.5,17.6,136.8,2669.99
AGR_Nor_2019_02392,North_Zone,Punjab_Central,2019,Kharif,Soybean,20.92,31.94,868.3,95.0,10.0,6.16,0.545,122.6,16.4,195.6,2886.36
AGR_Nor_2022_02393,North_Zone,Haryana_East,2022,Kharif,Maize,22.01,30.78,748.72,79.37,12.52,6.92,0.782,102.3,15.7,260.1,3931.26
AGR_Nor_2022_02394,North_Zone,UP_Western,2022,Rabi,Soybean,16.82,26.58,59.66,,10.84,8.36,1.2,243.2,17.7,224.0,2553.39
AGR_Nor_2018_02395,North_Zone,Haryana_East,2018,Rabi,Cotton,15.4,23.39,142.0,54.18,10.19,7.26,0.338,193.7,22.5,140.2,1605.26
AGR_Nor_2020_02396,North_Zone,Rajasthan_North,2020,Rabi,Wheat,13.79,,138.41,53.38,12.55,6.63,0.798,165.7,30.6,202.7,3509.19
AGR_Nor_2022_02397,North_Zone,Punjab_Central,2022,Rabi,Cotton,14.32,27.0,146.46,67.93,10.0,6.88,0.7,203.2,18.9,154.4,2056.75
AGR_Nor_2020_02398,North_Zone,UP_Western,2020,Kharif,Rice,20.69,32.2,560.3,74.1,10.31,7.31,0.671,175.5,16.0,225.4,5027.89
AGR_Nor_2021_02399,North_Zone,Haryana_East,2021,Kharif,Soybean,21.1,33.64,973.95,87.55,12.22,7.26,0.6,156.5,38.3,174.5,3163.11
AGR_Nor_2022_02400,North_Zone,Haryana_East,2022,Kharif,Maize,21.29,31.28,834.19,75.76,12.53,6.58,0.2,177.5,10.9,244.0,3703.33
AGR_Nor_2020_02401,North_Zone,Haryana_East,2020,Rabi,Rice,18.38,28.88,113.47,48.91,14.45,7.5,0.528,174.0,29.6,226.7,4316.72
AGR_Nor_2021_02402,North_Zone,Haryana_East,2021,Kharif,Soybean,18.38,25.7,407.77,69.47,10.87,5.67,0.543,180.3,25.9,252.2,2798.86
AGR_Nor_2019_02403,North_Zone,UP_Western,2019,Kharif,Wheat,19.49,27.22,918.97,89.12,10.42,6.45,0.528,129.1,22.8,267.7,3989.03
AGR_Nor_2018_02404,North_Zone,Rajasthan_North,2018,Rabi,Maize,17.24,26.66,192.53,52.69,15.28,6.72,0.579,166.0,20.2,116.3,3190.41
AGR_Nor_2018_02405,North_Zone,UP_Western,2018,Zaid,Maize,,33.84,69.61,53.41,11.96,6.94,0.354,216.6,9.5,208.9,3460.79
AGR_Nor_2019_02406,North_Zone,Punjab_Central,2019,Rabi,Rice,17.04,27.49,113.54,66.07,10.0,7.6,0.9,136.2,14.9,215.6,4340.61
AGR_Nor_2021_02407,North_Zone,UP_Western,2021,Rabi,Maize,19.92,28.38,,45.27,14.44,6.4,0.571,185.5,29.9,143.7,3570.39
AGR_Nor_2021_02408,North_Zone,Haryana_East,2021,Kharif,Pulses,21.6,29.05,547.38,47.68,10.6,6.77,0.702,155.9,24.7,214.2,2244.43
AGR_Nor_2020_02409,North_Zone,Punjab_Central,2020,Kharif,Pulses,21.36,30.99,779.47,60.78,14.52,5.7,0.926,194.4,18.9,147.8,2336.11
AGR_Nor_2022_02410,North_Zone,Punjab_Central,2022,Rabi,Pulses,18.63,30.86,99.75,51.74,10.0,6.06,0.831,132.7,26.2,164.0,1193.58
AGR_Nor_2020_02411,North_Zone,Punjab_Central,2020,Rabi,Cotton,15.84,27.14,161.42,48.56,12.04,5.95,0.737,184.3,33.0,239.5,2214.62
AGR_Nor_2022_02412,North_Zone,Haryana_East,2022,Kharif,Cotton,20.89,30.04,632.67,85.81,10.0,6.76,0.645,181.9,20.7,175.7,3130.83
AGR_Nor_2023_02413,North_Zone,Punjab_Central,2023,Kharif,Rice,,30.8,1017.62,81.74,12.06,7.41,0.464,167.2,19.4,191.2,4566.53
AGR_Nor_2021_02414,North_Zone,Haryana_East,2021,Rabi,Maize,14.96,28.75,147.83,63.89,13.68,6.26,0.398,213.3,32.2,248.2,3278.07
AGR_Nor_2018_02415,North_Zone,Rajasthan_North,2018,Zaid,Rice,20.06,29.46,84.76,50.76,15.48,6.45,0.416,208.5,10.4,194.2,3980.02
AGR_Nor_2020_02416,North_Zone,Punjab_Central,2020,Kharif,Soybean,21.68,30.71,531.06,88.67,11.35,6.4,0.427,183.5,12.3,251.2,3144.89
AGR_Nor_2023_02417,North_Zone,Haryana_East,2023,Rabi,Wheat,14.31,24.96,185.52,54.61,10.0,6.06,0.456,179.2,24.0,134.8,3485.33
AGR_Nor_2022_02418,North_Zone,Haryana_East,2022,Rabi,Soybean,15.44,,178.32,52.14,14.55,7.77,0.899,172.6,31.2,226.8,2358.98
AGR_Nor_2023_02419,North_Zone,Rajasthan_North,2023,Rabi,Wheat,17.37,25.07,91.88,57.72,12.85,7.4,0.471,226.8,19.8,158.8,3820.35
AGR_Nor_2020_02420,North_Zone,Haryana_East,2020,Rabi,Pulses,17.39,27.84,110.92,45.71,15.16,7.15,0.2,179.3,22.7,269.1,895.41
AGR_Nor_2020_02421,North_Zone,Rajasthan_North,2020,Rabi,Pulses,19.87,28.48,138.3,60.2,12.74,6.45,0.738,167.0,29.8,176.4,1387.05
AGR_Nor_2018_02422,North_Zone,Haryana_East,2018,Kharif,Pulses,20.32,32.87,465.38,62.67,13.87,7.47,0.391,143.6,26.7,199.6,2041.44
AGR_Nor_2019_02423,North_Zone,Rajasthan_North,2019,Rabi,Pulses,16.26,26.66,128.07,46.96,11.23,6.99,0.953,207.5,24.5,154.6,1291.12
AGR_Nor_2019_02424,North_Zone,Rajasthan_North,2019,Kharif,Pulses,18.84,,505.3,71.96,11.58,6.45,0.567,241.6,15.8,172.2,1940.5
AGR_Nor_2022_02425,North_Zone,Punjab_Central,2022,Kharif,Cotton,20.98,31.31,812.44,72.31,11.82,7.32,0.671,190.6,24.5,239.2,2970.94
AGR_Nor_2021_02426,North_Zone,UP_Western,2021,Kharif,Pulses,21.4,31.88,511.23,73.8,12.63,6.61,0.455,150.4,29.4,233.6,2114.64
AGR_Nor_2023_02427,North_Zone,Haryana_East,2023,Kharif,Pulses,22.76,36.6,765.7,75.05,13.71,7.04,0.565,247.4,24.1,137.5,2328.99
AGR_Nor_2019_02428,North_Zone,UP_Western,2019,Zaid,Maize,,29.51,64.88,68.67,13.79,6.09,0.332,205.1,22.1,217.7,2919.08
AGR_Nor_2021_02429,North_Zone,Punjab_Central,2021,Zaid,Cotton,22.39,31.47,61.12,68.71,11.59,6.51,0.779,106.6,25.4,219.2,2010.0
AGR_Nor_2019_02430,North_Zone,Rajasthan_North,2019,Rabi,Pulses,14.9,27.25,129.49,52.12,10.77,7.68,0.776,151.5,25.7,222.5,1174.75
AGR_Nor_2021_02431,North_Zone,UP_Western,2021,Rabi,Wheat,17.07,27.41,53.01,35.39,12.7,6.98,0.542,255.2,12.9,310.7,4048.86
AGR_Nor_2023_02432,North_Zone,Rajasthan_North,2023,Rabi,Wheat,15.34,24.74,111.93,73.67,11.76,5.82,0.66,175.8,26.9,232.6,3566.48
AGR_Nor_2022_02433,North_Zone,UP_Western,2022,Kharif,Soybean,24.51,31.78,710.41,53.35,14.49,7.56,0.717,149.2,25.3,217.9,2904.43
AGR_Nor_2022_02434,North_Zone,UP_Western,2022,Rabi,Wheat,16.49,25.55,,66.91,11.05,7.36,0.578,167.4,18.4,210.8,3390.58
AGR_Nor_2020_02435,North_Zone,Haryana_East,2020,Rabi,Wheat,16.78,27.95,138.49,67.4,13.02,6.79,0.652,215.1,19.8,138.8,3899.61
AGR_Nor_2022_02436,North_Zone,Rajasthan_North,2022,Rabi,Soybean,17.05,29.21,127.09,65.73,10.18,6.83,0.992,145.9,21.3,155.5,2446.01
AGR_Nor_2023_02437,North_Zone,Punjab_Central,2023,Zaid,Cotton,26.67,40.56,96.75,69.9,13.01,6.64,0.565,215.5,23.7,148.3,2456.2
AGR_Nor_2021_02438,North_Zone,Haryana_East,2021,Kharif,Wheat,20.37,31.72,346.25,68.92,10.0,7.48,0.612,179.3,29.2,238.1,4298.87
AGR_Nor_2020_02439,North_Zone,UP_Western,2020,Zaid,Soybean,20.78,32.03,95.73,67.28,14.22,6.66,0.622,169.4,18.7,267.6,2155.65
AGR_Nor_2018_02440,North_Zone,Haryana_East,2018,Rabi,Soybean,17.06,30.0,234.27,77.59,10.0,7.27,0.852,168.6,25.6,110.0,2880.91
AGR_Nor_2021_02441,North_Zone,Rajasthan_North,2021,Kharif,Rice,22.44,32.15,795.97,65.62,13.16,7.03,0.804,175.5,31.2,192.7,5051.06
AGR_Nor_2021_02442,North_Zone,Haryana_East,2021,Rabi,Rice,17.17,30.26,129.05,46.55,13.66,7.36,0.606,212.1,19.7,222.0,4443.26
AGR_Nor_2023_02443,North_Zone,Rajasthan_North,2023,Rabi,Soybean,16.48,25.4,113.6,53.98,10.0,8.0,0.498,166.9,19.9,166.4,2251.93
AGR_Nor_2021_02444,North_Zone,Punjab_Central,2021,Kharif,Soybean,21.99,29.38,430.54,52.34,15.01,6.11,0.289,214.7,19.4,213.2,3140.15
AGR_Nor_2021_02445,North_Zone,UP_Western,2021,Kharif,Wheat,23.22,35.05,748.42,61.5,12.71,7.01,0.774,144.1,26.3,228.6,4630.23
AGR_Nor_2021_02446,North_Zone,Haryana_East,2021,Kharif,Wheat,22.13,35.23,665.95,86.52,10.0,7.75,0.51,155.5,22.9,197.1,4386.59
AGR_Nor_2019_02447,North_Zone,Haryana_East,2019,Kharif,Maize,18.6,,409.89,69.78,10.18,6.48,0.258,153.8,19.9,274.8,3813.72
AGR_Nor_2020_02448,North_Zone,Haryana_East,2020,Rabi,Pulses,16.9,28.77,122.52,49.05,12.57,6.4,0.398,193.7,17.8,246.3,1109.61
AGR_Nor_2020_02449,North_Zone,UP_Western,2020,Kharif,Cotton,23.31,30.32,551.54,73.91,10.0,6.22,0.354,186.4,21.5,158.8,2698.35
AGR_Nor_2020_02450,North_Zone,Punjab_Central,2020,Rabi,Rice,16.64,26.91,140.58,60.28,11.44,7.75,0.727,183.0,29.4,228.2,4470.6
AGR_Nor_2019_02451,North_Zone,Rajasthan_North,2019,Kharif,Cotton,22.7,33.22,597.58,95.0,10.0,6.91,0.413,235.5,23.9,229.8,3071.1
AGR_Nor_2021_02452,North_Zone,Punjab_Central,2021,Kharif,Wheat,18.61,32.35,628.48,78.88,10.0,6.59,0.855,203.7,32.6,237.0,4784.21
AGR_Nor_2018_02453,North_Zone,Haryana_East,2018,Kharif,Maize,19.4,28.78,800.96,78.03,10.0,5.53,0.536,216.4,29.0,264.4,3947.6
AGR_Nor_2020_02454,North_Zone,Rajasthan_North,2020,Kharif,Wheat,20.47,34.04,723.59,,10.0,6.73,0.49,144.9,17.6,277.2,4242.18
AGR_Nor_2019_02455,North_Zone,Rajasthan_North,2019,Rabi,Wheat,19.83,33.53,69.39,63.62,10.16,6.68,0.408,178.5,12.8,224.5,3549.95
AGR_Nor_2022_02456,North_Zone,Haryana_East,2022,Rabi,Maize,16.58,30.38,119.4,70.19,11.18,7.03,0.238,206.1,39.1,270.6,3001.74
AGR_Nor_2022_02457,North_Zone,Rajasthan_North,2022,Kharif,Wheat,,29.81,491.12,78.4,10.97,6.71,0.578,187.0,17.0,219.4,4660.5
AGR_Nor_2020_02458,North_Zone,Haryana_East,2020,Kharif,Rice,22.19,33.7,464.43,,10.0,6.95,0.528,237.7,29.8,217.6,5284.28
AGR_Nor_2018_02459,North_Zone,UP_Western,2018,Kharif,Rice,18.69,27.57,822.49,95.0,10.0,7.4,0.632,110.5,31.2,228.0,4477.42
AGR_Nor_2020_02460,North_Zone,Punjab_Central,2020,Rabi,Wheat,18.38,26.88,109.87,50.22,10.0,7.64,0.742,199.1,16.3,242.1,3936.12
AGR_Nor_2022_02461,North_Zone,Rajasthan_North,2022,Rabi,Rice,16.35,23.5,180.19,53.61,15.31,7.06,0.698,182.4,22.0,294.6,4240.54
AGR_Nor_2023_02462,North_Zone,Punjab_Central,2023,Kharif,Wheat,20.02,,,68.96,14.28,6.07,0.558,169.0,20.1,261.2,4392.38
AGR_Nor_2023_02463,North_Zone,Punjab_Central,2023,Rabi,Soybean,16.13,23.28,128.83,66.84,14.38,6.05,0.891,129.5,21.0,205.4,2108.69
AGR_Nor_2020_02464,North_Zone,Punjab_Central,2020,Rabi,Rice,14.63,27.73,104.33,50.47,16.41,7.16,0.658,209.1,30.5,137.2,4197.65
AGR_Nor_2021_02465,North_Zone,Haryana_East,2021,Kharif,Rice,20.8,29.83,941.95,88.64,11.79,6.66,0.67,186.0,25.2,180.8,5083.53
AGR_Nor_2021_02466,North_Zone,UP_Western,2021,Rabi,Cotton,18.19,27.21,,44.3,14.81,6.88,0.471,156.5,23.3,198.8,1910.69
AGR_Nor_2023_02467,North_Zone,UP_Western,2023,Kharif,Pulses,22.47,36.39,548.33,75.48,12.11,7.11,0.215,138.8,27.4,298.8,2072.39
AGR_Nor_2020_02468,North_Zone,Rajasthan_North,2020,Rabi,Soybean,17.57,27.23,188.07,61.32,13.26,7.26,0.775,197.6,13.1,161.1,2739.82
AGR_Nor_2023_02469,North_Zone,Rajasthan_North,2023,Rabi,Soybean,19.2,31.58,155.64,54.79,13.11,6.25,0.752,194.0,21.7,174.9,2639.57
AGR_Nor_2019_02470,North_Zone,Rajasthan_North,2019,Rabi,Maize,17.1,24.26,88.98,35.64,12.03,6.76,0.653,175.2,27.2,114.4,3132.07
AGR_Nor_2018_02471,North_Zone,UP_Western,2018,Rabi,Rice,14.97,26.88,103.18,73.21,10.0,6.57,0.691,177.2,20.0,210.6,4265.09
AGR_Nor_2022_02472,North_Zone,Punjab_Central,2022,Rabi,Maize,15.92,29.22,83.82,,13.58,6.33,0.811,179.5,19.4,203.5,3441.2
AGR_Nor_2022_02473,North_Zone,UP_Western,2022,Rabi,Rice,16.57,24.77,82.19,57.2,12.54,6.46,0.711,189.2,15.1,175.1,3929.51
AGR_Nor_2018_02474,North_Zone,Rajasthan_North,2018,Rabi,Soybean,17.02,29.28,133.12,64.2,10.89,7.21,0.577,210.3,28.1,251.6,2313.42
AGR_Nor_2023_02475,North_Zone,Punjab_Central,2023,Kharif,Rice,20.14,33.24,739.06,75.1,11.62,6.99,0.44,202.1,16.3,161.9,5040.19
AGR_Nor_2020_02476,North_Zone,Punjab_Central,2020,Rabi,Rice,16.28,26.02,162.74,51.64,11.04,6.78,0.6,163.4,19.3,178.8,4013.63
AGR_Nor_2023_02477,North_Zone,Rajasthan_North,2023,Rabi,Soybean,16.37,29.3,85.16,54.95,10.0,7.07,0.633,153.4,14.6,197.6,1941.55
AGR_Nor_2023_02478,North_Zone,Punjab_Central,2023,Kharif,Rice,20.41,29.87,646.41,57.98,15.08,6.92,0.712,135.5,30.9,221.3,5098.85
AGR_Nor_2023_02479,North_Zone,Rajasthan_North,2023,Kharif,Pulses,21.96,34.71,414.64,73.03,13.8,6.86,0.509,165.0,29.5,242.8,2255.49
AGR_Nor_2020_02480,North_Zone,Punjab_Central,2020,Rabi,Maize,16.9,26.04,120.35,68.41,10.0,7.1,0.544,173.1,30.2,215.7,3326.7
AGR_Nor_2018_02481,North_Zone,UP_Western,2018,Rabi,Wheat,15.45,28.38,93.83,58.47,12.5,6.1,0.759,220.8,27.6,219.7,3938.4
AGR_Nor_2018_02482,North_Zone,Rajasthan_North,2018,Kharif,Wheat,19.77,29.29,750.36,73.07,12.64,6.79,0.71,241.8,18.5,223.6,5059.2
AGR_Nor_2022_02483,North_Zone,Haryana_East,2022,Rabi,Wheat,15.92,23.91,72.04,38.14,12.52,6.65,0.575,185.0,21.2,250.9,3621.43
AGR_Nor_2018_02484,North_Zone,Haryana_East,2018,Rabi,Wheat,17.56,31.36,206.15,52.02,13.24,6.85,0.719,194.1,13.7,203.6,4371.56
AGR_Nor_2021_02485,North_Zone,Haryana_East,2021,Kharif,Maize,20.15,27.88,840.81,76.04,13.71,6.67,0.711,205.1,28.6,249.7,4195.4
AGR_Nor_2021_02486,North_Zone,UP_Western,2021,Kharif,Pulses,20.59,30.09,591.95,69.81,10.0,7.55,0.787,241.8,37.9,136.7,2319.31
AGR_Nor_2020_02487,North_Zone,Haryana_East,2020,Kharif,Maize,,33.61,,75.61,10.21,5.98,0.848,198.9,23.0,179.5,4428.14
AGR_Nor_2022_02488,North_Zone,Rajasthan_North,2022,Rabi,Maize,15.22,24.7,129.06,64.64,14.86,7.02,0.506,164.4,24.1,235.2,2974.28
AGR_Nor_2020_02489,North_Zone,Punjab_Central,2020,Kharif,Soybean,20.45,33.63,335.91,53.36,11.21,7.62,0.771,179.3,20.8,130.4,3105.39
AGR_Nor_2023_02490,North_Zone,Haryana_East,2023,Rabi,Soybean,17.04,25.28,112.79,50.3,10.98,6.98,0.681,91.8,28.5,255.2,1915.25
AGR_Nor_2021_02491,North_Zone,Haryana_East,2021,Rabi,Maize,16.74,28.27,108.95,56.74,10.55,6.99,0.704,136.8,25.4,221.6,3257.7
AGR_Nor_2022_02492,North_Zone,Punjab_Central,2022,Rabi,Rice,18.58,27.52,155.61,67.51,13.47,7.17,0.659,129.8,18.6,177.9,4036.62
AGR_Nor_2020_02493,North_Zone,Rajasthan_North,2020,Rabi,Cotton,15.77,28.02,132.73,55.67,17.08,7.58,0.773,196.8,32.1,253.5,2379.59
AGR_Nor_2023_02494,North_Zone,Punjab_Central,2023,Rabi,Pulses,16.99,29.7,73.79,,10.0,6.61,0.651,183.3,26.7,181.5,1438.17
AGR_Nor_2018_02495,North_Zone,UP_Western,2018,Zaid,Pulses,22.69,32.92,57.25,52.79,13.88,6.47,0.647,183.8,28.3,205.3,1558.42
AGR_Nor_2019_02496,North_Zone,Punjab_Central,2019,Kharif,Soybean,20.91,31.12,323.4,47.36,13.55,5.49,0.699,203.0,12.2,218.6,3150.32
AGR_Nor_2019_02497,North_Zone,UP_Western,2019,Zaid,Rice,23.47,33.02,49.23,60.61,13.18,6.46,0.81,124.7,21.4,216.9,4386.28
AGR_Nor_2022_02498,North_Zone,Punjab_Central,2022,Kharif,Pulses,19.94,28.46,780.98,,10.0,7.0,0.369,172.5,31.0,219.8,2178.47
AGR_Nor_2020_02499,North_Zone,Haryana_East,2020,Kharif,Maize,19.82,27.97,507.93,73.0,10.62,7.39,0.684,181.1,24.2,263.8,4144.79
AGR_Nor_2022_02500,North_Zone,Punjab_Central,2022,Kharif,Cotton,19.98,30.88,1047.5,76.32,10.0,6.04,0.694,179.0,12.4,224.9,3144.59
