Record_ID,Region,District,Year,Season,Crop,Temp_Min_C,Temp_Max_C,Rainfall_mm,Humidity_Pct,Solar_Rad_MJm2,Soil_pH,Organic_Carbon_Pct,Nitrogen_kg_ha,Phosphorus_kg_ha,Potassium_kg_ha,Crop_Yield_kg_ha
AGR_Eas_2021_00001,East_Zone,Assam_Valley,2021,Kharif,Pulses,24.5,33.72,1093.92,95.0,11.76,7.31,0.461,143.3,21.9,253.5,1892.94
AGR_Eas_2022_00002,East_Zone,Bihar_Plains,2022,Kharif,Rice,23.6,31.9,1361.23,91.86,10.0,7.65,0.246,173.2,22.5,184.3,4680.68
AGR_Eas_2019_00003,East_Zone,Assam_Valley,2019,Rabi,Wheat,19.02,27.42,379.47,72.88,11.07,6.47,0.48,182.3,28.1,165.2,3935.45
AGR_Eas_2020_00004,East_Zone,WB_Gangetic,2020,Rabi,Cotton,18.29,29.23,461.83,66.56,10.0,7.19,0.343,190.9,23.2,211.2,2599.93
AGR_Eas_2018_00005,East_Zone,Odisha_Coastal,2018,Rabi,Cotton,20.71,33.95,382.85,88.24,10.98,8.0,0.645,235.8,13.2,240.4,3102.45
AGR_Eas_2020_00006,East_Zone,Bihar_Plains,2020,Rabi,Rice,18.8,30.38,260.25,82.99,12.01,6.77,0.715,184.3,23.4,223.7,4700.21
AGR_Eas_2018_00007,East_Zone,Assam_Valley,2018,Kharif,Cotton,26.73,39.14,780.89,75.19,11.36,7.5,0.554,189.6,20.0,147.2,2629.34
AGR_Eas_2022_00008,East_Zone,Odisha_Coastal,2022,Kharif,Pulses,23.62,36.03,1407.14,92.3,12.13,6.02,0.442,176.6,15.0,150.6,2232.85
AGR_Eas_2022_00009,East_Zone,WB_Gangetic,2022,Zaid,Pulses,24.43,34.25,66.21,59.86,10.86,6.89,0.64,205.8,32.0,237.3,1540.07
AGR_Eas_2022_00010,East_Zone,WB_Gangetic,2022,Zaid,Pulses,22.31,30.73,179.5,49.82,10.7,7.33,0.893,157.4,28.2,240.8,1777.58
AGR_Eas_2018_00011,East_Zone,WB_Gangetic,2018,Kharif,Rice,21.43,34.31,1386.39,95.0,10.48,5.89,0.8,179.0,14.5,278.0,5318.83
AGR_Eas_2023_00012,East_Zone,WB_Gangetic,2023,Rabi,Pulses,18.18,28.59,275.03,68.4,13.24,6.42,0.57,118.1,21.5,211.7,1445.43
AGR_Eas_2022_00013,East_Zone,WB_Gangetic,2022,Kharif,Wheat,20.82,30.14,1567.4,91.82,10.0,6.09,0.521,147.1,10.1,191.9,4193.15
AGR_Eas_2021_00014,East_Zone,Odisha_Coastal,2021,Rabi,Rice,16.97,28.51,308.77,63.1,10.0,7.2,0.648,157.3,24.7,284.4,4798.2
AGR_Eas_2018_00015,East_Zone,Bihar_Plains,2018,Kharif,Soybean,23.63,35.59,1389.92,,10.0,6.69,0.321,186.1,18.5,220.0,3544.67
AGR_Eas_2023_00016,East_Zone,WB_Gangetic,2023,Rabi,Wheat,20.0,,236.18,41.53,13.23,6.2,0.66,185.6,30.6,209.1,4364.21
AGR_Eas_2023_00017,East_Zone,Odisha_Coastal,2023,Zaid,Rice,23.76,37.1,134.61,52.19,12.81,7.33,0.536,211.0,24.6,277.1,4560.99
AGR_Eas_2023_00018,East_Zone,WB_Gangetic,2023,Zaid,Rice,24.71,33.65,102.85,43.82,14.56,6.54,0.607,94.7,21.0,200.5,4024.36
AGR_Eas_2018_00019,East_Zone,Assam_Valley,2018,Kharif,Soybean,,33.07,1080.41,95.0,10.0,6.69,0.971,177.5,16.4,206.5,3468.46
AGR_Eas_2019_00020,East_Zone,Assam_Valley,2019,Rabi,Soybean,19.67,32.69,,47.67,12.6,8.31,0.836,185.2,16.9,241.0,3347.6
AGR_Eas_2022_00021,East_Zone,Assam_Valley,2022,Rabi,Maize,18.68,30.39,148.49,49.28,14.75,7.35,0.806,175.1,21.1,110.0,3530.37
AGR_Eas_2023_00022,East_Zone,Assam_Valley,2023,Kharif,Wheat,23.12,35.01,947.86,63.76,12.38,7.92,0.817,213.8,14.6,185.5,4948.19
AGR_Eas_2018_00023,East_Zone,Bihar_Plains,2018,Rabi,Wheat,18.33,28.65,264.37,65.16,10.58,7.14,0.532,185.5,26.9,215.9,4066.8
AGR_Eas_2019_00024,East_Zone,WB_Gangetic,2019,Rabi,Pulses,21.07,33.69,414.97,66.0,10.66,6.98,0.742,217.6,30.3,193.0,2554.11
AGR_Eas_2019_00025,East_Zone,WB_Gangetic,2019,Kharif,Pulses,23.84,37.64,1118.96,95.0,10.01,5.84,0.659,195.8,14.4,268.2,2355.35
AGR_Eas_2018_00026,East_Zone,Assam_Valley,2018,Kharif,Soybean,21.25,34.64,1824.61,95.0,10.0,6.01,0.544,172.2,20.4,229.5,2876.31
AGR_Eas_2023_00027,East_Zone,Bihar_Plains,2023,Rabi,Cotton,17.91,30.06,195.66,69.53,12.52,6.84,0.586,231.9,24.3,217.8,2330.16
AGR_Eas_2022_00028,East_Zone,WB_Gangetic,2022,Rabi,Maize,19.87,27.46,178.38,58.18,10.0,5.88,0.585,184.2,18.8,222.8,3473.7
AGR_Eas_2020_00029,East_Zone,Bihar_Plains,2020,Rabi,Maize,,33.68,437.42,71.36,14.41,6.56,0.507,137.4,25.6,210.3,3866.02
AGR_Eas_2019_00030,East_Zone,Odisha_Coastal,2019,Zaid,Rice,25.51,37.92,234.39,63.16,14.19,7.27,0.521,149.5,23.7,285.9,4581.86
AGR_Eas_2020_00031,East_Zone,Odisha_Coastal,2020,Rabi,Rice,19.84,26.98,295.95,47.94,12.48,6.36,0.966,220.1,23.8,266.7,5630.88
AGR_Eas_2018_00032,East_Zone,WB_Gangetic,2018,Kharif,Cotton,22.57,31.82,1868.18,95.0,11.31,6.06,0.552,253.9,29.5,171.5,2570.44
AGR_Eas_2020_00033,East_Zone,WB_Gangetic,2020,Kharif,Wheat,23.32,33.99,1863.41,95.0,10.0,7.35,0.512,135.3,15.3,172.5,3668.14
AGR_Eas_2020_00034,East_Zone,Bihar_Plains,2020,Kharif,Maize,22.54,31.36,784.66,,12.0,6.92,0.554,181.9,21.8,255.7,3978.55
AGR_Eas_2021_00035,East_Zone,Bihar_Plains,2021,Kharif,Soybean,26.0,35.55,1220.95,95.0,10.0,7.66,0.257,202.3,16.6,211.8,3255.01
AGR_Eas_2022_00036,East_Zone,Assam_Valley,2022,Rabi,Maize,18.56,27.86,277.32,63.84,10.0,6.38,0.423,186.4,25.2,218.7,3739.4
AGR_Eas_2018_00037,East_Zone,Assam_Valley,2018,Rabi,Rice,19.71,30.99,275.43,60.96,14.64,7.87,0.582,218.2,13.7,289.6,4905.0
AGR_Eas_2023_00038,East_Zone,WB_Gangetic,2023,Rabi,Pulses,16.88,29.89,174.96,55.09,10.0,6.87,0.674,160.1,27.8,263.9,1799.91
AGR_Eas_2018_00039,East_Zone,Odisha_Coastal,2018,Kharif,Rice,25.03,38.64,633.6,71.48,14.4,6.57,0.427,219.1,16.0,110.9,5058.17
AGR_Eas_2023_00040,East_Zone,Odisha_Coastal,2023,Zaid,Wheat,25.68,36.63,155.6,49.1,15.42,6.74,0.69,134.5,28.2,304.6,3751.95
AGR_Eas_2018_00041,East_Zone,Bihar_Plains,2018,Rabi,Maize,21.33,34.01,406.08,57.41,15.07,7.5,0.451,189.2,21.8,192.9,4133.8
AGR_Eas_2022_00042,East_Zone,WB_Gangetic,2022,Rabi,Cotton,19.79,33.44,202.04,55.55,11.66,6.34,0.518,223.6,31.5,120.5,2518.4
AGR_Eas_2021_00043,East_Zone,Assam_Valley,2021,Kharif,Pulses,22.97,30.99,1554.6,94.59,11.01,6.39,0.547,167.7,21.0,151.0,2113.37
AGR_Eas_2018_00044,East_Zone,WB_Gangetic,2018,Rabi,Cotton,18.65,31.57,273.63,58.86,13.65,6.2,0.632,200.7,18.2,185.6,2414.83
AGR_Eas_2019_00045,East_Zone,Bihar_Plains,2019,Rabi,Cotton,19.81,33.32,240.03,71.57,11.8,6.3,0.608,259.1,23.2,285.2,2839.63
AGR_Eas_2022_00046,East_Zone,Assam_Valley,2022,Rabi,Pulses,18.18,,164.49,75.39,10.85,8.26,0.552,189.0,22.0,220.9,1491.86
AGR_Eas_2022_00047,East_Zone,Odisha_Coastal,2022,Kharif,Cotton,24.99,35.97,218.65,38.28,15.11,7.1,0.455,189.0,25.8,213.7,2718.15
AGR_Eas_2019_00048,East_Zone,WB_Gangetic,2019,Rabi,Wheat,21.05,30.51,385.45,64.81,14.87,5.79,0.862,189.3,18.7,260.2,4555.48
AGR_Eas_2022_00049,East_Zone,Bihar_Plains,2022,Kharif,Wheat,24.38,31.78,1777.27,95.0,10.0,6.77,0.354,148.6,14.2,261.6,3943.57
AGR_Eas_2022_00050,East_Zone,Assam_Valley,2022,Kharif,Cotton,24.31,31.39,1352.77,95.0,10.0,7.05,0.521,217.6,24.9,218.6,3200.39
AGR_Eas_2019_00051,East_Zone,Bihar_Plains,2019,Kharif,Rice,25.67,,1040.61,80.83,10.0,6.48,0.606,148.1,19.8,216.9,4995.8
AGR_Eas_2020_00052,East_Zone,WB_Gangetic,2020,Kharif,Wheat,25.63,33.12,1673.34,95.0,10.0,7.49,0.462,222.3,17.6,210.2,4681.86
AGR_Eas_2023_00053,East_Zone,Odisha_Coastal,2023,Kharif,Soybean,22.41,35.92,2121.97,95.0,10.0,7.52,0.856,175.1,23.6,214.1,2605.94
AGR_Eas_2021_00054,East_Zone,Bihar_Plains,2021,Kharif,Maize,21.69,30.49,1145.62,,10.59,8.13,0.581,206.1,15.0,184.7,4087.33
AGR_Eas_2023_00055,East_Zone,Bihar_Plains,2023,Kharif,Cotton,23.87,34.09,2269.35,95.0,10.0,7.38,0.716,219.2,28.1,228.8,2404.36
AGR_Eas_2018_00056,East_Zone,WB_Gangetic,2018,Kharif,Soybean,23.97,32.78,1115.53,71.51,10.0,6.57,0.814,182.1,23.7,160.6,3505.01
AGR_Eas_2022_00057,East_Zone,Odisha_Coastal,2022,Zaid,Soybean,25.41,39.07,174.8,62.15,13.85,5.92,0.458,183.9,21.0,179.3,2121.67
AGR_Eas_2019_00058,East_Zone,Odisha_Coastal,2019,Rabi,Wheat,20.23,28.27,290.3,55.72,16.17,5.82,0.747,184.7,24.7,192.9,4578.74
AGR_Eas_2018_00059,East_Zone,Bihar_Plains,2018,Kharif,Cotton,25.34,35.69,2115.65,95.0,10.0,6.49,0.616,224.3,19.7,168.9,2466.31
AGR_Eas_2022_00060,East_Zone,Bihar_Plains,2022,Rabi,Cotton,,25.36,356.74,61.15,11.84,6.86,0.282,199.4,31.1,137.9,2477.41
AGR_Eas_2021_00061,East_Zone,Odisha_Coastal,2021,Kharif,Wheat,23.74,34.68,1851.19,95.0,10.13,5.33,0.416,133.7,28.8,265.4,4005.19
AGR_Eas_2020_00062,East_Zone,Assam_Valley,2020,Kharif,Maize,19.21,32.72,1445.54,95.0,10.59,6.14,0.898,181.2,26.1,153.1,4403.31
AGR_Eas_2021_00063,East_Zone,Odisha_Coastal,2021,Kharif,Maize,20.55,,1545.39,95.0,10.0,5.74,0.989,142.9,21.4,188.8,4227.26
AGR_Eas_2023_00064,East_Zone,Bihar_Plains,2023,Rabi,Wheat,16.23,29.67,157.03,52.76,13.08,7.35,0.977,180.1,22.5,272.6,4279.55
AGR_Eas_2021_00065,East_Zone,Assam_Valley,2021,Rabi,Rice,20.42,30.49,253.53,61.99,11.21,5.2,0.551,206.6,17.4,146.0,4766.84
AGR_Eas_2021_00066,East_Zone,Bihar_Plains,2021,Kharif,Cotton,20.54,30.88,889.91,76.16,10.22,7.21,0.605,162.8,17.9,258.1,2996.43
AGR_Eas_2020_00067,East_Zone,WB_Gangetic,2020,Kharif,Rice,22.93,36.21,1656.26,95.0,11.17,6.42,0.763,148.9,22.4,245.1,4911.33
AGR_Eas_2019_00068,East_Zone,Bihar_Plains,2019,Kharif,Soybean,22.13,,1124.61,77.53,10.0,6.79,0.664,204.3,27.8,183.5,3291.61
AGR_Eas_2018_00069,East_Zone,Assam_Valley,2018,Zaid,Pulses,23.03,36.29,157.77,,10.47,6.28,0.339,102.8,30.8,299.9,1441.58
AGR_Eas_2023_00070,East_Zone,Bihar_Plains,2023,Rabi,Maize,19.74,28.87,310.67,72.36,13.29,7.09,0.616,216.3,20.6,204.4,3857.67
AGR_Eas_2019_00071,East_Zone,Odisha_Coastal,2019,Kharif,Maize,23.65,36.46,1903.66,95.0,10.0,5.89,0.331,182.5,35.8,184.5,3604.64
AGR_Eas_2020_00072,East_Zone,Odisha_Coastal,2020,Kharif,Pulses,22.33,31.6,1642.15,95.0,10.0,7.27,0.424,153.0,29.9,254.8,2092.16
AGR_Eas_2021_00073,East_Zone,WB_Gangetic,2021,Kharif,Soybean,23.54,33.99,1136.24,90.53,10.0,7.0,0.559,179.0,22.4,189.8,3337.66
AGR_Eas_2021_00074,East_Zone,Assam_Valley,2021,Kharif,Soybean,25.95,34.16,1567.73,95.0,10.0,6.88,0.495,221.4,28.3,157.5,3148.17
AGR_Eas_2021_00075,East_Zone,Odisha_Coastal,2021,Kharif,Soybean,23.76,31.67,2091.18,95.0,10.0,8.5,0.822,125.8,24.3,279.1,2290.77
AGR_Eas_2021_00076,East_Zone,Assam_Valley,2021,Kharif,Maize,22.54,31.23,1635.21,95.0,10.0,6.4,0.703,216.2,25.9,219.3,4459.72
AGR_Eas_2023_00077,East_Zone,Odisha_Coastal,2023,Kharif,Rice,25.77,37.25,821.29,83.68,11.52,6.6,0.797,134.9,20.0,110.0,5102.57
AGR_Eas_2019_00078,East_Zone,WB_Gangetic,2019,Rabi,Wheat,,31.06,428.36,56.86,13.53,7.32,0.533,197.2,27.5,165.6,4438.91
AGR_Eas_2020_00079,East_Zone,Assam_Valley,2020,Rabi,Pulses,21.59,34.46,,56.38,12.16,7.59,0.596,168.1,9.1,246.9,1979.92
AGR_Eas_2018_00080,East_Zone,WB_Gangetic,2018,Zaid,Rice,24.61,35.16,119.9,47.18,15.66,5.2,0.2,172.9,23.3,200.0,4140.26
AGR_Eas_2023_00081,East_Zone,WB_Gangetic,2023,Kharif,Pulses,25.13,35.62,837.52,70.34,10.05,6.66,0.536,189.4,23.4,220.6,2371.32
AGR_Eas_2018_00082,East_Zone,WB_Gangetic,2018,Rabi,Wheat,19.67,30.85,265.44,56.11,10.74,6.34,0.703,104.9,20.5,171.2,3738.9
AGR_Eas_2023_00083,East_Zone,Odisha_Coastal,2023,Rabi,Maize,21.23,32.49,,88.04,11.49,7.2,0.2,236.8,22.0,201.1,4110.76
AGR_Eas_2019_00084,East_Zone,Assam_Valley,2019,Kharif,Cotton,22.42,33.69,1453.31,95.0,10.0,6.87,0.498,258.7,22.1,186.8,3228.01
AGR_Eas_2023_00085,East_Zone,Odisha_Coastal,2023,Rabi,Wheat,20.23,31.64,294.72,63.73,10.04,7.37,0.282,136.7,23.6,217.5,3940.0
AGR_Eas_2019_00086,East_Zone,Assam_Valley,2019,Rabi,Maize,20.55,33.24,273.9,61.85,15.84,6.07,0.734,139.8,21.9,227.6,3619.74
AGR_Eas_2018_00087,East_Zone,Assam_Valley,2018,Kharif,Wheat,24.75,31.9,995.86,81.41,11.86,6.97,0.527,163.7,18.7,251.4,4276.06
AGR_Eas_2019_00088,East_Zone,Assam_Valley,2019,Rabi,Rice,18.16,26.44,220.88,56.99,12.39,7.88,0.756,184.1,32.3,318.1,4586.48
AGR_Eas_2019_00089,East_Zone,Bihar_Plains,2019,Rabi,Pulses,15.83,25.02,415.47,57.11,12.07,5.75,0.677,202.4,14.2,133.7,2141.39
AGR_Eas_2023_00090,East_Zone,Bihar_Plains,2023,Rabi,Rice,19.69,28.28,311.18,75.91,12.46,5.68,0.681,198.7,28.8,265.7,4971.47
AGR_Eas_2021_00091,East_Zone,Bihar_Plains,2021,Kharif,Soybean,23.5,33.11,1717.65,,10.0,6.85,0.936,221.2,28.8,298.7,3472.59
AGR_Eas_2021_00092,East_Zone,WB_Gangetic,2021,Kharif,Cotton,21.95,,353.34,80.93,12.46,7.48,0.708,165.5,26.3,208.2,2841.37
AGR_Eas_2021_00093,East_Zone,Odisha_Coastal,2021,Rabi,Cotton,20.7,28.84,355.46,67.97,12.5,6.84,0.998,194.3,9.7,112.1,2760.61
AGR_Eas_2018_00094,East_Zone,WB_Gangetic,2018,Kharif,Pulses,25.63,33.26,970.75,80.09,13.03,7.22,0.958,198.1,19.0,183.5,2434.93
AGR_Eas_2023_00095,East_Zone,WB_Gangetic,2023,Rabi,Maize,21.45,,177.12,67.16,10.0,7.03,0.352,185.3,21.0,248.2,3541.84
AGR_Eas_2021_00096,East_Zone,WB_Gangetic,2021,Kharif,Maize,23.64,35.87,1604.82,,10.0,6.68,1.2,116.7,29.2,197.5,4090.53
AGR_Eas_2020_00097,East_Zone,WB_Gangetic,2020,Kharif,Soybean,22.46,32.16,1633.53,95.0,10.0,5.6,0.902,174.7,16.8,236.8,3131.56
AGR_Eas_2020_00098,East_Zone,Odisha_Coastal,2020,Kharif,Soybean,23.35,30.57,1971.59,95.0,10.0,6.9,0.457,179.5,18.8,167.6,2747.74
AGR_Eas_2023_00099,East_Zone,Odisha_Coastal,2023,Rabi,Pulses,19.46,27.79,248.55,50.88,11.34,6.81,0.232,217.8,26.2,246.7,1746.01
AGR_Eas_2018_00100,East_Zone,Odisha_Coastal,2018,Rabi,Rice,20.1,31.0,186.64,69.32,10.33,6.32,0.43,191.9,11.9,179.0,4388.91
AGR_Eas_2022_00101,East_Zone,Odisha_Coastal,2022,Kharif,Maize,24.96,33.34,1110.57,89.53,10.0,6.34,0.902,158.6,24.0,255.7,4341.99
AGR_Eas_2023_00102,East_Zone,Assam_Valley,2023,Kharif,Maize,23.54,,842.75,83.8,11.44,7.02,0.328,175.4,23.2,234.0,4001.9
AGR_Eas_2023_00103,East_Zone,Odisha_Coastal,2023,Kharif,Wheat,21.94,30.86,1570.5,95.0,10.0,6.31,0.763,167.3,29.6,190.3,4445.14
AGR_Eas_2019_00104,East_Zone,Odisha_Coastal,2019,Rabi,Wheat,19.28,26.9,270.33,61.3,14.34,6.62,0.437,135.0,22.8,192.7,3589.1
AGR_Eas_2020_00105,East_Zone,Bihar_Plains,2020,Rabi,Soybean,20.57,30.52,329.44,48.7,14.13,6.83,0.382,156.6,25.6,185.9,2879.68
AGR_Eas_2022_00106,East_Zone,Assam_Valley,2022,Rabi,Pulses,17.37,24.66,381.86,56.28,14.17,7.76,0.617,191.2,26.1,219.4,2199.99
AGR_Eas_2020_00107,East_Zone,Odisha_Coastal,2020,Rabi,Maize,16.7,25.51,235.77,58.13,15.15,7.72,0.295,214.7,22.7,187.5,3544.79
AGR_Eas_2022_00108,East_Zone,Assam_Valley,2022,Kharif,Maize,,33.78,1652.72,95.0,10.0,7.37,0.935,200.7,22.5,245.9,4307.12
AGR_Eas_2020_00109,East_Zone,WB_Gangetic,2020,Rabi,Pulses,20.93,33.04,256.49,35.7,13.39,7.02,0.628,162.0,21.5,252.6,1912.32
AGR_Eas_2019_00110,East_Zone,Assam_Valley,2019,Rabi,Rice,17.99,25.0,211.48,63.89,11.12,7.01,0.346,226.3,12.7,191.8,4368.53
AGR_Eas_2018_00111,East_Zone,WB_Gangetic,2018,Rabi,Wheat,16.76,30.13,462.15,70.11,10.16,6.86,0.625,159.4,20.0,304.5,4337.35
AGR_Eas_2019_00112,East_Zone,Assam_Valley,2019,Rabi,Soybean,20.08,30.21,212.74,57.36,12.39,8.5,0.535,228.4,14.6,216.8,2645.33
AGR_Eas_2021_00113,East_Zone,Odisha_Coastal,2021,Kharif,Wheat,23.46,30.89,1415.59,90.22,10.0,7.46,0.648,154.1,18.1,112.7,4575.56
AGR_Eas_2020_00114,East_Zone,Assam_Valley,2020,Kharif,Cotton,22.97,33.8,1867.57,95.0,10.0,6.7,0.425,141.6,11.2,161.3,2390.24
AGR_Eas_2022_00115,East_Zone,Bihar_Plains,2022,Zaid,Pulses,24.99,32.56,182.48,57.65,12.27,7.47,0.709,154.8,21.0,202.1,1829.8
AGR_Eas_2023_00116,East_Zone,Bihar_Plains,2023,Rabi,Maize,19.97,28.47,204.33,38.84,11.5,7.92,0.579,184.9,14.7,231.8,3708.85
AGR_Eas_2019_00117,East_Zone,WB_Gangetic,2019,Kharif,Soybean,24.96,32.48,2865.42,95.0,10.0,6.03,0.559,157.9,17.8,229.6,1704.08
AGR_Eas_2022_00118,East_Zone,WB_Gangetic,2022,Rabi,Maize,22.68,34.35,346.54,60.81,10.94,7.12,0.628,219.3,16.3,256.7,4056.44
AGR_Eas_2019_00119,East_Zone,Assam_Valley,2019,Rabi,Rice,19.19,28.44,379.87,55.66,11.08,8.07,0.479,114.8,20.2,223.8,4329.25
AGR_Eas_2019_00120,East_Zone,Assam_Valley,2019,Kharif,Wheat,19.22,31.15,1452.63,95.0,14.28,7.07,0.353,246.6,21.7,146.0,4760.03
AGR_Eas_2019_00121,East_Zone,Assam_Valley,2019,Rabi,Wheat,18.14,27.12,215.31,66.1,12.22,7.37,0.605,179.1,25.4,246.7,3805.73
AGR_Eas_2020_00122,East_Zone,Bihar_Plains,2020,Kharif,Cotton,22.94,31.79,,95.0,10.16,6.71,0.553,135.9,18.6,204.0,2776.14
AGR_Eas_2023_00123,East_Zone,Odisha_Coastal,2023,Kharif,Soybean,24.65,37.17,1194.53,83.81,13.01,6.86,0.447,205.6,22.1,169.0,2930.58
AGR_Eas_2021_00124,East_Zone,Bihar_Plains,2021,Kharif,Cotton,23.93,33.98,1329.78,95.0,10.0,6.9,0.798,158.2,26.5,191.3,3089.15
AGR_Eas_2020_00125,East_Zone,Assam_Valley,2020,Kharif,Cotton,23.35,35.26,1414.57,95.0,10.0,6.79,0.541,223.7,20.7,158.8,3107.85
AGR_Eas_2021_00126,East_Zone,Assam_Valley,2021,Kharif,Rice,24.92,35.54,1330.39,83.64,10.0,7.22,0.729,200.5,15.4,216.8,5317.93
AGR_Eas_2023_00127,East_Zone,WB_Gangetic,2023,Rabi,Maize,18.84,32.39,243.99,59.29,14.17,7.02,0.731,191.3,20.2,149.2,3755.07
AGR_Eas_2022_00128,East_Zone,Assam_Valley,2022,Kharif,Pulses,23.43,36.74,1604.31,95.0,10.91,5.99,0.706,187.7,25.0,237.1,2268.11
AGR_Eas_2023_00129,East_Zone,Odisha_Coastal,2023,Rabi,Soybean,18.1,29.4,312.61,57.54,12.22,6.62,0.642,191.2,18.9,185.2,3053.55
AGR_Eas_2023_00130,East_Zone,WB_Gangetic,2023,Zaid,Rice,25.33,36.02,79.75,57.97,14.39,7.55,0.402,177.5,21.5,272.2,4443.2
AGR_Eas_2023_00131,East_Zone,Assam_Valley,2023,Rabi,Rice,21.1,34.7,349.05,52.8,10.01,7.92,0.511,163.0,26.1,136.3,4821.52
AGR_Eas_2021_00132,East_Zone,Odisha_Coastal,2021,Kharif,Soybean,22.68,30.41,1868.91,95.0,10.0,7.94,0.357,131.4,20.5,282.8,2520.72
AGR_Eas_2020_00133,East_Zone,Odisha_Coastal,2020,Kharif,Soybean,21.83,32.3,1555.44,,10.0,7.63,0.684,164.4,18.3,196.4,3335.02
AGR_Eas_2022_00134,East_Zone,Assam_Valley,2022,Rabi,Maize,19.68,29.21,173.14,46.86,14.04,7.22,0.863,178.8,13.2,138.4,3836.7
AGR_Eas_2023_00135,East_Zone,WB_Gangetic,2023,Rabi,Maize,20.52,33.17,153.88,65.55,11.48,7.24,0.522,136.2,27.9,187.8,3213.77
AGR_Eas_2020_00136,East_Zone,WB_Gangetic,2020,Kharif,Pulses,22.4,31.61,1017.54,78.27,10.0,6.14,0.602,162.2,16.3,201.3,2154.81
AGR_Eas_2023_00137,East_Zone,Odisha_Coastal,2023,Rabi,Cotton,19.0,29.3,343.38,53.87,10.0,6.56,0.427,147.0,23.2,256.4,2199.54
AGR_Eas_2023_00138,East_Zone,WB_Gangetic,2023,Rabi,Maize,18.51,26.72,346.67,53.28,12.91,7.09,0.527,167.2,8.0,184.4,4125.35
AGR_Eas_2022_00139,East_Zone,WB_Gangetic,2022,Kharif,Pulses,25.23,37.17,963.32,60.99,14.28,6.89,0.786,121.0,18.3,178.3,2176.84
AGR_Eas_2020_00140,East_Zone,Odisha_Coastal,2020,Rabi,Pulses,19.54,31.17,226.69,60.42,14.14,8.5,0.824,167.8,15.1,196.7,2175.49
AGR_Eas_2018_00141,East_Zone,Bihar_Plains,2018,Kharif,Wheat,21.94,30.3,1572.48,95.0,10.0,6.32,0.561,182.5,14.6,228.0,4342.07
AGR_Eas_2021_00142,East_Zone,Odisha_Coastal,2021,Kharif,Maize,22.22,30.57,1397.91,95.0,10.0,7.73,0.659,143.9,27.5,157.4,3977.64
AGR_Eas_2018_00143,East_Zone,Assam_Valley,2018,Kharif,Soybean,23.58,36.59,1420.36,95.0,10.0,7.44,0.591,278.7,24.7,227.9,3579.27
AGR_Eas_2020_00144,East_Zone,Assam_Valley,2020,Rabi,Maize,,28.14,354.22,67.11,10.73,7.41,0.446,232.7,17.4,274.0,4104.54
AGR_Eas_2023_00145,East_Zone,Odisha_Coastal,2023,Kharif,Wheat,24.46,38.39,1307.9,71.42,10.0,6.58,0.51,166.4,16.5,227.5,4472.0
AGR_Eas_2023_00146,East_Zone,Bihar_Plains,2023,Kharif,Wheat,24.78,36.76,988.69,82.71,10.0,6.46,0.326,198.2,16.2,117.9,4663.01
AGR_Eas_2020_00147,East_Zone,Odisha_Coastal,2020,Rabi,Rice,19.4,29.14,390.72,,10.0,8.02,0.61,230.3,15.7,246.8,4944.18
AGR_Eas_2021_00148,East_Zone,Odisha_Coastal,2021,Kharif,Cotton,23.35,31.53,1009.52,87.27,10.49,7.03,0.732,191.7,34.1,276.3,3103.44
AGR_Eas_2019_00149,East_Zone,Bihar_Plains,2019,Kharif,Wheat,,34.91,1156.14,92.95,10.0,6.42,0.812,178.9,19.3,214.0,4503.84
AGR_Eas_2021_00150,East_Zone,Bihar_Plains,2021,Kharif,Rice,23.55,30.62,1698.26,95.0,10.0,7.24,0.577,240.6,23.1,244.3,5236.83
AGR_Eas_2022_00151,East_Zone,WB_Gangetic,2022,Kharif,Maize,24.05,32.35,724.34,68.29,10.0,6.19,0.796,217.0,18.4,202.0,4315.35
AGR_Eas_2022_00152,East_Zone,Bihar_Plains,2022,Rabi,Pulses,16.47,25.64,296.52,66.91,10.0,6.11,0.67,184.1,14.1,267.2,1453.46
AGR_Eas_2022_00153,East_Zone,WB_Gangetic,2022,Rabi,Soybean,17.86,26.41,,47.31,17.5,5.98,0.466,149.3,14.3,252.7,2079.47
AGR_Eas_2021_00154,East_Zone,Assam_Valley,2021,Kharif,Maize,,33.48,1488.69,95.0,10.0,6.87,0.79,205.3,36.1,212.6,4714.22
AGR_Eas_2018_00155,East_Zone,Assam_Valley,2018,Kharif,Maize,23.4,32.23,2147.74,95.0,10.0,6.56,0.586,225.2,24.8,276.3,3744.8
AGR_Eas_2020_00156,East_Zone,Bihar_Plains,2020,Kharif,Pulses,21.6,35.11,1368.22,95.0,10.0,6.65,0.721,139.0,30.3,147.3,2326.23
AGR_Eas_2018_00157,East_Zone,WB_Gangetic,2018,Kharif,Pulses,23.12,32.0,1230.54,68.94,10.0,7.01,0.371,165.7,14.1,242.0,2318.08
AGR_Eas_2023_00158,East_Zone,WB_Gangetic,2023,Rabi,Maize,16.65,25.85,,80.89,10.0,6.9,0.657,171.9,13.3,162.2,3195.72
AGR_Eas_2022_00159,East_Zone,Assam_Valley,2022,Kharif,Soybean,23.02,31.95,1489.46,95.0,10.0,6.88,0.84,190.8,26.0,197.8,3345.53
AGR_Eas_2022_00160,East_Zone,Odisha_Coastal,2022,Kharif,Maize,24.29,34.36,968.17,78.76,10.0,7.54,0.491,214.8,24.8,141.1,4218.73
AGR_Eas_2020_00161,East_Zone,Bihar_Plains,2020,Kharif,Maize,24.81,33.35,1234.39,81.12,10.2,6.22,0.814,231.5,21.3,169.9,4622.74
AGR_Eas_2018_00162,East_Zone,Assam_Valley,2018,Kharif,Maize,21.1,33.55,1154.53,95.0,10.0,7.83,0.622,168.2,19.5,194.0,4054.68
AGR_Eas_2022_00163,East_Zone,Odisha_Coastal,2022,Kharif,Cotton,22.19,34.78,1355.86,95.0,10.0,6.2,0.585,172.6,25.9,180.6,3069.01
AGR_Eas_2018_00164,East_Zone,Odisha_Coastal,2018,Kharif,Maize,,34.7,2103.41,95.0,10.0,5.31,0.531,181.4,25.8,279.3,3394.32
AGR_Eas_2023_00165,East_Zone,Bihar_Plains,2023,Kharif,Pulses,22.38,36.29,933.99,72.6,10.0,6.81,0.699,154.0,26.8,285.9,2022.9
AGR_Eas_2023_00166,East_Zone,Odisha_Coastal,2023,Zaid,Rice,23.96,35.6,134.21,58.94,10.0,7.23,0.615,158.5,21.9,185.0,4202.71
AGR_Eas_2023_00167,East_Zone,Bihar_Plains,2023,Rabi,Maize,,31.82,271.34,80.93,10.34,7.06,0.837,172.4,31.3,216.5,4302.04
AGR_Eas_2023_00168,East_Zone,WB_Gangetic,2023,Kharif,Soybean,21.64,32.4,1533.96,95.0,10.0,7.35,0.681,143.1,23.4,242.4,3259.67
AGR_Eas_2019_00169,East_Zone,Odisha_Coastal,2019,Kharif,Cotton,22.77,,1869.25,95.0,10.0,7.16,0.32,244.0,17.9,165.2,2653.11
AGR_Eas_2022_00170,East_Zone,WB_Gangetic,2022,Rabi,Soybean,20.31,30.89,102.24,57.89,11.83,6.5,0.539,171.2,21.0,195.9,2464.03
AGR_Eas_2020_00171,East_Zone,Odisha_Coastal,2020,Rabi,Rice,21.06,33.81,372.24,67.0,11.71,7.75,0.945,185.1,25.6,183.7,5462.35
AGR_Eas_2018_00172,East_Zone,Odisha_Coastal,2018,Kharif,Cotton,23.42,35.87,847.61,81.56,10.31,7.98,0.93,182.3,21.4,144.1,3168.03
AGR_Eas_2023_00173,East_Zone,Odisha_Coastal,2023,Kharif,Maize,23.38,35.83,2034.34,95.0,10.0,6.59,0.602,140.9,25.8,171.8,3137.94
AGR_Eas_2020_00174,East_Zone,Bihar_Plains,2020,Kharif,Soybean,21.83,30.67,1498.12,95.0,10.0,7.34,0.863,98.0,12.1,270.2,3035.16
AGR_Eas_2023_00175,East_Zone,Odisha_Coastal,2023,Rabi,Wheat,20.6,30.03,261.19,55.72,14.89,6.75,0.68,178.5,26.0,166.6,4388.39
AGR_Eas_2020_00176,East_Zone,Bihar_Plains,2020,Kharif,Rice,20.79,31.01,,67.01,10.0,6.59,0.558,192.9,21.1,258.2,4847.13
AGR_Eas_2021_00177,East_Zone,Assam_Valley,2021,Kharif,Soybean,22.3,30.42,1670.41,,10.76,6.13,0.529,97.9,34.8,205.6,2835.48
AGR_Eas_2018_00178,East_Zone,Odisha_Coastal,2018,Rabi,Rice,18.0,25.9,147.39,41.9,15.28,5.28,0.749,200.5,24.9,194.3,4723.82
AGR_Eas_2022_00179,East_Zone,WB_Gangetic,2022,Rabi,Cotton,20.7,30.91,388.97,68.28,12.57,6.71,0.459,216.2,19.3,191.8,2846.43
AGR_Eas_2019_00180,East_Zone,Odisha_Coastal,2019,Kharif,Wheat,22.95,30.75,1443.81,81.84,10.0,6.58,0.843,150.4,19.4,250.7,4655.34
AGR_Eas_2018_00181,East_Zone,Bihar_Plains,2018,Kharif,Cotton,24.32,36.95,1225.64,78.25,10.0,6.59,0.636,212.0,17.9,169.4,3135.3
AGR_Eas_2018_00182,East_Zone,WB_Gangetic,2018,Rabi,Wheat,16.55,30.47,304.13,53.37,10.0,6.9,0.536,157.8,28.6,169.3,4116.98
AGR_Eas_2018_00183,East_Zone,Bihar_Plains,2018,Rabi,Rice,18.67,28.78,371.51,46.36,18.07,6.77,0.632,156.7,24.9,203.1,4550.39
AGR_Eas_2022_00184,East_Zone,Odisha_Coastal,2022,Kharif,Wheat,23.42,31.38,1310.04,95.0,11.24,5.66,0.887,150.0,19.3,235.1,4632.52
AGR_Eas_2020_00185,East_Zone,WB_Gangetic,2020,Kharif,Rice,21.31,29.44,2074.47,,10.0,8.08,0.716,172.9,8.0,209.2,4272.64
AGR_Eas_2020_00186,East_Zone,Odisha_Coastal,2020,Zaid,Pulses,26.2,33.38,108.89,45.11,14.14,5.75,0.471,203.1,25.8,190.0,1728.32
AGR_Eas_2023_00187,East_Zone,Assam_Valley,2023,Zaid,Pulses,24.33,33.64,135.55,56.09,16.59,6.6,0.503,190.3,23.2,233.8,1802.4
AGR_Eas_2019_00188,East_Zone,Assam_Valley,2019,Rabi,Cotton,16.21,24.13,235.73,58.16,12.08,7.0,0.699,151.0,10.8,227.9,1889.92
AGR_Eas_2018_00189,East_Zone,Bihar_Plains,2018,Rabi,Soybean,17.89,28.35,326.34,46.98,13.37,5.95,0.434,160.1,13.0,232.2,2608.91
AGR_Eas_2023_00190,East_Zone,Bihar_Plains,2023,Kharif,Soybean,23.58,32.24,,95.0,11.55,6.33,0.298,110.9,15.1,250.0,2132.79
AGR_Eas_2021_00191,East_Zone,Odisha_Coastal,2021,Kharif,Wheat,21.08,33.8,1341.15,,10.0,6.48,0.909,140.8,22.5,171.2,4905.58
AGR_Eas_2022_00192,East_Zone,Bihar_Plains,2022,Rabi,Cotton,18.91,28.43,192.8,53.08,10.04,6.21,0.443,194.0,25.2,160.8,2433.28
AGR_Eas_2020_00193,East_Zone,WB_Gangetic,2020,Kharif,Pulses,23.19,34.43,,95.0,10.0,6.68,0.378,189.4,22.1,168.7,2419.36
AGR_Eas_2018_00194,East_Zone,Odisha_Coastal,2018,Kharif,Pulses,23.08,32.13,1111.36,80.19,10.93,7.27,0.402,238.6,10.2,234.7,2490.68
AGR_Eas_2023_00195,East_Zone,Assam_Valley,2023,Rabi,Maize,20.88,,,64.44,12.47,7.63,0.426,185.0,13.7,160.5,3722.79
AGR_Eas_2020_00196,East_Zone,WB_Gangetic,2020,Rabi,Maize,18.96,29.99,206.88,75.2,14.59,7.07,0.578,133.6,25.2,210.7,3265.3
AGR_Eas_2020_00197,East_Zone,Bihar_Plains,2020,Kharif,Soybean,22.88,34.67,1112.05,87.25,10.0,6.63,0.622,167.8,27.3,176.6,3179.04
AGR_Eas_2023_00198,East_Zone,WB_Gangetic,2023,Kharif,Cotton,,35.88,1701.62,95.0,10.0,6.32,0.733,172.4,21.5,139.3,2736.37
AGR_Eas_2020_00199,East_Zone,Odisha_Coastal,2020,Kharif,Maize,23.08,33.4,1447.02,95.0,10.0,6.94,0.599,208.2,22.8,184.8,4358.11
AGR_Eas_2023_00200,East_Zone,Assam_Valley,2023,Rabi,Pulses,17.96,,331.22,67.53,10.98,7.38,0.633,171.1,23.9,155.4,2130.15
AGR_Eas_2021_00201,East_Zone,Odisha_Coastal,2021,Rabi,Cotton,18.07,26.24,197.7,51.67,14.76,7.03,0.369,221.2,19.2,189.4,2248.02
AGR_Eas_2021_00202,East_Zone,Odisha_Coastal,2021,Kharif,Cotton,23.15,,1387.54,95.0,10.0,6.25,0.5,168.2,19.9,227.5,2879.81
AGR_Eas_2020_00203,East_Zone,Assam_Valley,2020,Kharif,Cotton,23.58,31.24,1898.48,95.0,10.0,5.93,0.366,183.3,22.8,154.7,2275.07
AGR_Eas_2022_00204,East_Zone,Bihar_Plains,2022,Kharif,Pulses,20.89,32.29,1696.92,95.0,10.0,7.29,0.578,213.3,21.8,123.4,2165.97
AGR_Eas_2021_00205,East_Zone,WB_Gangetic,2021,Zaid,Maize,25.86,36.34,110.75,55.61,10.34,6.92,0.545,219.9,18.9,243.9,3679.98
AGR_Eas_2020_00206,East_Zone,WB_Gangetic,2020,Kharif,Maize,22.51,33.78,1089.49,81.73,11.11,6.19,0.66,162.6,12.8,134.5,3851.96
AGR_Eas_2019_00207,East_Zone,Bihar_Plains,2019,Kharif,Maize,20.35,30.29,1191.43,78.3,11.21,6.39,0.752,207.4,23.1,189.2,4343.67
AGR_Eas_2021_00208,East_Zone,Bihar_Plains,2021,Kharif,Soybean,22.37,,1635.89,95.0,10.0,7.49,0.2,115.4,29.0,209.8,2517.76
AGR_Eas_2021_00209,East_Zone,Assam_Valley,2021,Kharif,Soybean,22.34,35.0,1075.64,95.0,10.0,6.26,0.371,160.8,24.9,316.2,3224.9
AGR_Eas_2023_00210,East_Zone,Odisha_Coastal,2023,Kharif,Soybean,22.29,32.05,1771.19,95.0,10.0,7.19,0.551,187.1,22.4,232.3,2789.02
AGR_Eas_2022_00211,East_Zone,Bihar_Plains,2022,Rabi,Cotton,16.06,27.15,444.69,62.17,10.64,6.79,1.018,157.3,14.5,259.6,2916.3
AGR_Eas_2018_00212,East_Zone,Assam_Valley,2018,Zaid,Pulses,23.78,34.78,137.06,49.49,13.49,7.08,0.606,242.4,24.3,185.3,1943.08
AGR_Eas_2021_00213,East_Zone,WB_Gangetic,2021,Rabi,Cotton,15.31,,107.05,,14.31,6.58,0.462,178.1,27.4,207.1,1883.39
AGR_Eas_2020_00214,East_Zone,Assam_Valley,2020,Kharif,Maize,22.63,30.55,1385.45,95.0,10.0,8.08,0.418,90.0,18.3,161.1,3635.07
AGR_Eas_2020_00215,East_Zone,Assam_Valley,2020,Kharif,Soybean,22.4,35.88,1290.62,80.7,10.0,6.64,0.646,200.4,17.3,141.5,3259.09
AGR_Eas_2018_00216,East_Zone,Assam_Valley,2018,Kharif,Soybean,21.12,31.16,2143.26,95.0,10.56,6.91,0.77,240.0,19.3,177.1,2774.82
AGR_Eas_2022_00217,East_Zone,Bihar_Plains,2022,Zaid,Cotton,22.36,33.6,176.52,46.54,15.94,8.16,0.505,233.7,29.8,228.3,2466.09
AGR_Eas_2022_00218,East_Zone,Odisha_Coastal,2022,Rabi,Pulses,19.27,26.59,265.25,71.67,13.81,8.42,0.517,212.7,16.0,226.5,1730.11
AGR_Eas_2023_00219,East_Zone,WB_Gangetic,2023,Kharif,Rice,21.21,28.88,890.59,76.16,11.81,6.49,0.461,159.2,37.0,220.5,4962.86
AGR_Eas_2018_00220,East_Zone,Assam_Valley,2018,Rabi,Wheat,17.21,27.21,334.77,41.27,15.81,6.74,0.489,192.6,19.3,233.7,4160.8
AGR_Eas_2021_00221,East_Zone,Assam_Valley,2021,Kharif,Maize,22.62,35.34,1944.93,95.0,10.0,6.52,0.488,166.4,17.9,245.2,3502.92
AGR_Eas_2020_00222,East_Zone,Assam_Valley,2020,Kharif,Soybean,18.8,31.02,1119.32,58.64,13.69,6.54,0.47,162.2,22.6,170.1,2876.41
AGR_Eas_2020_00223,East_Zone,WB_Gangetic,2020,Kharif,Wheat,22.89,33.49,2077.0,95.0,10.85,7.35,0.623,219.2,15.3,298.0,4396.06
AGR_Eas_2022_00224,East_Zone,WB_Gangetic,2022,Zaid,Cotton,26.91,37.83,179.11,49.67,14.74,6.33,0.749,145.2,22.7,247.3,2459.81
AGR_Eas_2021_00225,East_Zone,Odisha_Coastal,2021,Zaid,Rice,23.24,30.53,122.9,53.0,15.88,5.81,0.37,239.6,22.2,170.4,4453.75
AGR_Eas_2021_00226,East_Zone,Assam_Valley,2021,Rabi,Pulses,20.39,31.76,293.94,61.08,14.42,6.97,0.806,176.8,29.1,190.1,2015.4
AGR_Eas_2023_00227,East_Zone,Assam_Valley,2023,Kharif,Wheat,22.83,30.88,1387.37,95.0,10.0,6.81,0.507,163.0,23.4,288.1,4413.69
AGR_Eas_2020_00228,East_Zone,Odisha_Coastal,2020,Kharif,Rice,,33.86,2642.81,95.0,10.0,6.82,0.618,200.2,24.7,184.1,3952.8
AGR_Eas_2021_00229,East_Zone,Bihar_Plains,2021,Kharif,Soybean,24.08,35.23,1167.39,80.23,10.9,6.76,0.606,155.2,11.1,215.8,3073.13
AGR_Eas_2023_00230,East_Zone,Odisha_Coastal,2023,Kharif,Maize,24.87,32.99,1544.19,95.0,10.0,6.02,0.7,134.5,28.7,305.5,4235.33
AGR_Eas_2019_00231,East_Zone,WB_Gangetic,2019,Kharif,Pulses,23.92,35.04,787.46,64.8,11.84,7.26,0.588,178.9,26.3,234.6,2274.13
AGR_Eas_2018_00232,East_Zone,Bihar_Plains,2018,Rabi,Maize,19.39,30.36,303.43,60.2,10.0,6.66,0.851,170.8,25.7,199.6,4124.04
AGR_Eas_2019_00233,East_Zone,Assam_Valley,2019,Kharif,Maize,,34.14,1215.28,91.04,10.0,6.81,0.227,209.9,17.1,295.5,4171.87
AGR_Eas_2023_00234,East_Zone,Odisha_Coastal,2023,Rabi,Rice,19.09,28.67,317.51,49.96,13.65,7.97,0.558,204.2,23.6,194.0,4780.93
AGR_Eas_2023_00235,East_Zone,Assam_Valley,2023,Kharif,Maize,22.32,34.36,1507.67,95.0,10.35,6.21,0.886,128.2,21.5,164.9,4273.26
AGR_Eas_2020_00236,East_Zone,Bihar_Plains,2020,Zaid,Wheat,22.39,29.51,166.73,63.69,11.29,7.17,0.748,145.0,17.1,206.4,3856.01
AGR_Eas_2022_00237,East_Zone,Bihar_Plains,2022,Kharif,Soybean,22.92,35.9,1862.83,95.0,11.46,5.2,0.507,119.5,31.4,181.8,2307.35
AGR_Eas_2023_00238,East_Zone,Assam_Valley,2023,Rabi,Pulses,17.98,26.17,366.39,68.82,12.54,6.0,0.572,90.0,14.7,192.8,1574.29
AGR_Eas_2020_00239,East_Zone,Odisha_Coastal,2020,Rabi,Wheat,19.39,30.78,244.76,63.71,13.51,6.7,0.386,207.6,19.6,208.3,3786.55
AGR_Eas_2022_00240,East_Zone,WB_Gangetic,2022,Rabi,Soybean,18.94,26.77,202.76,53.74,11.66,7.63,0.624,185.6,24.5,243.6,2453.02
AGR_Eas_2022_00241,East_Zone,WB_Gangetic,2022,Rabi,Wheat,20.74,30.04,330.28,77.66,10.0,7.12,0.834,176.4,22.9,204.2,4775.6
AGR_Eas_2020_00242,East_Zone,Odisha_Coastal,2020,Rabi,Pulses,21.61,32.98,303.4,50.57,12.35,6.6,0.413,153.5,21.9,224.5,2141.58
AGR_Eas_2019_00243,East_Zone,WB_Gangetic,2019,Kharif,Pulses,25.47,39.17,1399.53,94.1,10.0,8.21,0.395,138.3,15.1,197.5,2219.01
AGR_Eas_2023_00244,East_Zone,Odisha_Coastal,2023,Zaid,Pulses,27.12,38.75,141.85,63.54,11.17,7.46,0.614,125.2,27.6,164.4,1363.7
AGR_Eas_2018_00245,East_Zone,WB_Gangetic,2018,Kharif,Rice,22.05,33.24,1156.9,80.1,10.0,8.24,0.644,124.1,23.6,225.2,4875.25
AGR_Eas_2020_00246,East_Zone,Bihar_Plains,2020,Rabi,Maize,22.54,32.1,,50.25,15.63,7.11,0.275,174.7,17.3,283.8,3549.42
AGR_Eas_2022_00247,East_Zone,WB_Gangetic,2022,Rabi,Wheat,14.27,26.59,310.93,74.76,10.55,6.69,0.289,155.2,29.9,242.5,3701.72
AGR_Eas_2022_00248,East_Zone,Odisha_Coastal,2022,Zaid,Maize,25.1,32.23,97.75,55.41,10.12,7.69,0.68,176.9,19.1,273.8,3903.8
AGR_Eas_2019_00249,East_Zone,Odisha_Coastal,2019,Rabi,Cotton,17.15,26.68,,,15.75,5.78,0.72,165.4,11.3,206.9,2405.59
AGR_Eas_2020_00250,East_Zone,Assam_Valley,2020,Rabi,Pulses,19.28,30.47,352.17,77.79,10.28,6.89,0.821,241.4,30.2,212.9,2249.95
AGR_Eas_2021_00251,East_Zone,Assam_Valley,2021,Zaid,Rice,24.83,32.82,104.65,56.63,16.75,6.67,0.573,181.9,26.1,205.0,4233.15
AGR_Eas_2019_00252,East_Zone,WB_Gangetic,2019,Kharif,Wheat,22.37,30.36,1297.07,94.34,12.56,8.27,0.606,185.7,28.6,231.5,4610.67
AGR_Eas_2023_00253,East_Zone,WB_Gangetic,2023,Zaid,Soybean,26.11,39.39,121.95,52.47,13.57,6.09,0.468,144.4,8.0,290.1,2309.18
AGR_Eas_2020_00254,East_Zone,WB_Gangetic,2020,Zaid,Pulses,25.7,35.97,175.81,61.93,15.58,7.07,0.717,144.9,25.6,201.8,2069.45
AGR_Eas_2019_00255,East_Zone,WB_Gangetic,2019,Kharif,Soybean,24.67,37.86,1828.7,95.0,10.72,7.4,0.548,137.2,16.0,143.4,2454.18
AGR_Eas_2022_00256,East_Zone,Bihar_Plains,2022,Zaid,Wheat,24.82,37.67,128.75,60.88,11.85,7.22,0.831,146.2,27.6,274.9,3661.43
AGR_Eas_2021_00257,East_Zone,WB_Gangetic,2021,Rabi,Maize,19.43,31.72,161.96,41.35,15.29,6.81,0.549,198.2,17.3,201.4,3420.89
AGR_Eas_2020_00258,East_Zone,WB_Gangetic,2020,Zaid,Soybean,25.81,37.72,179.64,74.77,10.0,6.91,0.314,140.7,26.5,204.7,2189.03
AGR_Eas_2023_00259,East_Zone,Odisha_Coastal,2023,Rabi,Maize,21.14,34.92,318.51,55.8,12.12,6.83,0.694,190.0,31.1,130.1,4005.8
AGR_Eas_2018_00260,East_Zone,Bihar_Plains,2018,Kharif,Cotton,24.32,36.95,1738.22,95.0,10.0,7.09,0.687,189.3,14.3,204.9,2687.47
AGR_Eas_2020_00261,East_Zone,Assam_Valley,2020,Zaid,Soybean,26.34,34.98,143.41,47.26,14.94,7.31,0.663,122.5,26.2,247.5,2300.02
AGR_Eas_2022_00262,East_Zone,Bihar_Plains,2022,Kharif,Wheat,22.26,33.09,2200.64,95.0,10.0,6.63,0.738,210.7,28.9,237.6,4128.71
AGR_Eas_2018_00263,East_Zone,Odisha_Coastal,2018,Kharif,Wheat,23.02,31.47,927.41,65.55,10.22,6.44,0.739,159.5,22.7,195.6,4865.78
AGR_Eas_2018_00264,East_Zone,Odisha_Coastal,2018,Zaid,Pulses,24.23,35.35,121.3,68.35,10.0,6.93,0.409,196.5,16.2,236.6,1727.81
AGR_Eas_2021_00265,East_Zone,Odisha_Coastal,2021,Kharif,Maize,20.7,27.8,1299.67,95.0,10.0,6.53,0.821,126.0,14.8,161.6,4231.15
AGR_Eas_2018_00266,East_Zone,Bihar_Plains,2018,Kharif,Cotton,22.39,,1300.63,82.32,10.26,7.05,0.791,189.8,24.5,331.0,3249.74
AGR_Eas_2021_00267,East_Zone,Assam_Valley,2021,Kharif,Rice,,,2177.38,95.0,10.0,6.73,0.566,156.4,24.9,226.5,4287.01
AGR_Eas_2023_00268,East_Zone,WB_Gangetic,2023,Rabi,Cotton,18.94,27.49,135.92,42.48,15.05,6.59,0.5,213.3,20.0,161.7,2353.88
AGR_Eas_2021_00269,East_Zone,Bihar_Plains,2021,Rabi,Cotton,17.43,27.73,385.12,70.0,10.0,7.68,0.569,171.5,18.7,217.9,2527.71
AGR_Eas_2020_00270,East_Zone,Assam_Valley,2020,Kharif,Cotton,,32.43,1576.89,95.0,10.0,7.28,0.584,176.9,15.6,198.5,2834.8
AGR_Eas_2018_00271,East_Zone,Assam_Valley,2018,Kharif,Pulses,23.26,30.92,1619.57,95.0,10.0,7.57,0.695,146.3,29.4,118.6,1849.94
AGR_Eas_2018_00272,East_Zone,Assam_Valley,2018,Kharif,Maize,22.62,32.95,797.41,76.17,11.48,7.69,0.515,215.2,20.7,258.6,4263.69
AGR_Eas_2018_00273,East_Zone,Bihar_Plains,2018,Rabi,Pulses,20.41,27.64,,53.64,10.74,7.89,0.752,243.9,25.0,273.0,2000.71
AGR_Eas_2018_00274,East_Zone,WB_Gangetic,2018,Rabi,Rice,18.1,27.52,293.81,,11.72,8.08,0.577,90.0,22.0,252.3,4098.59
AGR_Eas_2022_00275,East_Zone,WB_Gangetic,2022,Rabi,Rice,19.2,28.47,357.25,61.38,12.97,6.93,0.64,181.5,39.3,233.7,4592.09
AGR_Eas_2023_00276,East_Zone,Odisha_Coastal,2023,Rabi,Cotton,22.05,35.18,267.35,55.62,10.0,6.31,0.773,175.7,18.3,212.8,2782.13
AGR_Eas_2020_00277,East_Zone,Bihar_Plains,2020,Rabi,Cotton,21.18,31.65,275.8,46.18,13.1,6.67,0.398,164.1,14.1,166.5,2469.19
AGR_Eas_2018_00278,East_Zone,WB_Gangetic,2018,Rabi,Soybean,18.73,30.11,195.67,65.02,10.0,6.58,0.51,147.9,26.7,274.8,2515.79
AGR_Eas_2022_00279,East_Zone,WB_Gangetic,2022,Kharif,Maize,25.9,34.24,1509.1,95.0,10.0,6.61,0.856,170.7,18.4,139.2,4395.01
AGR_Eas_2020_00280,East_Zone,Odisha_Coastal,2020,Rabi,Cotton,15.97,26.08,289.85,70.05,14.72,7.97,0.564,170.5,23.2,246.2,2070.76
AGR_Eas_2023_00281,East_Zone,WB_Gangetic,2023,Kharif,Wheat,22.58,35.87,1621.1,94.17,10.0,6.21,0.573,222.2,21.2,184.8,4700.37
AGR_Eas_2022_00282,East_Zone,Bihar_Plains,2022,Zaid,Cotton,24.68,37.36,231.2,69.05,11.91,6.02,0.565,261.4,21.3,195.8,2699.63
AGR_Eas_2022_00283,East_Zone,WB_Gangetic,2022,Kharif,Maize,23.01,30.32,1405.94,85.05,10.0,7.01,0.717,214.4,29.2,269.3,4465.77
AGR_Eas_2019_00284,East_Zone,Bihar_Plains,2019,Rabi,Wheat,18.94,32.47,425.67,65.17,12.2,7.51,0.934,184.5,20.8,217.1,5029.62
AGR_Eas_2018_00285,East_Zone,WB_Gangetic,2018,Kharif,Cotton,23.72,35.67,1051.08,84.77,13.09,6.77,0.539,110.8,23.2,169.7,2992.57
AGR_Eas_2018_00286,East_Zone,Bihar_Plains,2018,Kharif,Cotton,20.85,34.2,1514.22,95.0,11.11,6.54,0.646,162.2,21.5,215.4,3013.7
AGR_Eas_2018_00287,East_Zone,Odisha_Coastal,2018,Kharif,Soybean,22.38,29.82,1431.33,78.96,10.94,6.92,0.643,204.4,26.3,221.7,3208.55
AGR_Eas_2023_00288,East_Zone,Assam_Valley,2023,Rabi,Maize,17.69,27.95,413.52,,11.75,6.7,0.742,232.4,20.0,295.2,4242.41
AGR_Eas_2022_00289,East_Zone,Odisha_Coastal,2022,Kharif,Cotton,23.71,32.18,1753.49,95.0,10.0,6.19,0.595,226.7,29.4,174.3,2777.32
AGR_Eas_2022_00290,East_Zone,Odisha_Coastal,2022,Kharif,Rice,25.06,36.16,1089.38,,10.0,6.08,0.653,147.2,16.3,206.3,4989.34
AGR_Eas_2020_00291,East_Zone,WB_Gangetic,2020,Rabi,Maize,20.18,28.34,,49.8,14.47,7.19,0.591,233.5,24.8,179.5,3854.3
AGR_Eas_2020_00292,East_Zone,Assam_Valley,2020,Zaid,Soybean,25.11,34.01,122.04,60.97,11.98,7.26,0.75,212.7,18.1,223.7,2715.19
AGR_Eas_2018_00293,East_Zone,Bihar_Plains,2018,Kharif,Cotton,22.42,34.04,729.28,67.74,10.0,7.15,0.639,174.9,24.4,141.3,2706.9
AGR_Eas_2019_00294,East_Zone,Odisha_Coastal,2019,Kharif,Cotton,20.63,28.03,1938.48,,10.0,7.31,0.748,169.2,18.7,180.6,2562.18
AGR_Eas_2018_00295,East_Zone,Assam_Valley,2018,Zaid,Soybean,25.26,34.18,187.52,45.2,11.32,6.76,0.897,197.2,14.3,310.5,2860.51
AGR_Eas_2022_00296,East_Zone,Odisha_Coastal,2022,Kharif,Soybean,25.11,38.05,695.27,83.84,12.44,7.15,0.836,171.1,21.8,231.2,3565.02
AGR_Eas_2022_00297,East_Zone,Assam_Valley,2022,Kharif,Cotton,24.71,35.25,702.32,95.0,10.0,7.63,0.53,173.2,18.5,178.5,3202.41
AGR_Eas_2023_00298,East_Zone,WB_Gangetic,2023,Kharif,Maize,22.92,33.7,1501.11,95.0,10.0,7.67,0.52,151.4,18.7,235.5,4085.58
AGR_Eas_2022_00299,East_Zone,Odisha_Coastal,2022,Kharif,Rice,24.08,37.04,1116.98,,10.0,7.99,0.661,162.3,21.7,156.3,4877.92
AGR_Eas_2018_00300,East_Zone,WB_Gangetic,2018,Zaid,Rice,24.74,37.6,151.84,47.77,16.81,8.12,0.298,185.4,25.1,229.8,4260.02
AGR_Eas_2018_00301,East_Zone,WB_Gangetic,2018,Rabi,Wheat,18.55,31.45,231.65,62.4,10.0,7.04,0.794,178.0,31.0,225.6,4363.07
AGR_Eas_2021_00302,East_Zone,Bihar_Plains,2021,Kharif,Maize,22.66,31.3,1293.81,95.0,10.0,6.7,0.853,190.8,16.0,176.5,4454.29
AGR_Eas_2018_00303,East_Zone,WB_Gangetic,2018,Kharif,Cotton,23.54,32.53,1131.71,82.87,10.0,7.57,0.529,103.7,23.3,185.3,2614.16
AGR_Eas_2020_00304,East_Zone,Assam_Valley,2020,Rabi,Pulses,19.37,29.86,366.53,61.4,11.31,6.1,0.849,205.6,25.9,169.9,2245.82
AGR_Eas_2019_00305,East_Zone,WB_Gangetic,2019,Rabi,Pulses,20.25,32.12,149.23,65.51,10.0,7.03,0.415,171.7,22.5,198.3,1695.55
AGR_Eas_2022_00306,East_Zone,Odisha_Coastal,2022,Rabi,Soybean,19.83,28.48,332.08,65.02,11.52,5.2,0.779,183.3,18.7,166.5,3178.18
AGR_Eas_2023_00307,East_Zone,WB_Gangetic,2023,Kharif,Cotton,21.74,33.26,1602.06,92.55,10.0,6.74,0.606,223.5,8.3,188.5,3061.7
AGR_Eas_2021_00308,East_Zone,Bihar_Plains,2021,Rabi,Soybean,17.21,25.04,255.33,51.78,14.47,6.61,0.668,151.4,16.0,170.1,2369.82
AGR_Eas_2021_00309,East_Zone,Bihar_Plains,2021,Rabi,Rice,18.54,28.23,194.06,52.72,13.26,7.42,0.524,197.3,16.5,272.6,4509.92
AGR_Eas_2022_00310,East_Zone,WB_Gangetic,2022,Kharif,Rice,23.14,33.89,1854.85,95.0,10.0,5.94,0.356,206.2,24.4,250.5,4776.81
AGR_Eas_2023_00311,East_Zone,Odisha_Coastal,2023,Rabi,Wheat,19.48,29.74,372.8,65.8,10.63,6.45,0.777,106.5,13.8,206.9,3868.52
AGR_Eas_2018_00312,East_Zone,Assam_Valley,2018,Rabi,Rice,19.56,31.67,241.2,45.97,14.18,7.8,0.2,225.7,13.9,184.5,4365.85
AGR_Eas_2022_00313,East_Zone,Odisha_Coastal,2022,Rabi,Wheat,17.25,29.0,292.61,,13.23,5.54,0.86,211.9,14.9,201.5,4580.8
AGR_Eas_2022_00314,East_Zone,Bihar_Plains,2022,Kharif,Pulses,23.48,34.81,1541.02,95.0,11.98,5.96,0.495,192.7,23.5,192.6,2365.24
AGR_Eas_2023_00315,East_Zone,Bihar_Plains,2023,Rabi,Cotton,20.02,,254.99,59.75,10.27,6.21,0.544,188.3,23.2,147.8,2541.15
AGR_Eas_2019_00316,East_Zone,WB_Gangetic,2019,Rabi,Rice,16.05,23.09,310.82,76.87,16.09,7.79,0.67,164.1,27.4,218.0,4432.28
AGR_Eas_2021_00317,East_Zone,Bihar_Plains,2021,Kharif,Maize,23.18,30.84,1105.39,95.0,10.0,6.93,0.489,218.2,20.7,186.0,4256.21
AGR_Eas_2020_00318,East_Zone,WB_Gangetic,2020,Kharif,Wheat,19.13,27.19,1759.2,95.0,12.29,6.62,0.466,179.0,25.5,278.7,3805.96
AGR_Eas_2018_00319,East_Zone,WB_Gangetic,2018,Kharif,Maize,22.37,32.72,1859.56,95.0,10.0,6.26,0.472,126.8,23.7,190.1,3352.89
AGR_Eas_2018_00320,East_Zone,Assam_Valley,2018,Zaid,Maize,25.71,37.8,93.63,,10.0,7.11,0.706,182.2,26.0,231.6,3534.65
AGR_Eas_2022_00321,East_Zone,Bihar_Plains,2022,Kharif,Soybean,21.25,28.65,1711.32,95.0,10.53,6.06,0.592,139.7,26.8,250.4,2536.19
AGR_Eas_2022_00322,East_Zone,Bihar_Plains,2022,Rabi,Maize,17.33,30.98,195.34,56.89,11.66,7.9,0.773,175.0,12.8,133.7,3350.81
AGR_Eas_2018_00323,East_Zone,Odisha_Coastal,2018,Kharif,Cotton,22.86,30.8,986.99,72.83,11.86,6.87,0.695,177.9,19.9,225.6,2809.3
AGR_Eas_2022_00324,East_Zone,Bihar_Plains,2022,Kharif,Wheat,23.91,32.25,1644.23,95.0,10.0,6.0,0.503,195.3,36.0,193.3,4343.05
AGR_Eas_2019_00325,East_Zone,Odisha_Coastal,2019,Rabi,Cotton,18.78,30.39,,58.8,14.5,6.02,0.548,149.2,29.5,149.5,2573.28
AGR_Eas_2019_00326,East_Zone,WB_Gangetic,2019,Kharif,Maize,22.78,31.67,,95.0,10.0,6.37,0.453,226.4,13.3,208.6,3411.94
AGR_Eas_2022_00327,East_Zone,Assam_Valley,2022,Kharif,Wheat,21.8,31.5,1157.91,91.37,10.0,6.89,0.529,186.7,13.3,218.9,4276.69
AGR_Eas_2021_00328,East_Zone,WB_Gangetic,2021,Kharif,Rice,24.54,31.78,1010.61,90.67,10.0,6.02,0.523,100.7,23.9,243.8,4490.05
AGR_Eas_2022_00329,East_Zone,Assam_Valley,2022,Rabi,Cotton,17.74,25.24,181.46,,14.73,7.02,0.535,231.4,34.4,201.4,2070.41
AGR_Eas_2018_00330,East_Zone,Odisha_Coastal,2018,Kharif,Cotton,24.44,32.02,1236.32,87.76,12.22,7.04,0.57,168.0,14.0,126.5,2897.14
AGR_Eas_2021_00331,East_Zone,Assam_Valley,2021,Rabi,Soybean,20.18,27.2,380.5,81.04,10.0,7.0,1.04,162.7,27.9,193.6,3340.18
AGR_Eas_2022_00332,East_Zone,Odisha_Coastal,2022,Kharif,Rice,22.0,,1448.66,95.0,10.0,6.72,0.562,139.5,39.7,113.5,4829.39
AGR_Eas_2023_00333,East_Zone,WB_Gangetic,2023,Kharif,Pulses,22.6,34.39,1809.65,95.0,10.0,6.32,0.739,157.9,8.0,238.0,1911.23
AGR_Eas_2020_00334,East_Zone,WB_Gangetic,2020,Kharif,Pulses,24.15,36.41,1168.93,84.92,10.0,6.8,0.386,141.3,17.4,268.1,2016.61
AGR_Eas_2020_00335,East_Zone,Bihar_Plains,2020,Zaid,Cotton,26.9,39.47,230.7,48.83,11.36,7.43,0.274,189.5,8.0,131.2,2100.77
AGR_Eas_2021_00336,East_Zone,Bihar_Plains,2021,Kharif,Pulses,20.99,29.51,852.66,77.92,11.8,6.03,0.352,183.7,20.0,192.3,1927.88
AGR_Eas_2020_00337,East_Zone,Assam_Valley,2020,Rabi,Wheat,17.5,29.71,197.72,56.35,12.63,7.15,0.454,154.9,20.8,185.2,3873.44
AGR_Eas_2020_00338,East_Zone,Odisha_Coastal,2020,Kharif,Maize,21.87,33.27,,95.0,10.0,5.92,0.745,189.0,22.2,200.5,4456.24
AGR_Eas_2021_00339,East_Zone,WB_Gangetic,2021,Kharif,Wheat,21.95,33.98,1503.62,88.81,10.0,7.98,0.42,146.9,8.4,191.6,4260.77
AGR_Eas_2021_00340,East_Zone,Odisha_Coastal,2021,Rabi,Soybean,17.66,26.81,186.82,60.89,13.06,6.79,0.468,201.9,22.8,198.1,2287.2
AGR_Eas_2021_00341,East_Zone,Odisha_Coastal,2021,Kharif,Soybean,25.0,32.23,869.78,91.56,10.0,7.46,0.624,189.1,31.9,277.8,3119.74
AGR_Eas_2019_00342,East_Zone,Odisha_Coastal,2019,Kharif,Cotton,23.0,32.57,990.11,95.0,10.0,6.74,0.62,229.9,28.1,190.7,2970.33
AGR_Eas_2022_00343,East_Zone,Odisha_Coastal,2022,Rabi,Soybean,17.32,25.42,289.15,51.0,10.85,6.35,0.318,129.7,24.4,233.6,2391.45
AGR_Eas_2021_00344,East_Zone,Odisha_Coastal,2021,Zaid,Soybean,24.17,36.49,82.31,51.66,12.51,6.32,0.592,222.7,12.6,210.2,2793.57
AGR_Eas_2023_00345,East_Zone,Bihar_Plains,2023,Kharif,Soybean,22.09,29.3,1524.06,81.97,10.89,6.91,0.75,142.8,15.2,202.0,2892.93
AGR_Eas_2022_00346,East_Zone,Assam_Valley,2022,Kharif,Cotton,22.42,33.19,1476.69,95.0,10.33,6.54,0.704,225.1,22.5,186.4,3453.46
AGR_Eas_2021_00347,East_Zone,Assam_Valley,2021,Kharif,Cotton,21.39,35.29,1456.49,95.0,10.0,5.44,0.563,226.5,28.0,246.0,3110.75
AGR_Eas_2019_00348,East_Zone,Odisha_Coastal,2019,Kharif,Soybean,21.8,34.85,,95.0,10.0,6.84,0.359,232.0,28.3,214.0,3216.37
AGR_Eas_2020_00349,East_Zone,Odisha_Coastal,2020,Rabi,Pulses,18.59,30.06,147.82,64.66,11.55,7.34,0.519,141.8,20.8,208.5,1534.94
AGR_Eas_2023_00350,East_Zone,Odisha_Coastal,2023,Kharif,Maize,24.58,33.59,1576.12,95.0,10.0,6.29,0.902,169.5,20.0,246.6,4255.58
AGR_Eas_2021_00351,East_Zone,Odisha_Coastal,2021,Kharif,Rice,22.21,32.82,813.11,72.56,13.23,7.3,0.842,184.2,30.8,184.9,5246.11
AGR_Eas_2019_00352,East_Zone,Odisha_Coastal,2019,Rabi,Rice,,29.46,308.32,66.61,11.15,6.91,0.534,117.4,22.4,183.1,4276.86
AGR_Eas_2022_00353,East_Zone,Odisha_Coastal,2022,Kharif,Rice,23.57,30.77,1257.99,93.64,11.6,6.53,0.355,138.8,11.3,242.6,4676.9
AGR_Eas_2022_00354,East_Zone,WB_Gangetic,2022,Rabi,Soybean,18.97,27.68,235.36,54.46,11.33,7.02,0.63,124.3,15.3,221.3,2447.25
AGR_Eas_2018_00355,East_Zone,Assam_Valley,2018,Rabi,Rice,18.85,30.1,271.21,53.39,13.19,7.78,0.463,129.0,19.6,207.7,4086.46
AGR_Eas_2022_00356,East_Zone,Bihar_Plains,2022,Kharif,Rice,22.97,32.23,1177.53,91.72,10.0,6.18,0.771,193.8,22.6,182.1,5235.5
AGR_Eas_2023_00357,East_Zone,Odisha_Coastal,2023,Zaid,Soybean,22.99,36.64,99.29,50.58,10.31,6.65,0.566,227.0,20.3,209.7,2527.56
AGR_Eas_2019_00358,East_Zone,Bihar_Plains,2019,Kharif,Wheat,21.96,29.13,1336.71,93.95,10.75,6.73,0.388,205.2,16.0,280.2,4357.78
AGR_Eas_2018_00359,East_Zone,WB_Gangetic,2018,Rabi,Rice,18.53,30.03,383.9,46.41,13.03,7.16,1.017,154.7,22.4,210.0,5033.85
AGR_Eas_2018_00360,East_Zone,Assam_Valley,2018,Kharif,Cotton,23.65,31.83,910.05,82.66,10.64,6.49,0.936,158.2,25.3,216.9,3089.12
AGR_Eas_2020_00361,East_Zone,WB_Gangetic,2020,Kharif,Pulses,22.59,35.9,1513.8,92.83,10.0,6.13,0.647,195.0,25.0,121.1,2254.06
AGR_Eas_2022_00362,East_Zone,Odisha_Coastal,2022,Rabi,Rice,18.69,31.26,359.37,,10.33,6.94,0.883,204.1,19.0,274.2,5522.48
AGR_Eas_2022_00363,East_Zone,WB_Gangetic,2022,Rabi,Pulses,21.04,32.46,259.28,56.19,12.05,8.41,0.593,223.9,13.3,226.1,1892.49
AGR_Eas_2023_00364,East_Zone,WB_Gangetic,2023,Rabi,Soybean,18.18,30.58,333.7,55.15,13.56,6.92,0.458,220.3,28.9,127.8,2834.44
AGR_Eas_2021_00365,East_Zone,Odisha_Coastal,2021,Rabi,Cotton,18.35,30.58,358.09,67.46,10.47,7.58,0.454,163.7,24.5,181.4,2722.58
AGR_Eas_2019_00366,East_Zone,Assam_Valley,2019,Zaid,Maize,23.78,34.67,102.46,44.64,13.39,6.97,0.336,188.7,25.7,282.5,3419.52
AGR_Eas_2022_00367,East_Zone,Assam_Valley,2022,Rabi,Cotton,20.46,31.22,354.64,51.72,10.0,6.57,0.565,187.8,32.0,232.9,2799.92
AGR_Eas_2021_00368,East_Zone,Bihar_Plains,2021,Kharif,Maize,24.3,32.06,1210.99,92.14,13.52,6.77,0.744,238.0,28.0,246.3,4649.54
AGR_Eas_2022_00369,East_Zone,Bihar_Plains,2022,Kharif,Pulses,22.98,32.98,948.85,85.14,10.11,7.09,0.402,223.9,24.5,178.6,2396.64
AGR_Eas_2018_00370,East_Zone,Odisha_Coastal,2018,Kharif,Pulses,22.26,30.62,2021.2,,10.7,7.04,0.846,136.5,18.4,205.1,1505.9
AGR_Eas_2021_00371,East_Zone,Bihar_Plains,2021,Rabi,Maize,17.85,27.32,400.42,55.75,15.73,6.28,0.409,218.3,27.4,184.9,4002.75
AGR_Eas_2023_00372,East_Zone,Bihar_Plains,2023,Zaid,Wheat,25.73,38.35,118.39,59.75,15.0,6.75,0.415,181.4,16.8,239.1,3870.47
AGR_Eas_2022_00373,East_Zone,Assam_Valley,2022,Kharif,Wheat,21.98,29.33,1405.98,89.99,11.39,7.97,0.384,180.1,21.3,170.4,4557.93
AGR_Eas_2020_00374,East_Zone,WB_Gangetic,2020,Kharif,Soybean,22.05,33.32,1161.84,77.43,10.0,5.99,0.512,158.4,26.6,215.8,3284.51
AGR_Eas_2021_00375,East_Zone,Odisha_Coastal,2021,Kharif,Wheat,22.87,34.91,1634.26,95.0,10.0,5.46,0.503,166.8,26.7,261.7,4242.36
AGR_Eas_2018_00376,East_Zone,WB_Gangetic,2018,Rabi,Cotton,19.39,30.53,263.14,57.99,11.2,7.69,0.545,171.1,12.6,215.3,2661.11
AGR_Eas_2021_00377,East_Zone,Bihar_Plains,2021,Rabi,Cotton,,30.44,342.51,,17.23,7.18,0.397,197.5,17.5,244.4,2552.72
AGR_Eas_2020_00378,East_Zone,WB_Gangetic,2020,Rabi,Pulses,18.64,29.74,,47.94,12.55,6.37,0.602,165.1,21.2,195.5,1374.6
AGR_Eas_2018_00379,East_Zone,Odisha_Coastal,2018,Rabi,Pulses,20.41,34.07,258.52,53.5,14.67,8.01,0.483,193.2,23.5,212.4,1631.36
AGR_Eas_2022_00380,East_Zone,WB_Gangetic,2022,Kharif,Wheat,24.76,35.81,1904.3,95.0,10.0,6.1,0.53,161.3,25.5,275.3,3902.39
AGR_Eas_2021_00381,East_Zone,Odisha_Coastal,2021,Kharif,Cotton,22.0,31.04,2007.93,95.0,10.0,6.85,0.508,210.4,25.2,181.5,2477.74
AGR_Eas_2021_00382,East_Zone,Assam_Valley,2021,Kharif,Rice,22.61,,1859.96,95.0,10.0,5.38,0.476,149.9,28.4,229.7,4473.78
AGR_Eas_2021_00383,East_Zone,Assam_Valley,2021,Kharif,Rice,24.4,37.87,1438.91,95.0,10.0,6.74,0.271,182.5,33.2,116.4,4684.83
AGR_Eas_2022_00384,East_Zone,Bihar_Plains,2022,Kharif,Maize,21.89,30.29,1801.01,95.0,10.0,6.31,0.586,192.7,27.3,255.8,3711.08
AGR_Eas_2023_00385,East_Zone,Bihar_Plains,2023,Kharif,Rice,24.15,34.27,1473.1,90.77,11.25,7.76,0.438,203.9,19.2,131.4,5212.45
AGR_Eas_2021_00386,East_Zone,WB_Gangetic,2021,Kharif,Soybean,21.74,34.09,1532.29,95.0,10.0,6.43,0.342,214.9,12.2,228.4,3491.85
AGR_Eas_2023_00387,East_Zone,Odisha_Coastal,2023,Kharif,Maize,23.52,31.13,825.18,49.7,10.54,7.14,0.978,195.1,17.0,248.2,4687.43
AGR_Eas_2018_00388,East_Zone,Assam_Valley,2018,Kharif,Cotton,22.63,33.64,1501.52,95.0,10.0,6.41,0.544,203.3,12.6,132.0,2941.36
AGR_Eas_2021_00389,East_Zone,Odisha_Coastal,2021,Kharif,Soybean,21.59,30.61,1441.31,95.0,10.0,7.37,0.712,190.2,35.3,116.5,3187.44
AGR_Eas_2022_00390,East_Zone,Odisha_Coastal,2022,Rabi,Pulses,19.1,28.29,275.63,52.25,11.09,6.62,0.605,203.8,25.9,217.6,1841.87
AGR_Eas_2019_00391,East_Zone,Odisha_Coastal,2019,Kharif,Cotton,23.04,35.39,1406.05,95.0,10.0,7.21,0.625,160.8,14.5,238.5,3016.73
AGR_Eas_2021_00392,East_Zone,Bihar_Plains,2021,Rabi,Pulses,16.89,24.51,443.93,66.64,12.14,7.56,0.633,207.2,36.3,261.7,2020.24
AGR_Eas_2019_00393,East_Zone,Bihar_Plains,2019,Kharif,Maize,24.84,36.17,1075.95,,12.21,7.83,0.536,150.5,16.8,145.8,3818.54
AGR_Eas_2019_00394,East_Zone,Odisha_Coastal,2019,Kharif,Soybean,22.39,30.89,1965.61,,10.0,6.67,0.271,211.9,19.9,151.5,2492.65
AGR_Eas_2018_00395,East_Zone,Assam_Valley,2018,Kharif,Cotton,23.16,32.99,1453.24,95.0,11.72,6.77,0.846,168.3,17.9,229.7,3106.84
AGR_Eas_2021_00396,East_Zone,Bihar_Plains,2021,Kharif,Cotton,23.41,32.02,710.31,75.3,10.0,6.44,0.741,147.1,24.1,160.4,2910.59
AGR_Eas_2022_00397,East_Zone,Bihar_Plains,2022,Kharif,Maize,21.73,30.51,1806.37,,10.0,7.64,0.612,209.4,15.3,221.6,3987.08
AGR_Eas_2018_00398,East_Zone,Bihar_Plains,2018,Kharif,Cotton,22.91,35.31,1176.25,95.0,10.0,6.92,0.699,167.5,30.1,215.1,3107.5
AGR_Eas_2020_00399,East_Zone,Odisha_Coastal,2020,Zaid,Pulses,24.8,32.18,116.69,44.14,17.24,6.91,0.566,165.1,37.5,225.7,1760.37
AGR_Eas_2018_00400,East_Zone,Assam_Valley,2018,Rabi,Pulses,19.09,27.57,419.97,69.83,10.0,7.51,0.763,107.3,22.8,193.3,2240.74
AGR_Eas_2023_00401,East_Zone,Assam_Valley,2023,Kharif,Wheat,22.89,34.18,,95.0,10.0,6.26,0.251,254.5,25.3,195.6,4592.47
AGR_Eas_2021_00402,East_Zone,Assam_Valley,2021,Rabi,Maize,18.94,26.11,196.95,79.57,10.0,6.21,0.554,209.6,24.9,256.8,3774.43
AGR_Eas_2020_00403,East_Zone,WB_Gangetic,2020,Kharif,Maize,24.26,32.68,1277.22,95.0,10.0,5.7,0.666,182.5,14.3,183.5,4332.6
AGR_Eas_2019_00404,East_Zone,Assam_Valley,2019,Rabi,Soybean,17.26,29.26,379.87,64.94,10.0,6.21,0.257,191.4,18.0,183.4,2837.75
AGR_Eas_2022_00405,East_Zone,Odisha_Coastal,2022,Kharif,Wheat,24.31,37.44,1858.66,95.0,10.0,6.95,0.425,226.5,19.4,158.2,4025.99
AGR_Eas_2019_00406,East_Zone,WB_Gangetic,2019,Kharif,Rice,25.23,33.07,1659.28,95.0,10.0,6.7,0.417,166.1,30.1,257.1,4891.0
AGR_Eas_2020_00407,East_Zone,WB_Gangetic,2020,Rabi,Rice,17.37,31.0,75.44,52.74,11.15,6.74,0.2,165.8,20.8,194.5,3524.19
AGR_Eas_2018_00408,East_Zone,Bihar_Plains,2018,Rabi,Soybean,17.8,25.46,307.73,67.83,13.4,5.5,0.326,203.7,33.8,224.6,2563.43
AGR_Eas_2021_00409,East_Zone,Odisha_Coastal,2021,Rabi,Soybean,21.78,32.22,399.59,66.54,11.7,6.71,0.525,177.9,29.2,190.4,3014.79
AGR_Eas_2022_00410,East_Zone,WB_Gangetic,2022,Kharif,Soybean,19.45,29.08,951.36,,13.73,7.14,1.057,221.5,18.3,249.4,3456.08
AGR_Eas_2019_00411,East_Zone,Assam_Valley,2019,Rabi,Pulses,18.31,28.75,277.25,52.17,13.76,6.74,0.886,159.7,24.6,198.7,1612.17
AGR_Eas_2022_00412,East_Zone,Assam_Valley,2022,Rabi,Soybean,22.23,29.91,149.38,52.91,13.38,7.64,0.494,192.8,26.3,195.1,2356.2
AGR_Eas_2020_00413,East_Zone,Bihar_Plains,2020,Kharif,Rice,21.05,33.65,1033.6,93.46,10.0,7.27,0.328,186.6,31.5,164.0,4746.65
AGR_Eas_2020_00414,East_Zone,Odisha_Coastal,2020,Kharif,Pulses,23.13,31.63,1866.57,95.0,10.0,6.76,0.326,213.4,22.4,221.9,1728.81
AGR_Eas_2018_00415,East_Zone,Assam_Valley,2018,Kharif,Cotton,23.59,32.65,832.49,,11.92,7.81,0.821,188.3,23.6,111.8,3299.27
AGR_Eas_2022_00416,East_Zone,Assam_Valley,2022,Kharif,Cotton,19.46,30.27,1069.08,86.73,10.71,6.76,0.427,245.7,19.8,267.3,2845.36
AGR_Eas_2019_00417,East_Zone,Assam_Valley,2019,Rabi,Maize,17.27,30.79,205.79,55.58,14.52,7.2,0.743,148.0,21.6,242.0,3627.18
AGR_Eas_2018_00418,East_Zone,Bihar_Plains,2018,Kharif,Pulses,23.73,33.89,810.94,95.0,10.45,6.85,0.612,156.9,22.9,202.8,2326.18
AGR_Eas_2021_00419,East_Zone,Bihar_Plains,2021,Kharif,Rice,21.84,31.0,,95.0,10.0,6.1,0.43,198.1,31.4,255.7,4433.21
AGR_Eas_2021_00420,East_Zone,Bihar_Plains,2021,Zaid,Wheat,26.83,38.2,151.42,58.35,10.0,6.07,0.729,198.3,23.6,250.3,4135.85
AGR_Eas_2022_00421,East_Zone,Bihar_Plains,2022,Kharif,Maize,24.89,35.57,945.8,79.89,10.56,6.66,0.601,199.4,31.7,274.4,4437.84
AGR_Eas_2019_00422,East_Zone,Assam_Valley,2019,Kharif,Soybean,24.6,35.0,800.58,75.52,10.0,6.65,0.388,182.5,22.7,230.2,3292.19
AGR_Eas_2021_00423,East_Zone,Assam_Valley,2021,Kharif,Rice,22.97,36.58,1225.43,85.73,10.5,6.76,0.475,191.9,26.0,206.0,5254.89
AGR_Eas_2020_00424,East_Zone,WB_Gangetic,2020,Rabi,Rice,18.06,27.07,251.84,69.33,10.0,6.9,0.918,156.1,29.1,181.7,4674.89
AGR_Eas_2021_00425,East_Zone,Odisha_Coastal,2021,Kharif,Wheat,23.73,34.69,1546.82,71.19,10.0,7.16,0.545,181.2,28.6,223.6,4566.76
AGR_Eas_2021_00426,East_Zone,WB_Gangetic,2021,Kharif,Pulses,23.46,,2017.48,95.0,10.85,7.81,0.708,238.0,23.7,190.8,1739.6
AGR_Eas_2023_00427,East_Zone,Assam_Valley,2023,Rabi,Cotton,19.09,31.86,301.09,47.46,12.54,6.66,0.811,186.2,32.1,181.1,2743.01
AGR_Eas_2022_00428,East_Zone,Assam_Valley,2022,Rabi,Wheat,21.64,35.62,306.71,50.3,10.54,6.44,0.735,198.9,19.8,294.6,4492.18
AGR_Eas_2019_00429,East_Zone,Odisha_Coastal,2019,Kharif,Soybean,24.79,35.44,1348.41,82.73,10.0,6.35,0.839,184.1,21.4,185.0,3690.13
AGR_Eas_2023_00430,East_Zone,WB_Gangetic,2023,Kharif,Soybean,24.62,34.72,1279.37,92.38,10.0,6.55,0.578,154.4,15.6,251.9,3367.2
AGR_Eas_2019_00431,East_Zone,WB_Gangetic,2019,Kharif,Wheat,22.72,33.96,1160.73,87.88,10.21,6.6,0.394,172.7,21.7,202.3,4355.34
AGR_Eas_2018_00432,East_Zone,Assam_Valley,2018,Rabi,Rice,19.93,33.53,343.67,75.01,10.0,7.63,0.23,108.9,13.2,231.6,3858.39
AGR_Eas_2019_00433,East_Zone,Assam_Valley,2019,Kharif,Cotton,24.62,37.93,1389.18,95.0,11.09,6.74,0.272,123.4,24.7,173.0,2479.61
AGR_Eas_2021_00434,East_Zone,Odisha_Coastal,2021,Kharif,Wheat,24.52,36.5,1374.41,85.83,12.2,6.18,0.687,239.8,33.8,161.2,5162.06
AGR_Eas_2018_00435,East_Zone,Odisha_Coastal,2018,Zaid,Soybean,24.52,34.65,152.16,62.2,11.95,6.83,0.581,235.1,9.4,185.2,2767.56
AGR_Eas_2021_00436,East_Zone,Bihar_Plains,2021,Rabi,Maize,17.72,27.42,295.28,48.12,10.75,6.27,0.656,148.8,22.9,262.0,3553.04
AGR_Eas_2020_00437,East_Zone,WB_Gangetic,2020,Kharif,Wheat,23.68,35.53,971.35,81.3,10.0,7.02,0.482,213.7,22.4,157.2,4878.5
AGR_Eas_2018_00438,East_Zone,WB_Gangetic,2018,Kharif,Maize,22.01,32.69,1482.09,95.0,10.0,6.19,0.564,183.9,23.3,156.2,4242.3
AGR_Eas_2018_00439,East_Zone,Assam_Valley,2018,Kharif,Wheat,24.57,36.9,1304.19,94.58,10.0,6.61,0.464,202.2,23.7,215.1,4459.51
AGR_Eas_2023_00440,East_Zone,WB_Gangetic,2023,Zaid,Soybean,27.43,38.6,117.42,40.36,15.53,6.49,0.769,145.5,27.4,216.5,2801.74
AGR_Eas_2023_00441,East_Zone,Assam_Valley,2023,Rabi,Rice,17.75,26.91,200.71,64.07,10.0,6.77,0.488,215.9,27.7,246.2,4451.54
AGR_Eas_2021_00442,East_Zone,Odisha_Coastal,2021,Rabi,Maize,19.34,31.64,287.0,59.85,12.81,6.34,0.688,177.6,18.6,210.2,3694.18
AGR_Eas_2022_00443,East_Zone,Assam_Valley,2022,Kharif,Cotton,22.34,34.53,,71.28,10.0,7.02,0.651,166.0,32.3,174.6,2711.06
AGR_Eas_2019_00444,East_Zone,Bihar_Plains,2019,Kharif,Rice,22.29,32.93,,88.14,10.05,7.03,0.2,186.6,24.8,207.7,4518.69
AGR_Eas_2023_00445,East_Zone,WB_Gangetic,2023,Kharif,Rice,23.3,33.33,1046.24,95.0,10.0,5.65,0.695,206.2,22.4,194.9,5136.77
AGR_Eas_2020_00446,East_Zone,Odisha_Coastal,2020,Rabi,Wheat,18.85,28.81,378.32,57.83,10.0,7.57,0.46,163.7,32.7,256.0,4428.12
AGR_Eas_2019_00447,East_Zone,WB_Gangetic,2019,Kharif,Pulses,23.2,31.59,1631.24,94.54,10.0,7.52,0.743,208.1,17.2,188.0,2108.95
AGR_Eas_2021_00448,East_Zone,WB_Gangetic,2021,Rabi,Soybean,21.6,29.71,224.11,62.94,14.36,7.35,0.521,131.9,28.0,189.9,2404.96
AGR_Eas_2021_00449,East_Zone,WB_Gangetic,2021,Rabi,Maize,19.67,30.38,287.49,,10.1,6.48,0.867,197.4,20.5,286.4,4242.48
AGR_Eas_2022_00450,East_Zone,Odisha_Coastal,2022,Rabi,Wheat,18.18,28.97,295.16,34.22,14.53,6.66,0.331,156.2,27.3,201.2,3808.37
AGR_Eas_2020_00451,East_Zone,Assam_Valley,2020,Zaid,Rice,26.23,33.67,120.63,52.8,16.17,7.87,0.503,206.8,18.5,262.4,4431.53
AGR_Eas_2021_00452,East_Zone,Bihar_Plains,2021,Rabi,Wheat,17.63,24.93,372.09,71.4,10.0,6.96,0.701,117.4,27.3,222.4,3788.13
AGR_Eas_2019_00453,East_Zone,WB_Gangetic,2019,Kharif,Wheat,25.1,32.4,901.07,88.92,10.68,6.96,0.522,129.1,30.1,206.7,4331.07
AGR_Eas_2019_00454,East_Zone,WB_Gangetic,2019,Rabi,Cotton,19.21,26.97,,57.8,11.4,6.58,0.759,138.0,21.5,178.2,2477.02
AGR_Eas_2021_00455,East_Zone,Bihar_Plains,2021,Kharif,Maize,24.16,34.64,1082.58,79.6,10.0,6.17,0.467,197.7,29.1,166.5,4365.55
AGR_Eas_2020_00456,East_Zone,Bihar_Plains,2020,Kharif,Rice,23.33,35.79,1436.88,95.0,10.0,7.2,0.505,226.7,23.3,127.4,5421.43
AGR_Eas_2021_00457,East_Zone,Odisha_Coastal,2021,Rabi,Soybean,,31.17,171.62,70.64,11.23,6.22,0.761,199.6,21.0,216.3,2777.16
AGR_Eas_2019_00458,East_Zone,Bihar_Plains,2019,Kharif,Maize,25.19,33.79,1013.91,93.34,10.0,6.96,0.277,156.5,15.5,184.1,3901.78
AGR_Eas_2018_00459,East_Zone,Odisha_Coastal,2018,Kharif,Maize,22.2,35.16,1498.0,95.0,10.0,7.24,0.676,140.1,27.0,179.3,4270.64
AGR_Eas_2022_00460,East_Zone,Odisha_Coastal,2022,Rabi,Rice,18.45,27.66,282.57,46.68,13.04,6.6,0.829,164.4,17.4,215.8,4570.9
AGR_Eas_2018_00461,East_Zone,Assam_Valley,2018,Rabi,Wheat,17.52,28.76,239.19,75.57,10.94,6.59,0.575,206.8,13.5,174.7,4242.13
AGR_Eas_2021_00462,East_Zone,Bihar_Plains,2021,Rabi,Maize,17.17,28.48,259.68,68.67,11.83,6.11,0.513,145.7,21.0,183.4,3100.43
AGR_Eas_2022_00463,East_Zone,Odisha_Coastal,2022,Rabi,Soybean,19.83,29.17,265.95,64.88,10.0,6.06,0.426,173.2,24.6,293.9,2728.3
AGR_Eas_2021_00464,East_Zone,Odisha_Coastal,2021,Kharif,Wheat,23.09,30.52,1213.8,80.96,10.49,6.96,0.686,176.5,28.2,291.8,4416.82
AGR_Eas_2018_00465,East_Zone,Assam_Valley,2018,Kharif,Pulses,20.32,27.4,1527.08,95.0,10.0,6.87,0.797,196.6,24.7,173.8,2046.67
AGR_Eas_2018_00466,East_Zone,Assam_Valley,2018,Kharif,Rice,24.07,32.46,1024.8,79.76,10.0,6.68,0.458,211.3,29.1,151.0,5113.26
AGR_Eas_2018_00467,East_Zone,Odisha_Coastal,2018,Rabi,Wheat,19.38,28.55,350.98,64.23,13.85,6.63,0.936,197.2,29.2,196.4,4856.84
AGR_Eas_2019_00468,East_Zone,Bihar_Plains,2019,Kharif,Soybean,21.57,28.74,1258.49,95.0,10.0,6.52,0.521,250.5,24.3,232.3,3269.49
AGR_Eas_2018_00469,East_Zone,Bihar_Plains,2018,Rabi,Pulses,19.11,30.17,402.45,38.69,12.52,7.88,0.627,163.4,24.4,138.5,1949.46
AGR_Eas_2018_00470,East_Zone,Odisha_Coastal,2018,Kharif,Cotton,23.48,36.29,2023.54,95.0,10.0,7.39,0.609,120.6,24.9,185.8,2063.48
AGR_Eas_2018_00471,East_Zone,Odisha_Coastal,2018,Kharif,Pulses,24.84,38.43,1377.71,,10.0,7.26,0.461,178.2,27.4,262.0,2435.22
AGR_Eas_2018_00472,East_Zone,WB_Gangetic,2018,Kharif,Pulses,23.36,31.09,2092.68,95.0,10.0,6.9,1.077,155.4,15.7,183.6,1779.73
AGR_Eas_2022_00473,East_Zone,Odisha_Coastal,2022,Rabi,Wheat,19.66,28.55,392.02,68.74,12.32,6.64,0.627,197.7,21.4,135.7,4834.68
AGR_Eas_2020_00474,East_Zone,Odisha_Coastal,2020,Kharif,Soybean,25.59,35.86,1316.51,89.46,10.0,5.89,0.77,201.5,20.2,179.7,3428.45
AGR_Eas_2022_00475,East_Zone,Assam_Valley,2022,Kharif,Maize,20.14,28.17,1241.07,83.28,11.68,7.27,0.556,199.3,23.3,134.8,4212.11
AGR_Eas_2020_00476,East_Zone,Odisha_Coastal,2020,Kharif,Pulses,23.17,35.47,1364.01,85.04,10.0,6.16,0.57,125.7,21.5,210.5,2161.46
AGR_Eas_2022_00477,East_Zone,Assam_Valley,2022,Kharif,Maize,20.04,30.5,1362.9,95.0,10.0,5.99,0.73,118.1,25.7,231.1,3723.84
AGR_Eas_2020_00478,East_Zone,Odisha_Coastal,2020,Rabi,Wheat,15.92,27.11,300.14,68.32,10.0,6.58,0.765,200.7,24.9,235.8,4329.99
AGR_Eas_2021_00479,East_Zone,Bihar_Plains,2021,Kharif,Soybean,23.87,33.85,1778.92,95.0,11.32,5.98,0.816,213.8,21.5,192.3,3054.26
AGR_Eas_2018_00480,East_Zone,Odisha_Coastal,2018,Zaid,Soybean,23.79,36.96,166.41,52.38,17.62,6.64,0.536,169.2,17.9,193.7,2571.19
AGR_Eas_2021_00481,East_Zone,WB_Gangetic,2021,Kharif,Rice,24.27,33.82,1281.64,79.28,12.22,6.2,0.705,186.0,16.9,195.4,5244.49
AGR_Eas_2021_00482,East_Zone,Bihar_Plains,2021,Zaid,Maize,26.11,35.66,107.4,57.64,10.0,7.48,0.701,183.2,18.2,171.6,3697.93
AGR_Eas_2018_00483,East_Zone,WB_Gangetic,2018,Kharif,Pulses,21.52,31.83,1822.72,95.0,10.0,6.0,0.825,215.3,22.2,243.4,2206.46
AGR_Eas_2019_00484,East_Zone,WB_Gangetic,2019,Rabi,Pulses,17.99,28.68,422.94,54.68,14.65,6.26,0.591,227.1,21.0,198.2,2122.96
AGR_Eas_2019_00485,East_Zone,Odisha_Coastal,2019,Kharif,Wheat,23.32,34.13,1274.69,95.0,10.0,6.83,0.306,193.3,23.3,229.1,4545.18
AGR_Eas_2020_00486,East_Zone,Assam_Valley,2020,Kharif,Maize,23.15,35.02,2089.12,95.0,11.19,6.84,0.73,183.4,18.1,147.2,3820.04
AGR_Eas_2019_00487,East_Zone,Assam_Valley,2019,Rabi,Pulses,19.56,32.06,374.62,60.04,15.76,7.53,0.733,142.8,29.1,234.1,2066.28
AGR_Eas_2022_00488,East_Zone,WB_Gangetic,2022,Kharif,Pulses,22.52,34.66,1064.84,95.0,11.65,7.5,0.558,211.2,25.4,177.7,2230.57
AGR_Eas_2023_00489,East_Zone,Bihar_Plains,2023,Rabi,Pulses,16.44,25.3,399.24,48.25,10.37,7.62,0.509,196.2,23.0,241.9,1957.8
AGR_Eas_2020_00490,East_Zone,Assam_Valley,2020,Rabi,Cotton,18.67,,338.36,63.73,14.08,5.74,0.57,101.8,25.9,263.3,2362.94
AGR_Eas_2021_00491,East_Zone,WB_Gangetic,2021,Rabi,Soybean,18.51,29.87,359.49,44.46,13.81,6.33,0.565,152.5,14.7,225.4,2439.1
AGR_Eas_2023_00492,East_Zone,Odisha_Coastal,2023,Kharif,Wheat,23.12,32.46,1031.92,78.6,10.0,7.11,0.934,190.4,21.6,213.4,4969.56
AGR_Eas_2018_00493,East_Zone,Odisha_Coastal,2018,Kharif,Wheat,24.19,36.25,1560.47,95.0,10.0,6.65,0.774,191.6,24.3,181.6,4783.88
AGR_Eas_2018_00494,East_Zone,Bihar_Plains,2018,Rabi,Maize,19.6,30.83,201.24,59.48,10.37,6.78,0.986,205.8,26.7,222.0,4101.56
AGR_Eas_2018_00495,East_Zone,Odisha_Coastal,2018,Kharif,Maize,22.5,31.08,1150.93,72.49,12.74,5.44,0.71,173.6,27.6,181.0,4169.72
AGR_Eas_2021_00496,East_Zone,Assam_Valley,2021,Zaid,Soybean,26.43,36.15,182.05,56.23,12.7,6.36,0.435,160.1,29.2,182.0,2544.32
AGR_Eas_2019_00497,East_Zone,WB_Gangetic,2019,Kharif,Cotton,22.34,33.26,1750.12,95.0,11.7,6.51,0.2,184.0,29.5,188.5,2402.31
AGR_Eas_2022_00498,East_Zone,WB_Gangetic,2022,Kharif,Cotton,23.11,32.14,1978.53,95.0,10.0,7.05,0.665,173.9,27.5,240.4,2349.51
AGR_Eas_2020_00499,East_Zone,Assam_Valley,2020,Rabi,Soybean,15.99,28.2,191.1,41.58,14.84,7.29,0.355,130.4,11.5,256.7,2337.63
AGR_Eas_2020_00500,East_Zone,WB_Gangetic,2020,Kharif,Soybean,21.23,,1882.98,95.0,10.16,7.4,0.489,216.2,15.3,253.5,2502.65
AGR_Eas_2023_00501,East_Zone,Odisha_Coastal,2023,Kharif,Cotton,22.48,31.46,1520.04,95.0,10.85,6.44,0.452,171.8,26.7,222.1,2709.21
AGR_Eas_2020_00502,East_Zone,WB_Gangetic,2020,Kharif,Pulses,21.83,,1169.29,95.0,10.0,6.49,0.631,178.4,19.6,219.3,2395.45
AGR_Eas_2019_00503,East_Zone,Assam_Valley,2019,Kharif,Cotton,23.73,30.91,1602.88,94.14,10.0,6.71,0.797,148.3,18.2,180.1,3257.47
AGR_Eas_2020_00504,East_Zone,Odisha_Coastal,2020,Kharif,Soybean,23.89,,1092.75,76.81,10.0,6.69,0.439,156.0,26.1,162.7,3240.39
AGR_Eas_2021_00505,East_Zone,Bihar_Plains,2021,Kharif,Cotton,24.85,34.43,1026.47,70.99,13.07,7.1,0.617,220.1,23.2,233.1,3257.4
AGR_Eas_2023_00506,East_Zone,WB_Gangetic,2023,Rabi,Maize,19.88,29.34,155.23,55.71,14.64,6.03,0.603,157.9,16.8,171.4,3712.98
AGR_Eas_2018_00507,East_Zone,WB_Gangetic,2018,Zaid,Pulses,23.72,33.87,79.24,51.45,13.78,6.22,0.395,156.6,18.8,170.1,1335.93
AGR_Eas_2019_00508,East_Zone,Odisha_Coastal,2019,Rabi,Soybean,22.58,34.17,276.25,46.53,14.02,6.44,0.542,134.4,20.4,171.7,2721.78
AGR_Eas_2018_00509,East_Zone,Bihar_Plains,2018,Kharif,Rice,23.81,31.19,1503.13,94.18,10.0,7.26,0.808,151.7,23.5,181.4,5053.98
AGR_Eas_2019_00510,East_Zone,WB_Gangetic,2019,Kharif,Rice,25.68,38.73,929.11,78.48,10.0,7.1,0.737,217.0,17.2,224.8,5372.91
AGR_Eas_2019_00511,East_Zone,Bihar_Plains,2019,Zaid,Maize,24.76,,130.8,58.39,12.44,6.77,0.984,215.3,24.9,163.3,4228.33
AGR_Eas_2019_00512,East_Zone,WB_Gangetic,2019,Kharif,Soybean,19.87,32.03,,95.0,10.0,6.3,0.815,110.2,12.1,193.3,2602.64
AGR_Eas_2019_00513,East_Zone,Bihar_Plains,2019,Kharif,Pulses,22.56,32.23,854.52,77.09,10.0,6.37,0.687,169.8,21.5,166.4,2184.36
AGR_Eas_2022_00514,East_Zone,WB_Gangetic,2022,Rabi,Wheat,17.77,31.27,263.65,53.45,10.38,6.45,0.461,235.0,16.8,233.7,4376.57
AGR_Eas_2018_00515,East_Zone,WB_Gangetic,2018,Kharif,Wheat,20.37,33.85,1695.69,95.0,10.0,5.96,0.508,256.8,23.1,283.5,4692.68
AGR_Eas_2023_00516,East_Zone,WB_Gangetic,2023,Kharif,Pulses,23.56,37.51,1440.54,90.19,10.0,6.5,0.675,200.5,10.5,231.5,2266.79
AGR_Eas_2020_00517,East_Zone,Assam_Valley,2020,Rabi,Cotton,18.57,26.53,242.28,,10.82,6.03,0.521,115.2,17.4,255.1,1986.5
AGR_Eas_2022_00518,East_Zone,WB_Gangetic,2022,Rabi,Wheat,16.41,24.59,127.41,43.1,12.7,6.65,0.711,144.5,20.3,210.9,3537.92
AGR_Eas_2019_00519,East_Zone,Assam_Valley,2019,Zaid,Soybean,27.06,39.58,179.13,53.45,10.0,7.06,0.659,146.1,17.1,254.3,2222.18
AGR_Eas_2018_00520,East_Zone,Bihar_Plains,2018,Rabi,Rice,17.23,28.26,238.38,69.16,11.83,6.87,0.908,174.7,22.7,245.3,4634.95
AGR_Eas_2019_00521,East_Zone,Bihar_Plains,2019,Rabi,Wheat,20.06,28.33,253.97,56.75,12.6,7.07,0.584,216.3,17.8,320.7,4216.35
AGR_Eas_2022_00522,East_Zone,Bihar_Plains,2022,Rabi,Soybean,19.37,28.19,155.03,56.74,12.22,6.47,0.594,143.3,25.7,228.0,2276.46
AGR_Eas_2021_00523,East_Zone,WB_Gangetic,2021,Kharif,Wheat,21.38,34.78,1399.12,95.0,10.0,7.19,0.389,195.2,12.0,191.8,4626.41
AGR_Eas_2023_00524,East_Zone,Odisha_Coastal,2023,Rabi,Cotton,19.91,30.41,,33.6,13.3,7.45,0.317,186.9,20.0,204.7,2100.73
AGR_Eas_2018_00525,East_Zone,Assam_Valley,2018,Kharif,Wheat,23.83,31.99,,95.0,10.0,6.97,0.805,219.3,22.2,170.0,4822.08
AGR_Eas_2019_00526,East_Zone,WB_Gangetic,2019,Zaid,Maize,26.41,36.79,111.76,,14.63,6.23,0.676,114.1,24.0,297.3,3151.42
AGR_Eas_2018_00527,East_Zone,WB_Gangetic,2018,Rabi,Rice,18.53,32.21,355.48,71.86,13.29,5.81,0.596,160.2,24.8,154.6,4667.73
AGR_Eas_2020_00528,East_Zone,WB_Gangetic,2020,Kharif,Soybean,22.33,35.72,,80.14,10.74,6.88,0.656,134.6,24.0,219.0,3099.84
AGR_Eas_2022_00529,East_Zone,Odisha_Coastal,2022,Rabi,Maize,20.51,34.13,278.97,47.94,12.84,6.25,0.32,252.9,18.1,238.1,4252.15
AGR_Eas_2020_00530,East_Zone,WB_Gangetic,2020,Kharif,Cotton,,38.34,,95.0,10.19,7.07,0.545,182.1,18.1,218.7,2765.08
AGR_Eas_2022_00531,East_Zone,Assam_Valley,2022,Kharif,Pulses,24.74,37.71,1387.95,95.0,10.0,5.97,0.383,215.6,28.9,204.0,2133.73
AGR_Eas_2018_00532,East_Zone,WB_Gangetic,2018,Zaid,Wheat,24.49,33.77,140.3,74.23,11.39,7.85,0.795,179.0,32.8,232.5,4375.95
AGR_Eas_2022_00533,East_Zone,Bihar_Plains,2022,Kharif,Soybean,21.89,29.32,1479.59,95.0,10.0,6.14,0.66,192.6,30.9,298.8,3373.03
AGR_Eas_2019_00534,East_Zone,WB_Gangetic,2019,Zaid,Soybean,26.1,37.44,,58.23,13.78,7.62,0.711,173.3,26.5,243.0,2236.39
AGR_Eas_2021_00535,East_Zone,Bihar_Plains,2021,Kharif,Soybean,23.55,32.79,1791.41,95.0,10.0,7.31,0.475,182.2,28.7,227.2,2891.71
AGR_Eas_2022_00536,East_Zone,Assam_Valley,2022,Kharif,Maize,22.27,31.11,1085.15,82.75,10.4,6.34,0.6,225.3,19.7,133.5,4333.67
AGR_Eas_2023_00537,East_Zone,WB_Gangetic,2023,Kharif,Maize,21.85,28.87,,95.0,10.29,7.36,0.74,235.8,20.1,276.8,4520.34
AGR_Eas_2020_00538,East_Zone,Odisha_Coastal,2020,Kharif,Soybean,22.61,34.15,1694.48,95.0,10.53,6.82,0.638,251.9,28.4,278.2,3299.12
AGR_Eas_2020_00539,East_Zone,Bihar_Plains,2020,Rabi,Rice,19.01,27.07,275.66,46.52,10.93,7.34,0.266,90.0,29.2,321.2,3745.71
AGR_Eas_2018_00540,East_Zone,Odisha_Coastal,2018,Kharif,Rice,22.94,30.48,1024.37,78.02,12.95,6.39,0.632,142.7,20.8,164.5,4774.88
AGR_Eas_2023_00541,East_Zone,Bihar_Plains,2023,Rabi,Soybean,20.46,31.84,398.93,48.42,11.05,5.87,0.463,147.8,14.2,306.1,2965.06
AGR_Eas_2020_00542,East_Zone,Odisha_Coastal,2020,Rabi,Cotton,16.46,25.44,208.62,67.71,13.27,6.96,0.712,139.9,23.9,180.8,2297.87
AGR_Eas_2020_00543,East_Zone,Assam_Valley,2020,Kharif,Cotton,23.94,32.05,1725.11,95.0,10.11,6.15,0.776,195.6,35.3,212.4,2853.72
AGR_Eas_2019_00544,East_Zone,Bihar_Plains,2019,Kharif,Soybean,23.95,33.95,603.97,64.05,10.57,5.88,0.585,207.1,23.2,257.4,3333.15
AGR_Eas_2021_00545,East_Zone,WB_Gangetic,2021,Rabi,Pulses,19.4,32.01,225.45,45.5,10.36,6.3,0.493,149.8,8.0,169.7,1647.65
AGR_Eas_2021_00546,East_Zone,Odisha_Coastal,2021,Rabi,Maize,21.73,30.22,380.0,78.81,10.91,7.09,0.78,214.4,20.3,240.8,4188.9
AGR_Eas_2020_00547,East_Zone,Assam_Valley,2020,Rabi,Pulses,20.35,28.96,225.75,,13.0,7.85,0.395,237.6,17.3,189.1,1555.13
AGR_Eas_2022_00548,East_Zone,Bihar_Plains,2022,Kharif,Rice,22.2,,1583.92,95.0,10.0,6.36,0.349,186.5,18.3,169.8,4583.83
AGR_Eas_2018_00549,East_Zone,Assam_Valley,2018,Rabi,Cotton,16.68,29.53,218.52,,12.04,6.29,0.646,163.6,26.4,196.3,2301.95
AGR_Eas_2020_00550,East_Zone,WB_Gangetic,2020,Kharif,Pulses,21.54,34.29,1248.43,72.1,11.21,6.19,0.454,280.0,25.3,185.0,2429.1
AGR_Eas_2021_00551,East_Zone,Assam_Valley,2021,Rabi,Maize,17.62,29.46,173.17,44.46,11.46,7.96,0.476,169.1,25.4,115.5,3351.04
AGR_Eas_2020_00552,East_Zone,Odisha_Coastal,2020,Kharif,Pulses,24.53,37.37,1475.46,95.0,10.0,6.1,0.604,110.6,16.1,313.8,1884.7
AGR_Eas_2022_00553,East_Zone,Assam_Valley,2022,Zaid,Maize,24.57,35.51,117.5,60.73,10.0,7.15,0.688,201.4,16.8,203.6,3940.96
AGR_Eas_2023_00554,East_Zone,WB_Gangetic,2023,Kharif,Wheat,24.64,32.11,1694.82,95.0,10.0,6.99,0.71,239.7,14.0,258.3,5087.4
AGR_Eas_2020_00555,East_Zone,Bihar_Plains,2020,Kharif,Wheat,20.92,32.33,1670.93,95.0,10.0,5.29,1.08,208.7,8.0,329.9,4982.82
AGR_Eas_2020_00556,East_Zone,Assam_Valley,2020,Kharif,Rice,26.39,38.34,1713.08,95.0,10.0,5.78,0.308,150.7,28.0,212.6,4302.59
AGR_Eas_2019_00557,East_Zone,Odisha_Coastal,2019,Zaid,Wheat,26.49,34.63,161.8,55.7,11.94,6.1,0.721,228.8,16.9,134.4,4514.3
AGR_Eas_2023_00558,East_Zone,Bihar_Plains,2023,Zaid,Soybean,24.38,32.85,138.71,59.57,10.8,6.54,0.661,219.5,15.9,183.9,2598.47
AGR_Eas_2020_00559,East_Zone,WB_Gangetic,2020,Zaid,Rice,24.24,32.0,104.39,45.11,14.78,6.45,0.67,183.1,31.6,213.1,4659.13
AGR_Eas_2023_00560,East_Zone,WB_Gangetic,2023,Zaid,Pulses,25.11,35.83,222.1,71.95,15.59,6.11,0.604,152.5,12.4,150.4,1751.37
AGR_Eas_2022_00561,East_Zone,Assam_Valley,2022,Rabi,Wheat,17.03,29.75,,70.57,12.34,7.03,0.542,112.4,21.0,199.0,3840.79
AGR_Eas_2022_00562,East_Zone,WB_Gangetic,2022,Rabi,Cotton,20.55,30.61,277.42,78.52,10.0,7.25,0.537,172.6,25.5,208.0,2828.93
AGR_Eas_2022_00563,East_Zone,Bihar_Plains,2022,Kharif,Rice,22.0,29.45,1007.64,95.0,10.0,5.45,0.677,189.6,13.8,215.9,4976.62
AGR_Eas_2022_00564,East_Zone,WB_Gangetic,2022,Zaid,Pulses,25.35,37.38,88.4,37.58,17.86,7.18,0.553,183.8,22.6,157.7,1167.75
AGR_Eas_2023_00565,East_Zone,Assam_Valley,2023,Kharif,Cotton,22.65,31.87,1611.92,80.89,15.05,5.78,0.484,195.6,20.7,230.3,2969.59
AGR_Eas_2023_00566,East_Zone,Assam_Valley,2023,Kharif,Wheat,24.45,32.77,1380.89,95.0,10.0,7.74,0.683,181.2,17.9,198.5,4573.7
AGR_Eas_2022_00567,East_Zone,WB_Gangetic,2022,Kharif,Maize,21.77,29.14,1259.6,66.89,10.0,8.05,0.573,157.4,22.3,231.9,3992.59
AGR_Eas_2019_00568,East_Zone,Odisha_Coastal,2019,Zaid,Pulses,22.35,36.25,174.73,49.91,16.43,8.27,0.843,184.7,20.9,136.2,1829.43
AGR_Eas_2020_00569,East_Zone,Odisha_Coastal,2020,Kharif,Maize,22.02,,2292.13,95.0,10.0,6.96,0.988,211.2,31.3,221.5,3400.22
AGR_Eas_2018_00570,East_Zone,WB_Gangetic,2018,Rabi,Soybean,20.28,29.64,343.77,61.86,10.24,7.3,0.899,195.8,22.6,250.8,2945.11
AGR_Eas_2018_00571,East_Zone,Bihar_Plains,2018,Rabi,Pulses,18.59,31.47,231.9,51.22,11.28,6.98,0.39,180.9,8.0,187.0,1600.46
AGR_Eas_2020_00572,East_Zone,WB_Gangetic,2020,Kharif,Cotton,26.13,34.26,1740.32,95.0,10.0,7.87,0.436,172.9,15.3,219.7,2711.53
AGR_Eas_2020_00573,East_Zone,Bihar_Plains,2020,Rabi,Cotton,18.06,30.44,318.72,62.06,14.49,6.57,0.545,170.2,27.7,203.2,2479.03
AGR_Eas_2022_00574,East_Zone,WB_Gangetic,2022,Kharif,Pulses,22.65,32.31,1863.17,95.0,10.0,6.98,0.719,107.9,11.8,286.6,1735.7
AGR_Eas_2020_00575,East_Zone,WB_Gangetic,2020,Zaid,Rice,,38.7,134.31,37.44,13.93,6.97,0.538,161.3,23.8,230.9,4211.6
AGR_Eas_2021_00576,East_Zone,WB_Gangetic,2021,Rabi,Wheat,17.74,31.26,274.5,59.88,13.23,6.19,0.2,152.0,10.3,235.2,3624.98
AGR_Eas_2018_00577,East_Zone,Odisha_Coastal,2018,Kharif,Maize,26.51,37.25,1216.7,94.61,10.0,6.27,0.613,171.6,20.0,220.7,4307.03
AGR_Eas_2022_00578,East_Zone,WB_Gangetic,2022,Rabi,Cotton,19.28,27.19,281.74,63.28,10.0,7.21,0.774,127.5,33.5,189.5,2454.41
AGR_Eas_2018_00579,East_Zone,WB_Gangetic,2018,Zaid,Rice,21.73,34.79,164.62,56.56,17.79,6.34,0.612,143.7,19.9,204.1,4490.02
AGR_Eas_2018_00580,East_Zone,Bihar_Plains,2018,Kharif,Maize,27.11,37.84,1141.78,95.0,10.0,7.52,0.331,179.4,17.8,184.4,4070.95
AGR_Eas_2021_00581,East_Zone,Bihar_Plains,2021,Zaid,Rice,27.06,36.91,69.9,50.84,14.62,7.1,0.36,155.3,22.6,216.2,3964.74
AGR_Eas_2021_00582,East_Zone,Odisha_Coastal,2021,Zaid,Maize,25.66,37.6,136.89,51.94,13.91,6.34,1.019,179.9,22.5,164.9,3922.32
AGR_Eas_2021_00583,East_Zone,Bihar_Plains,2021,Rabi,Cotton,18.06,25.36,396.06,82.26,10.0,6.85,0.583,208.8,23.3,125.9,2636.97
AGR_Eas_2022_00584,East_Zone,Bihar_Plains,2022,Zaid,Soybean,22.33,35.51,96.01,68.98,10.93,6.16,0.687,188.4,26.8,159.5,2336.34
AGR_Eas_2022_00585,East_Zone,Odisha_Coastal,2022,Kharif,Maize,23.25,32.5,1031.41,47.71,14.05,7.37,0.675,157.8,14.5,283.3,4179.77
AGR_Eas_2018_00586,East_Zone,Bihar_Plains,2018,Kharif,Wheat,23.33,35.15,2196.91,95.0,10.46,7.69,0.544,161.8,20.6,222.6,3342.47
AGR_Eas_2023_00587,East_Zone,WB_Gangetic,2023,Kharif,Rice,20.85,28.7,987.91,82.09,10.25,6.72,0.811,242.2,31.3,241.0,5572.16
AGR_Eas_2021_00588,East_Zone,WB_Gangetic,2021,Rabi,Wheat,19.14,31.23,379.76,61.92,11.11,7.64,0.8,160.1,22.3,233.4,4718.65
AGR_Eas_2018_00589,East_Zone,Bihar_Plains,2018,Rabi,Maize,17.85,,369.79,67.46,10.16,5.61,0.665,134.5,31.0,235.4,3871.96
AGR_Eas_2023_00590,East_Zone,WB_Gangetic,2023,Rabi,Cotton,18.49,32.2,167.06,,11.6,6.01,0.933,149.1,13.2,255.5,2334.24
AGR_Eas_2018_00591,East_Zone,Assam_Valley,2018,Rabi,Maize,18.62,26.38,323.57,37.15,15.63,7.16,0.332,193.3,8.0,306.1,3464.26
AGR_Eas_2019_00592,East_Zone,Bihar_Plains,2019,Kharif,Rice,22.32,32.16,1093.15,75.4,10.83,7.24,0.583,153.3,22.1,235.0,4812.48
AGR_Eas_2022_00593,East_Zone,Odisha_Coastal,2022,Kharif,Maize,22.38,33.04,1090.9,84.08,10.2,7.11,0.523,248.5,22.5,254.6,4341.74
AGR_Eas_2020_00594,East_Zone,Assam_Valley,2020,Rabi,Rice,17.0,29.47,263.11,76.9,10.0,6.7,0.63,204.5,25.4,308.4,4943.2
AGR_Eas_2023_00595,East_Zone,Assam_Valley,2023,Kharif,Maize,21.5,28.71,707.62,66.06,12.15,6.67,0.777,193.1,25.6,184.3,4431.32
AGR_Eas_2020_00596,East_Zone,WB_Gangetic,2020,Rabi,Soybean,,31.53,241.04,65.8,12.33,6.38,0.594,223.4,31.1,165.2,2875.67
AGR_Eas_2021_00597,East_Zone,Bihar_Plains,2021,Kharif,Maize,21.85,29.69,1700.12,92.59,11.07,6.78,0.545,203.7,23.4,159.8,3854.35
AGR_Eas_2023_00598,East_Zone,Bihar_Plains,2023,Rabi,Rice,20.32,29.85,332.96,54.46,10.0,7.3,0.576,206.1,22.3,231.5,4831.05
AGR_Eas_2022_00599,East_Zone,Odisha_Coastal,2022,Rabi,Maize,19.46,29.72,313.95,56.58,14.82,6.3,0.715,187.3,18.8,147.0,3854.5
AGR_Eas_2019_00600,East_Zone,Assam_Valley,2019,Kharif,Rice,23.81,36.65,1171.16,90.46,10.0,5.9,0.667,205.7,17.7,286.3,5218.39
AGR_Eas_2020_00601,East_Zone,Odisha_Coastal,2020,Kharif,Rice,24.74,35.86,1186.4,91.08,10.0,7.26,0.662,185.8,23.7,198.5,4852.06
AGR_Eas_2021_00602,East_Zone,WB_Gangetic,2021,Kharif,Wheat,22.91,30.42,1754.3,95.0,10.0,7.18,0.438,238.5,10.4,234.0,4448.15
AGR_Eas_2020_00603,East_Zone,Assam_Valley,2020,Kharif,Pulses,24.28,37.32,1678.67,95.0,10.0,5.4,0.76,171.0,20.6,166.2,1846.1
AGR_Eas_2018_00604,East_Zone,WB_Gangetic,2018,Rabi,Rice,16.07,26.0,333.51,56.84,10.87,6.76,0.684,145.2,28.7,201.5,4763.67
AGR_Eas_2018_00605,East_Zone,Odisha_Coastal,2018,Rabi,Soybean,22.68,35.97,317.34,67.49,13.7,6.48,0.801,150.0,22.4,110.0,3096.52
AGR_Eas_2020_00606,East_Zone,Odisha_Coastal,2020,Rabi,Rice,20.6,32.32,303.08,63.63,12.81,5.77,0.543,192.6,27.3,244.0,5154.3
AGR_Eas_2022_00607,East_Zone,WB_Gangetic,2022,Rabi,Soybean,20.47,32.12,281.35,73.17,11.93,6.45,0.511,184.0,14.6,323.7,2805.84
AGR_Eas_2023_00608,East_Zone,Assam_Valley,2023,Rabi,Soybean,19.51,28.7,,51.23,13.21,6.77,0.702,176.2,24.2,122.5,2848.82
AGR_Eas_2019_00609,East_Zone,WB_Gangetic,2019,Rabi,Soybean,19.97,27.81,,56.23,11.23,6.05,0.631,167.6,25.4,199.2,2789.67
AGR_Eas_2020_00610,East_Zone,WB_Gangetic,2020,Rabi,Cotton,,30.94,149.45,41.55,13.37,6.85,0.351,153.2,19.2,196.1,2065.07
AGR_Eas_2019_00611,East_Zone,Assam_Valley,2019,Rabi,Cotton,21.69,34.72,338.37,47.59,11.21,6.98,0.782,175.3,26.0,172.0,2832.41
AGR_Eas_2018_00612,East_Zone,Odisha_Coastal,2018,Kharif,Wheat,20.97,29.5,,67.41,14.12,6.17,0.686,186.1,15.7,212.8,4423.79
AGR_Eas_2021_00613,East_Zone,Bihar_Plains,2021,Kharif,Maize,,33.14,,,11.56,6.31,0.654,164.4,26.1,187.5,4029.22
AGR_Eas_2018_00614,East_Zone,Assam_Valley,2018,Rabi,Wheat,17.15,28.16,324.76,57.51,12.16,6.93,0.754,155.9,10.5,189.5,4290.28
AGR_Eas_2019_00615,East_Zone,WB_Gangetic,2019,Kharif,Cotton,19.34,28.45,1367.27,95.0,10.0,6.53,0.434,132.4,27.0,204.8,2677.38
AGR_Eas_2020_00616,East_Zone,Assam_Valley,2020,Kharif,Wheat,22.35,31.88,1740.68,95.0,10.0,7.19,0.519,142.1,27.3,226.2,4013.01
AGR_Eas_2020_00617,East_Zone,Odisha_Coastal,2020,Kharif,Wheat,,33.69,1523.11,95.0,10.0,6.66,0.535,205.7,19.0,149.4,5088.1
AGR_Eas_2021_00618,East_Zone,WB_Gangetic,2021,Kharif,Maize,24.8,34.36,1749.45,95.0,10.0,7.17,0.323,218.0,10.2,164.0,3944.93
AGR_Eas_2020_00619,East_Zone,WB_Gangetic,2020,Rabi,Pulses,21.82,30.87,318.31,47.1,12.99,6.6,0.362,152.3,8.0,174.8,1926.02
AGR_Eas_2022_00620,East_Zone,WB_Gangetic,2022,Kharif,Rice,,,1443.61,95.0,10.0,7.26,0.705,208.6,22.3,238.7,5584.61
AGR_Eas_2023_00621,East_Zone,Bihar_Plains,2023,Rabi,Rice,17.39,28.99,245.46,61.83,10.46,7.55,0.671,133.9,24.7,248.8,4320.34
AGR_Eas_2020_00622,East_Zone,Assam_Valley,2020,Rabi,Soybean,21.98,30.26,309.67,71.0,13.84,5.99,0.805,168.4,15.6,245.0,3007.0
AGR_Eas_2021_00623,East_Zone,Assam_Valley,2021,Kharif,Soybean,24.13,34.97,1578.13,95.0,10.0,6.92,0.426,155.5,23.3,236.8,2969.64
AGR_Eas_2018_00624,East_Zone,Odisha_Coastal,2018,Rabi,Soybean,14.28,26.0,152.95,68.26,13.71,7.29,0.28,130.3,19.0,187.5,1734.75
AGR_Eas_2020_00625,East_Zone,Assam_Valley,2020,Zaid,Rice,24.77,32.12,176.14,72.18,12.05,5.64,0.443,103.9,20.8,213.5,3985.14
AGR_Eas_2019_00626,East_Zone,WB_Gangetic,2019,Rabi,Soybean,19.4,32.06,339.61,56.95,11.84,5.97,0.607,203.4,17.0,151.5,3201.01
AGR_Eas_2022_00627,East_Zone,WB_Gangetic,2022,Kharif,Cotton,19.89,28.4,1251.61,89.04,10.0,6.75,0.677,173.7,26.5,242.1,2975.05
AGR_Eas_2020_00628,East_Zone,Assam_Valley,2020,Rabi,Maize,21.09,31.0,219.23,53.39,11.79,6.98,0.628,189.8,21.1,193.1,3518.65
AGR_Eas_2018_00629,East_Zone,Odisha_Coastal,2018,Rabi,Wheat,18.83,,374.72,70.91,12.67,6.56,0.496,198.7,13.2,164.6,4338.25
AGR_Eas_2022_00630,East_Zone,Bihar_Plains,2022,Kharif,Wheat,23.73,34.0,981.37,,10.0,5.66,0.53,207.6,21.1,262.8,4740.38
AGR_Eas_2020_00631,East_Zone,Bihar_Plains,2020,Kharif,Cotton,20.14,31.17,380.68,52.84,13.64,6.66,0.33,209.2,18.0,336.3,2545.41
AGR_Eas_2022_00632,East_Zone,Odisha_Coastal,2022,Rabi,Soybean,19.56,27.85,340.15,63.94,13.48,6.82,0.2,208.7,26.7,292.6,2718.34
AGR_Eas_2019_00633,East_Zone,Bihar_Plains,2019,Rabi,Wheat,16.99,30.0,225.66,64.92,10.65,5.94,0.751,172.5,21.7,195.0,4094.77
AGR_Eas_2020_00634,East_Zone,WB_Gangetic,2020,Kharif,Soybean,,35.98,1578.92,95.0,10.0,6.87,0.408,189.6,29.6,190.6,3110.38
AGR_Eas_2018_00635,East_Zone,Bihar_Plains,2018,Rabi,Pulses,17.16,27.81,300.85,52.46,14.01,7.96,0.483,146.7,28.8,220.5,1600.27
AGR_Eas_2021_00636,East_Zone,Odisha_Coastal,2021,Kharif,Wheat,23.84,,1469.71,95.0,10.0,7.02,0.771,182.6,29.1,171.5,4771.29
AGR_Eas_2020_00637,East_Zone,WB_Gangetic,2020,Kharif,Rice,24.42,35.49,606.99,84.6,10.0,5.93,0.678,193.4,21.2,193.5,5093.25
AGR_Eas_2022_00638,East_Zone,Bihar_Plains,2022,Rabi,Soybean,18.47,30.1,260.11,,17.02,6.91,0.7,133.8,17.4,119.5,2562.0
AGR_Eas_2021_00639,East_Zone,Odisha_Coastal,2021,Rabi,Wheat,18.85,26.99,339.77,51.03,18.25,7.23,0.751,161.6,20.2,291.2,4406.35
AGR_Eas_2018_00640,East_Zone,WB_Gangetic,2018,Kharif,Wheat,20.86,30.68,2137.39,95.0,10.0,6.32,0.735,211.0,27.8,292.7,4134.16
AGR_Eas_2023_00641,East_Zone,Odisha_Coastal,2023,Kharif,Maize,24.77,,1348.63,95.0,10.42,7.21,0.325,172.8,18.2,305.6,4313.88
AGR_Eas_2019_00642,East_Zone,WB_Gangetic,2019,Rabi,Cotton,19.81,30.89,229.95,71.94,10.0,7.1,0.553,158.8,29.7,229.7,2211.58
AGR_Eas_2019_00643,East_Zone,Bihar_Plains,2019,Rabi,Soybean,18.62,28.0,212.38,67.64,10.0,6.25,0.56,181.4,13.1,185.2,2513.34
AGR_Eas_2021_00644,East_Zone,Bihar_Plains,2021,Rabi,Pulses,17.51,29.32,245.83,57.2,12.81,6.45,0.274,189.0,19.6,250.4,1524.58
AGR_Eas_2021_00645,East_Zone,WB_Gangetic,2021,Kharif,Maize,26.74,40.48,1572.44,95.0,10.0,7.11,0.602,193.9,23.8,210.2,4224.04
AGR_Eas_2021_00646,East_Zone,WB_Gangetic,2021,Rabi,Cotton,20.02,30.55,346.87,56.42,13.24,6.49,0.699,219.5,28.5,250.7,3230.47
AGR_Eas_2023_00647,East_Zone,WB_Gangetic,2023,Kharif,Soybean,25.4,34.21,917.52,67.0,12.61,7.11,0.589,223.7,27.8,140.0,3459.07
AGR_Eas_2020_00648,East_Zone,Odisha_Coastal,2020,Kharif,Pulses,24.2,35.0,1225.6,92.89,10.0,7.79,0.542,182.2,24.8,164.4,2119.81
AGR_Eas_2022_00649,East_Zone,Bihar_Plains,2022,Kharif,Maize,23.35,35.43,1194.64,79.37,10.0,6.45,0.683,223.8,10.3,114.0,4706.55
AGR_Eas_2023_00650,East_Zone,Assam_Valley,2023,Kharif,Pulses,22.04,33.89,911.97,78.41,12.49,8.36,0.647,192.1,15.0,226.4,2272.22
AGR_Eas_2018_00651,East_Zone,WB_Gangetic,2018,Rabi,Maize,18.61,28.85,317.33,56.85,14.09,6.73,0.7,174.5,27.7,126.0,3524.45
AGR_Eas_2018_00652,East_Zone,Odisha_Coastal,2018,Kharif,Cotton,22.77,33.35,1122.28,90.94,10.0,6.37,0.654,179.4,14.9,204.5,2780.51
AGR_Eas_2020_00653,East_Zone,Odisha_Coastal,2020,Kharif,Rice,,34.77,1934.27,95.0,10.0,7.16,0.802,203.8,16.0,233.0,5081.35
AGR_Eas_2021_00654,East_Zone,Odisha_Coastal,2021,Rabi,Maize,18.94,29.49,355.13,56.46,11.37,6.79,0.618,236.4,11.8,228.6,4287.29
AGR_Eas_2023_00655,East_Zone,WB_Gangetic,2023,Rabi,Cotton,18.19,28.88,242.43,59.44,13.58,7.65,0.639,218.6,22.5,151.5,2574.6
AGR_Eas_2018_00656,East_Zone,WB_Gangetic,2018,Rabi,Soybean,18.59,26.55,127.99,63.48,11.07,7.92,0.466,178.9,18.7,214.4,2158.84
AGR_Eas_2022_00657,East_Zone,WB_Gangetic,2022,Rabi,Rice,20.19,29.79,293.71,57.98,17.73,7.07,0.603,230.3,24.1,178.1,4922.09
AGR_Eas_2018_00658,East_Zone,Assam_Valley,2018,Kharif,Soybean,21.97,33.17,1396.9,85.97,10.0,6.64,0.564,199.3,19.9,272.5,3052.22
AGR_Eas_2022_00659,East_Zone,Assam_Valley,2022,Kharif,Maize,24.92,32.69,1781.05,95.0,10.0,7.18,0.803,234.5,21.8,122.7,4381.08
AGR_Eas_2020_00660,East_Zone,Bihar_Plains,2020,Kharif,Cotton,22.08,34.82,1533.06,84.68,10.0,6.62,0.542,215.0,20.7,274.7,2855.09
AGR_Eas_2023_00661,East_Zone,WB_Gangetic,2023,Kharif,Soybean,26.24,34.25,,66.96,14.97,5.86,0.693,204.4,22.9,233.1,3778.83
AGR_Eas_2018_00662,East_Zone,Odisha_Coastal,2018,Kharif,Rice,23.04,32.24,828.42,95.0,10.0,6.1,0.511,170.6,31.5,204.1,5106.77
AGR_Eas_2023_00663,East_Zone,Assam_Valley,2023,Rabi,Cotton,22.31,33.38,353.86,69.23,14.14,7.42,0.281,238.8,24.0,291.9,3005.61
AGR_Eas_2020_00664,East_Zone,Assam_Valley,2020,Rabi,Rice,18.14,29.82,217.98,72.42,13.27,6.96,0.2,163.1,27.9,193.5,3932.06
AGR_Eas_2022_00665,East_Zone,Assam_Valley,2022,Kharif,Rice,20.97,31.06,1418.96,91.9,10.0,8.01,0.742,176.2,20.3,186.0,5207.46
AGR_Eas_2020_00666,East_Zone,WB_Gangetic,2020,Kharif,Pulses,22.65,36.1,581.42,69.31,11.29,6.13,0.482,216.5,30.9,170.6,2166.61
AGR_Eas_2020_00667,East_Zone,Assam_Valley,2020,Rabi,Wheat,16.84,25.93,229.32,60.98,10.0,6.96,0.866,206.3,14.6,230.8,4445.73
AGR_Eas_2021_00668,East_Zone,Odisha_Coastal,2021,Rabi,Soybean,18.27,,355.26,63.93,10.3,7.44,0.449,177.8,29.6,203.7,2972.64
AGR_Eas_2018_00669,East_Zone,Assam_Valley,2018,Kharif,Cotton,22.48,36.22,,95.0,11.14,7.12,0.679,161.3,25.0,208.9,2162.55
AGR_Eas_2020_00670,East_Zone,Assam_Valley,2020,Rabi,Soybean,19.39,26.47,200.08,54.7,13.08,6.19,0.701,164.7,23.1,220.7,2529.59
AGR_Eas_2023_00671,East_Zone,Assam_Valley,2023,Zaid,Wheat,,37.05,149.69,38.13,11.55,7.45,0.394,145.0,14.3,110.0,3617.5
AGR_Eas_2021_00672,East_Zone,Bihar_Plains,2021,Kharif,Soybean,19.84,30.87,1977.59,95.0,10.43,7.42,0.788,203.8,24.5,234.0,2836.63
AGR_Eas_2022_00673,East_Zone,Bihar_Plains,2022,Rabi,Rice,17.11,30.35,271.01,63.68,10.0,7.33,0.653,140.9,17.2,254.1,4377.55
AGR_Eas_2021_00674,East_Zone,Odisha_Coastal,2021,Kharif,Soybean,25.16,38.03,1389.34,87.54,10.0,6.25,0.601,178.1,19.8,226.0,3134.79
AGR_Eas_2020_00675,East_Zone,Assam_Valley,2020,Rabi,Maize,19.39,31.09,440.04,39.08,16.02,6.26,0.509,190.1,22.2,225.0,4073.6
AGR_Eas_2022_00676,East_Zone,Odisha_Coastal,2022,Zaid,Pulses,25.51,37.98,109.07,53.37,14.32,7.02,0.657,166.4,13.7,247.9,1833.62
AGR_Eas_2019_00677,East_Zone,Odisha_Coastal,2019,Rabi,Maize,18.29,31.5,300.27,66.9,11.44,6.94,0.592,146.9,23.7,181.7,3621.37
AGR_Eas_2018_00678,East_Zone,Bihar_Plains,2018,Rabi,Soybean,19.38,31.23,303.89,65.2,10.58,6.64,0.531,206.0,10.7,214.8,2995.28
AGR_Eas_2023_00679,East_Zone,Assam_Valley,2023,Kharif,Cotton,21.25,31.66,737.75,,10.0,7.26,0.595,90.0,28.0,229.2,2625.0
AGR_Eas_2023_00680,East_Zone,Odisha_Coastal,2023,Kharif,Cotton,23.53,30.85,2146.54,95.0,10.12,6.61,0.59,191.0,14.1,197.9,2225.92
AGR_Eas_2022_00681,East_Zone,WB_Gangetic,2022,Kharif,Rice,22.04,31.99,1284.11,95.0,10.0,6.68,0.696,179.0,25.4,203.5,5042.57
AGR_Eas_2018_00682,East_Zone,Assam_Valley,2018,Rabi,Cotton,18.88,,185.05,52.89,12.09,5.68,0.2,186.5,18.8,203.8,1824.64
AGR_Eas_2018_00683,East_Zone,Bihar_Plains,2018,Rabi,Rice,17.8,31.3,249.37,45.65,15.14,7.25,0.682,142.8,27.8,196.7,4403.19
AGR_Eas_2022_00684,East_Zone,Assam_Valley,2022,Rabi,Soybean,17.83,29.63,335.72,55.14,13.02,7.89,0.651,164.7,30.4,161.4,2722.12
AGR_Eas_2020_00685,East_Zone,WB_Gangetic,2020,Rabi,Rice,21.42,32.31,,60.8,10.0,6.44,1.0,150.9,29.3,172.8,4783.8
AGR_Eas_2023_00686,East_Zone,Bihar_Plains,2023,Kharif,Cotton,23.56,31.83,1393.36,95.0,10.0,7.36,0.865,150.8,23.8,206.8,3113.11
AGR_Eas_2019_00687,East_Zone,Assam_Valley,2019,Kharif,Pulses,25.97,35.53,1489.28,95.0,11.07,6.11,0.879,242.3,33.2,209.8,2595.38
AGR_Eas_2021_00688,East_Zone,WB_Gangetic,2021,Rabi,Pulses,20.93,32.93,282.44,71.37,10.71,6.49,0.477,174.1,21.5,162.4,1735.29
AGR_Eas_2019_00689,East_Zone,Bihar_Plains,2019,Rabi,Cotton,20.57,28.55,390.41,70.85,12.85,7.02,0.762,209.4,20.7,187.5,2993.93
AGR_Eas_2018_00690,East_Zone,Bihar_Plains,2018,Kharif,Wheat,,33.68,1366.01,86.65,10.0,7.78,0.742,160.7,26.6,277.0,4703.34
AGR_Eas_2021_00691,East_Zone,WB_Gangetic,2021,Rabi,Maize,20.46,28.0,305.66,70.0,10.77,6.88,0.456,202.0,11.2,214.2,3596.64
AGR_Eas_2019_00692,East_Zone,Odisha_Coastal,2019,Zaid,Maize,22.99,34.63,57.4,62.45,12.31,6.38,0.674,162.4,26.9,260.8,3189.32
AGR_Eas_2019_00693,East_Zone,WB_Gangetic,2019,Kharif,Rice,23.57,31.35,1396.48,95.0,10.0,7.84,0.866,159.0,22.0,182.6,4968.28
AGR_Eas_2020_00694,East_Zone,Bihar_Plains,2020,Kharif,Maize,24.99,38.42,1602.13,95.0,10.0,6.07,0.929,150.6,21.4,177.0,4131.55
AGR_Eas_2020_00695,East_Zone,Assam_Valley,2020,Kharif,Rice,24.09,37.95,1754.15,92.58,10.51,5.96,0.83,203.8,26.1,209.5,5082.49
AGR_Eas_2023_00696,East_Zone,Bihar_Plains,2023,Kharif,Maize,26.17,36.77,427.55,74.23,10.59,6.56,0.583,179.6,21.6,224.3,4265.56
AGR_Eas_2021_00697,East_Zone,Assam_Valley,2021,Kharif,Rice,23.3,30.89,1695.2,95.0,10.0,6.5,0.669,190.0,16.5,122.8,5113.16
AGR_Eas_2022_00698,East_Zone,Bihar_Plains,2022,Kharif,Maize,,33.71,2313.92,95.0,10.0,6.75,0.519,180.8,27.4,247.6,2944.37
AGR_Eas_2021_00699,East_Zone,Odisha_Coastal,2021,Rabi,Soybean,,32.96,389.06,76.08,10.35,6.83,0.515,236.3,21.0,170.7,3256.56
AGR_Eas_2019_00700,East_Zone,Odisha_Coastal,2019,Rabi,Soybean,17.67,25.74,331.02,67.01,11.04,6.54,0.585,195.5,24.6,185.2,2800.95
AGR_Eas_2018_00701,East_Zone,Bihar_Plains,2018,Kharif,Soybean,21.04,33.08,1001.44,79.35,10.0,6.8,0.608,229.6,21.0,204.5,3282.06
AGR_Eas_2020_00702,East_Zone,WB_Gangetic,2020,Kharif,Soybean,22.65,34.19,1032.47,93.24,10.0,7.42,0.654,178.7,28.5,179.7,3369.72
AGR_Eas_2021_00703,East_Zone,WB_Gangetic,2021,Rabi,Soybean,17.02,28.46,219.01,55.21,11.08,7.14,0.532,151.2,24.0,276.5,2390.72
AGR_Eas_2020_00704,East_Zone,Odisha_Coastal,2020,Kharif,Rice,23.51,31.81,1664.13,,10.0,7.09,0.676,179.2,15.3,242.5,5139.91
AGR_Eas_2019_00705,East_Zone,Odisha_Coastal,2019,Rabi,Wheat,19.43,32.05,304.49,60.54,14.02,6.87,0.459,170.5,23.4,248.6,4155.54
AGR_Eas_2021_00706,East_Zone,WB_Gangetic,2021,Rabi,Soybean,19.73,28.6,161.67,65.09,10.47,7.04,0.636,155.3,27.7,200.5,2324.63
AGR_Eas_2020_00707,East_Zone,WB_Gangetic,2020,Zaid,Cotton,23.87,,108.25,84.36,10.66,6.37,0.783,245.8,18.9,189.4,2283.07
AGR_Eas_2023_00708,East_Zone,Assam_Valley,2023,Zaid,Rice,23.66,34.54,160.63,50.79,14.51,6.89,0.578,152.3,25.2,198.1,4438.27
AGR_Eas_2019_00709,East_Zone,Bihar_Plains,2019,Kharif,Cotton,21.97,34.16,1729.96,,10.0,6.85,0.392,200.6,28.1,278.4,2501.29
AGR_Eas_2019_00710,East_Zone,Odisha_Coastal,2019,Kharif,Rice,22.71,35.54,851.71,75.33,10.75,6.69,0.327,184.1,24.7,203.8,4773.53
AGR_Eas_2019_00711,East_Zone,Odisha_Coastal,2019,Zaid,Maize,27.27,40.85,119.33,53.87,10.0,6.85,0.796,175.5,30.7,172.4,3568.08
AGR_Eas_2021_00712,East_Zone,Assam_Valley,2021,Zaid,Soybean,,39.74,229.1,50.6,13.11,5.45,0.541,130.4,16.9,189.9,2670.49
AGR_Eas_2019_00713,East_Zone,WB_Gangetic,2019,Zaid,Maize,25.16,34.23,193.09,75.96,14.53,7.05,0.435,189.0,30.9,284.4,3450.69
AGR_Eas_2022_00714,East_Zone,Odisha_Coastal,2022,Rabi,Pulses,,35.01,273.64,49.6,10.0,6.79,0.99,203.2,13.2,214.4,2495.7
AGR_Eas_2019_00715,East_Zone,Assam_Valley,2019,Rabi,Pulses,21.58,32.36,355.85,65.56,13.8,6.35,0.443,183.3,17.5,183.1,2120.24
AGR_Eas_2023_00716,East_Zone,WB_Gangetic,2023,Kharif,Pulses,22.63,35.94,1049.8,,11.9,6.91,0.94,178.8,9.9,269.9,2297.27
AGR_Eas_2019_00717,East_Zone,Assam_Valley,2019,Rabi,Soybean,15.7,23.2,169.11,41.35,10.43,7.42,0.533,174.8,22.2,170.6,2428.48
AGR_Eas_2020_00718,East_Zone,Odisha_Coastal,2020,Kharif,Soybean,21.71,33.76,1003.91,86.4,10.0,6.33,0.815,136.7,18.3,203.8,3097.94
AGR_Eas_2022_00719,East_Zone,Assam_Valley,2022,Rabi,Soybean,19.39,30.57,296.22,56.99,10.0,7.59,0.676,158.0,29.0,277.8,2734.81
AGR_Eas_2019_00720,East_Zone,Bihar_Plains,2019,Kharif,Maize,20.09,,1440.0,95.0,10.0,7.01,0.496,226.6,33.7,126.5,4514.26
AGR_Eas_2019_00721,East_Zone,Odisha_Coastal,2019,Rabi,Rice,17.95,31.27,227.99,67.1,10.0,7.01,0.519,132.7,19.6,212.9,4276.18
AGR_Eas_2022_00722,East_Zone,Assam_Valley,2022,Rabi,Rice,21.45,28.63,266.24,42.3,12.63,7.73,0.272,190.7,16.4,176.4,4369.71
AGR_Eas_2021_00723,East_Zone,WB_Gangetic,2021,Zaid,Maize,27.89,38.0,,43.7,13.12,6.26,0.692,180.4,13.9,303.7,3564.19
AGR_Eas_2023_00724,East_Zone,Odisha_Coastal,2023,Rabi,Soybean,19.03,32.53,,47.03,11.05,7.02,0.676,180.8,25.2,233.8,2814.0
AGR_Eas_2018_00725,East_Zone,Bihar_Plains,2018,Rabi,Soybean,19.85,27.27,229.32,44.53,10.0,5.96,0.742,194.8,21.2,196.5,2860.37
AGR_Eas_2018_00726,East_Zone,WB_Gangetic,2018,Rabi,Rice,19.65,28.78,192.96,49.25,14.36,6.39,0.643,158.5,28.0,208.3,4398.97
AGR_Eas_2018_00727,East_Zone,WB_Gangetic,2018,Rabi,Cotton,18.78,32.18,322.68,76.03,11.15,6.75,0.522,241.8,16.5,288.4,2841.36
AGR_Eas_2023_00728,East_Zone,Odisha_Coastal,2023,Kharif,Cotton,22.62,33.08,1450.56,95.0,10.0,7.65,0.412,162.7,13.6,241.9,2889.43
AGR_Eas_2020_00729,East_Zone,Assam_Valley,2020,Rabi,Soybean,17.09,25.24,299.59,52.6,12.3,6.97,0.622,215.8,20.6,158.0,2659.01
AGR_Eas_2018_00730,East_Zone,Odisha_Coastal,2018,Rabi,Pulses,20.02,28.4,194.96,57.39,14.88,6.84,0.2,173.6,21.0,205.5,1141.23
AGR_Eas_2021_00731,East_Zone,Odisha_Coastal,2021,Kharif,Wheat,22.55,32.91,2444.33,95.0,11.6,7.5,0.7,185.8,28.8,287.8,3739.29
AGR_Eas_2019_00732,East_Zone,Bihar_Plains,2019,Kharif,Wheat,23.28,34.02,757.04,78.18,10.0,7.63,0.566,229.8,17.4,183.6,4975.93
AGR_Eas_2022_00733,East_Zone,Assam_Valley,2022,Kharif,Wheat,22.77,33.52,,87.39,10.0,6.55,0.779,236.9,22.4,222.8,5147.92
AGR_Eas_2022_00734,East_Zone,WB_Gangetic,2022,Zaid,Pulses,23.45,32.81,119.12,50.42,12.46,5.94,0.57,183.2,17.7,224.4,1998.09
AGR_Eas_2019_00735,East_Zone,Assam_Valley,2019,Kharif,Rice,22.14,30.69,1937.91,95.0,10.0,7.43,0.659,182.8,10.1,202.2,4411.6
AGR_Eas_2023_00736,East_Zone,Assam_Valley,2023,Kharif,Cotton,22.71,,1812.74,95.0,10.0,6.7,0.446,179.4,20.7,207.9,2566.32
AGR_Eas_2020_00737,East_Zone,WB_Gangetic,2020,Kharif,Soybean,26.23,36.58,1280.45,,10.15,7.55,0.571,153.2,26.4,253.3,3325.28
AGR_Eas_2022_00738,East_Zone,Bihar_Plains,2022,Rabi,Rice,20.91,30.5,240.35,42.97,11.32,6.18,0.495,199.0,18.6,144.1,4715.99
AGR_Eas_2018_00739,East_Zone,Odisha_Coastal,2018,Rabi,Maize,20.07,31.42,178.02,69.04,10.51,5.89,0.348,137.2,29.6,168.3,2702.78
AGR_Eas_2019_00740,East_Zone,WB_Gangetic,2019,Kharif,Wheat,25.0,32.14,1417.19,92.85,10.0,6.19,0.8,164.0,24.1,125.3,4686.86
AGR_Eas_2020_00741,East_Zone,Assam_Valley,2020,Kharif,Soybean,24.59,36.68,1520.34,85.57,11.21,5.74,0.638,177.4,16.9,198.6,3472.85
AGR_Eas_2018_00742,East_Zone,Assam_Valley,2018,Rabi,Cotton,18.56,27.12,175.02,64.68,10.0,8.09,0.588,185.5,24.4,252.8,2295.35
AGR_Eas_2020_00743,East_Zone,WB_Gangetic,2020,Kharif,Cotton,22.38,31.4,1174.49,81.21,10.0,6.51,0.479,217.4,29.3,110.0,2976.39
AGR_Eas_2021_00744,East_Zone,Assam_Valley,2021,Kharif,Soybean,,29.16,2001.03,95.0,10.0,6.31,0.401,174.9,25.4,190.8,2208.5
AGR_Eas_2020_00745,East_Zone,Assam_Valley,2020,Rabi,Maize,17.75,30.88,222.79,55.94,13.62,8.42,0.573,204.8,27.7,263.9,3564.82
AGR_Eas_2019_00746,East_Zone,Assam_Valley,2019,Kharif,Maize,22.69,31.41,705.31,72.2,10.0,6.96,0.557,209.2,25.5,211.3,4391.52
AGR_Eas_2021_00747,East_Zone,Assam_Valley,2021,Kharif,Wheat,23.63,34.7,1704.85,93.83,13.19,6.29,0.264,212.5,26.6,157.6,4317.02
AGR_Eas_2018_00748,East_Zone,Odisha_Coastal,2018,Rabi,Rice,19.04,,170.59,46.75,16.19,7.36,0.633,217.8,36.4,207.7,4666.82
AGR_Eas_2020_00749,East_Zone,WB_Gangetic,2020,Kharif,Soybean,22.39,36.26,2209.03,95.0,10.67,5.71,0.372,151.2,19.2,198.1,1955.53
AGR_Eas_2019_00750,East_Zone,Odisha_Coastal,2019,Rabi,Soybean,21.09,33.97,290.54,85.64,10.88,6.54,0.399,101.2,31.6,177.4,2647.19
AGR_Eas_2019_00751,East_Zone,Bihar_Plains,2019,Rabi,Pulses,20.96,33.65,324.68,56.14,11.26,5.2,0.63,177.5,25.6,266.3,2017.64
AGR_Eas_2018_00752,East_Zone,Assam_Valley,2018,Kharif,Rice,21.88,34.22,1311.98,95.0,10.0,7.04,0.611,212.2,21.0,178.1,5387.05
AGR_Eas_2019_00753,East_Zone,WB_Gangetic,2019,Rabi,Rice,17.64,,,58.16,13.15,5.82,0.707,131.3,23.7,197.0,4683.81
AGR_Eas_2023_00754,East_Zone,Assam_Valley,2023,Zaid,Wheat,24.89,33.69,98.77,63.94,12.65,7.77,0.797,240.6,26.4,217.1,4404.48
AGR_Eas_2023_00755,East_Zone,WB_Gangetic,2023,Kharif,Soybean,23.84,37.15,1370.98,90.93,10.0,6.75,0.674,229.9,25.3,189.8,3411.76
AGR_Eas_2021_00756,East_Zone,Assam_Valley,2021,Rabi,Rice,19.86,30.47,272.24,52.42,10.65,6.92,0.695,145.5,22.5,114.7,4441.52
AGR_Eas_2020_00757,East_Zone,Odisha_Coastal,2020,Rabi,Pulses,19.46,33.17,311.05,60.68,13.36,5.2,0.254,181.2,32.6,182.0,1924.87
AGR_Eas_2019_00758,East_Zone,WB_Gangetic,2019,Kharif,Cotton,21.85,35.28,1940.03,95.0,10.0,7.49,0.972,132.6,10.2,239.5,2791.96
AGR_Eas_2020_00759,East_Zone,Assam_Valley,2020,Kharif,Wheat,22.81,30.41,1291.64,89.07,10.0,7.17,0.812,157.4,15.5,232.0,4622.57
AGR_Eas_2020_00760,East_Zone,Odisha_Coastal,2020,Kharif,Cotton,22.74,33.89,1499.31,95.0,10.0,6.34,0.467,172.7,19.1,259.4,2807.3
AGR_Eas_2019_00761,East_Zone,Odisha_Coastal,2019,Kharif,Soybean,21.96,29.86,1032.73,87.06,10.0,7.78,0.951,181.2,21.5,181.6,3492.89
AGR_Eas_2020_00762,East_Zone,Odisha_Coastal,2020,Kharif,Pulses,,,1670.07,95.0,10.0,7.54,0.52,213.6,23.7,156.5,2303.41
AGR_Eas_2020_00763,East_Zone,Odisha_Coastal,2020,Kharif,Pulses,21.35,30.29,710.69,80.75,10.43,6.04,0.548,201.9,16.8,202.0,2459.62
AGR_Eas_2020_00764,East_Zone,Assam_Valley,2020,Rabi,Rice,19.23,28.03,372.53,,10.0,6.36,0.965,211.9,19.4,165.3,5478.99
AGR_Eas_2021_00765,East_Zone,Odisha_Coastal,2021,Rabi,Soybean,19.53,27.14,326.34,52.21,11.48,6.9,0.593,139.3,23.6,228.7,2882.72
AGR_Eas_2019_00766,East_Zone,Bihar_Plains,2019,Rabi,Pulses,18.99,28.23,346.66,,11.36,7.06,0.271,120.9,25.5,218.5,1589.7
AGR_Eas_2019_00767,East_Zone,WB_Gangetic,2019,Kharif,Soybean,24.48,31.93,1114.39,95.0,10.0,7.2,0.732,207.6,14.2,192.8,3350.9
AGR_Eas_2019_00768,East_Zone,Odisha_Coastal,2019,Rabi,Pulses,19.13,27.35,300.41,62.4,13.93,6.96,1.029,221.8,10.9,220.8,2231.56
AGR_Eas_2021_00769,East_Zone,Odisha_Coastal,2021,Kharif,Rice,23.82,33.14,1644.64,95.0,10.0,7.06,0.752,186.9,26.2,287.4,4970.35
AGR_Eas_2020_00770,East_Zone,Bihar_Plains,2020,Kharif,Pulses,22.23,33.95,2012.95,95.0,10.0,7.53,0.674,237.7,14.3,232.1,1896.0
AGR_Eas_2023_00771,East_Zone,WB_Gangetic,2023,Kharif,Rice,18.67,29.58,1012.4,88.01,10.0,7.66,0.363,183.4,21.1,159.6,4593.32
AGR_Eas_2020_00772,East_Zone,Bihar_Plains,2020,Kharif,Pulses,21.76,33.16,,95.0,10.0,6.55,0.685,192.4,12.9,198.6,1426.63
AGR_Eas_2022_00773,East_Zone,Bihar_Plains,2022,Kharif,Pulses,21.44,34.81,1800.38,91.38,10.0,7.64,0.668,280.0,21.4,219.8,2335.97
AGR_Eas_2020_00774,East_Zone,WB_Gangetic,2020,Kharif,Wheat,24.5,35.63,1424.39,95.0,10.0,6.27,0.667,223.1,14.4,235.7,4899.89
AGR_Eas_2023_00775,East_Zone,Odisha_Coastal,2023,Kharif,Maize,23.82,37.32,1212.23,83.52,10.0,6.91,0.607,92.3,22.5,143.3,3773.69
AGR_Eas_2023_00776,East_Zone,Bihar_Plains,2023,Kharif,Maize,23.96,37.22,1010.89,79.67,12.73,5.48,0.412,148.7,29.0,243.5,4179.74
AGR_Eas_2022_00777,East_Zone,WB_Gangetic,2022,Kharif,Maize,23.73,,1588.04,95.0,10.0,7.67,0.489,196.4,17.8,189.6,3979.96
AGR_Eas_2021_00778,East_Zone,WB_Gangetic,2021,Kharif,Wheat,22.46,35.05,1320.79,95.0,11.16,7.06,0.568,241.7,17.9,215.8,5199.94
AGR_Eas_2018_00779,East_Zone,Assam_Valley,2018,Rabi,Cotton,19.49,27.19,277.07,54.71,11.11,6.71,0.406,122.8,26.8,212.7,2111.49
AGR_Eas_2021_00780,East_Zone,Assam_Valley,2021,Zaid,Rice,23.5,33.48,85.96,61.69,10.0,6.5,0.622,216.7,23.1,189.4,4455.35
AGR_Eas_2022_00781,East_Zone,Odisha_Coastal,2022,Kharif,Soybean,24.15,32.12,1208.27,95.0,10.0,6.47,0.52,171.8,23.7,258.0,2970.23
AGR_Eas_2019_00782,East_Zone,WB_Gangetic,2019,Kharif,Cotton,25.05,33.13,1298.54,95.0,10.0,6.68,0.296,230.7,26.8,290.2,3055.35
AGR_Eas_2023_00783,East_Zone,Assam_Valley,2023,Rabi,Pulses,18.8,32.34,343.97,58.92,10.75,6.85,0.783,212.1,24.6,223.3,2170.65
AGR_Eas_2019_00784,East_Zone,Bihar_Plains,2019,Rabi,Rice,21.12,28.53,,67.73,11.88,5.87,0.729,166.3,23.2,226.3,4646.97
AGR_Eas_2022_00785,East_Zone,WB_Gangetic,2022,Rabi,Cotton,16.25,26.01,293.07,57.98,12.22,6.85,0.442,162.9,29.4,170.8,2310.17
AGR_Eas_2021_00786,East_Zone,Odisha_Coastal,2021,Rabi,Wheat,19.69,31.67,273.33,52.93,13.0,7.14,0.784,118.4,11.8,245.6,4410.35
AGR_Eas_2019_00787,East_Zone,Odisha_Coastal,2019,Kharif,Maize,21.08,,1990.74,95.0,10.0,7.04,0.556,193.9,23.5,190.4,3387.81
AGR_Eas_2022_00788,East_Zone,Assam_Valley,2022,Zaid,Pulses,21.95,33.61,121.21,67.55,13.26,6.2,0.6,216.8,22.1,243.8,1596.01
AGR_Eas_2023_00789,East_Zone,Assam_Valley,2023,Kharif,Rice,21.65,33.21,1624.66,95.0,10.0,6.62,0.756,150.2,25.2,206.4,5037.89
AGR_Eas_2022_00790,East_Zone,Odisha_Coastal,2022,Rabi,Cotton,17.84,27.98,253.85,70.93,11.43,6.03,0.461,144.8,14.9,203.9,2186.5
AGR_Eas_2019_00791,East_Zone,Assam_Valley,2019,Kharif,Rice,21.95,34.95,1629.6,95.0,10.0,6.86,0.394,130.7,24.9,167.3,4425.44
AGR_Eas_2020_00792,East_Zone,WB_Gangetic,2020,Zaid,Maize,21.11,32.23,91.2,40.71,15.63,7.05,0.522,167.7,21.3,229.5,3308.74
AGR_Eas_2023_00793,East_Zone,WB_Gangetic,2023,Rabi,Maize,20.49,31.09,180.08,69.83,10.0,5.2,0.372,164.1,21.1,188.8,3396.15
AGR_Eas_2021_00794,East_Zone,Odisha_Coastal,2021,Kharif,Maize,23.14,31.9,1504.99,94.1,10.0,6.73,0.875,90.0,16.3,316.1,4120.64
AGR_Eas_2023_00795,East_Zone,Assam_Valley,2023,Kharif,Wheat,,36.09,1170.4,89.37,10.0,6.5,0.28,187.0,14.4,193.0,4511.14
AGR_Eas_2019_00796,East_Zone,Odisha_Coastal,2019,Rabi,Cotton,15.4,22.68,256.35,58.34,10.0,6.9,0.728,166.1,24.5,178.7,2258.07
AGR_Eas_2021_00797,East_Zone,Assam_Valley,2021,Kharif,Maize,24.74,36.28,1405.03,,10.0,6.75,0.921,195.4,13.1,200.3,4557.2
AGR_Eas_2022_00798,East_Zone,Bihar_Plains,2022,Rabi,Cotton,18.46,28.12,283.07,58.96,10.96,7.19,0.667,223.1,27.4,178.2,2490.63
AGR_Eas_2018_00799,East_Zone,Odisha_Coastal,2018,Rabi,Soybean,18.13,27.69,373.37,57.67,14.79,6.47,1.002,116.5,30.9,246.7,3099.45
AGR_Eas_2018_00800,East_Zone,WB_Gangetic,2018,Rabi,Soybean,18.25,31.4,220.42,58.81,12.18,6.75,0.711,194.9,22.9,238.4,2912.44
AGR_Eas_2020_00801,East_Zone,WB_Gangetic,2020,Kharif,Cotton,22.46,33.65,1440.56,78.65,10.35,6.44,0.232,90.0,20.1,137.8,2374.72
AGR_Eas_2018_00802,East_Zone,Odisha_Coastal,2018,Kharif,Maize,,34.99,1759.51,95.0,10.0,6.97,0.3,174.4,12.9,176.1,3741.13
AGR_Eas_2022_00803,East_Zone,Odisha_Coastal,2022,Rabi,Rice,19.72,29.37,166.08,48.19,14.12,6.67,0.566,151.8,18.4,230.2,4367.8
AGR_Eas_2019_00804,East_Zone,WB_Gangetic,2019,Zaid,Maize,23.47,32.5,217.69,67.7,10.87,6.11,0.372,179.6,19.5,307.1,3494.56
AGR_Eas_2021_00805,East_Zone,WB_Gangetic,2021,Rabi,Rice,17.98,28.23,,63.22,10.19,7.67,0.719,121.5,23.1,230.2,4319.25
AGR_Eas_2020_00806,East_Zone,Odisha_Coastal,2020,Rabi,Soybean,,28.39,312.42,56.04,11.79,5.89,0.736,219.5,24.7,294.3,3012.97
AGR_Eas_2021_00807,East_Zone,Bihar_Plains,2021,Rabi,Maize,19.04,28.45,296.65,62.01,10.41,6.8,0.877,171.3,27.0,263.3,4001.0
AGR_Eas_2022_00808,East_Zone,Odisha_Coastal,2022,Rabi,Rice,20.32,32.43,301.9,52.12,15.15,6.86,0.683,191.3,17.9,213.4,4725.78
AGR_Eas_2020_00809,East_Zone,WB_Gangetic,2020,Rabi,Rice,19.33,32.22,227.07,44.92,10.25,7.12,0.284,172.6,20.5,194.6,4242.47
AGR_Eas_2022_00810,East_Zone,WB_Gangetic,2022,Kharif,Soybean,22.96,30.54,1482.13,86.89,10.0,6.49,0.623,168.4,17.9,279.9,3324.59
AGR_Eas_2018_00811,East_Zone,Bihar_Plains,2018,Rabi,Rice,18.03,28.16,320.56,62.38,13.65,7.32,0.643,191.9,13.6,280.2,4778.22
AGR_Eas_2020_00812,East_Zone,Odisha_Coastal,2020,Kharif,Soybean,,31.98,1633.56,95.0,10.27,6.36,0.57,171.7,8.0,295.3,3017.71
AGR_Eas_2021_00813,East_Zone,Assam_Valley,2021,Kharif,Rice,24.43,35.43,1716.16,95.0,10.0,5.67,0.734,181.1,30.3,236.8,4988.2
AGR_Eas_2019_00814,East_Zone,Assam_Valley,2019,Kharif,Rice,23.14,35.66,1368.34,95.0,10.0,5.67,0.536,184.0,19.7,208.2,5180.66
AGR_Eas_2019_00815,East_Zone,WB_Gangetic,2019,Kharif,Maize,25.06,37.17,1009.18,95.0,10.0,7.4,0.533,160.9,22.5,269.0,3968.63
AGR_Eas_2023_00816,East_Zone,Assam_Valley,2023,Kharif,Cotton,21.23,28.43,1840.3,95.0,10.0,6.57,0.652,183.2,27.1,150.0,2681.41
AGR_Eas_2023_00817,East_Zone,WB_Gangetic,2023,Rabi,Cotton,19.52,29.16,312.32,61.5,14.64,6.13,0.493,141.4,28.5,236.9,2189.05
AGR_Eas_2021_00818,East_Zone,Odisha_Coastal,2021,Kharif,Maize,22.1,29.72,2301.2,95.0,10.0,7.12,0.924,236.0,23.0,233.7,3449.83
AGR_Eas_2018_00819,East_Zone,Odisha_Coastal,2018,Kharif,Soybean,25.16,34.21,728.42,78.42,10.9,6.03,0.2,167.3,20.0,188.7,2807.65
AGR_Eas_2019_00820,East_Zone,Odisha_Coastal,2019,Kharif,Rice,23.97,31.28,1400.24,81.49,12.33,6.7,0.732,174.4,24.9,174.8,4930.48
AGR_Eas_2023_00821,East_Zone,WB_Gangetic,2023,Rabi,Cotton,19.74,32.87,175.93,47.19,11.75,7.35,0.458,153.3,19.7,225.4,2133.46
AGR_Eas_2023_00822,East_Zone,WB_Gangetic,2023,Rabi,Pulses,18.76,29.01,,55.18,13.37,5.84,0.711,191.0,16.8,222.9,1990.86
AGR_Eas_2018_00823,East_Zone,WB_Gangetic,2018,Zaid,Maize,25.0,38.57,166.09,30.0,12.12,6.32,0.738,147.2,30.0,225.1,3397.46
AGR_Eas_2018_00824,East_Zone,Assam_Valley,2018,Kharif,Maize,22.21,31.52,1345.07,78.92,11.83,6.78,0.868,182.3,19.0,170.4,4328.83
AGR_Eas_2023_00825,East_Zone,WB_Gangetic,2023,Rabi,Wheat,16.63,24.23,281.88,58.38,15.52,7.06,0.428,163.2,15.3,218.4,3414.71
AGR_Eas_2021_00826,East_Zone,Assam_Valley,2021,Kharif,Wheat,,31.58,,95.0,10.0,7.17,0.776,164.9,21.0,127.0,4784.66
AGR_Eas_2018_00827,East_Zone,Odisha_Coastal,2018,Kharif,Wheat,25.16,36.58,2112.2,95.0,12.2,6.27,0.97,215.1,29.5,240.0,4338.15
AGR_Eas_2023_00828,East_Zone,WB_Gangetic,2023,Rabi,Rice,18.52,32.51,,52.52,14.47,5.83,1.062,150.8,10.1,230.5,5459.21
AGR_Eas_2019_00829,East_Zone,Assam_Valley,2019,Rabi,Maize,16.12,25.51,307.83,65.29,10.0,6.97,0.736,211.1,26.8,267.7,3700.6
AGR_Eas_2018_00830,East_Zone,Bihar_Plains,2018,Zaid,Pulses,27.85,41.05,185.72,56.52,11.4,7.59,0.885,202.7,14.5,155.0,1594.13
AGR_Eas_2019_00831,East_Zone,Assam_Valley,2019,Kharif,Wheat,21.21,31.79,1283.3,94.41,10.0,6.63,0.68,177.1,16.5,137.0,4734.96
AGR_Eas_2022_00832,East_Zone,Assam_Valley,2022,Rabi,Soybean,18.4,25.69,119.2,,16.0,6.9,0.371,178.4,21.4,227.5,2096.2
AGR_Eas_2019_00833,East_Zone,Odisha_Coastal,2019,Kharif,Wheat,23.62,34.27,1267.7,95.0,10.0,6.76,0.5,167.5,13.5,201.2,4494.35
AGR_Eas_2019_00834,East_Zone,WB_Gangetic,2019,Rabi,Rice,19.1,28.28,323.27,,14.21,5.74,0.799,185.2,28.1,152.5,5256.82
AGR_Eas_2021_00835,East_Zone,WB_Gangetic,2021,Kharif,Wheat,21.52,29.26,1329.61,90.42,10.0,6.16,0.576,258.6,26.6,350.0,5128.06
AGR_Eas_2021_00836,East_Zone,Odisha_Coastal,2021,Kharif,Wheat,21.78,34.11,1900.75,95.0,10.0,7.66,0.399,170.0,18.5,248.5,3748.61
AGR_Eas_2020_00837,East_Zone,WB_Gangetic,2020,Zaid,Soybean,24.33,33.95,96.33,,12.88,6.54,0.351,154.0,17.5,149.6,2465.17
AGR_Eas_2022_00838,East_Zone,Assam_Valley,2022,Rabi,Wheat,19.1,28.65,288.91,47.66,10.0,7.86,0.773,126.9,26.5,189.0,3847.48
AGR_Eas_2022_00839,East_Zone,Odisha_Coastal,2022,Kharif,Maize,20.57,29.38,979.23,86.71,10.57,6.42,0.541,246.8,14.6,210.5,4243.24
AGR_Eas_2019_00840,East_Zone,Odisha_Coastal,2019,Kharif,Soybean,20.37,29.07,1720.98,95.0,12.64,7.02,0.843,163.5,12.0,206.9,3106.54
AGR_Eas_2022_00841,East_Zone,Odisha_Coastal,2022,Rabi,Wheat,20.5,28.59,350.48,70.23,11.57,6.78,0.497,155.0,20.4,153.5,4029.23
AGR_Eas_2021_00842,East_Zone,WB_Gangetic,2021,Kharif,Soybean,20.91,34.67,1316.51,95.0,10.0,6.22,0.721,162.4,15.5,198.8,3286.35
AGR_Eas_2021_00843,East_Zone,WB_Gangetic,2021,Rabi,Soybean,19.13,26.85,355.1,69.66,13.66,6.66,0.616,173.5,31.4,253.2,2932.84
AGR_Eas_2022_00844,East_Zone,WB_Gangetic,2022,Kharif,Soybean,21.12,29.75,1438.3,,10.0,7.73,0.793,203.5,21.3,198.2,3329.4
AGR_Eas_2021_00845,East_Zone,Bihar_Plains,2021,Kharif,Rice,22.58,33.19,1302.18,91.29,10.0,6.77,0.481,188.0,17.9,215.8,4923.57
AGR_Eas_2020_00846,East_Zone,Odisha_Coastal,2020,Kharif,Maize,21.82,32.84,1437.05,89.96,14.4,6.12,0.455,230.8,17.2,198.3,4257.92
AGR_Eas_2021_00847,East_Zone,Assam_Valley,2021,Zaid,Cotton,26.24,36.37,120.78,47.53,13.58,8.4,0.858,154.8,23.3,199.4,2562.93
AGR_Eas_2021_00848,East_Zone,Odisha_Coastal,2021,Kharif,Maize,24.61,31.78,,95.0,10.0,7.23,0.877,250.7,19.2,183.1,4843.25
AGR_Eas_2018_00849,East_Zone,WB_Gangetic,2018,Rabi,Maize,16.1,23.35,149.75,37.68,15.94,7.13,0.756,186.8,15.4,250.6,3167.33
AGR_Eas_2019_00850,East_Zone,Assam_Valley,2019,Rabi,Wheat,19.74,29.43,209.31,61.75,13.16,7.45,0.652,191.0,20.9,203.1,4199.74
AGR_Eas_2020_00851,East_Zone,Odisha_Coastal,2020,Rabi,Wheat,18.09,31.91,217.43,75.23,11.27,6.06,0.443,131.4,28.2,207.8,3799.02
AGR_Eas_2021_00852,East_Zone,Bihar_Plains,2021,Kharif,Soybean,24.14,36.33,1013.53,77.98,11.46,6.53,0.439,191.1,22.8,228.2,3181.22
AGR_Eas_2019_00853,East_Zone,Odisha_Coastal,2019,Kharif,Rice,23.86,32.3,,87.44,10.0,7.44,0.442,136.2,19.1,209.4,4507.73
AGR_Eas_2022_00854,East_Zone,Bihar_Plains,2022,Rabi,Wheat,19.84,27.51,246.28,38.84,15.71,6.67,0.553,212.3,16.1,212.4,4390.1
AGR_Eas_2019_00855,East_Zone,WB_Gangetic,2019,Rabi,Wheat,18.19,30.94,352.53,66.99,10.0,6.73,0.614,145.4,22.2,330.2,4033.13
AGR_Eas_2021_00856,East_Zone,WB_Gangetic,2021,Rabi,Rice,18.18,25.42,233.85,61.18,12.64,7.32,0.476,154.7,20.7,131.0,4129.83
AGR_Eas_2020_00857,East_Zone,Bihar_Plains,2020,Kharif,Rice,23.77,32.75,1692.41,95.0,10.0,6.37,0.435,154.8,33.8,212.7,4454.6
AGR_Eas_2018_00858,East_Zone,Assam_Valley,2018,Kharif,Wheat,,32.19,1566.94,95.0,10.0,7.42,0.675,182.3,30.0,212.9,4530.92
AGR_Eas_2018_00859,East_Zone,WB_Gangetic,2018,Kharif,Pulses,23.58,32.88,1586.01,95.0,10.0,7.86,0.546,166.0,19.7,239.1,2036.5
AGR_Eas_2018_00860,East_Zone,Bihar_Plains,2018,Zaid,Pulses,24.65,35.52,,53.47,11.08,5.71,0.577,198.3,24.4,197.0,2155.65
AGR_Eas_2019_00861,East_Zone,Odisha_Coastal,2019,Kharif,Pulses,23.37,31.58,1240.44,92.69,10.0,7.02,0.512,185.7,31.1,169.0,2175.24
AGR_Eas_2022_00862,East_Zone,WB_Gangetic,2022,Rabi,Pulses,16.13,26.04,289.94,51.7,10.45,7.5,0.731,261.0,27.8,126.7,1838.28
AGR_Eas_2023_00863,East_Zone,Odisha_Coastal,2023,Rabi,Soybean,18.88,26.36,221.43,74.99,10.0,6.35,0.763,191.0,17.0,248.8,2765.79
AGR_Eas_2020_00864,East_Zone,Odisha_Coastal,2020,Zaid,Maize,24.17,35.64,52.04,61.24,11.4,5.49,0.43,160.3,33.9,196.9,2802.44
AGR_Eas_2022_00865,East_Zone,Odisha_Coastal,2022,Rabi,Pulses,19.68,31.66,,66.37,10.0,6.82,0.761,188.1,26.5,182.0,1569.89
AGR_Eas_2018_00866,East_Zone,Odisha_Coastal,2018,Kharif,Wheat,,30.84,1224.99,,10.0,6.23,0.862,167.1,23.6,164.2,4587.56
AGR_Eas_2022_00867,East_Zone,Odisha_Coastal,2022,Kharif,Maize,21.7,33.06,1042.69,82.41,10.73,5.66,0.367,222.2,10.6,166.4,4386.28
AGR_Eas_2022_00868,East_Zone,WB_Gangetic,2022,Rabi,Soybean,19.32,26.89,149.84,65.11,10.94,7.51,0.558,211.7,27.2,238.8,2477.06
AGR_Eas_2023_00869,East_Zone,Odisha_Coastal,2023,Kharif,Maize,22.31,35.16,997.94,73.86,11.9,7.35,0.364,203.1,31.9,201.3,4183.38
AGR_Eas_2023_00870,East_Zone,Odisha_Coastal,2023,Kharif,Soybean,21.51,31.85,913.95,75.98,12.73,6.91,0.696,141.7,16.6,204.4,3142.91
AGR_Eas_2018_00871,East_Zone,WB_Gangetic,2018,Kharif,Wheat,21.43,32.56,1231.34,95.0,10.0,6.96,0.623,220.0,28.3,245.9,4977.42
AGR_Eas_2018_00872,East_Zone,WB_Gangetic,2018,Kharif,Wheat,24.9,36.03,1234.5,86.74,10.0,7.14,0.639,192.5,27.8,229.4,4730.81
AGR_Eas_2023_00873,East_Zone,Bihar_Plains,2023,Rabi,Maize,16.12,27.87,299.15,71.33,11.64,6.85,0.528,193.8,14.5,237.7,3605.14
AGR_Eas_2018_00874,East_Zone,WB_Gangetic,2018,Kharif,Soybean,,30.74,675.1,56.37,10.0,5.7,0.57,230.9,12.4,211.0,3250.91
AGR_Eas_2020_00875,East_Zone,Bihar_Plains,2020,Rabi,Wheat,17.29,27.67,162.7,60.37,12.18,6.07,0.797,147.1,25.3,236.4,4317.64
AGR_Eas_2021_00876,East_Zone,Odisha_Coastal,2021,Kharif,Wheat,20.88,31.62,1776.43,95.0,12.04,7.46,0.686,141.9,24.6,217.9,4093.69
AGR_Eas_2019_00877,East_Zone,Assam_Valley,2019,Rabi,Rice,18.16,26.22,430.54,63.89,14.46,6.43,0.411,193.4,15.2,146.7,4848.9
AGR_Eas_2023_00878,East_Zone,Bihar_Plains,2023,Kharif,Pulses,22.53,32.41,1325.39,85.05,10.0,7.6,0.564,177.8,29.6,195.8,2285.36
AGR_Eas_2023_00879,East_Zone,Bihar_Plains,2023,Kharif,Cotton,22.02,32.07,1523.5,94.96,10.0,5.9,0.461,136.2,35.0,212.6,2939.81
AGR_Eas_2020_00880,East_Zone,Assam_Valley,2020,Kharif,Pulses,24.82,33.52,1663.49,95.0,10.0,7.65,0.58,138.9,16.6,175.2,1963.54
AGR_Eas_2021_00881,East_Zone,Odisha_Coastal,2021,Kharif,Pulses,22.22,30.13,891.31,83.23,10.28,6.76,0.744,193.3,39.1,138.2,2306.68
AGR_Eas_2023_00882,East_Zone,Assam_Valley,2023,Kharif,Maize,22.31,35.68,2018.5,95.0,10.17,6.63,0.465,182.6,27.5,184.6,3455.42
AGR_Eas_2018_00883,East_Zone,Odisha_Coastal,2018,Rabi,Rice,20.15,29.95,342.81,61.41,13.68,7.35,0.362,220.5,28.1,225.1,4451.43
AGR_Eas_2023_00884,East_Zone,Assam_Valley,2023,Kharif,Maize,23.87,36.88,1514.73,95.0,10.0,6.71,0.557,189.3,23.6,284.3,3909.46
AGR_Eas_2022_00885,East_Zone,Bihar_Plains,2022,Kharif,Soybean,26.58,38.91,2046.55,95.0,10.0,6.05,0.374,177.8,23.0,220.2,2137.07
AGR_Eas_2021_00886,East_Zone,Assam_Valley,2021,Rabi,Cotton,16.92,28.33,302.9,57.18,10.63,6.79,0.876,175.5,25.1,217.4,2657.61
AGR_Eas_2023_00887,East_Zone,Odisha_Coastal,2023,Rabi,Cotton,19.48,26.79,360.96,53.08,12.29,6.02,0.677,193.0,28.8,255.1,2638.43
AGR_Eas_2022_00888,East_Zone,Assam_Valley,2022,Kharif,Pulses,21.39,31.0,1976.17,95.0,10.96,6.47,0.67,139.3,20.8,229.8,1340.58
AGR_Eas_2018_00889,East_Zone,Assam_Valley,2018,Kharif,Maize,23.33,36.37,1558.39,93.98,11.21,6.37,0.593,226.6,19.9,246.0,4393.14
AGR_Eas_2020_00890,East_Zone,Bihar_Plains,2020,Kharif,Cotton,22.09,29.8,1081.75,79.71,10.0,6.03,0.661,215.3,24.9,203.8,2848.59
AGR_Eas_2021_00891,East_Zone,Bihar_Plains,2021,Kharif,Rice,23.42,30.97,1724.18,95.0,10.0,6.38,0.696,210.0,18.4,139.7,5036.18
AGR_Eas_2022_00892,East_Zone,WB_Gangetic,2022,Kharif,Soybean,22.06,31.62,1566.2,95.0,10.0,6.1,0.817,189.3,12.7,222.0,3165.67
AGR_Eas_2022_00893,East_Zone,Assam_Valley,2022,Zaid,Rice,23.54,32.88,96.63,,11.81,7.3,0.897,242.4,18.2,158.6,5122.34
AGR_Eas_2019_00894,East_Zone,Assam_Valley,2019,Zaid,Soybean,25.17,36.56,151.17,63.52,11.03,7.86,0.593,160.6,27.0,163.0,2337.69
AGR_Eas_2020_00895,East_Zone,WB_Gangetic,2020,Kharif,Wheat,22.59,36.22,1504.07,95.0,10.0,6.91,0.522,241.4,29.4,292.2,4925.32
AGR_Eas_2023_00896,East_Zone,WB_Gangetic,2023,Rabi,Pulses,14.86,27.26,373.75,65.13,12.82,6.32,0.873,219.8,35.5,236.1,2009.26
AGR_Eas_2018_00897,East_Zone,Odisha_Coastal,2018,Rabi,Wheat,17.08,28.72,222.33,66.71,11.26,6.91,0.499,164.5,25.4,222.7,3959.26
AGR_Eas_2018_00898,East_Zone,Assam_Valley,2018,Kharif,Maize,21.28,28.46,1711.43,95.0,10.69,6.63,0.502,129.6,20.0,202.1,3377.34
AGR_Eas_2018_00899,East_Zone,Bihar_Plains,2018,Rabi,Rice,19.82,32.63,10.0,40.82,13.9,7.19,0.923,116.5,20.3,198.7,3718.2
AGR_Eas_2023_00900,East_Zone,WB_Gangetic,2023,Zaid,Soybean,24.95,34.09,199.41,,11.33,7.03,0.762,219.5,32.0,235.7,2823.67
AGR_Eas_2019_00901,East_Zone,Odisha_Coastal,2019,Kharif,Pulses,24.49,34.06,1607.61,95.0,10.02,5.77,0.603,162.4,20.0,247.3,2363.84
AGR_Eas_2021_00902,East_Zone,Odisha_Coastal,2021,Kharif,Maize,22.15,31.18,765.1,65.61,14.99,7.28,0.69,218.5,22.3,203.2,4340.53
AGR_Eas_2022_00903,East_Zone,Odisha_Coastal,2022,Kharif,Rice,26.36,36.3,1254.63,,10.0,7.13,0.857,137.5,21.5,191.9,5260.47
AGR_Eas_2022_00904,East_Zone,WB_Gangetic,2022,Zaid,Wheat,23.68,36.71,,65.67,15.17,6.84,0.699,160.1,25.7,263.7,3768.95
AGR_Eas_2018_00905,East_Zone,Assam_Valley,2018,Rabi,Rice,19.82,27.52,160.08,53.51,10.11,6.77,0.622,171.9,29.7,208.5,4448.19
AGR_Eas_2020_00906,East_Zone,Odisha_Coastal,2020,Rabi,Maize,19.12,29.07,159.74,50.46,17.33,6.13,0.74,176.3,19.2,170.1,3573.61
AGR_Eas_2018_00907,East_Zone,Bihar_Plains,2018,Kharif,Maize,24.22,36.8,1114.5,95.0,10.07,7.06,0.673,126.4,22.3,229.3,4126.21
AGR_Eas_2022_00908,East_Zone,Bihar_Plains,2022,Kharif,Rice,21.04,31.06,,95.0,10.0,6.01,0.686,146.4,23.7,275.7,4476.52
AGR_Eas_2020_00909,East_Zone,WB_Gangetic,2020,Kharif,Soybean,19.61,27.67,1655.06,93.5,11.04,7.42,0.71,215.7,19.4,190.3,3073.73
AGR_Eas_2018_00910,East_Zone,WB_Gangetic,2018,Zaid,Cotton,25.76,35.17,149.48,33.8,11.3,6.59,0.485,241.4,20.2,226.7,2620.29
AGR_Eas_2021_00911,East_Zone,Bihar_Plains,2021,Kharif,Rice,19.59,28.04,1373.13,90.02,10.0,7.14,0.613,222.2,17.9,203.0,5317.59
AGR_Eas_2022_00912,East_Zone,Assam_Valley,2022,Kharif,Rice,24.27,35.68,1384.26,95.0,10.0,7.89,0.64,166.1,22.3,132.6,5012.18
AGR_Eas_2023_00913,East_Zone,Assam_Valley,2023,Rabi,Rice,18.26,27.56,242.04,59.23,13.23,7.11,1.188,187.1,21.9,138.2,5125.42
AGR_Eas_2023_00914,East_Zone,Odisha_Coastal,2023,Rabi,Maize,17.08,26.78,261.61,66.16,10.53,5.87,0.666,155.2,12.1,230.8,3354.33
AGR_Eas_2022_00915,East_Zone,Bihar_Plains,2022,Kharif,Maize,24.06,35.95,1302.7,92.98,10.0,5.97,0.488,162.2,22.6,266.2,4326.22
AGR_Eas_2022_00916,East_Zone,Assam_Valley,2022,Kharif,Maize,23.85,35.7,1049.87,91.83,12.37,6.56,0.552,190.0,20.9,193.6,3983.51
AGR_Eas_2019_00917,East_Zone,Odisha_Coastal,2019,Rabi,Cotton,16.39,24.82,286.27,64.29,11.03,6.67,0.298,214.3,27.3,160.6,2158.94
AGR_Eas_2018_00918,East_Zone,Assam_Valley,2018,Kharif,Cotton,22.87,31.97,848.79,89.71,10.0,7.73,0.298,151.7,18.7,216.6,2852.04
AGR_Eas_2020_00919,East_Zone,Odisha_Coastal,2020,Rabi,Maize,21.32,35.14,477.94,64.66,13.36,6.9,0.687,192.9,24.4,222.5,4319.97
AGR_Eas_2020_00920,East_Zone,Bihar_Plains,2020,Kharif,Maize,22.95,30.75,1261.58,85.39,10.91,6.53,0.424,205.6,16.6,265.3,3991.21
AGR_Eas_2021_00921,East_Zone,Odisha_Coastal,2021,Kharif,Maize,21.96,34.57,1355.22,88.72,10.0,7.4,0.573,162.8,27.7,214.6,3962.15
AGR_Eas_2021_00922,East_Zone,Bihar_Plains,2021,Rabi,Pulses,19.27,32.17,,52.55,10.6,6.89,0.699,222.4,29.2,221.0,2072.67
AGR_Eas_2022_00923,East_Zone,Assam_Valley,2022,Kharif,Soybean,21.77,31.93,1172.18,69.93,15.94,7.98,0.832,144.7,15.2,228.0,3181.85
AGR_Eas_2021_00924,East_Zone,Odisha_Coastal,2021,Kharif,Pulses,21.63,30.14,2030.56,95.0,10.0,7.14,0.356,172.8,26.3,214.0,1285.11
AGR_Eas_2022_00925,East_Zone,Odisha_Coastal,2022,Rabi,Wheat,18.34,29.39,271.31,52.25,10.0,6.32,0.59,115.2,21.4,165.2,3894.06
AGR_Eas_2022_00926,East_Zone,Odisha_Coastal,2022,Kharif,Maize,21.58,30.0,1880.04,95.0,10.0,6.66,0.5,153.7,23.4,198.3,3213.57
AGR_Eas_2022_00927,East_Zone,Odisha_Coastal,2022,Rabi,Rice,19.85,,346.1,79.33,10.0,6.94,0.604,131.5,24.8,125.8,4577.78
AGR_Eas_2023_00928,East_Zone,Bihar_Plains,2023,Rabi,Pulses,20.92,32.02,137.25,73.21,10.0,6.68,0.621,178.1,27.9,150.3,1411.6
AGR_Eas_2022_00929,East_Zone,Bihar_Plains,2022,Kharif,Wheat,20.93,31.63,1202.04,76.62,10.71,6.93,0.56,255.9,19.2,287.8,4825.73
AGR_Eas_2022_00930,East_Zone,Assam_Valley,2022,Rabi,Maize,15.88,24.3,282.03,51.93,11.63,6.85,0.658,214.1,25.4,298.0,4018.42
AGR_Eas_2018_00931,East_Zone,WB_Gangetic,2018,Rabi,Maize,19.14,28.43,369.54,62.38,14.89,6.7,0.539,181.2,25.5,187.4,3930.9
AGR_Eas_2022_00932,East_Zone,Assam_Valley,2022,Kharif,Maize,23.42,33.82,1556.24,95.0,11.49,6.67,0.675,116.9,18.6,196.4,3892.22
AGR_Eas_2018_00933,East_Zone,Bihar_Plains,2018,Zaid,Maize,25.23,35.57,157.65,61.5,11.61,7.18,0.706,176.9,16.1,192.9,3242.71
AGR_Eas_2019_00934,East_Zone,Bihar_Plains,2019,Rabi,Wheat,18.15,27.93,305.52,,15.33,6.04,0.503,190.9,20.2,238.3,4000.49
AGR_Eas_2022_00935,East_Zone,Assam_Valley,2022,Rabi,Cotton,20.38,33.38,228.05,67.87,11.6,6.12,0.761,108.8,13.1,284.8,2407.12
AGR_Eas_2021_00936,East_Zone,Odisha_Coastal,2021,Kharif,Rice,24.05,31.9,1205.36,77.58,12.78,7.24,0.649,160.0,14.0,223.2,4911.73
AGR_Eas_2019_00937,East_Zone,Bihar_Plains,2019,Kharif,Soybean,25.19,36.38,1527.91,95.0,10.0,7.93,0.333,244.7,26.1,226.4,3527.75
AGR_Eas_2018_00938,East_Zone,Bihar_Plains,2018,Rabi,Cotton,21.29,33.34,269.99,45.24,12.65,6.87,0.56,142.0,27.9,216.1,2555.62
AGR_Eas_2022_00939,East_Zone,WB_Gangetic,2022,Kharif,Wheat,17.98,25.53,1405.65,95.0,10.0,6.13,0.843,120.3,23.4,177.3,4517.64
AGR_Eas_2022_00940,East_Zone,WB_Gangetic,2022,Kharif,Maize,24.99,34.49,920.24,,10.0,6.94,0.715,130.3,12.4,220.0,3940.66
AGR_Eas_2022_00941,East_Zone,Bihar_Plains,2022,Rabi,Soybean,20.41,29.83,251.69,51.39,11.67,6.15,0.68,176.6,21.4,254.8,2828.35
AGR_Eas_2022_00942,East_Zone,Assam_Valley,2022,Rabi,Maize,19.53,27.21,243.56,,14.16,6.28,0.82,226.1,12.0,256.2,3768.56
AGR_Eas_2022_00943,East_Zone,WB_Gangetic,2022,Rabi,Wheat,16.66,27.69,335.23,44.55,13.32,6.3,0.455,154.3,33.0,232.9,4087.86
AGR_Eas_2020_00944,East_Zone,Bihar_Plains,2020,Rabi,Cotton,17.36,26.76,461.56,55.66,10.0,7.77,0.471,196.3,38.9,205.0,2489.45
AGR_Eas_2021_00945,East_Zone,Assam_Valley,2021,Kharif,Wheat,22.45,31.78,1787.3,,10.0,5.87,0.653,194.5,15.9,171.3,4219.3
AGR_Eas_2019_00946,East_Zone,WB_Gangetic,2019,Kharif,Soybean,23.12,33.73,1510.39,95.0,10.0,6.89,0.548,166.5,17.0,218.6,3269.17
AGR_Eas_2023_00947,East_Zone,Odisha_Coastal,2023,Rabi,Wheat,20.89,28.5,285.76,63.65,12.38,7.3,0.56,190.6,25.4,212.1,4013.62
AGR_Eas_2020_00948,East_Zone,Bihar_Plains,2020,Rabi,Pulses,20.78,31.22,283.15,60.03,10.0,6.71,0.2,186.2,20.4,292.1,1858.95
AGR_Eas_2019_00949,East_Zone,Odisha_Coastal,2019,Kharif,Rice,21.69,35.22,676.76,92.61,10.0,7.47,0.603,159.2,19.4,238.4,5176.14
AGR_Eas_2018_00950,East_Zone,WB_Gangetic,2018,Zaid,Maize,23.43,34.94,125.4,65.8,14.34,6.98,0.542,236.4,31.3,170.2,3713.72
AGR_Eas_2021_00951,East_Zone,Assam_Valley,2021,Kharif,Soybean,23.43,35.78,1289.14,95.0,10.0,6.42,0.611,211.5,23.7,154.6,3047.0
AGR_Eas_2020_00952,East_Zone,Assam_Valley,2020,Kharif,Rice,21.23,29.96,1384.81,91.3,10.0,6.63,0.494,157.8,30.8,236.7,4754.31
AGR_Eas_2020_00953,East_Zone,Assam_Valley,2020,Kharif,Soybean,21.34,33.83,904.93,86.97,11.07,6.12,0.692,259.2,28.0,216.1,3575.73
AGR_Eas_2022_00954,East_Zone,WB_Gangetic,2022,Kharif,Rice,23.61,34.28,1597.31,,10.0,5.92,0.454,226.6,27.8,190.9,5054.09
AGR_Eas_2021_00955,East_Zone,Assam_Valley,2021,Rabi,Rice,22.26,31.5,365.27,42.96,13.35,6.61,0.654,182.3,10.4,244.3,4979.53
AGR_Eas_2022_00956,East_Zone,Odisha_Coastal,2022,Kharif,Cotton,22.22,35.31,1328.47,94.1,11.71,6.72,0.453,182.1,18.1,216.6,2889.1
AGR_Eas_2021_00957,East_Zone,WB_Gangetic,2021,Rabi,Pulses,21.01,28.5,286.81,64.96,11.84,6.18,0.578,214.8,19.7,213.5,1741.48
AGR_Eas_2020_00958,East_Zone,Bihar_Plains,2020,Rabi,Rice,19.77,31.28,270.41,42.98,16.55,6.51,0.546,159.7,22.7,257.5,4447.67
AGR_Eas_2022_00959,East_Zone,Bihar_Plains,2022,Kharif,Soybean,23.41,32.23,1539.43,95.0,10.0,6.5,0.692,143.1,16.0,169.3,2679.69
AGR_Eas_2020_00960,East_Zone,Bihar_Plains,2020,Kharif,Rice,21.87,29.29,1531.56,95.0,11.84,6.81,0.518,215.8,19.2,188.6,5039.58
AGR_Eas_2020_00961,East_Zone,Assam_Valley,2020,Kharif,Wheat,23.13,,1180.54,88.01,10.0,6.63,0.721,167.1,15.5,262.1,4488.47
AGR_Eas_2018_00962,East_Zone,Assam_Valley,2018,Zaid,Soybean,24.32,36.42,107.02,67.62,11.72,6.55,0.407,162.4,30.9,162.0,2403.55
AGR_Eas_2019_00963,East_Zone,Assam_Valley,2019,Rabi,Wheat,19.81,,362.0,44.07,14.81,7.23,0.585,151.7,26.4,220.3,4274.16
AGR_Eas_2019_00964,East_Zone,Odisha_Coastal,2019,Kharif,Soybean,22.41,32.35,1315.85,81.29,10.0,7.11,0.713,186.3,29.7,213.9,3406.71
AGR_Eas_2019_00965,East_Zone,Odisha_Coastal,2019,Kharif,Cotton,22.76,34.95,893.23,55.75,12.39,7.1,0.646,145.4,10.4,212.3,2925.16
AGR_Eas_2023_00966,East_Zone,WB_Gangetic,2023,Rabi,Pulses,19.16,30.06,308.67,58.43,10.0,6.66,0.443,199.0,21.1,205.9,1682.62
AGR_Eas_2018_00967,East_Zone,Bihar_Plains,2018,Zaid,Pulses,25.22,32.53,142.53,60.8,11.07,7.72,0.452,177.8,22.8,135.4,1545.71
AGR_Eas_2021_00968,East_Zone,WB_Gangetic,2021,Kharif,Cotton,22.74,34.93,781.37,79.0,10.0,7.04,0.373,145.2,24.2,182.7,2897.54
AGR_Eas_2021_00969,East_Zone,Assam_Valley,2021,Zaid,Maize,24.59,32.4,156.86,60.5,11.69,7.16,0.62,212.6,16.2,215.7,3485.95
AGR_Eas_2020_00970,East_Zone,WB_Gangetic,2020,Rabi,Wheat,16.93,,148.51,63.66,11.69,6.24,0.582,189.0,22.6,185.6,3657.43
AGR_Eas_2018_00971,East_Zone,Bihar_Plains,2018,Rabi,Cotton,,,391.34,60.7,10.0,6.89,0.804,220.2,18.0,218.8,3082.35
AGR_Eas_2018_00972,East_Zone,Odisha_Coastal,2018,Kharif,Rice,21.68,31.24,616.61,70.96,10.0,6.21,0.55,236.9,27.2,135.5,5336.43
AGR_Eas_2022_00973,East_Zone,WB_Gangetic,2022,Kharif,Pulses,24.9,35.85,1670.55,83.84,10.0,6.89,0.581,143.0,23.8,191.9,2076.76
AGR_Eas_2020_00974,East_Zone,Assam_Valley,2020,Kharif,Pulses,25.26,33.02,1392.21,92.91,11.76,7.04,0.435,170.2,25.9,184.6,2320.42
AGR_Eas_2018_00975,East_Zone,Odisha_Coastal,2018,Rabi,Wheat,18.16,28.23,358.34,61.7,14.19,6.61,0.443,211.1,27.4,193.3,4313.38
AGR_Eas_2021_00976,East_Zone,Bihar_Plains,2021,Kharif,Soybean,22.65,35.87,,95.0,10.0,6.27,1.027,209.9,18.4,180.0,2955.99
AGR_Eas_2021_00977,East_Zone,WB_Gangetic,2021,Kharif,Cotton,23.37,33.29,1813.82,95.0,10.0,7.26,0.614,114.7,20.9,210.5,2468.7
AGR_Eas_2020_00978,East_Zone,Assam_Valley,2020,Kharif,Wheat,23.96,31.52,1788.99,95.0,10.0,7.2,0.344,145.8,18.0,150.7,3645.86
AGR_Eas_2018_00979,East_Zone,Assam_Valley,2018,Kharif,Soybean,22.25,29.64,2093.61,,10.0,6.55,0.412,199.7,24.2,212.5,2378.48
AGR_Eas_2021_00980,East_Zone,Odisha_Coastal,2021,Kharif,Pulses,25.31,37.03,1227.23,95.0,11.64,7.12,0.496,198.1,35.0,182.6,2467.06
AGR_Eas_2019_00981,East_Zone,Assam_Valley,2019,Rabi,Wheat,21.87,31.01,304.53,68.74,10.45,7.13,0.483,170.5,14.3,175.3,4376.65
AGR_Eas_2022_00982,East_Zone,Bihar_Plains,2022,Kharif,Pulses,23.54,36.52,1825.58,95.0,10.0,6.18,0.534,97.6,26.6,207.3,1874.71
AGR_Eas_2022_00983,East_Zone,Assam_Valley,2022,Rabi,Rice,20.49,32.41,279.38,46.91,13.88,7.3,0.81,172.9,9.6,188.9,5247.79
AGR_Eas_2020_00984,East_Zone,WB_Gangetic,2020,Kharif,Soybean,23.38,,864.18,84.7,10.07,7.42,0.664,230.4,24.3,124.9,3586.25
AGR_Eas_2018_00985,East_Zone,Odisha_Coastal,2018,Kharif,Rice,,32.13,2016.35,95.0,10.0,6.28,0.944,118.3,20.3,223.8,4412.18
AGR_Eas_2023_00986,East_Zone,WB_Gangetic,2023,Kharif,Pulses,24.25,34.69,1296.98,72.14,14.39,6.7,0.773,208.5,26.9,307.5,2465.95
AGR_Eas_2020_00987,East_Zone,WB_Gangetic,2020,Kharif,Maize,23.61,33.41,1799.81,95.0,10.0,6.46,0.59,168.7,25.6,246.2,3727.87
AGR_Eas_2021_00988,East_Zone,Assam_Valley,2021,Kharif,Wheat,23.34,35.53,1626.32,95.0,10.0,6.86,0.748,224.7,11.6,228.9,4900.87
AGR_Eas_2018_00989,East_Zone,WB_Gangetic,2018,Rabi,Pulses,14.88,23.14,236.38,61.77,15.67,7.31,0.428,212.4,15.6,254.3,1364.15
AGR_Eas_2022_00990,East_Zone,Bihar_Plains,2022,Rabi,Cotton,17.86,27.18,317.64,67.78,10.0,6.95,0.755,136.0,20.5,177.3,2502.03
AGR_Eas_2020_00991,East_Zone,Bihar_Plains,2020,Kharif,Soybean,,32.96,1124.49,95.0,10.62,6.94,0.779,217.1,19.1,176.1,3461.26
AGR_Eas_2023_00992,East_Zone,WB_Gangetic,2023,Rabi,Pulses,19.67,30.88,,74.06,10.0,6.29,0.609,252.6,14.9,200.4,2140.71
AGR_Eas_2020_00993,East_Zone,Assam_Valley,2020,Kharif,Pulses,22.45,29.55,935.58,81.27,11.06,6.14,0.552,147.5,15.8,225.7,2113.52
AGR_Eas_2022_00994,East_Zone,WB_Gangetic,2022,Kharif,Cotton,21.4,31.75,1082.3,86.78,10.0,6.44,0.778,171.6,32.0,345.1,3196.68
AGR_Eas_2021_00995,East_Zone,Assam_Valley,2021,Rabi,Cotton,,28.33,351.71,68.89,10.0,7.19,0.566,226.9,15.2,206.6,3080.73
AGR_Eas_2020_00996,East_Zone,WB_Gangetic,2020,Kharif,Wheat,24.47,32.64,978.26,69.98,10.0,6.5,0.472,231.4,17.4,215.5,5096.19
AGR_Eas_2018_00997,East_Zone,Bihar_Plains,2018,Kharif,Soybean,21.33,31.07,,95.0,12.33,6.64,0.636,163.7,27.7,259.5,2843.74
AGR_Eas_2019_00998,East_Zone,Assam_Valley,2019,Kharif,Wheat,,29.41,,95.0,10.0,7.68,0.348,188.0,21.1,229.3,4212.76
AGR_Eas_2018_00999,East_Zone,Bihar_Plains,2018,Kharif,Soybean,22.25,,1761.11,95.0,10.0,6.46,0.488,146.0,16.4,207.1,2421.52
AGR_Eas_2021_01000,East_Zone,WB_Gangetic,2021,Zaid,Wheat,24.9,37.66,132.37,55.38,15.9,5.51,0.443,158.0,15.2,196.6,3714.84
AGR_Eas_2023_01001,East_Zone,Bihar_Plains,2023,Zaid,Maize,23.67,35.89,133.41,37.58,13.83,6.45,0.84,219.1,17.2,242.9,3732.74
AGR_Eas_2019_01002,East_Zone,Bihar_Plains,2019,Kharif,Soybean,23.75,37.28,1432.58,95.0,10.0,7.37,0.711,153.0,15.1,177.0,3273.44
AGR_Eas_2018_01003,East_Zone,WB_Gangetic,2018,Rabi,Cotton,17.23,25.96,266.58,57.04,12.46,5.98,0.695,165.8,13.5,302.4,2257.12
AGR_Eas_2018_01004,East_Zone,Odisha_Coastal,2018,Kharif,Pulses,23.39,34.46,1300.87,90.47,10.07,7.31,0.488,174.9,21.5,303.4,2097.31
AGR_Eas_2023_01005,East_Zone,Bihar_Plains,2023,Zaid,Soybean,25.71,33.98,227.1,52.88,11.68,6.45,0.816,128.1,14.3,212.4,2838.19
AGR_Eas_2022_01006,East_Zone,Odisha_Coastal,2022,Kharif,Wheat,23.92,32.11,1922.39,95.0,10.0,6.87,0.377,175.6,19.1,187.4,3777.23
AGR_Eas_2020_01007,East_Zone,Odisha_Coastal,2020,Kharif,Wheat,23.16,34.73,1278.91,94.53,10.21,6.66,0.537,210.3,28.2,183.4,5030.39
AGR_Eas_2021_01008,East_Zone,WB_Gangetic,2021,Kharif,Pulses,23.63,35.18,873.55,95.0,10.0,6.88,0.574,175.6,18.5,190.0,2255.21
AGR_Eas_2021_01009,East_Zone,Odisha_Coastal,2021,Zaid,Maize,23.85,32.41,,50.25,10.88,7.67,0.689,171.0,26.9,191.4,3779.9
AGR_Eas_2019_01010,East_Zone,Assam_Valley,2019,Kharif,Soybean,20.86,30.52,,95.0,10.0,6.19,0.33,223.8,25.2,224.5,3265.43
AGR_Eas_2022_01011,East_Zone,Bihar_Plains,2022,Rabi,Maize,18.56,,215.08,66.66,12.0,5.83,0.641,179.4,14.9,212.7,3603.59
AGR_Eas_2019_01012,East_Zone,Odisha_Coastal,2019,Rabi,Cotton,20.46,32.61,,63.04,14.64,7.55,0.386,157.6,17.4,212.5,2364.09
AGR_Eas_2018_01013,East_Zone,Odisha_Coastal,2018,Rabi,Wheat,17.72,31.13,265.04,56.86,11.36,6.5,0.477,167.1,22.7,163.8,3587.03
AGR_Eas_2020_01014,East_Zone,WB_Gangetic,2020,Rabi,Rice,20.15,30.71,226.55,54.0,15.51,6.99,0.261,180.5,24.9,231.9,4185.66
AGR_Eas_2018_01015,East_Zone,WB_Gangetic,2018,Kharif,Rice,22.21,29.49,1471.9,95.0,10.0,7.14,0.773,169.9,12.3,182.3,5318.16
AGR_Eas_2019_01016,East_Zone,Odisha_Coastal,2019,Kharif,Soybean,23.66,34.49,1124.67,68.05,10.0,7.06,0.8,184.6,27.9,179.3,3289.37
AGR_Eas_2022_01017,East_Zone,Bihar_Plains,2022,Rabi,Rice,17.29,31.18,80.89,37.82,10.0,7.05,0.68,195.1,17.6,267.8,4411.16
AGR_Eas_2020_01018,East_Zone,Odisha_Coastal,2020,Kharif,Maize,24.39,36.63,930.51,89.21,11.63,7.22,0.322,213.9,19.6,186.5,4172.48
AGR_Eas_2021_01019,East_Zone,Assam_Valley,2021,Rabi,Wheat,17.66,27.32,248.66,71.78,10.0,6.38,0.289,193.9,18.2,285.1,3829.54
AGR_Eas_2018_01020,East_Zone,Assam_Valley,2018,Kharif,Cotton,23.75,34.97,1726.18,95.0,10.0,7.7,0.694,183.6,20.6,148.5,2965.18
AGR_Eas_2021_01021,East_Zone,Odisha_Coastal,2021,Zaid,Wheat,24.01,37.33,85.34,47.07,13.46,6.18,0.709,168.0,16.5,112.3,3793.65
AGR_Eas_2018_01022,East_Zone,Assam_Valley,2018,Rabi,Pulses,16.97,26.77,237.08,66.45,10.0,6.32,0.464,199.5,26.4,227.5,1478.94
AGR_Eas_2019_01023,East_Zone,WB_Gangetic,2019,Rabi,Pulses,17.69,30.36,,65.56,11.1,6.03,0.549,195.1,18.9,313.9,1620.35
AGR_Eas_2018_01024,East_Zone,Odisha_Coastal,2018,Kharif,Maize,19.59,33.57,1983.29,95.0,10.0,6.13,0.658,145.7,23.5,222.7,3419.96
AGR_Eas_2018_01025,East_Zone,Bihar_Plains,2018,Kharif,Wheat,24.15,35.92,1387.79,81.41,12.4,6.12,0.425,184.2,24.2,134.3,4649.78
AGR_Eas_2020_01026,East_Zone,Assam_Valley,2020,Kharif,Pulses,24.16,,1477.88,95.0,10.0,6.93,0.735,206.3,16.4,211.9,2251.78
AGR_Eas_2020_01027,East_Zone,Assam_Valley,2020,Rabi,Maize,17.51,27.56,348.42,42.89,13.28,6.47,0.69,198.4,23.2,231.7,4031.15
AGR_Eas_2023_01028,East_Zone,Assam_Valley,2023,Zaid,Cotton,22.24,33.36,138.81,52.3,12.74,7.4,0.672,191.0,25.5,110.0,2225.52
AGR_Eas_2023_01029,East_Zone,Odisha_Coastal,2023,Rabi,Rice,19.41,26.57,337.4,53.67,12.73,6.73,0.419,131.5,23.4,145.3,4217.57
AGR_Eas_2023_01030,East_Zone,Assam_Valley,2023,Kharif,Soybean,22.81,31.82,1144.75,83.93,10.0,7.74,0.532,184.6,16.2,286.2,2995.84
AGR_Eas_2022_01031,East_Zone,Assam_Valley,2022,Kharif,Soybean,26.93,36.55,1400.45,95.0,12.0,6.97,0.396,186.5,18.8,221.4,3183.95
AGR_Eas_2018_01032,East_Zone,Bihar_Plains,2018,Zaid,Wheat,23.96,33.88,148.46,53.28,11.53,7.99,0.624,194.1,20.8,110.0,4127.43
AGR_Eas_2023_01033,East_Zone,Assam_Valley,2023,Rabi,Pulses,15.71,27.65,488.74,71.57,13.19,6.62,0.66,125.0,14.6,188.8,2077.19
AGR_Eas_2019_01034,East_Zone,Odisha_Coastal,2019,Rabi,Maize,19.58,30.18,400.85,39.32,15.54,6.84,0.488,206.2,14.4,302.4,4205.72
AGR_Eas_2021_01035,East_Zone,Bihar_Plains,2021,Kharif,Pulses,21.67,35.3,1257.9,88.58,11.38,7.49,0.413,127.3,18.6,211.1,2091.79
AGR_Eas_2020_01036,East_Zone,Bihar_Plains,2020,Kharif,Pulses,22.97,30.76,851.0,91.62,10.0,5.57,0.565,167.2,16.4,195.8,2342.53
AGR_Eas_2020_01037,East_Zone,WB_Gangetic,2020,Rabi,Soybean,21.56,30.11,78.06,60.9,11.01,5.99,0.301,226.6,12.0,110.0,2070.15
AGR_Eas_2021_01038,East_Zone,Assam_Valley,2021,Kharif,Rice,24.96,37.03,1102.21,72.18,10.42,7.06,0.778,210.5,19.9,213.9,5633.14
AGR_Eas_2018_01039,East_Zone,WB_Gangetic,2018,Rabi,Maize,18.93,28.17,415.26,75.38,11.25,6.03,0.517,196.2,18.9,150.6,3802.78
AGR_Eas_2023_01040,East_Zone,Odisha_Coastal,2023,Kharif,Rice,23.1,34.33,954.3,90.43,10.43,6.44,0.412,174.8,22.1,268.5,4798.8
AGR_Eas_2021_01041,East_Zone,Odisha_Coastal,2021,Kharif,Rice,19.87,28.14,1476.59,74.51,10.0,7.39,0.326,197.7,14.3,209.0,4729.43
AGR_Eas_2018_01042,East_Zone,Assam_Valley,2018,Kharif,Soybean,18.8,29.24,1149.22,86.31,10.0,6.53,0.463,201.5,24.5,222.7,2865.32
AGR_Eas_2022_01043,East_Zone,Odisha_Coastal,2022,Rabi,Pulses,19.25,29.98,319.95,59.36,10.0,5.88,0.509,197.5,28.0,251.6,2079.7
AGR_Eas_2023_01044,East_Zone,WB_Gangetic,2023,Kharif,Wheat,24.07,34.74,1532.27,95.0,10.0,5.44,0.228,176.9,22.2,329.0,4211.25
AGR_Eas_2021_01045,East_Zone,Bihar_Plains,2021,Kharif,Wheat,22.61,35.92,714.72,70.45,10.34,7.52,0.359,125.3,26.6,207.8,4112.96
AGR_Eas_2019_01046,East_Zone,WB_Gangetic,2019,Rabi,Wheat,17.14,27.83,284.09,54.5,14.8,7.06,0.86,100.0,26.7,163.6,4126.91
AGR_Eas_2021_01047,East_Zone,Assam_Valley,2021,Rabi,Pulses,20.04,,314.17,61.23,14.47,5.45,0.609,247.5,21.6,163.0,2012.75
AGR_Eas_2023_01048,East_Zone,WB_Gangetic,2023,Kharif,Cotton,22.5,32.99,1544.8,95.0,10.0,6.92,1.031,197.8,13.4,232.8,3236.55
AGR_Eas_2019_01049,East_Zone,Odisha_Coastal,2019,Kharif,Soybean,25.8,34.45,1729.16,95.0,10.0,7.79,0.476,271.3,26.1,274.0,3183.46
AGR_Eas_2021_01050,East_Zone,Assam_Valley,2021,Kharif,Soybean,23.06,37.03,1343.72,95.0,10.0,5.74,0.65,235.3,26.5,240.6,3641.14
AGR_Eas_2022_01051,East_Zone,WB_Gangetic,2022,Rabi,Maize,16.91,24.66,,55.24,12.13,7.44,0.656,213.6,13.4,194.0,3606.36
AGR_Eas_2018_01052,East_Zone,Bihar_Plains,2018,Zaid,Cotton,25.55,34.35,165.83,61.6,13.65,6.87,0.35,188.6,20.9,160.9,2489.96
AGR_Eas_2019_01053,East_Zone,Bihar_Plains,2019,Kharif,Pulses,24.0,34.39,1708.94,95.0,11.58,7.22,0.806,243.2,31.5,207.2,2234.04
AGR_Eas_2023_01054,East_Zone,Assam_Valley,2023,Kharif,Soybean,21.29,34.22,966.47,92.0,10.0,7.21,0.643,219.2,20.1,233.3,3219.92
AGR_Eas_2021_01055,East_Zone,WB_Gangetic,2021,Rabi,Maize,20.47,30.4,336.01,59.09,10.24,6.21,0.607,202.5,20.8,224.7,3853.3
AGR_Eas_2020_01056,East_Zone,WB_Gangetic,2020,Rabi,Maize,18.47,29.74,221.48,56.49,12.41,6.71,0.75,150.8,21.3,322.9,3631.86
AGR_Eas_2021_01057,East_Zone,Assam_Valley,2021,Rabi,Soybean,18.41,27.09,318.65,59.83,13.97,6.07,0.869,144.8,19.9,185.0,2819.29
AGR_Eas_2018_01058,East_Zone,Odisha_Coastal,2018,Rabi,Rice,18.52,28.26,,68.32,10.0,5.75,0.503,175.6,22.8,325.1,4294.84
AGR_Eas_2019_01059,East_Zone,WB_Gangetic,2019,Zaid,Cotton,26.79,37.58,127.99,54.5,15.16,7.9,0.353,139.1,19.9,211.3,2179.69
AGR_Eas_2020_01060,East_Zone,Assam_Valley,2020,Zaid,Pulses,23.72,37.65,46.04,39.92,14.72,6.57,0.613,160.5,27.8,264.2,1168.68
AGR_Eas_2020_01061,East_Zone,WB_Gangetic,2020,Rabi,Rice,19.8,29.08,,65.66,12.61,6.83,0.411,135.6,15.6,230.3,3830.48
AGR_Eas_2022_01062,East_Zone,Odisha_Coastal,2022,Kharif,Pulses,25.14,33.37,2346.31,95.0,10.0,7.02,0.478,226.5,18.7,251.6,1380.14
AGR_Eas_2023_01063,East_Zone,Odisha_Coastal,2023,Kharif,Wheat,24.55,,1961.38,95.0,10.0,7.39,0.63,220.2,29.8,193.2,4425.68
AGR_Eas_2020_01064,East_Zone,WB_Gangetic,2020,Rabi,Pulses,19.69,27.82,316.97,57.98,12.25,7.58,0.412,150.6,19.7,232.9,1755.05
AGR_Eas_2021_01065,East_Zone,Odisha_Coastal,2021,Rabi,Rice,19.69,27.43,331.6,61.54,14.75,6.65,0.788,185.3,21.3,242.3,4941.26
AGR_Eas_2022_01066,East_Zone,Odisha_Coastal,2022,Rabi,Rice,19.87,32.4,305.01,57.62,12.22,6.17,0.578,159.9,24.2,211.7,4481.49
AGR_Eas_2020_01067,East_Zone,Odisha_Coastal,2020,Rabi,Maize,19.36,,228.28,52.3,14.49,6.99,0.627,178.5,19.8,203.2,3647.04
AGR_Eas_2018_01068,East_Zone,Odisha_Coastal,2018,Kharif,Wheat,25.32,36.22,1778.84,95.0,11.3,6.19,0.284,198.6,31.0,173.5,4215.41
AGR_Eas_2022_01069,East_Zone,WB_Gangetic,2022,Zaid,Rice,26.06,34.35,219.42,69.74,14.77,6.41,0.795,203.2,9.9,259.8,4913.21
AGR_Eas_2021_01070,East_Zone,Odisha_Coastal,2021,Rabi,Cotton,,32.3,365.66,60.05,11.22,5.97,0.604,156.3,37.9,218.4,2798.91
AGR_Eas_2018_01071,East_Zone,Assam_Valley,2018,Zaid,Rice,23.03,33.16,166.06,38.58,11.51,6.81,0.507,181.5,18.8,245.1,4386.65
AGR_Eas_2019_01072,East_Zone,Bihar_Plains,2019,Rabi,Rice,18.82,26.74,306.23,56.33,15.6,6.46,0.606,143.1,17.8,176.2,4388.73
AGR_Eas_2019_01073,East_Zone,Odisha_Coastal,2019,Kharif,Soybean,22.88,33.0,951.05,64.08,10.63,6.16,0.288,144.2,20.7,343.9,2892.31
AGR_Eas_2022_01074,East_Zone,WB_Gangetic,2022,Rabi,Rice,15.81,23.04,292.67,70.25,10.76,7.01,0.707,105.0,20.3,217.6,4220.18
AGR_Eas_2023_01075,East_Zone,Assam_Valley,2023,Kharif,Pulses,22.85,30.38,1832.05,95.0,10.59,7.12,0.411,182.4,24.4,231.6,1843.46
AGR_Eas_2019_01076,East_Zone,WB_Gangetic,2019,Kharif,Cotton,21.32,33.42,965.54,89.21,10.82,7.15,0.558,119.7,29.0,182.0,2720.39
AGR_Eas_2020_01077,East_Zone,Odisha_Coastal,2020,Rabi,Maize,23.07,30.49,154.17,30.0,15.59,6.84,0.796,193.1,25.3,178.5,3457.46
AGR_Eas_2022_01078,East_Zone,WB_Gangetic,2022,Kharif,Rice,23.2,32.19,1594.61,95.0,10.0,6.76,0.386,218.3,20.2,256.6,4806.93
AGR_Eas_2019_01079,East_Zone,Odisha_Coastal,2019,Kharif,Maize,21.09,32.88,865.24,82.82,10.54,7.6,0.762,219.2,24.3,155.5,4330.69
AGR_Eas_2019_01080,East_Zone,WB_Gangetic,2019,Rabi,Soybean,17.45,31.25,228.66,58.07,10.27,6.42,0.639,176.2,19.5,133.9,2560.67
AGR_Eas_2019_01081,East_Zone,WB_Gangetic,2019,Rabi,Rice,20.02,,309.3,58.06,12.68,6.5,0.511,167.6,23.0,224.0,4677.78
AGR_Eas_2021_01082,East_Zone,Assam_Valley,2021,Rabi,Cotton,16.72,27.85,204.96,,16.03,7.1,0.815,212.8,25.8,158.6,2610.43
AGR_Eas_2022_01083,East_Zone,Assam_Valley,2022,Rabi,Soybean,16.78,28.64,387.69,,10.0,6.68,0.513,177.0,15.5,202.0,2796.13
AGR_Eas_2018_01084,East_Zone,Odisha_Coastal,2018,Rabi,Pulses,17.07,24.59,,61.61,12.96,7.45,0.66,184.2,25.6,182.3,1752.06
AGR_Eas_2021_01085,East_Zone,Odisha_Coastal,2021,Zaid,Cotton,24.41,36.38,119.49,62.82,16.07,6.97,0.279,180.9,20.7,320.9,2041.29
AGR_Eas_2020_01086,East_Zone,Assam_Valley,2020,Rabi,Maize,21.38,34.5,462.89,54.9,11.55,7.14,0.515,90.0,21.5,192.7,3957.05
AGR_Eas_2020_01087,East_Zone,Bihar_Plains,2020,Kharif,Cotton,24.12,37.41,1216.38,87.75,13.19,7.6,0.733,217.9,23.2,171.9,3214.92
AGR_Eas_2022_01088,East_Zone,Bihar_Plains,2022,Kharif,Pulses,23.87,35.26,922.81,81.07,10.0,6.99,0.669,241.5,27.4,146.5,2254.56
AGR_Eas_2019_01089,East_Zone,Odisha_Coastal,2019,Kharif,Maize,22.64,29.95,2009.24,,10.0,6.37,0.611,160.2,23.8,256.8,3187.55
AGR_Eas_2023_01090,East_Zone,Assam_Valley,2023,Kharif,Wheat,23.36,32.74,1882.21,95.0,10.0,6.3,0.479,157.5,19.1,227.9,4009.04
AGR_Eas_2021_01091,East_Zone,WB_Gangetic,2021,Zaid,Soybean,23.45,36.73,113.68,44.13,11.77,6.92,0.617,202.0,22.8,160.8,2639.45
AGR_Eas_2023_01092,East_Zone,Assam_Valley,2023,Rabi,Soybean,19.65,29.41,193.23,,12.37,8.29,0.808,215.9,26.0,256.8,2431.73
AGR_Eas_2021_01093,East_Zone,Odisha_Coastal,2021,Kharif,Soybean,24.28,38.1,1717.62,95.0,10.0,5.83,0.884,169.4,30.5,229.1,3021.39
AGR_Eas_2022_01094,East_Zone,WB_Gangetic,2022,Rabi,Wheat,18.43,32.32,271.15,54.2,14.71,5.88,0.355,135.8,29.9,178.9,3592.74
AGR_Eas_2022_01095,East_Zone,WB_Gangetic,2022,Kharif,Wheat,23.34,31.19,2168.77,95.0,10.0,6.31,0.544,164.3,18.3,242.7,3718.22
AGR_Eas_2021_01096,East_Zone,Bihar_Plains,2021,Rabi,Rice,18.82,26.76,,59.73,12.31,5.82,0.702,236.9,22.4,242.9,5276.32
AGR_Eas_2022_01097,East_Zone,WB_Gangetic,2022,Rabi,Maize,,31.65,248.83,72.57,10.0,6.11,0.338,130.9,25.3,289.6,3171.23
AGR_Eas_2020_01098,East_Zone,Odisha_Coastal,2020,Rabi,Pulses,20.96,31.85,283.67,58.54,10.0,6.61,0.678,172.3,16.2,236.9,2061.18
AGR_Eas_2023_01099,East_Zone,Assam_Valley,2023,Zaid,Soybean,24.59,33.53,76.48,34.16,13.68,7.46,0.704,178.1,20.4,111.1,2294.08
AGR_Eas_2018_01100,East_Zone,Odisha_Coastal,2018,Kharif,Maize,22.1,31.13,2273.96,95.0,11.39,7.59,0.598,189.2,25.8,251.4,3242.69
AGR_Eas_2018_01101,East_Zone,Bihar_Plains,2018,Rabi,Maize,18.74,32.29,364.2,72.83,11.6,6.8,0.256,126.7,39.8,212.6,3516.76
AGR_Eas_2022_01102,East_Zone,Assam_Valley,2022,Rabi,Rice,16.64,29.86,325.48,55.92,10.11,6.26,0.734,233.7,26.6,123.5,5247.09
AGR_Eas_2018_01103,East_Zone,Assam_Valley,2018,Kharif,Pulses,21.55,35.02,,88.19,10.0,5.77,0.288,195.4,24.0,228.1,2081.22
AGR_Eas_2023_01104,East_Zone,Odisha_Coastal,2023,Kharif,Rice,25.15,37.26,1051.53,95.0,10.0,7.37,0.718,182.2,24.3,238.0,5300.02
AGR_Eas_2020_01105,East_Zone,Bihar_Plains,2020,Kharif,Maize,21.7,31.65,1062.15,95.0,11.47,7.36,0.611,143.7,18.6,233.2,3886.27
AGR_Eas_2022_01106,East_Zone,Odisha_Coastal,2022,Rabi,Rice,15.72,27.96,180.14,66.64,12.82,6.33,0.616,127.3,25.5,165.6,3943.14
AGR_Eas_2022_01107,East_Zone,Assam_Valley,2022,Rabi,Cotton,18.32,27.04,310.71,66.25,13.91,7.15,0.518,138.4,24.6,196.4,2093.92
AGR_Eas_2022_01108,East_Zone,Bihar_Plains,2022,Rabi,Maize,18.79,30.93,355.73,53.15,11.39,7.43,0.574,137.9,16.6,248.6,3765.13
AGR_Eas_2018_01109,East_Zone,WB_Gangetic,2018,Rabi,Maize,18.96,28.61,287.49,65.71,10.0,6.95,0.643,180.9,23.3,231.3,3525.19
AGR_Eas_2021_01110,East_Zone,WB_Gangetic,2021,Kharif,Maize,22.33,36.06,1500.6,95.0,10.0,6.29,0.861,182.1,36.8,231.8,4381.75
AGR_Eas_2020_01111,East_Zone,WB_Gangetic,2020,Rabi,Cotton,18.74,28.22,155.16,48.67,12.56,6.5,0.749,220.7,12.2,218.1,2413.25
AGR_Eas_2021_01112,East_Zone,Bihar_Plains,2021,Kharif,Soybean,23.32,30.58,1527.11,95.0,10.0,6.53,0.351,199.4,12.6,165.7,3161.59
AGR_Eas_2019_01113,East_Zone,Bihar_Plains,2019,Rabi,Wheat,21.53,32.04,299.01,39.52,14.64,6.34,0.809,191.2,24.8,329.5,4491.56
AGR_Eas_2020_01114,East_Zone,WB_Gangetic,2020,Rabi,Cotton,19.23,29.69,285.59,60.94,11.67,6.29,0.936,123.6,18.1,196.7,2363.63
AGR_Eas_2019_01115,East_Zone,WB_Gangetic,2019,Kharif,Pulses,21.92,30.64,1197.56,92.46,10.51,7.37,0.316,169.1,28.6,183.8,1961.94
AGR_Eas_2018_01116,East_Zone,WB_Gangetic,2018,Kharif,Soybean,22.83,33.12,1315.02,,12.56,6.28,0.743,104.0,19.6,229.2,3046.73
AGR_Eas_2023_01117,East_Zone,Bihar_Plains,2023,Kharif,Rice,22.84,31.88,989.53,95.0,10.0,5.81,0.781,159.1,12.7,200.8,5067.74
AGR_Eas_2018_01118,East_Zone,Odisha_Coastal,2018,Kharif,Rice,22.7,33.77,,95.0,10.0,7.2,0.583,207.2,18.9,200.9,5198.99
AGR_Eas_2023_01119,East_Zone,WB_Gangetic,2023,Kharif,Wheat,24.54,36.2,1702.29,95.0,10.0,6.91,0.461,162.2,9.6,255.9,4053.2
AGR_Eas_2018_01120,East_Zone,WB_Gangetic,2018,Kharif,Cotton,22.66,34.63,1671.3,95.0,10.0,6.47,0.823,280.0,28.6,224.5,3242.43
AGR_Eas_2018_01121,East_Zone,Odisha_Coastal,2018,Kharif,Pulses,24.77,32.93,2029.42,95.0,10.0,8.05,0.455,140.1,29.0,197.0,1300.2
AGR_Eas_2022_01122,East_Zone,Bihar_Plains,2022,Kharif,Pulses,26.48,34.75,1198.45,,10.0,7.51,0.513,234.1,22.1,227.5,2149.58
AGR_Eas_2021_01123,East_Zone,Bihar_Plains,2021,Rabi,Rice,16.73,26.26,305.98,54.88,10.0,6.22,0.741,217.1,22.2,142.2,4867.76
AGR_Eas_2020_01124,East_Zone,Bihar_Plains,2020,Kharif,Pulses,23.44,37.4,899.28,95.0,10.46,6.73,0.529,168.6,10.7,162.4,2196.09
AGR_Eas_2022_01125,East_Zone,Bihar_Plains,2022,Kharif,Wheat,22.65,33.13,541.91,54.29,15.51,6.49,0.352,204.5,11.0,252.5,4675.52
AGR_Eas_2018_01126,East_Zone,Odisha_Coastal,2018,Kharif,Cotton,22.65,33.18,1097.49,,10.0,7.84,0.722,206.7,20.8,257.4,3349.02
AGR_Eas_2022_01127,East_Zone,Bihar_Plains,2022,Rabi,Soybean,19.76,29.15,204.79,62.4,11.54,5.99,0.77,195.5,21.1,118.6,2456.54
AGR_Eas_2021_01128,East_Zone,WB_Gangetic,2021,Zaid,Soybean,25.0,35.39,75.13,55.45,10.0,7.65,0.607,220.5,39.1,181.5,2490.55
AGR_Eas_2018_01129,East_Zone,Bihar_Plains,2018,Rabi,Wheat,19.87,28.94,101.69,47.22,12.96,6.04,0.525,163.0,22.7,214.9,3396.9
AGR_Eas_2023_01130,East_Zone,WB_Gangetic,2023,Kharif,Pulses,22.98,35.29,1636.26,95.0,10.0,7.48,0.587,181.8,15.6,178.2,2093.99
AGR_Eas_2018_01131,East_Zone,WB_Gangetic,2018,Rabi,Wheat,18.96,30.37,112.22,55.63,12.22,7.59,0.468,221.1,30.3,256.4,3813.99
AGR_Eas_2023_01132,East_Zone,Odisha_Coastal,2023,Kharif,Maize,23.51,33.51,1288.35,90.96,11.52,7.98,0.78,280.0,30.6,110.0,4840.91
AGR_Eas_2021_01133,East_Zone,WB_Gangetic,2021,Kharif,Cotton,24.15,32.86,663.16,77.84,10.0,7.91,0.555,202.4,12.8,158.2,3216.4
AGR_Eas_2023_01134,East_Zone,WB_Gangetic,2023,Rabi,Maize,17.82,28.94,422.1,68.32,13.18,7.04,0.485,158.9,17.1,148.2,3522.46
AGR_Eas_2021_01135,East_Zone,Odisha_Coastal,2021,Kharif,Soybean,22.59,29.89,1734.46,95.0,10.0,5.9,0.58,174.1,18.2,207.1,3028.94
AGR_Eas_2019_01136,East_Zone,WB_Gangetic,2019,Rabi,Rice,18.49,26.65,183.43,49.66,14.56,6.94,0.734,192.9,18.1,188.2,4438.18
AGR_Eas_2018_01137,East_Zone,Odisha_Coastal,2018,Rabi,Rice,18.93,28.95,283.35,39.21,14.35,6.44,0.637,198.2,28.9,226.6,4853.3
AGR_Eas_2023_01138,East_Zone,Bihar_Plains,2023,Kharif,Maize,22.24,29.79,517.69,80.24,10.44,6.61,0.499,174.0,21.6,162.3,3935.77
AGR_Eas_2020_01139,East_Zone,WB_Gangetic,2020,Kharif,Wheat,23.24,33.86,1416.6,90.14,10.76,6.16,0.317,186.7,21.6,195.3,4371.3
AGR_Eas_2019_01140,East_Zone,Odisha_Coastal,2019,Rabi,Soybean,16.95,,358.82,48.38,16.77,5.93,0.485,167.3,14.8,179.6,2673.26
AGR_Eas_2020_01141,East_Zone,Assam_Valley,2020,Kharif,Cotton,22.36,34.51,,95.0,10.0,7.3,0.438,172.8,30.8,166.4,2736.08
AGR_Eas_2019_01142,East_Zone,Odisha_Coastal,2019,Rabi,Cotton,20.77,32.98,190.01,57.32,16.8,6.15,0.485,132.6,24.9,262.6,1903.14
AGR_Eas_2018_01143,East_Zone,Bihar_Plains,2018,Kharif,Wheat,24.99,35.89,1083.48,63.5,10.0,6.79,0.688,168.9,25.2,265.3,4752.76
AGR_Eas_2021_01144,East_Zone,Assam_Valley,2021,Kharif,Maize,21.98,,1479.14,95.0,10.0,6.86,0.628,160.0,19.6,296.0,4204.13
AGR_Eas_2018_01145,East_Zone,WB_Gangetic,2018,Kharif,Soybean,21.44,34.86,1933.71,95.0,10.12,6.73,0.84,163.8,29.8,248.2,2670.84
AGR_Eas_2022_01146,East_Zone,Bihar_Plains,2022,Rabi,Maize,19.65,30.32,356.68,,10.0,7.09,0.318,226.6,28.8,177.6,3875.72
AGR_Eas_2022_01147,East_Zone,Odisha_Coastal,2022,Kharif,Soybean,24.93,34.63,1479.14,95.0,10.0,6.33,0.4,177.1,12.2,178.1,3046.56
AGR_Eas_2022_01148,East_Zone,WB_Gangetic,2022,Kharif,Pulses,21.13,28.47,1552.52,95.0,10.0,6.11,0.319,196.4,9.5,225.3,1960.76
AGR_Eas_2023_01149,East_Zone,WB_Gangetic,2023,Zaid,Maize,25.1,,58.4,53.59,11.03,6.59,1.138,127.6,27.9,217.4,3573.87
AGR_Eas_2020_01150,East_Zone,Odisha_Coastal,2020,Kharif,Soybean,24.01,35.93,1474.32,95.0,11.6,5.79,0.707,207.5,29.5,142.9,3391.15
AGR_Eas_2022_01151,East_Zone,Bihar_Plains,2022,Kharif,Maize,23.66,34.43,1714.51,95.0,10.0,6.35,0.442,218.9,21.2,235.3,3998.45
AGR_Eas_2020_01152,East_Zone,Assam_Valley,2020,Kharif,Pulses,20.06,32.68,1848.27,95.0,10.0,7.35,0.567,192.2,19.2,303.2,2064.03
AGR_Eas_2019_01153,East_Zone,Assam_Valley,2019,Rabi,Pulses,19.48,28.29,347.06,46.31,15.03,5.84,0.2,235.5,23.8,224.5,2152.83
AGR_Eas_2022_01154,East_Zone,WB_Gangetic,2022,Kharif,Soybean,22.62,34.11,1478.98,83.82,10.0,6.56,0.887,264.6,17.0,215.6,3822.99
AGR_Eas_2021_01155,East_Zone,Odisha_Coastal,2021,Kharif,Cotton,22.02,33.59,1010.15,95.0,10.12,6.22,0.641,108.8,15.8,216.1,2768.84
AGR_Eas_2023_01156,East_Zone,Assam_Valley,2023,Kharif,Maize,22.04,29.35,1476.92,95.0,10.0,6.03,0.646,163.0,19.2,203.4,4247.23
AGR_Eas_2020_01157,East_Zone,WB_Gangetic,2020,Kharif,Soybean,21.05,34.27,,94.62,10.0,7.28,0.829,176.6,27.2,208.0,3422.11
AGR_Eas_2019_01158,East_Zone,WB_Gangetic,2019,Rabi,Wheat,18.46,29.45,268.84,67.49,12.13,6.79,0.578,205.0,29.6,156.3,4189.7
AGR_Eas_2022_01159,East_Zone,WB_Gangetic,2022,Rabi,Soybean,20.25,28.4,195.51,54.49,12.65,7.59,0.828,215.3,16.3,191.9,2607.69
AGR_Eas_2020_01160,East_Zone,WB_Gangetic,2020,Rabi,Pulses,,27.98,153.33,45.68,13.53,6.67,0.672,229.6,29.7,283.6,1552.48
AGR_Eas_2019_01161,East_Zone,Assam_Valley,2019,Kharif,Cotton,,31.01,,,11.79,6.07,0.664,166.5,20.9,255.6,2706.06
AGR_Eas_2021_01162,East_Zone,Odisha_Coastal,2021,Rabi,Wheat,21.69,,290.11,69.53,11.37,7.1,0.79,167.0,20.5,169.5,4492.72
AGR_Eas_2021_01163,East_Zone,Odisha_Coastal,2021,Kharif,Wheat,22.27,31.78,1040.76,78.08,10.0,7.49,0.549,170.4,29.0,211.6,4460.1
AGR_Eas_2023_01164,East_Zone,Bihar_Plains,2023,Kharif,Cotton,25.28,35.38,1324.86,88.11,10.0,5.98,0.483,270.2,19.8,178.2,3338.39
AGR_Eas_2023_01165,East_Zone,WB_Gangetic,2023,Rabi,Soybean,,26.12,,41.87,16.46,6.94,0.549,183.6,29.4,211.8,2074.52
AGR_Eas_2020_01166,East_Zone,Assam_Valley,2020,Kharif,Rice,23.9,36.18,1791.51,95.0,10.0,6.63,0.866,206.5,24.3,263.9,5107.97
AGR_Eas_2020_01167,East_Zone,Bihar_Plains,2020,Kharif,Rice,19.24,,1388.11,92.62,10.0,6.7,0.635,155.7,25.2,239.4,4779.94
AGR_Eas_2023_01168,East_Zone,Odisha_Coastal,2023,Kharif,Pulses,22.69,,1744.62,90.97,10.0,8.14,0.635,263.3,11.1,201.5,1940.77
AGR_Eas_2019_01169,East_Zone,Odisha_Coastal,2019,Kharif,Maize,22.37,32.47,828.92,82.5,10.22,6.92,0.597,195.0,18.1,172.3,4533.63
AGR_Eas_2022_01170,East_Zone,WB_Gangetic,2022,Rabi,Soybean,18.71,31.34,147.58,61.73,11.17,7.27,0.601,174.2,22.9,180.9,2595.49
AGR_Eas_2023_01171,East_Zone,Assam_Valley,2023,Rabi,Pulses,18.68,30.62,148.12,44.88,15.07,6.54,0.588,157.6,21.3,212.8,1391.94
AGR_Eas_2022_01172,East_Zone,Odisha_Coastal,2022,Rabi,Cotton,,25.6,153.84,41.33,11.32,6.93,0.693,180.4,20.0,215.8,2173.35
AGR_Eas_2023_01173,East_Zone,Bihar_Plains,2023,Kharif,Cotton,22.65,33.9,2105.77,,10.0,8.37,0.568,172.9,29.5,171.5,2070.16
AGR_Eas_2022_01174,East_Zone,WB_Gangetic,2022,Rabi,Soybean,19.5,32.92,273.84,57.91,11.34,5.88,0.482,118.8,9.4,217.5,2565.02
AGR_Eas_2022_01175,East_Zone,Bihar_Plains,2022,Rabi,Wheat,18.35,32.28,301.84,70.57,10.4,6.35,0.75,163.0,26.5,151.8,4537.61
AGR_Eas_2023_01176,East_Zone,Bihar_Plains,2023,Rabi,Pulses,15.51,26.55,305.89,75.79,10.0,7.02,0.787,187.9,16.0,243.5,1782.51
AGR_Eas_2022_01177,East_Zone,Odisha_Coastal,2022,Rabi,Soybean,19.3,30.07,349.97,76.36,11.47,6.82,0.558,167.3,27.9,199.3,2843.97
AGR_Eas_2022_01178,East_Zone,Assam_Valley,2022,Kharif,Cotton,22.89,33.51,1160.63,88.14,10.0,7.01,0.661,189.0,22.8,206.8,3075.46
AGR_Eas_2022_01179,East_Zone,Odisha_Coastal,2022,Kharif,Maize,24.07,33.55,1854.24,95.0,10.0,6.02,0.409,164.2,30.7,237.1,3634.63
AGR_Eas_2019_01180,East_Zone,Assam_Valley,2019,Rabi,Cotton,16.97,25.18,202.67,65.57,12.59,6.96,0.685,237.4,21.7,210.1,2586.55
AGR_Eas_2019_01181,East_Zone,Bihar_Plains,2019,Kharif,Soybean,,38.73,1627.69,95.0,11.67,6.63,0.778,183.7,21.1,193.5,2977.13
AGR_Eas_2018_01182,East_Zone,Bihar_Plains,2018,Zaid,Rice,26.0,33.84,120.27,63.57,11.64,6.92,0.611,201.4,8.0,273.8,4457.9
AGR_Eas_2020_01183,East_Zone,WB_Gangetic,2020,Rabi,Maize,19.59,28.37,298.0,64.04,10.0,7.89,0.579,231.6,27.2,239.4,3950.35
AGR_Eas_2018_01184,East_Zone,Bihar_Plains,2018,Rabi,Wheat,18.15,30.35,312.73,,11.33,6.2,0.707,189.2,29.4,309.7,4352.83
AGR_Eas_2019_01185,East_Zone,Odisha_Coastal,2019,Rabi,Wheat,16.25,27.7,397.26,52.26,10.0,7.39,0.76,204.3,27.5,201.7,4490.73
AGR_Eas_2020_01186,East_Zone,Assam_Valley,2020,Rabi,Soybean,18.3,28.52,323.64,65.27,11.55,6.8,0.679,178.4,19.3,156.9,2854.16
AGR_Eas_2021_01187,East_Zone,Odisha_Coastal,2021,Rabi,Cotton,,,226.35,68.33,10.0,6.59,0.572,172.1,29.0,202.7,2400.75
AGR_Eas_2023_01188,East_Zone,Bihar_Plains,2023,Rabi,Maize,19.05,31.91,255.15,59.1,11.37,6.75,0.613,152.8,20.4,209.7,3484.06
AGR_Eas_2021_01189,East_Zone,WB_Gangetic,2021,Rabi,Rice,21.72,31.31,,51.77,13.73,7.14,0.566,170.2,23.4,209.0,4627.08
AGR_Eas_2020_01190,East_Zone,WB_Gangetic,2020,Zaid,Maize,,,149.75,56.8,11.43,6.3,0.815,174.0,16.5,233.5,3423.86
AGR_Eas_2023_01191,East_Zone,WB_Gangetic,2023,Rabi,Soybean,18.55,30.09,325.99,50.83,13.22,7.0,0.855,221.8,35.9,175.4,3103.25
AGR_Eas_2018_01192,East_Zone,Assam_Valley,2018,Rabi,Soybean,19.25,27.23,307.11,70.75,10.33,6.95,0.2,173.7,20.1,175.1,2640.67
AGR_Eas_2018_01193,East_Zone,Odisha_Coastal,2018,Kharif,Rice,20.05,30.11,1682.63,95.0,10.0,6.49,0.461,145.9,28.8,183.3,4457.1
AGR_Eas_2023_01194,East_Zone,WB_Gangetic,2023,Kharif,Maize,24.48,38.26,1606.22,95.0,10.0,7.24,0.61,207.2,28.5,133.3,3969.71
AGR_Eas_2021_01195,East_Zone,WB_Gangetic,2021,Zaid,Rice,24.7,34.74,154.61,52.54,14.91,6.49,0.559,151.9,27.4,209.2,4111.5
AGR_Eas_2018_01196,East_Zone,Assam_Valley,2018,Kharif,Rice,22.79,34.36,1596.85,95.0,10.0,7.43,0.649,150.4,26.9,132.2,4846.15
AGR_Eas_2018_01197,East_Zone,Assam_Valley,2018,Kharif,Rice,21.44,31.6,1550.62,95.0,10.0,7.04,0.74,174.0,32.2,193.9,4984.21
AGR_Eas_2020_01198,East_Zone,Odisha_Coastal,2020,Rabi,Maize,18.78,29.25,269.44,50.82,15.84,6.7,0.506,159.7,23.7,304.9,3648.95
AGR_Eas_2023_01199,East_Zone,Bihar_Plains,2023,Rabi,Maize,21.77,30.85,,58.58,14.49,6.77,0.965,177.7,25.0,294.1,3888.74
AGR_Eas_2023_01200,East_Zone,Odisha_Coastal,2023,Rabi,Maize,16.26,30.26,289.59,46.76,12.17,6.66,0.875,190.4,19.7,276.4,3930.48
AGR_Eas_2023_01201,East_Zone,Assam_Valley,2023,Zaid,Soybean,23.35,35.04,151.17,35.54,13.45,7.19,0.364,219.9,20.1,202.8,2562.52
AGR_Eas_2020_01202,East_Zone,WB_Gangetic,2020,Rabi,Pulses,17.68,26.18,270.93,57.46,10.85,6.05,0.993,144.9,19.2,221.4,1428.93
AGR_Eas_2023_01203,East_Zone,Assam_Valley,2023,Rabi,Cotton,18.97,27.57,295.66,69.42,11.01,7.4,0.875,151.0,24.8,155.8,2491.7
AGR_Eas_2023_01204,East_Zone,Assam_Valley,2023,Rabi,Wheat,18.31,27.36,186.25,,10.0,6.96,0.894,179.4,30.1,149.0,4048.27
AGR_Eas_2021_01205,East_Zone,Odisha_Coastal,2021,Rabi,Cotton,18.73,27.1,120.78,53.62,12.38,6.23,0.299,230.0,22.1,195.9,2023.18
AGR_Eas_2018_01206,East_Zone,WB_Gangetic,2018,Kharif,Wheat,21.85,34.65,1954.76,93.53,10.0,6.58,0.658,166.8,22.4,239.2,4307.33
AGR_Eas_2021_01207,East_Zone,Bihar_Plains,2021,Zaid,Wheat,26.1,39.74,141.52,49.51,10.0,5.65,0.656,140.1,27.1,258.3,3817.49
AGR_Eas_2022_01208,East_Zone,Odisha_Coastal,2022,Rabi,Rice,21.32,34.09,,46.69,13.21,7.02,0.652,171.7,28.0,230.8,5022.89
AGR_Eas_2018_01209,East_Zone,Assam_Valley,2018,Rabi,Cotton,18.54,28.01,209.96,67.39,11.96,6.83,0.434,190.6,31.2,164.2,2056.69
AGR_Eas_2018_01210,East_Zone,WB_Gangetic,2018,Kharif,Cotton,23.3,36.27,,95.0,10.45,7.08,0.49,166.5,29.2,265.9,2111.62
AGR_Eas_2020_01211,East_Zone,WB_Gangetic,2020,Zaid,Maize,25.89,35.64,143.23,48.87,12.79,7.92,0.923,147.7,24.2,197.0,3735.26
AGR_Eas_2020_01212,East_Zone,Assam_Valley,2020,Rabi,Soybean,19.33,29.91,,58.09,10.0,6.33,0.612,193.7,23.1,189.9,3176.78
AGR_Eas_2023_01213,East_Zone,Bihar_Plains,2023,Kharif,Maize,23.88,31.99,1538.12,95.0,10.0,6.62,0.68,152.9,24.9,220.4,4025.98
AGR_Eas_2020_01214,East_Zone,Assam_Valley,2020,Rabi,Maize,20.77,28.31,322.1,70.5,12.39,6.61,0.599,136.1,26.3,314.0,3640.56
AGR_Eas_2021_01215,East_Zone,Assam_Valley,2021,Rabi,Soybean,19.04,,328.39,56.46,13.57,6.22,0.486,164.2,18.7,170.6,2934.01
AGR_Eas_2020_01216,East_Zone,Bihar_Plains,2020,Kharif,Rice,22.26,32.97,1432.5,95.0,10.91,6.47,0.36,101.4,14.3,188.3,4563.8
AGR_Eas_2019_01217,East_Zone,Odisha_Coastal,2019,Kharif,Maize,22.92,34.13,1747.02,95.0,10.0,7.07,0.618,201.5,13.1,252.1,4044.5
AGR_Eas_2019_01218,East_Zone,Assam_Valley,2019,Rabi,Wheat,17.33,26.73,236.48,73.78,10.0,6.67,0.665,166.6,18.7,195.2,4035.32
AGR_Eas_2019_01219,East_Zone,WB_Gangetic,2019,Rabi,Cotton,19.19,,318.25,48.58,12.42,7.05,0.652,143.1,27.8,250.8,2465.59
AGR_Eas_2019_01220,East_Zone,Odisha_Coastal,2019,Rabi,Wheat,16.66,27.14,185.5,67.66,10.0,6.79,0.658,204.2,28.8,283.8,4054.31
AGR_Eas_2018_01221,East_Zone,WB_Gangetic,2018,Zaid,Pulses,24.88,,150.31,,11.04,6.94,0.424,90.0,16.3,304.6,1705.04
AGR_Eas_2022_01222,East_Zone,WB_Gangetic,2022,Rabi,Rice,20.0,27.54,277.73,,16.17,7.01,0.751,237.0,14.6,288.3,5044.2
AGR_Eas_2019_01223,East_Zone,Assam_Valley,2019,Zaid,Soybean,24.19,32.97,129.19,48.17,16.15,6.43,0.347,135.7,18.2,214.8,2255.03
AGR_Eas_2021_01224,East_Zone,WB_Gangetic,2021,Zaid,Pulses,25.59,35.53,169.44,55.55,11.24,7.07,0.2,189.7,32.3,264.8,1816.42
AGR_Eas_2018_01225,East_Zone,Assam_Valley,2018,Rabi,Cotton,19.59,30.8,251.2,40.18,13.76,6.53,0.561,229.8,36.5,280.9,2614.78
AGR_Eas_2021_01226,East_Zone,Assam_Valley,2021,Kharif,Soybean,26.4,37.55,2230.21,95.0,10.0,7.07,0.583,214.3,27.3,250.0,2235.76
AGR_Eas_2022_01227,East_Zone,Assam_Valley,2022,Kharif,Soybean,19.96,30.25,1583.8,91.79,10.0,6.54,0.412,150.6,15.7,178.8,2732.19
AGR_Eas_2019_01228,East_Zone,Bihar_Plains,2019,Rabi,Cotton,17.88,30.69,306.78,,15.18,5.95,0.2,177.6,28.9,157.4,2248.0
AGR_Eas_2022_01229,East_Zone,WB_Gangetic,2022,Kharif,Maize,22.8,34.14,1311.11,95.0,10.0,5.91,0.848,229.7,20.0,198.6,4938.63
AGR_Eas_2019_01230,East_Zone,Odisha_Coastal,2019,Rabi,Wheat,18.58,,268.82,53.07,11.39,7.02,0.469,119.5,22.8,227.2,3906.74
AGR_Eas_2022_01231,East_Zone,Assam_Valley,2022,Kharif,Maize,23.21,32.61,619.89,76.85,10.0,7.23,0.655,184.2,23.1,243.3,4311.42
AGR_Eas_2023_01232,East_Zone,Assam_Valley,2023,Kharif,Rice,25.67,34.47,,76.5,10.96,7.01,0.431,220.5,23.4,241.7,5063.03
AGR_Eas_2022_01233,East_Zone,Bihar_Plains,2022,Kharif,Wheat,23.16,34.09,944.36,74.03,10.9,6.86,0.616,203.3,27.2,227.1,4711.67
AGR_Eas_2023_01234,East_Zone,Bihar_Plains,2023,Rabi,Soybean,19.9,28.89,210.95,59.53,15.92,6.99,0.383,178.8,16.2,146.0,2233.86
AGR_Eas_2022_01235,East_Zone,Assam_Valley,2022,Rabi,Wheat,20.3,29.82,126.13,65.06,11.57,6.98,0.64,164.2,30.3,286.8,3936.91
AGR_Eas_2021_01236,East_Zone,Bihar_Plains,2021,Zaid,Wheat,20.64,32.59,210.46,55.54,10.0,6.95,0.778,216.1,27.2,202.8,4352.91
AGR_Eas_2019_01237,East_Zone,Assam_Valley,2019,Rabi,Maize,,30.79,,63.21,10.21,6.59,0.736,157.9,20.3,223.3,4022.51
AGR_Eas_2018_01238,East_Zone,Odisha_Coastal,2018,Rabi,Soybean,18.74,25.89,285.85,78.61,10.44,7.05,0.361,218.3,20.8,110.0,2664.64
AGR_Eas_2022_01239,East_Zone,WB_Gangetic,2022,Rabi,Soybean,18.81,29.6,434.21,42.01,12.95,5.76,0.584,159.8,16.0,281.6,2833.53
AGR_Eas_2020_01240,East_Zone,Assam_Valley,2020,Kharif,Cotton,23.51,33.71,2000.21,95.0,10.01,7.23,0.78,172.5,21.6,157.8,2484.26
AGR_Eas_2018_01241,East_Zone,Odisha_Coastal,2018,Zaid,Soybean,28.61,41.51,,46.12,17.8,6.67,0.883,202.4,12.2,110.0,2953.6
AGR_Eas_2020_01242,East_Zone,Bihar_Plains,2020,Kharif,Cotton,22.98,33.29,1446.86,95.0,10.0,6.78,0.668,193.7,26.3,163.8,2898.73
AGR_Eas_2021_01243,East_Zone,WB_Gangetic,2021,Zaid,Maize,24.55,33.6,174.73,52.29,14.98,6.98,0.724,191.1,30.2,230.6,3928.91
AGR_Eas_2022_01244,East_Zone,Bihar_Plains,2022,Kharif,Cotton,23.25,,1884.78,95.0,10.0,7.43,0.597,173.4,20.5,203.5,2374.42
AGR_Eas_2019_01245,East_Zone,Assam_Valley,2019,Rabi,Wheat,18.0,27.39,294.26,53.33,12.81,7.22,0.669,247.1,25.0,185.2,4569.39
AGR_Eas_2023_01246,East_Zone,Assam_Valley,2023,Zaid,Cotton,25.03,36.74,166.74,46.55,14.31,6.2,0.719,209.6,19.8,231.8,2685.15
AGR_Eas_2022_01247,East_Zone,WB_Gangetic,2022,Kharif,Soybean,20.1,28.0,1563.03,95.0,11.68,7.63,0.518,175.5,13.9,285.1,2676.65
AGR_Eas_2018_01248,East_Zone,Odisha_Coastal,2018,Rabi,Cotton,20.06,28.86,324.48,56.19,15.13,6.77,0.702,190.4,26.3,214.9,2823.14
AGR_Eas_2018_01249,East_Zone,WB_Gangetic,2018,Rabi,Rice,20.91,31.34,178.65,53.46,10.0,6.29,0.361,186.0,29.8,130.3,4154.58
AGR_Eas_2018_01250,East_Zone,WB_Gangetic,2018,Kharif,Wheat,23.58,31.59,1622.38,95.0,10.0,5.69,0.429,229.0,8.0,260.0,4521.43
AGR_Eas_2021_01251,East_Zone,WB_Gangetic,2021,Zaid,Maize,26.52,35.3,145.03,72.04,11.79,6.19,0.286,153.8,22.0,128.4,3457.25
AGR_Eas_2018_01252,East_Zone,Bihar_Plains,2018,Rabi,Wheat,18.18,31.25,243.95,74.74,10.0,7.85,0.847,173.5,25.0,189.3,4047.0
AGR_Eas_2023_01253,East_Zone,Odisha_Coastal,2023,Rabi,Pulses,19.7,32.71,126.79,,11.81,5.91,0.47,230.6,22.2,183.3,1561.21
AGR_Eas_2020_01254,East_Zone,Assam_Valley,2020,Kharif,Wheat,24.64,31.99,1312.87,95.0,10.0,6.9,0.8,185.2,18.4,194.9,5026.67
AGR_Eas_2021_01255,East_Zone,Odisha_Coastal,2021,Kharif,Pulses,24.65,35.92,1055.72,84.17,13.58,6.56,0.772,150.6,20.8,210.4,2062.53
AGR_Eas_2021_01256,East_Zone,WB_Gangetic,2021,Kharif,Soybean,24.45,36.41,1440.33,91.85,10.3,7.09,0.2,226.5,17.8,255.3,2910.37
AGR_Eas_2021_01257,East_Zone,Odisha_Coastal,2021,Kharif,Wheat,20.92,28.93,739.58,95.0,10.0,6.85,0.428,128.6,18.9,277.9,3870.39
AGR_Eas_2020_01258,East_Zone,Assam_Valley,2020,Kharif,Soybean,20.96,28.92,1323.32,87.42,10.21,6.87,0.872,215.8,20.8,203.0,3392.46
AGR_Eas_2020_01259,East_Zone,Odisha_Coastal,2020,Kharif,Soybean,20.77,30.62,1185.36,87.77,10.0,6.75,0.508,138.8,18.1,207.0,3115.45
AGR_Eas_2021_01260,East_Zone,Bihar_Plains,2021,Rabi,Cotton,19.66,27.94,173.26,32.97,17.54,8.26,0.806,184.2,19.6,164.1,2152.21
AGR_Eas_2021_01261,East_Zone,Assam_Valley,2021,Kharif,Soybean,23.59,37.11,1586.79,95.0,10.0,7.15,0.315,165.6,27.3,187.0,2938.85
AGR_Eas_2020_01262,East_Zone,Bihar_Plains,2020,Kharif,Wheat,26.67,33.81,1373.34,95.0,10.0,7.27,0.488,197.6,22.7,172.8,4804.87
AGR_Eas_2019_01263,East_Zone,Assam_Valley,2019,Rabi,Soybean,18.75,,493.31,84.98,10.0,6.47,0.747,125.5,17.2,227.4,2764.98
AGR_Eas_2022_01264,East_Zone,Assam_Valley,2022,Kharif,Cotton,24.42,33.9,1742.79,94.52,10.17,6.12,0.35,150.6,25.6,163.1,2658.47
AGR_Eas_2018_01265,East_Zone,Bihar_Plains,2018,Rabi,Rice,19.48,27.29,338.81,57.71,12.59,6.3,0.67,134.5,20.9,269.4,4740.89
AGR_Eas_2022_01266,East_Zone,Odisha_Coastal,2022,Kharif,Soybean,22.82,35.26,1344.59,95.0,10.0,6.15,0.688,208.3,14.7,209.8,3311.76
AGR_Eas_2022_01267,East_Zone,WB_Gangetic,2022,Rabi,Wheat,,22.3,349.36,61.83,12.35,6.65,0.818,186.4,10.0,196.2,4254.17
AGR_Eas_2023_01268,East_Zone,Odisha_Coastal,2023,Rabi,Wheat,17.96,25.34,280.34,68.8,11.07,7.07,0.983,125.9,27.7,267.4,3995.86
AGR_Eas_2022_01269,East_Zone,Assam_Valley,2022,Kharif,Pulses,23.94,32.5,961.1,69.3,14.07,5.48,0.696,166.7,27.5,187.7,1987.51
AGR_Eas_2023_01270,East_Zone,Assam_Valley,2023,Rabi,Cotton,19.84,32.21,317.92,65.3,13.19,6.76,0.498,193.6,14.4,190.1,2980.23
AGR_Eas_2018_01271,East_Zone,Assam_Valley,2018,Rabi,Maize,17.3,29.6,331.34,82.89,10.0,6.6,0.679,161.5,21.5,184.7,3807.42
AGR_Eas_2023_01272,East_Zone,Bihar_Plains,2023,Kharif,Soybean,23.6,34.74,942.26,79.72,10.0,7.34,0.61,174.5,21.8,277.0,3466.24
AGR_Eas_2019_01273,East_Zone,Assam_Valley,2019,Kharif,Cotton,22.77,35.96,1268.22,95.0,10.88,6.7,0.715,160.4,23.5,194.7,2697.33
AGR_Eas_2023_01274,East_Zone,WB_Gangetic,2023,Kharif,Soybean,25.78,33.53,1565.9,95.0,10.0,6.92,1.004,190.8,23.6,255.8,3517.78
AGR_Eas_2018_01275,East_Zone,Odisha_Coastal,2018,Kharif,Maize,22.5,30.5,1793.09,95.0,10.0,6.29,0.877,176.5,31.8,199.4,4067.14
AGR_Eas_2023_01276,East_Zone,Assam_Valley,2023,Kharif,Cotton,22.61,34.97,1782.71,95.0,10.0,6.2,0.831,183.6,17.3,239.8,3049.27
AGR_Eas_2021_01277,East_Zone,Odisha_Coastal,2021,Kharif,Cotton,21.7,,292.38,56.2,10.0,6.06,0.314,153.8,16.3,220.9,2268.83
AGR_Eas_2022_01278,East_Zone,Assam_Valley,2022,Rabi,Rice,20.92,28.92,,47.79,14.23,7.09,0.959,230.6,17.2,142.7,5212.41
AGR_Eas_2018_01279,East_Zone,Assam_Valley,2018,Kharif,Wheat,22.54,33.48,1776.81,95.0,10.0,7.38,0.414,239.2,30.2,189.1,4509.34
AGR_Eas_2021_01280,East_Zone,WB_Gangetic,2021,Kharif,Cotton,24.73,35.57,,81.81,10.0,6.97,1.058,171.7,25.0,238.5,3079.63
AGR_Eas_2020_01281,East_Zone,Bihar_Plains,2020,Rabi,Maize,,25.62,352.08,59.27,12.3,6.0,0.789,210.7,37.0,223.5,4003.08
AGR_Eas_2018_01282,East_Zone,Odisha_Coastal,2018,Zaid,Cotton,26.12,39.85,53.72,53.57,10.0,5.61,0.717,187.0,20.5,164.1,2136.97
AGR_Eas_2022_01283,East_Zone,Bihar_Plains,2022,Kharif,Soybean,21.01,,1226.28,92.08,10.0,6.48,0.47,216.8,16.8,195.9,3357.93
AGR_Eas_2023_01284,East_Zone,WB_Gangetic,2023,Kharif,Rice,21.63,34.34,1513.78,76.94,10.0,6.99,0.312,175.9,29.9,215.7,4624.53
AGR_Eas_2022_01285,East_Zone,Odisha_Coastal,2022,Kharif,Cotton,21.5,29.33,1578.53,95.0,10.0,6.38,0.596,144.5,24.4,204.7,2605.43
AGR_Eas_2023_01286,East_Zone,Bihar_Plains,2023,Kharif,Pulses,20.96,28.45,1778.97,95.0,11.21,7.22,0.583,207.8,11.4,206.7,1723.88
AGR_Eas_2023_01287,East_Zone,Bihar_Plains,2023,Kharif,Wheat,22.4,34.78,1397.57,95.0,10.0,6.91,0.833,128.8,32.9,143.1,4520.82
AGR_Eas_2019_01288,East_Zone,WB_Gangetic,2019,Kharif,Rice,25.35,36.51,1191.2,94.06,12.56,7.45,0.626,226.4,23.7,229.9,5430.28
AGR_Eas_2020_01289,East_Zone,Assam_Valley,2020,Rabi,Maize,16.67,,429.85,50.54,14.47,6.45,0.436,184.2,33.7,201.2,3910.09
AGR_Eas_2020_01290,East_Zone,Bihar_Plains,2020,Rabi,Wheat,19.79,29.75,236.31,52.55,11.74,6.68,0.393,188.7,30.0,194.7,3893.11
AGR_Eas_2019_01291,East_Zone,Assam_Valley,2019,Kharif,Cotton,23.65,33.69,1008.2,85.95,12.3,6.72,0.904,133.4,24.3,144.7,3036.0
AGR_Eas_2022_01292,East_Zone,Bihar_Plains,2022,Rabi,Maize,21.63,,296.71,52.14,12.47,6.61,0.794,168.5,20.4,214.2,3984.29
AGR_Eas_2023_01293,East_Zone,Bihar_Plains,2023,Kharif,Wheat,22.51,33.98,1296.29,95.0,10.44,5.91,0.429,132.2,13.6,110.0,4259.77
AGR_Eas_2022_01294,East_Zone,Bihar_Plains,2022,Rabi,Cotton,17.94,26.49,307.59,57.05,12.47,7.89,0.88,200.9,20.6,276.8,2718.37
AGR_Eas_2018_01295,East_Zone,WB_Gangetic,2018,Rabi,Rice,20.03,29.11,175.83,64.25,12.6,6.23,0.426,156.9,16.6,223.6,3983.33
AGR_Eas_2021_01296,East_Zone,Assam_Valley,2021,Rabi,Wheat,16.28,26.09,364.62,63.11,11.71,6.65,0.636,165.1,18.7,210.1,4196.59
AGR_Eas_2021_01297,East_Zone,WB_Gangetic,2021,Rabi,Maize,19.05,27.85,366.19,,12.32,7.41,0.442,192.9,10.7,188.9,4023.88
AGR_Eas_2023_01298,East_Zone,Odisha_Coastal,2023,Kharif,Rice,22.35,32.9,1444.18,95.0,10.0,5.2,0.991,231.5,27.5,247.2,5873.44
AGR_Eas_2020_01299,East_Zone,Odisha_Coastal,2020,Rabi,Wheat,19.19,31.4,284.03,69.32,14.3,7.25,0.767,174.3,15.1,205.0,4337.69
AGR_Eas_2019_01300,East_Zone,Bihar_Plains,2019,Kharif,Wheat,20.91,30.6,1877.88,95.0,10.0,7.16,0.822,192.0,21.5,267.9,4126.61
AGR_Eas_2023_01301,East_Zone,WB_Gangetic,2023,Kharif,Pulses,20.94,,807.99,83.69,10.0,5.58,0.68,198.1,30.2,212.1,2416.07
AGR_Eas_2023_01302,East_Zone,Odisha_Coastal,2023,Zaid,Cotton,26.83,37.84,245.35,46.99,13.59,6.37,0.511,214.9,16.1,251.2,2367.41
AGR_Eas_2022_01303,East_Zone,Assam_Valley,2022,Kharif,Cotton,24.56,32.16,1228.22,91.8,10.0,7.15,0.52,194.8,18.4,205.8,2948.58
AGR_Eas_2019_01304,East_Zone,Odisha_Coastal,2019,Rabi,Wheat,19.65,27.29,336.95,55.42,10.0,6.58,0.424,214.6,13.4,170.3,4461.06
AGR_Eas_2023_01305,East_Zone,Odisha_Coastal,2023,Rabi,Rice,19.26,28.37,391.43,76.86,11.25,6.79,0.787,214.4,19.6,231.7,5285.24
AGR_Eas_2023_01306,East_Zone,Assam_Valley,2023,Zaid,Soybean,,38.92,147.83,49.15,10.89,6.74,0.555,215.1,28.0,154.0,2540.79
AGR_Eas_2019_01307,East_Zone,WB_Gangetic,2019,Kharif,Cotton,25.11,34.18,1810.64,95.0,10.0,7.19,0.728,149.0,32.5,195.0,2654.98
AGR_Eas_2023_01308,East_Zone,WB_Gangetic,2023,Kharif,Cotton,22.42,32.69,1456.49,95.0,10.0,7.08,0.473,165.1,18.8,221.5,2774.42
AGR_Eas_2018_01309,East_Zone,Bihar_Plains,2018,Kharif,Rice,20.26,30.8,1195.65,92.3,10.0,6.45,0.654,191.0,21.3,251.0,5096.26
AGR_Eas_2023_01310,East_Zone,WB_Gangetic,2023,Rabi,Rice,20.59,28.4,143.47,43.78,10.0,6.91,0.78,106.1,26.5,259.8,3750.12
AGR_Eas_2023_01311,East_Zone,Bihar_Plains,2023,Rabi,Soybean,17.4,30.23,339.83,53.74,13.62,7.49,0.452,192.1,33.0,219.2,2543.6
AGR_Eas_2021_01312,East_Zone,Bihar_Plains,2021,Kharif,Cotton,21.33,31.68,689.32,75.3,12.83,7.69,0.758,200.6,8.0,160.3,3058.63
AGR_Eas_2020_01313,East_Zone,WB_Gangetic,2020,Rabi,Cotton,20.77,34.62,308.87,74.8,10.0,5.55,0.394,161.9,23.6,233.6,2570.19
AGR_Eas_2021_01314,East_Zone,WB_Gangetic,2021,Kharif,Pulses,23.78,33.14,1141.07,82.86,10.85,7.94,0.626,238.3,22.9,273.4,2613.74
AGR_Eas_2021_01315,East_Zone,Bihar_Plains,2021,Rabi,Maize,19.5,28.95,199.82,63.84,12.39,7.03,0.251,171.5,24.3,304.8,3308.54
AGR_Eas_2021_01316,East_Zone,WB_Gangetic,2021,Rabi,Wheat,18.42,,321.24,66.52,12.85,6.99,0.827,165.4,25.8,187.6,4468.11
AGR_Eas_2018_01317,East_Zone,Assam_Valley,2018,Rabi,Rice,16.96,25.26,262.52,43.59,13.17,6.6,0.547,245.4,13.8,244.6,4748.96
AGR_Eas_2023_01318,East_Zone,Assam_Valley,2023,Kharif,Maize,24.92,34.74,1789.53,95.0,10.0,6.99,0.811,248.0,18.4,215.8,4418.81
AGR_Eas_2018_01319,East_Zone,Bihar_Plains,2018,Rabi,Cotton,18.83,28.54,,60.0,12.91,6.82,0.545,190.8,32.3,220.3,2879.49
AGR_Eas_2021_01320,East_Zone,Bihar_Plains,2021,Rabi,Cotton,17.42,28.16,447.95,59.25,11.9,6.8,0.229,154.3,21.9,184.7,2652.96
AGR_Eas_2019_01321,East_Zone,Odisha_Coastal,2019,Zaid,Soybean,23.51,36.76,190.52,33.78,15.64,6.26,0.582,189.2,8.0,261.3,2575.14
AGR_Eas_2020_01322,East_Zone,Bihar_Plains,2020,Rabi,Pulses,15.64,26.5,353.5,61.75,11.59,7.39,0.929,195.5,21.3,231.1,2040.39
AGR_Eas_2021_01323,East_Zone,WB_Gangetic,2021,Zaid,Soybean,23.7,36.38,140.83,47.8,13.58,8.07,0.575,252.5,12.8,198.5,2789.0
AGR_Eas_2022_01324,East_Zone,Assam_Valley,2022,Kharif,Wheat,22.1,33.44,1544.59,95.0,10.0,6.65,0.548,198.8,27.8,271.9,4614.03
AGR_Eas_2023_01325,East_Zone,WB_Gangetic,2023,Kharif,Rice,20.21,28.47,2121.05,95.0,10.0,5.88,0.567,146.1,25.5,178.9,4030.09
AGR_Eas_2023_01326,East_Zone,Assam_Valley,2023,Rabi,Soybean,20.59,32.79,316.92,66.89,11.44,6.67,0.538,166.4,30.8,191.3,2886.8
AGR_Eas_2021_01327,East_Zone,Bihar_Plains,2021,Zaid,Soybean,24.47,,26.7,69.58,12.91,7.03,0.532,222.8,26.8,141.6,2591.72
AGR_Eas_2022_01328,East_Zone,WB_Gangetic,2022,Zaid,Maize,24.77,36.51,144.66,53.13,10.41,7.12,0.685,156.1,23.6,214.9,3376.87
AGR_Eas_2018_01329,East_Zone,Bihar_Plains,2018,Kharif,Pulses,24.06,,665.71,66.34,14.69,5.74,0.485,153.8,29.4,258.8,2117.87
AGR_Eas_2018_01330,East_Zone,WB_Gangetic,2018,Kharif,Cotton,23.17,36.96,1493.47,95.0,10.0,8.05,0.485,213.4,22.5,261.5,3275.81
AGR_Eas_2019_01331,East_Zone,Odisha_Coastal,2019,Rabi,Cotton,17.69,24.73,154.88,54.97,13.99,6.06,0.655,221.9,16.8,206.9,2120.21
AGR_Eas_2020_01332,East_Zone,Odisha_Coastal,2020,Rabi,Soybean,18.6,30.5,254.48,58.97,10.38,7.56,0.948,196.5,16.3,181.1,2931.14
AGR_Eas_2023_01333,East_Zone,Odisha_Coastal,2023,Rabi,Wheat,19.76,27.95,265.7,68.04,11.17,6.84,0.713,254.7,16.9,206.6,4751.71
AGR_Eas_2021_01334,East_Zone,Odisha_Coastal,2021,Kharif,Wheat,24.4,32.52,474.53,62.52,10.96,6.17,0.287,224.6,23.5,286.5,4724.63
AGR_Eas_2022_01335,East_Zone,Assam_Valley,2022,Kharif,Cotton,23.01,33.54,2129.41,95.0,10.0,7.6,0.561,202.0,20.9,240.1,1998.25
AGR_Eas_2020_01336,East_Zone,Bihar_Plains,2020,Rabi,Rice,17.85,26.01,242.36,55.33,11.59,6.18,0.731,202.6,28.6,304.6,4907.29
AGR_Eas_2021_01337,East_Zone,WB_Gangetic,2021,Kharif,Pulses,24.22,31.46,513.36,78.43,12.34,6.19,1.029,202.2,19.1,126.0,2602.41
AGR_Eas_2023_01338,East_Zone,Assam_Valley,2023,Kharif,Pulses,24.59,36.4,1516.62,95.0,10.0,6.03,0.564,209.7,32.2,282.0,2636.01
AGR_Eas_2019_01339,East_Zone,Bihar_Plains,2019,Kharif,Soybean,23.69,34.0,1334.09,93.9,10.0,6.76,0.629,170.8,22.8,165.8,3068.11
AGR_Eas_2019_01340,East_Zone,WB_Gangetic,2019,Rabi,Maize,18.52,27.04,268.92,54.25,10.52,7.41,0.774,180.1,11.1,186.1,3800.62
AGR_Eas_2023_01341,East_Zone,WB_Gangetic,2023,Zaid,Cotton,22.93,35.97,111.79,67.17,10.2,6.32,0.644,152.0,26.1,226.3,2165.84
AGR_Eas_2019_01342,East_Zone,WB_Gangetic,2019,Kharif,Cotton,21.47,32.16,345.53,87.12,10.45,6.88,0.573,146.7,19.4,189.6,2519.4
AGR_Eas_2018_01343,East_Zone,Assam_Valley,2018,Kharif,Maize,24.64,33.06,1154.28,95.0,10.0,7.19,0.664,152.8,29.6,284.4,3941.0
AGR_Eas_2019_01344,East_Zone,Assam_Valley,2019,Rabi,Wheat,17.05,28.3,403.22,58.02,10.3,6.57,0.778,209.1,20.6,266.0,4510.31
AGR_Eas_2022_01345,East_Zone,Odisha_Coastal,2022,Rabi,Soybean,18.19,25.89,309.28,51.49,10.0,8.07,0.425,153.9,26.1,205.8,2229.95
AGR_Eas_2018_01346,East_Zone,WB_Gangetic,2018,Kharif,Cotton,20.38,,2256.37,95.0,10.0,7.45,0.857,154.8,22.9,263.3,1783.14
AGR_Eas_2018_01347,East_Zone,Odisha_Coastal,2018,Kharif,Cotton,21.31,29.55,1179.63,88.9,10.0,6.54,0.664,176.3,32.8,260.1,2766.09
AGR_Eas_2019_01348,East_Zone,Odisha_Coastal,2019,Kharif,Soybean,22.63,,1129.13,86.66,10.0,7.62,1.027,175.7,24.4,312.4,3486.04
AGR_Eas_2019_01349,East_Zone,Odisha_Coastal,2019,Kharif,Cotton,23.97,32.0,1830.38,95.0,10.0,7.23,0.863,193.4,18.6,275.6,2855.41
AGR_Eas_2023_01350,East_Zone,Bihar_Plains,2023,Rabi,Wheat,19.76,31.66,232.0,58.76,10.0,7.56,0.672,195.5,8.0,275.7,4235.52
AGR_Eas_2019_01351,East_Zone,Bihar_Plains,2019,Zaid,Soybean,25.3,38.61,,59.47,10.96,6.76,0.504,180.0,26.7,207.1,2288.4
AGR_Eas_2018_01352,East_Zone,WB_Gangetic,2018,Rabi,Rice,21.85,32.36,274.14,,10.02,7.69,0.917,160.3,26.1,206.2,4998.02
AGR_Eas_2018_01353,East_Zone,Odisha_Coastal,2018,Kharif,Maize,20.62,28.34,1129.2,76.48,16.58,7.74,0.887,201.0,14.9,260.2,4433.76
AGR_Eas_2018_01354,East_Zone,Odisha_Coastal,2018,Kharif,Maize,24.39,36.79,1363.73,84.6,11.28,6.46,0.479,206.0,26.2,172.6,4234.14
AGR_Eas_2019_01355,East_Zone,Odisha_Coastal,2019,Zaid,Wheat,24.12,35.72,202.72,,17.49,7.0,0.626,243.3,28.6,213.7,4356.52
AGR_Eas_2020_01356,East_Zone,Odisha_Coastal,2020,Kharif,Soybean,24.32,37.94,1307.73,92.65,10.0,7.98,0.451,196.3,19.3,182.9,2915.05
AGR_Eas_2022_01357,East_Zone,Bihar_Plains,2022,Rabi,Wheat,19.97,28.08,143.81,52.37,10.42,6.43,0.687,148.7,13.7,234.3,3872.62
AGR_Eas_2023_01358,East_Zone,Assam_Valley,2023,Kharif,Soybean,23.61,30.62,1993.37,95.0,10.0,6.82,0.691,122.1,31.8,212.7,2605.17
AGR_Eas_2020_01359,East_Zone,Bihar_Plains,2020,Rabi,Soybean,19.31,32.16,299.72,69.78,10.35,7.54,0.371,215.3,18.9,236.2,2812.35
AGR_Eas_2020_01360,East_Zone,WB_Gangetic,2020,Rabi,Wheat,17.54,29.12,277.82,62.59,14.76,7.84,0.581,221.8,25.1,254.1,4163.04
AGR_Eas_2019_01361,East_Zone,Assam_Valley,2019,Rabi,Maize,21.27,35.23,320.59,63.25,13.1,6.88,0.531,226.5,28.8,203.7,4164.7
AGR_Eas_2023_01362,East_Zone,Assam_Valley,2023,Rabi,Maize,18.05,28.25,248.13,73.12,12.21,7.18,0.626,186.4,22.6,176.7,3517.84
AGR_Eas_2021_01363,East_Zone,Bihar_Plains,2021,Kharif,Pulses,24.87,32.83,1831.34,95.0,10.0,6.94,0.462,177.0,25.9,232.3,1765.21
AGR_Eas_2021_01364,East_Zone,Odisha_Coastal,2021,Kharif,Soybean,22.11,33.9,1377.22,95.0,10.0,7.32,0.752,171.6,14.5,276.8,3263.89
AGR_Eas_2021_01365,East_Zone,WB_Gangetic,2021,Kharif,Pulses,21.21,31.46,1368.16,95.0,10.0,6.83,0.385,134.1,25.4,172.5,2160.59
AGR_Eas_2018_01366,East_Zone,Assam_Valley,2018,Kharif,Cotton,22.47,34.59,1327.97,95.0,10.0,6.59,0.617,194.0,31.0,127.0,2961.36
AGR_Eas_2022_01367,East_Zone,WB_Gangetic,2022,Rabi,Rice,20.34,29.97,396.36,45.39,10.88,6.04,0.723,125.9,20.8,251.4,4719.49
AGR_Eas_2020_01368,East_Zone,Assam_Valley,2020,Rabi,Cotton,18.7,30.17,347.71,62.06,10.0,6.05,0.366,140.3,17.0,311.5,2468.87
AGR_Eas_2022_01369,East_Zone,Odisha_Coastal,2022,Kharif,Cotton,18.18,27.7,1224.74,86.78,11.82,8.06,0.447,150.1,30.6,226.9,3105.46
AGR_Eas_2018_01370,East_Zone,Odisha_Coastal,2018,Kharif,Soybean,23.86,31.7,1672.21,95.0,10.0,7.21,0.793,234.6,22.1,279.2,3354.63
AGR_Eas_2022_01371,East_Zone,Assam_Valley,2022,Rabi,Pulses,19.53,33.37,412.22,68.93,14.97,7.46,0.718,160.7,18.3,176.6,2024.46
AGR_Eas_2018_01372,East_Zone,Odisha_Coastal,2018,Rabi,Maize,18.46,,355.5,47.19,15.35,6.95,0.413,176.0,16.6,212.2,3682.73
AGR_Eas_2018_01373,East_Zone,Odisha_Coastal,2018,Zaid,Rice,23.35,32.17,61.35,59.62,13.08,7.14,0.575,224.5,21.7,180.3,4597.21
AGR_Eas_2018_01374,East_Zone,Assam_Valley,2018,Kharif,Rice,22.28,,1091.2,68.6,10.0,6.31,0.351,244.6,31.0,221.2,5119.44
AGR_Eas_2023_01375,East_Zone,Bihar_Plains,2023,Kharif,Soybean,22.21,29.31,1529.8,95.0,11.09,5.89,0.476,192.9,24.4,328.4,3074.06
AGR_Eas_2023_01376,East_Zone,WB_Gangetic,2023,Zaid,Pulses,20.28,32.07,131.62,46.45,14.27,6.96,0.466,231.3,24.5,225.3,1532.51
AGR_Eas_2020_01377,East_Zone,WB_Gangetic,2020,Rabi,Cotton,18.71,31.24,297.93,53.51,15.58,7.26,0.616,234.1,20.0,228.2,2689.5
AGR_Eas_2021_01378,East_Zone,WB_Gangetic,2021,Kharif,Maize,25.04,34.91,1731.83,95.0,10.7,7.27,0.628,166.2,29.6,169.8,3940.57
AGR_Eas_2018_01379,East_Zone,Bihar_Plains,2018,Kharif,Soybean,22.86,30.34,2650.01,95.0,10.0,7.37,0.601,174.3,27.1,154.1,1797.0
AGR_Eas_2022_01380,East_Zone,WB_Gangetic,2022,Kharif,Pulses,23.25,35.67,939.64,65.82,12.07,6.65,0.348,213.9,24.1,295.9,2278.29
AGR_Eas_2023_01381,East_Zone,Assam_Valley,2023,Rabi,Pulses,21.5,35.37,399.79,64.14,11.84,6.52,0.745,169.6,26.4,205.2,2261.43
AGR_Eas_2020_01382,East_Zone,WB_Gangetic,2020,Rabi,Rice,20.09,27.2,289.37,60.39,11.54,6.91,0.637,134.3,12.9,146.7,4157.25
AGR_Eas_2019_01383,East_Zone,Odisha_Coastal,2019,Kharif,Wheat,23.18,33.08,1306.85,84.17,10.0,7.0,0.465,220.2,20.2,239.1,4828.77
AGR_Eas_2021_01384,East_Zone,Assam_Valley,2021,Rabi,Cotton,16.67,23.76,269.43,,10.0,6.83,0.527,186.7,18.3,302.7,2250.56
AGR_Eas_2018_01385,East_Zone,Bihar_Plains,2018,Kharif,Soybean,22.65,35.95,1365.31,78.11,10.0,6.61,0.948,192.4,30.7,258.2,3249.73
AGR_Eas_2020_01386,East_Zone,Bihar_Plains,2020,Kharif,Pulses,23.34,36.53,1582.7,93.97,10.0,6.19,0.843,202.3,12.6,222.6,2121.89
AGR_Eas_2018_01387,East_Zone,Assam_Valley,2018,Kharif,Pulses,22.12,30.28,1514.57,93.7,10.0,7.63,0.674,157.4,24.5,276.8,2089.5
AGR_Eas_2018_01388,East_Zone,Bihar_Plains,2018,Zaid,Maize,24.19,,70.49,70.04,10.0,7.11,0.756,186.7,21.3,175.2,3643.4
AGR_Eas_2023_01389,East_Zone,WB_Gangetic,2023,Kharif,Maize,,34.88,2220.26,95.0,10.0,6.73,0.421,156.2,31.2,196.5,2768.21
AGR_Eas_2019_01390,East_Zone,WB_Gangetic,2019,Rabi,Cotton,18.35,25.93,374.89,68.32,12.48,6.56,1.021,189.4,21.2,187.9,3158.29
AGR_Eas_2022_01391,East_Zone,Odisha_Coastal,2022,Kharif,Cotton,,30.89,2233.65,95.0,10.0,6.1,0.287,224.2,19.2,110.0,1821.29
AGR_Eas_2021_01392,East_Zone,Bihar_Plains,2021,Rabi,Maize,20.16,27.83,273.46,57.84,13.62,6.39,0.486,153.0,31.0,121.6,3834.89
AGR_Eas_2019_01393,East_Zone,Bihar_Plains,2019,Zaid,Rice,28.72,36.76,153.74,49.76,10.0,6.66,0.449,212.6,20.5,225.9,4621.01
AGR_Eas_2021_01394,East_Zone,Assam_Valley,2021,Kharif,Wheat,21.95,30.21,1514.89,95.0,10.0,6.95,0.358,151.5,30.2,120.5,4035.1
AGR_Eas_2020_01395,East_Zone,Assam_Valley,2020,Kharif,Pulses,22.78,33.31,2035.81,,10.0,6.42,0.351,156.8,22.7,201.3,1384.23
AGR_Eas_2021_01396,East_Zone,WB_Gangetic,2021,Rabi,Maize,20.86,28.4,340.43,70.09,10.0,7.35,0.643,139.9,25.5,188.4,4023.46
AGR_Eas_2020_01397,East_Zone,Bihar_Plains,2020,Rabi,Soybean,15.25,26.88,381.98,74.48,10.97,6.27,0.442,217.5,30.2,277.7,2897.83
AGR_Eas_2020_01398,East_Zone,Assam_Valley,2020,Rabi,Maize,19.07,31.38,202.71,66.85,12.48,5.97,0.726,202.0,23.7,218.4,3806.98
AGR_Eas_2018_01399,East_Zone,Odisha_Coastal,2018,Rabi,Rice,19.15,30.11,297.22,62.58,12.59,7.53,0.676,171.7,21.5,228.0,4688.09
AGR_Eas_2019_01400,East_Zone,Odisha_Coastal,2019,Rabi,Rice,22.07,35.41,468.59,78.78,10.49,6.49,0.768,155.2,30.7,188.7,4998.37
AGR_Eas_2019_01401,East_Zone,Bihar_Plains,2019,Rabi,Maize,19.43,28.84,141.24,49.66,10.0,5.88,0.595,163.9,24.2,187.3,3328.03
AGR_Eas_2022_01402,East_Zone,Bihar_Plains,2022,Rabi,Pulses,19.37,26.74,269.43,58.4,10.0,6.11,0.34,90.0,25.9,242.9,1578.94
AGR_Eas_2022_01403,East_Zone,Odisha_Coastal,2022,Kharif,Cotton,22.42,32.3,1583.84,85.19,10.0,6.43,0.751,155.4,28.1,261.4,2889.91
AGR_Eas_2019_01404,East_Zone,WB_Gangetic,2019,Zaid,Cotton,24.89,37.23,145.25,60.1,13.79,7.41,0.748,186.0,10.9,282.5,2255.64
AGR_Eas_2020_01405,East_Zone,Bihar_Plains,2020,Kharif,Rice,21.79,35.35,1124.71,86.42,10.34,6.64,0.728,204.6,29.2,177.1,5371.64
AGR_Eas_2019_01406,East_Zone,Odisha_Coastal,2019,Kharif,Pulses,21.36,35.12,1269.4,94.16,10.0,6.48,0.704,136.5,19.2,187.7,2319.99
AGR_Eas_2022_01407,East_Zone,WB_Gangetic,2022,Rabi,Pulses,19.37,28.67,252.52,71.3,10.04,6.78,0.503,126.2,18.5,209.9,1660.19
AGR_Eas_2021_01408,East_Zone,Assam_Valley,2021,Kharif,Soybean,22.07,31.86,1137.95,93.99,10.0,7.18,0.46,190.1,19.0,295.7,2987.99
AGR_Eas_2023_01409,East_Zone,WB_Gangetic,2023,Kharif,Pulses,23.5,33.72,1501.31,95.0,10.0,5.2,0.406,171.2,22.5,182.3,2296.99
AGR_Eas_2021_01410,East_Zone,Bihar_Plains,2021,Kharif,Pulses,23.43,32.42,1709.34,79.73,12.21,6.75,0.594,145.6,21.8,218.0,1798.24
AGR_Eas_2021_01411,East_Zone,WB_Gangetic,2021,Rabi,Wheat,21.65,32.99,423.74,71.25,12.35,5.57,0.207,133.1,23.1,263.5,4040.3
AGR_Eas_2019_01412,East_Zone,Odisha_Coastal,2019,Zaid,Rice,24.46,35.4,,47.77,14.15,6.91,0.462,232.9,27.4,308.7,4536.65
AGR_Eas_2019_01413,East_Zone,WB_Gangetic,2019,Kharif,Maize,24.65,37.5,1691.92,93.29,10.0,6.46,0.551,214.6,17.4,110.0,3875.22
AGR_Eas_2020_01414,East_Zone,Bihar_Plains,2020,Rabi,Rice,19.4,30.7,151.72,50.58,12.89,6.21,0.537,206.6,28.7,267.4,4455.88
AGR_Eas_2019_01415,East_Zone,Assam_Valley,2019,Kharif,Cotton,25.0,36.73,,95.0,10.0,5.96,0.853,215.0,11.3,172.9,2578.27
AGR_Eas_2021_01416,East_Zone,Bihar_Plains,2021,Rabi,Rice,21.09,29.94,178.81,51.98,11.75,7.29,0.698,206.0,19.2,150.2,4897.67
AGR_Eas_2019_01417,East_Zone,Odisha_Coastal,2019,Kharif,Rice,21.67,30.82,2004.93,,10.0,6.66,0.607,171.6,20.0,236.6,4498.45
AGR_Eas_2018_01418,East_Zone,Assam_Valley,2018,Rabi,Soybean,18.95,32.74,,66.57,11.96,6.28,0.551,162.9,16.0,218.2,2860.18
AGR_Eas_2020_01419,East_Zone,Assam_Valley,2020,Rabi,Cotton,,28.86,303.36,66.65,10.0,7.24,0.811,152.9,23.3,206.3,2591.52
AGR_Eas_2022_01420,East_Zone,Odisha_Coastal,2022,Kharif,Soybean,20.86,28.79,2025.09,,10.86,6.3,0.631,204.3,16.6,221.4,2548.75
AGR_Eas_2018_01421,East_Zone,Assam_Valley,2018,Zaid,Cotton,27.79,38.73,155.37,48.02,10.0,6.99,0.813,146.4,20.9,284.0,2548.17
AGR_Eas_2022_01422,East_Zone,Bihar_Plains,2022,Kharif,Soybean,23.79,31.03,726.33,59.32,13.97,6.97,0.354,90.0,20.4,169.2,2543.53
AGR_Eas_2022_01423,East_Zone,Bihar_Plains,2022,Kharif,Cotton,21.75,34.01,1241.85,90.09,10.0,6.8,0.601,216.2,12.3,195.0,3197.53
AGR_Eas_2021_01424,East_Zone,Odisha_Coastal,2021,Zaid,Maize,29.67,36.91,188.91,62.71,13.7,7.01,0.569,165.9,21.7,246.1,3729.54
AGR_Eas_2018_01425,East_Zone,Assam_Valley,2018,Rabi,Cotton,19.69,30.8,135.31,57.1,11.34,7.11,0.477,161.1,16.5,246.5,2016.2
AGR_Eas_2019_01426,East_Zone,Odisha_Coastal,2019,Rabi,Wheat,18.94,27.04,,61.36,10.46,7.36,0.232,198.8,27.0,190.9,3985.02
AGR_Eas_2023_01427,East_Zone,Bihar_Plains,2023,Zaid,Wheat,25.63,37.89,160.47,71.26,12.25,6.11,0.668,140.1,14.8,293.1,3623.89
AGR_Eas_2022_01428,East_Zone,WB_Gangetic,2022,Kharif,Maize,,30.08,1911.17,95.0,10.0,7.75,0.655,176.9,24.7,296.2,3478.12
AGR_Eas_2020_01429,East_Zone,Assam_Valley,2020,Zaid,Rice,23.02,33.14,92.19,56.25,11.37,6.86,0.551,221.7,22.3,168.1,4324.76
AGR_Eas_2022_01430,East_Zone,Odisha_Coastal,2022,Kharif,Soybean,22.71,,660.88,63.96,12.25,6.43,0.402,236.5,26.9,200.9,3237.84
AGR_Eas_2019_01431,East_Zone,Assam_Valley,2019,Rabi,Cotton,19.37,,328.47,73.12,10.58,5.2,0.622,196.8,25.5,279.8,2863.31
AGR_Eas_2023_01432,East_Zone,Odisha_Coastal,2023,Zaid,Soybean,26.15,38.93,,64.66,12.78,6.35,0.369,182.7,24.6,199.8,2509.75
AGR_Eas_2020_01433,East_Zone,WB_Gangetic,2020,Kharif,Pulses,22.41,30.03,1760.49,95.0,10.0,6.87,0.521,191.1,23.6,176.5,1958.28
AGR_Eas_2018_01434,East_Zone,Bihar_Plains,2018,Rabi,Maize,17.91,25.08,268.08,65.55,14.1,6.71,0.375,160.9,9.4,178.1,3245.82
AGR_Eas_2019_01435,East_Zone,Assam_Valley,2019,Rabi,Rice,18.31,27.91,321.03,70.21,12.39,6.55,0.446,215.1,24.2,196.4,4888.64
AGR_Eas_2018_01436,East_Zone,Odisha_Coastal,2018,Rabi,Wheat,17.67,,319.06,59.71,13.63,6.81,0.382,178.2,16.3,140.4,3967.36
AGR_Eas_2018_01437,East_Zone,Odisha_Coastal,2018,Rabi,Soybean,23.29,30.72,195.25,66.26,14.19,6.93,0.271,203.2,22.7,209.3,2484.16
AGR_Eas_2023_01438,East_Zone,Bihar_Plains,2023,Rabi,Rice,18.94,30.1,195.74,70.64,10.0,7.04,0.804,197.9,24.5,211.2,4785.84
AGR_Eas_2021_01439,East_Zone,Odisha_Coastal,2021,Rabi,Cotton,17.72,31.32,288.56,40.3,15.92,6.58,0.828,188.1,26.1,211.2,2745.25
AGR_Eas_2022_01440,East_Zone,Bihar_Plains,2022,Rabi,Pulses,16.96,25.65,338.52,68.53,11.96,6.52,0.833,162.7,23.6,228.4,1884.53
AGR_Eas_2018_01441,East_Zone,Assam_Valley,2018,Kharif,Pulses,22.77,36.54,1243.01,,11.37,6.84,0.566,185.4,26.6,266.1,2195.85
AGR_Eas_2020_01442,East_Zone,Bihar_Plains,2020,Rabi,Wheat,18.02,31.75,215.64,54.05,11.47,6.83,0.698,210.5,17.2,160.2,4232.99
AGR_Eas_2023_01443,East_Zone,Assam_Valley,2023,Kharif,Wheat,22.08,29.73,1350.78,89.21,10.67,6.82,0.733,185.9,23.5,233.4,4611.97
AGR_Eas_2023_01444,East_Zone,Bihar_Plains,2023,Kharif,Cotton,22.87,,,95.0,10.0,6.27,0.411,196.4,34.0,240.7,2732.49
AGR_Eas_2023_01445,East_Zone,WB_Gangetic,2023,Kharif,Pulses,23.13,35.99,1260.55,95.0,10.0,6.19,0.608,161.9,28.9,179.0,2293.92
AGR_Eas_2021_01446,East_Zone,Assam_Valley,2021,Rabi,Wheat,20.24,28.24,588.93,74.49,15.67,7.5,0.601,230.7,8.0,174.5,4569.21
AGR_Eas_2018_01447,East_Zone,Assam_Valley,2018,Rabi,Rice,17.13,25.09,305.05,55.84,15.31,7.27,0.388,186.9,22.8,171.0,4423.11
AGR_Eas_2022_01448,East_Zone,Assam_Valley,2022,Zaid,Wheat,24.66,38.29,113.34,68.67,11.47,6.34,0.428,190.9,26.2,189.2,3801.56
AGR_Eas_2019_01449,East_Zone,WB_Gangetic,2019,Zaid,Maize,26.49,,110.02,30.0,14.59,7.18,0.511,226.1,19.6,216.6,3623.93
AGR_Eas_2021_01450,East_Zone,WB_Gangetic,2021,Rabi,Maize,18.76,27.29,243.78,,11.81,6.45,0.679,187.3,23.7,167.4,3472.17
AGR_Eas_2021_01451,East_Zone,Bihar_Plains,2021,Kharif,Cotton,21.8,35.25,1176.06,88.04,10.0,6.44,0.307,221.1,16.5,213.4,3300.6
AGR_Eas_2023_01452,East_Zone,Assam_Valley,2023,Kharif,Rice,22.49,31.22,,77.37,10.0,6.78,0.797,227.6,26.0,243.1,5497.81
AGR_Eas_2022_01453,East_Zone,WB_Gangetic,2022,Rabi,Rice,19.46,32.92,283.52,48.81,14.33,7.01,0.454,160.3,21.3,219.6,4673.57
AGR_Eas_2018_01454,East_Zone,Assam_Valley,2018,Kharif,Cotton,22.26,35.36,1171.67,80.9,10.0,6.65,0.46,164.7,23.9,148.1,2815.07
AGR_Eas_2019_01455,East_Zone,Odisha_Coastal,2019,Rabi,Wheat,20.77,33.59,294.32,79.75,12.2,6.95,0.879,195.1,29.6,229.7,4598.95
AGR_Eas_2019_01456,East_Zone,Assam_Valley,2019,Kharif,Maize,23.74,32.56,1823.22,95.0,10.0,7.27,0.58,189.0,31.2,259.9,3985.53
AGR_Eas_2019_01457,East_Zone,Odisha_Coastal,2019,Kharif,Pulses,22.14,29.89,1120.46,95.0,10.0,6.21,0.406,185.5,20.6,219.2,1878.98
AGR_Eas_2022_01458,East_Zone,WB_Gangetic,2022,Rabi,Maize,19.34,29.38,334.19,54.7,12.53,7.77,0.512,172.2,22.5,235.8,3698.11
AGR_Eas_2020_01459,East_Zone,WB_Gangetic,2020,Zaid,Wheat,25.48,33.85,139.87,55.41,15.9,5.73,0.301,233.2,24.0,209.2,4202.8
AGR_Eas_2023_01460,East_Zone,Assam_Valley,2023,Zaid,Rice,26.9,35.25,141.02,63.45,12.45,6.75,0.355,205.0,29.2,211.2,4427.0
AGR_Eas_2020_01461,East_Zone,Odisha_Coastal,2020,Rabi,Pulses,16.76,28.3,320.49,61.25,11.51,7.02,0.652,216.1,30.5,128.5,2109.65
AGR_Eas_2023_01462,East_Zone,Assam_Valley,2023,Kharif,Soybean,22.13,32.65,2367.51,95.0,10.0,7.0,0.678,173.6,24.4,235.4,2216.67
AGR_Eas_2020_01463,East_Zone,Bihar_Plains,2020,Kharif,Maize,22.57,30.7,1454.81,95.0,10.04,6.36,0.21,205.1,13.0,147.9,3631.0
AGR_Eas_2022_01464,East_Zone,Bihar_Plains,2022,Rabi,Soybean,18.97,26.84,424.79,72.7,11.75,7.67,0.516,232.9,23.3,188.6,3129.84
AGR_Eas_2023_01465,East_Zone,Assam_Valley,2023,Zaid,Pulses,24.36,36.4,,54.59,14.28,7.02,0.535,147.0,19.2,192.9,1683.63
AGR_Eas_2018_01466,East_Zone,WB_Gangetic,2018,Kharif,Pulses,23.33,35.39,1258.33,95.0,10.0,6.66,1.019,222.7,23.0,194.7,2639.91
AGR_Eas_2021_01467,East_Zone,Odisha_Coastal,2021,Rabi,Maize,18.6,28.67,163.66,51.03,13.29,6.65,0.363,159.6,22.3,303.7,2926.82
AGR_Eas_2022_01468,East_Zone,Bihar_Plains,2022,Zaid,Wheat,25.27,35.25,109.15,58.61,13.59,5.91,0.681,233.5,21.5,225.6,4326.85
AGR_Eas_2021_01469,East_Zone,Bihar_Plains,2021,Rabi,Wheat,21.83,30.42,300.99,55.57,13.84,7.42,0.855,193.9,23.0,198.7,4241.71
AGR_Eas_2022_01470,East_Zone,Assam_Valley,2022,Kharif,Rice,26.77,40.42,1571.93,95.0,10.92,5.85,0.771,138.2,14.8,144.0,4732.79
AGR_Eas_2019_01471,East_Zone,Odisha_Coastal,2019,Rabi,Pulses,19.23,30.54,174.37,59.86,13.82,8.28,0.53,166.5,18.7,143.4,1536.74
AGR_Eas_2018_01472,East_Zone,Assam_Valley,2018,Kharif,Rice,22.68,35.43,1694.95,95.0,10.0,6.95,0.758,189.2,19.4,295.6,4922.17
AGR_Eas_2019_01473,East_Zone,WB_Gangetic,2019,Rabi,Rice,18.89,27.17,251.11,46.87,11.33,6.69,0.548,200.8,29.5,199.1,4388.82
AGR_Eas_2019_01474,East_Zone,Odisha_Coastal,2019,Kharif,Wheat,20.41,28.56,849.61,71.96,11.07,6.48,0.421,163.6,14.6,256.3,4413.84
AGR_Eas_2020_01475,East_Zone,Assam_Valley,2020,Zaid,Wheat,26.32,38.38,102.68,54.56,10.0,6.84,0.527,177.8,22.8,204.9,3900.7
AGR_Eas_2020_01476,East_Zone,Bihar_Plains,2020,Zaid,Soybean,25.64,35.37,,44.75,14.69,6.54,0.719,186.1,14.9,246.3,2638.86
AGR_Eas_2023_01477,East_Zone,Assam_Valley,2023,Kharif,Maize,23.95,32.08,1249.59,,10.0,6.87,0.453,156.2,18.6,176.8,3758.04
AGR_Eas_2023_01478,East_Zone,Bihar_Plains,2023,Kharif,Rice,24.81,33.28,2099.37,95.0,12.27,7.04,0.708,182.4,16.6,187.7,4609.05
AGR_Eas_2018_01479,East_Zone,WB_Gangetic,2018,Rabi,Soybean,19.72,28.37,355.51,67.65,13.94,7.25,0.577,232.6,29.9,216.0,3143.97
AGR_Eas_2020_01480,East_Zone,Odisha_Coastal,2020,Rabi,Soybean,17.8,27.51,,81.38,10.17,6.56,0.577,189.6,11.5,219.9,2819.58
AGR_Eas_2020_01481,East_Zone,Odisha_Coastal,2020,Rabi,Wheat,16.28,25.63,256.1,45.92,14.57,7.13,0.603,172.9,26.5,236.9,3827.97
AGR_Eas_2022_01482,East_Zone,Bihar_Plains,2022,Kharif,Rice,22.69,36.31,1541.65,95.0,11.66,7.03,0.716,186.3,16.0,210.9,5245.45
AGR_Eas_2021_01483,East_Zone,Odisha_Coastal,2021,Kharif,Maize,24.39,31.75,1678.18,83.67,14.65,6.57,0.591,254.5,25.9,233.9,4389.94
AGR_Eas_2021_01484,East_Zone,WB_Gangetic,2021,Kharif,Rice,21.77,30.97,974.47,80.55,10.15,6.19,0.559,233.8,30.1,209.8,5271.79
AGR_Eas_2018_01485,East_Zone,WB_Gangetic,2018,Kharif,Wheat,23.19,36.07,1609.94,95.0,13.61,7.48,0.691,186.2,20.6,186.8,4535.76
AGR_Eas_2020_01486,East_Zone,Bihar_Plains,2020,Kharif,Maize,20.84,34.51,1119.15,90.15,10.13,6.95,0.728,202.1,25.2,228.6,4219.57
AGR_Eas_2021_01487,East_Zone,Odisha_Coastal,2021,Rabi,Pulses,20.59,28.88,190.96,59.43,10.8,7.72,0.517,214.4,22.2,136.3,1621.58
AGR_Eas_2018_01488,East_Zone,Bihar_Plains,2018,Kharif,Pulses,22.32,36.13,1780.49,95.0,10.0,7.15,0.41,184.3,19.5,205.4,1902.0
AGR_Eas_2020_01489,East_Zone,Bihar_Plains,2020,Kharif,Soybean,23.1,36.28,653.93,71.94,10.32,5.79,0.697,213.5,22.6,196.3,3427.72
AGR_Eas_2019_01490,East_Zone,Odisha_Coastal,2019,Kharif,Cotton,20.69,29.46,742.49,86.75,10.0,6.42,0.573,226.8,24.1,219.0,2877.3
AGR_Eas_2020_01491,East_Zone,Bihar_Plains,2020,Rabi,Wheat,18.51,26.47,359.77,65.8,10.0,5.65,0.366,165.9,24.3,236.5,4139.13
AGR_Eas_2021_01492,East_Zone,Bihar_Plains,2021,Kharif,Soybean,19.65,27.65,1273.95,92.05,10.0,7.07,0.742,224.7,21.3,276.4,3226.36
AGR_Eas_2021_01493,East_Zone,Odisha_Coastal,2021,Kharif,Rice,23.2,,1368.23,95.0,10.0,6.27,0.613,109.1,20.2,167.3,4799.71
AGR_Eas_2018_01494,East_Zone,WB_Gangetic,2018,Rabi,Soybean,,31.93,131.11,40.88,15.13,5.97,0.921,245.0,19.3,160.2,2956.3
AGR_Eas_2021_01495,East_Zone,Odisha_Coastal,2021,Rabi,Soybean,18.28,29.12,235.02,63.27,11.84,6.85,0.718,132.3,18.6,221.3,2549.06
AGR_Eas_2021_01496,East_Zone,Odisha_Coastal,2021,Rabi,Wheat,15.73,27.64,243.7,59.73,10.0,6.25,0.786,153.7,22.3,220.2,4157.41
AGR_Eas_2023_01497,East_Zone,WB_Gangetic,2023,Rabi,Soybean,19.05,26.25,429.82,72.95,10.28,5.67,0.823,204.9,15.1,157.5,3232.94
AGR_Eas_2021_01498,East_Zone,Assam_Valley,2021,Rabi,Maize,18.46,30.5,358.79,66.37,10.0,5.97,0.396,201.1,27.4,256.6,4006.28
AGR_Eas_2022_01499,East_Zone,WB_Gangetic,2022,Rabi,Cotton,16.42,24.83,309.83,56.61,10.0,7.58,0.629,149.4,26.1,188.9,2322.89
AGR_Eas_2022_01500,East_Zone,WB_Gangetic,2022,Kharif,Maize,23.09,31.77,1500.49,,10.0,6.89,0.889,162.6,25.1,170.9,4048.21
AGR_Eas_2021_01501,East_Zone,Odisha_Coastal,2021,Zaid,Rice,24.86,33.98,131.21,,12.63,6.48,0.625,181.8,23.3,123.2,4929.83
AGR_Eas_2020_01502,East_Zone,Bihar_Plains,2020,Rabi,Maize,19.28,30.79,230.7,58.34,14.37,6.81,0.282,257.8,22.4,110.0,3697.32
AGR_Eas_2021_01503,East_Zone,Odisha_Coastal,2021,Rabi,Rice,21.24,32.02,355.4,53.6,14.23,7.2,0.635,176.4,20.4,247.4,5022.62
AGR_Eas_2019_01504,East_Zone,Odisha_Coastal,2019,Rabi,Soybean,16.23,23.27,253.8,51.6,13.06,6.78,0.563,182.8,18.5,325.6,2626.83
AGR_Eas_2022_01505,East_Zone,Odisha_Coastal,2022,Rabi,Cotton,16.56,26.36,351.82,59.99,12.16,5.92,0.79,125.9,17.7,197.5,2658.79
AGR_Eas_2023_01506,East_Zone,Bihar_Plains,2023,Kharif,Maize,22.79,29.99,516.63,66.22,10.0,7.46,0.475,203.5,18.5,184.5,3964.62
AGR_Eas_2019_01507,East_Zone,WB_Gangetic,2019,Kharif,Soybean,23.4,31.93,1882.76,95.0,10.0,5.75,0.304,252.3,26.8,190.8,2576.6
AGR_Eas_2023_01508,East_Zone,Bihar_Plains,2023,Rabi,Soybean,15.82,27.18,135.94,,15.6,7.85,0.605,128.4,19.6,162.3,2224.64
AGR_Eas_2018_01509,East_Zone,Odisha_Coastal,2018,Zaid,Wheat,,30.91,135.05,54.43,15.07,6.73,0.389,160.3,27.9,234.5,3510.89
AGR_Eas_2019_01510,East_Zone,Bihar_Plains,2019,Rabi,Wheat,20.52,31.98,330.64,66.71,10.5,5.54,0.392,159.0,24.9,152.6,3862.63
AGR_Eas_2021_01511,East_Zone,Odisha_Coastal,2021,Kharif,Wheat,21.37,31.19,1702.8,95.0,12.19,6.98,0.627,146.1,20.0,229.1,4170.75
AGR_Eas_2021_01512,East_Zone,Bihar_Plains,2021,Rabi,Cotton,18.25,26.51,400.09,67.36,10.0,7.19,0.813,245.8,31.2,203.2,2985.51
AGR_Eas_2023_01513,East_Zone,WB_Gangetic,2023,Kharif,Cotton,21.88,30.98,849.1,90.29,10.0,6.91,0.818,209.6,31.0,207.7,3306.13
AGR_Eas_2019_01514,East_Zone,Bihar_Plains,2019,Kharif,Soybean,,35.52,1259.97,90.88,10.37,7.47,0.741,163.0,28.7,202.9,3128.23
AGR_Eas_2019_01515,East_Zone,Odisha_Coastal,2019,Kharif,Wheat,22.63,32.08,1376.67,95.0,10.16,7.35,0.705,173.1,18.4,213.6,4523.18
AGR_Eas_2023_01516,East_Zone,Assam_Valley,2023,Rabi,Pulses,18.28,30.79,184.59,52.39,11.2,6.28,0.539,167.8,19.3,159.5,1809.86
AGR_Eas_2022_01517,East_Zone,Assam_Valley,2022,Kharif,Wheat,,35.04,1114.17,95.0,10.51,6.47,0.619,202.8,19.7,241.6,4981.38
AGR_Eas_2023_01518,East_Zone,Odisha_Coastal,2023,Kharif,Maize,24.76,37.43,2518.87,95.0,11.33,7.03,0.498,168.3,18.0,242.6,2906.46
AGR_Eas_2020_01519,East_Zone,Assam_Valley,2020,Rabi,Cotton,18.51,27.64,222.72,66.46,10.42,5.61,0.41,155.3,31.2,238.3,2248.91
AGR_Eas_2018_01520,East_Zone,Odisha_Coastal,2018,Rabi,Soybean,17.35,31.02,290.39,74.99,11.21,6.56,0.717,176.6,20.0,237.3,2766.25
AGR_Eas_2021_01521,East_Zone,Odisha_Coastal,2021,Rabi,Maize,20.35,28.66,295.18,71.32,11.6,6.36,0.731,188.7,29.7,207.9,3852.53
AGR_Eas_2019_01522,East_Zone,Assam_Valley,2019,Rabi,Rice,17.81,30.71,138.97,41.05,10.0,7.64,0.675,185.6,17.8,192.6,4524.27
AGR_Eas_2020_01523,East_Zone,Bihar_Plains,2020,Zaid,Pulses,24.34,32.78,213.1,56.11,13.14,6.87,0.781,184.8,16.8,164.2,2141.77
AGR_Eas_2023_01524,East_Zone,WB_Gangetic,2023,Kharif,Pulses,23.99,,1445.57,81.09,11.15,6.4,0.598,136.6,16.9,115.0,2179.14
AGR_Eas_2019_01525,East_Zone,WB_Gangetic,2019,Zaid,Maize,23.64,37.52,172.08,70.57,11.26,6.98,0.558,181.6,25.2,229.5,3627.7
AGR_Eas_2020_01526,East_Zone,Bihar_Plains,2020,Kharif,Wheat,21.17,33.27,1065.68,95.0,10.0,7.16,0.944,201.1,33.6,167.5,5224.77
AGR_Eas_2022_01527,East_Zone,Assam_Valley,2022,Kharif,Soybean,21.51,31.3,1160.17,90.87,10.0,5.92,0.64,241.3,31.7,229.8,3269.4
AGR_Eas_2018_01528,East_Zone,WB_Gangetic,2018,Kharif,Pulses,25.02,33.23,231.67,64.01,10.4,6.12,0.819,206.7,31.7,263.5,1825.11
AGR_Eas_2018_01529,East_Zone,WB_Gangetic,2018,Rabi,Soybean,19.21,32.46,228.82,77.17,10.0,7.39,0.72,243.9,19.0,209.5,2850.42
AGR_Eas_2021_01530,East_Zone,Odisha_Coastal,2021,Rabi,Pulses,18.81,,228.67,76.74,12.32,7.89,0.573,191.8,18.8,113.3,1614.34
AGR_Eas_2019_01531,East_Zone,Odisha_Coastal,2019,Rabi,Cotton,17.66,29.76,464.02,66.94,10.98,7.18,0.69,204.1,18.7,196.7,2679.98
AGR_Eas_2023_01532,East_Zone,Bihar_Plains,2023,Kharif,Wheat,23.22,35.68,1160.17,85.12,10.0,8.09,0.284,132.3,17.3,156.7,4148.81
AGR_Eas_2018_01533,East_Zone,Assam_Valley,2018,Kharif,Rice,21.53,33.23,707.36,80.36,10.0,7.13,0.493,157.0,22.6,246.7,4838.51
AGR_Eas_2021_01534,East_Zone,Assam_Valley,2021,Zaid,Wheat,,32.98,170.45,49.42,16.17,6.62,0.841,173.2,36.4,228.2,4557.33
AGR_Eas_2023_01535,East_Zone,Odisha_Coastal,2023,Kharif,Wheat,23.06,36.76,1533.13,95.0,10.0,6.83,0.634,145.3,16.8,155.3,4508.16
AGR_Eas_2020_01536,East_Zone,Assam_Valley,2020,Rabi,Pulses,16.67,28.99,455.96,74.34,10.0,7.19,0.433,180.5,26.8,250.9,2060.11
AGR_Eas_2018_01537,East_Zone,Bihar_Plains,2018,Kharif,Rice,22.83,31.29,1040.39,85.96,10.79,6.33,0.442,117.9,23.1,194.8,4296.47
AGR_Eas_2020_01538,East_Zone,Assam_Valley,2020,Rabi,Soybean,19.12,30.24,,55.71,11.51,6.68,0.489,199.5,30.8,233.6,2809.38
AGR_Eas_2020_01539,East_Zone,Bihar_Plains,2020,Kharif,Soybean,20.59,33.05,1625.29,95.0,10.11,6.07,0.609,181.5,18.0,287.5,2966.78
AGR_Eas_2021_01540,East_Zone,Assam_Valley,2021,Rabi,Rice,18.83,30.2,201.97,59.68,10.0,7.14,0.57,121.2,27.5,227.4,3852.77
AGR_Eas_2021_01541,East_Zone,Odisha_Coastal,2021,Rabi,Maize,17.53,25.97,329.06,53.89,12.74,5.67,0.96,156.6,8.0,323.5,3567.76
AGR_Eas_2023_01542,East_Zone,Bihar_Plains,2023,Kharif,Soybean,23.57,37.38,1370.06,95.0,10.0,6.51,0.692,140.1,13.7,206.2,3263.53
AGR_Eas_2020_01543,East_Zone,Odisha_Coastal,2020,Kharif,Rice,22.89,36.34,1940.33,95.0,10.0,6.45,0.62,221.4,26.3,174.3,4626.73
AGR_Eas_2022_01544,East_Zone,Assam_Valley,2022,Kharif,Rice,,34.3,1640.2,85.24,10.0,6.49,1.06,110.7,18.3,176.3,4967.26
AGR_Eas_2022_01545,East_Zone,Bihar_Plains,2022,Kharif,Wheat,21.78,33.05,,80.34,13.97,7.46,0.576,178.4,17.3,240.2,4747.09
AGR_Eas_2019_01546,East_Zone,Odisha_Coastal,2019,Kharif,Soybean,21.18,30.41,834.94,83.13,12.38,7.21,0.454,150.0,18.2,283.2,2882.21
AGR_Eas_2021_01547,East_Zone,WB_Gangetic,2021,Rabi,Cotton,20.29,29.34,293.3,48.45,10.15,5.89,0.589,280.0,14.7,110.0,2734.57
AGR_Eas_2020_01548,East_Zone,Assam_Valley,2020,Kharif,Pulses,21.94,29.83,1498.36,95.0,10.0,6.26,0.692,179.8,15.3,199.0,1913.51
AGR_Eas_2022_01549,East_Zone,Odisha_Coastal,2022,Kharif,Rice,24.08,36.05,1406.26,95.0,10.0,5.89,0.568,240.6,19.2,233.4,5315.88
AGR_Eas_2018_01550,East_Zone,Odisha_Coastal,2018,Rabi,Soybean,17.59,30.95,221.23,59.2,10.0,6.25,0.433,173.8,20.8,167.1,2455.61
AGR_Eas_2021_01551,East_Zone,Assam_Valley,2021,Kharif,Soybean,21.13,,1394.58,91.5,10.0,6.91,0.63,229.2,24.1,197.3,3566.61
AGR_Eas_2018_01552,East_Zone,WB_Gangetic,2018,Rabi,Pulses,19.02,26.52,289.53,54.27,10.82,5.41,0.385,204.2,25.3,146.0,1659.57
AGR_Eas_2020_01553,East_Zone,WB_Gangetic,2020,Rabi,Pulses,18.66,26.21,317.16,59.48,11.34,6.56,0.419,172.0,24.1,225.8,1733.77
AGR_Eas_2018_01554,East_Zone,Bihar_Plains,2018,Zaid,Maize,24.95,34.52,101.88,61.82,15.1,7.07,0.65,218.6,28.1,159.4,3445.68
AGR_Eas_2020_01555,East_Zone,Bihar_Plains,2020,Kharif,Cotton,22.92,,612.2,,10.0,5.2,0.447,165.7,14.8,237.7,2810.31
AGR_Eas_2019_01556,East_Zone,Odisha_Coastal,2019,Kharif,Cotton,24.0,32.25,,95.0,10.55,5.89,0.596,166.4,24.9,145.4,2868.26
AGR_Eas_2020_01557,East_Zone,WB_Gangetic,2020,Kharif,Maize,23.06,31.64,949.58,,11.55,7.8,0.698,157.3,29.9,153.6,4047.03
AGR_Eas_2020_01558,East_Zone,Assam_Valley,2020,Rabi,Rice,19.69,27.8,328.12,51.3,13.37,7.24,0.45,135.8,21.6,172.5,4165.52
AGR_Eas_2018_01559,East_Zone,Bihar_Plains,2018,Kharif,Cotton,24.13,32.46,1612.63,95.0,11.75,6.04,0.528,187.1,26.6,199.4,2950.92
AGR_Eas_2020_01560,East_Zone,WB_Gangetic,2020,Zaid,Wheat,26.85,35.91,78.68,46.97,10.0,6.31,0.549,154.0,25.0,191.0,3866.9
AGR_Eas_2022_01561,East_Zone,WB_Gangetic,2022,Zaid,Maize,24.4,36.88,119.3,78.94,12.08,6.55,0.786,176.0,22.7,182.1,3447.51
AGR_Eas_2018_01562,East_Zone,WB_Gangetic,2018,Kharif,Wheat,22.89,36.08,564.4,60.46,11.55,6.58,0.885,168.3,23.4,239.1,5053.68
AGR_Eas_2020_01563,East_Zone,WB_Gangetic,2020,Zaid,Cotton,26.09,37.48,129.83,40.75,15.56,6.91,0.2,169.2,19.2,270.6,2005.98
AGR_Eas_2022_01564,East_Zone,Assam_Valley,2022,Rabi,Rice,20.24,,160.83,57.72,13.75,7.24,0.232,157.5,20.6,259.4,3640.94
AGR_Eas_2019_01565,East_Zone,Bihar_Plains,2019,Kharif,Cotton,24.37,33.07,491.2,84.09,10.0,6.92,0.722,210.8,24.3,204.7,3228.41
AGR_Eas_2022_01566,East_Zone,Odisha_Coastal,2022,Rabi,Rice,19.11,26.49,290.05,41.3,15.2,7.06,0.551,205.0,18.3,177.2,4774.51
AGR_Eas_2019_01567,East_Zone,Bihar_Plains,2019,Kharif,Maize,22.43,33.71,1218.57,95.0,10.0,6.12,0.754,237.1,16.6,227.5,4613.09
AGR_Eas_2023_01568,East_Zone,Assam_Valley,2023,Kharif,Soybean,21.25,34.54,1168.5,84.86,10.0,6.23,0.307,198.6,17.5,220.1,3075.51
AGR_Eas_2019_01569,East_Zone,WB_Gangetic,2019,Rabi,Rice,19.01,31.19,221.9,59.28,11.51,6.91,0.569,177.7,19.3,210.6,4265.84
AGR_Eas_2023_01570,East_Zone,Assam_Valley,2023,Kharif,Maize,23.1,,1572.84,95.0,10.0,6.93,0.76,196.8,22.5,256.3,4048.27
AGR_Eas_2021_01571,East_Zone,WB_Gangetic,2021,Kharif,Maize,23.51,33.88,1243.61,95.0,10.15,5.82,0.481,213.5,30.2,240.1,4284.98
AGR_Eas_2018_01572,East_Zone,Assam_Valley,2018,Rabi,Cotton,18.26,27.37,308.28,50.71,12.55,6.96,0.537,178.3,13.1,311.9,2711.15
AGR_Eas_2021_01573,East_Zone,Assam_Valley,2021,Kharif,Wheat,22.14,33.06,1604.69,95.0,10.0,5.62,0.662,165.2,24.8,192.2,4376.55
AGR_Eas_2021_01574,East_Zone,Odisha_Coastal,2021,Kharif,Maize,22.79,30.61,,95.0,10.0,7.74,0.602,153.8,11.2,190.6,3575.55
AGR_Eas_2023_01575,East_Zone,WB_Gangetic,2023,Rabi,Cotton,20.07,27.75,149.16,,11.08,7.07,0.637,159.6,18.5,288.0,1800.91
AGR_Eas_2020_01576,East_Zone,WB_Gangetic,2020,Kharif,Maize,21.96,30.99,1845.19,95.0,11.66,5.88,0.419,201.4,17.6,240.8,3487.89
AGR_Eas_2018_01577,East_Zone,Bihar_Plains,2018,Kharif,Wheat,23.73,33.63,1585.59,95.0,10.0,7.37,0.63,190.8,12.0,180.0,4700.0
AGR_Eas_2021_01578,East_Zone,Odisha_Coastal,2021,Kharif,Pulses,21.71,29.05,1968.91,95.0,11.8,6.59,0.721,185.1,27.0,187.4,1446.82
AGR_Eas_2022_01579,East_Zone,Assam_Valley,2022,Rabi,Maize,17.35,26.86,239.59,46.98,15.81,7.0,0.837,171.1,22.5,169.4,3780.15
AGR_Eas_2018_01580,East_Zone,Bihar_Plains,2018,Kharif,Maize,24.12,31.95,966.81,75.73,11.95,7.11,0.72,151.7,19.0,143.1,4017.82
AGR_Eas_2020_01581,East_Zone,Assam_Valley,2020,Zaid,Wheat,23.21,32.37,180.73,60.29,15.77,6.96,0.459,132.9,26.6,211.1,3730.23
AGR_Eas_2019_01582,East_Zone,WB_Gangetic,2019,Rabi,Wheat,18.56,27.06,228.83,66.49,12.2,6.57,0.759,157.3,16.9,255.1,4196.11
AGR_Eas_2022_01583,East_Zone,Assam_Valley,2022,Kharif,Soybean,23.5,35.36,1143.3,87.62,10.3,7.05,0.882,180.1,24.4,204.0,3527.47
AGR_Eas_2020_01584,East_Zone,Odisha_Coastal,2020,Rabi,Maize,19.12,27.11,199.45,44.33,13.58,6.58,0.2,111.8,34.7,209.4,2558.01
AGR_Eas_2018_01585,East_Zone,Assam_Valley,2018,Kharif,Cotton,22.52,35.28,956.26,86.99,10.0,7.16,0.528,180.6,35.6,237.4,3225.85
AGR_Eas_2022_01586,East_Zone,WB_Gangetic,2022,Kharif,Maize,22.8,33.01,1737.63,95.0,10.0,6.84,0.641,230.2,22.2,230.3,4077.92
AGR_Eas_2023_01587,East_Zone,WB_Gangetic,2023,Rabi,Wheat,21.09,29.09,285.96,30.0,16.51,6.02,0.516,192.2,22.1,234.5,4161.77
AGR_Eas_2023_01588,East_Zone,WB_Gangetic,2023,Rabi,Soybean,17.59,27.58,213.17,53.63,11.2,6.48,0.852,163.8,26.6,111.9,2442.43
AGR_Eas_2021_01589,East_Zone,Bihar_Plains,2021,Kharif,Cotton,,36.1,1232.35,95.0,10.37,7.21,0.685,196.3,18.1,257.0,3014.31
AGR_Eas_2021_01590,East_Zone,Bihar_Plains,2021,Kharif,Maize,21.4,34.9,1720.02,95.0,10.91,7.03,0.886,194.2,20.3,182.4,4251.98
AGR_Eas_2018_01591,East_Zone,Odisha_Coastal,2018,Zaid,Wheat,24.28,37.18,129.65,53.99,13.46,7.15,0.621,182.1,32.0,280.2,3882.04
AGR_Eas_2023_01592,East_Zone,Odisha_Coastal,2023,Zaid,Wheat,24.57,,144.5,50.81,13.71,6.99,0.738,149.5,24.6,256.1,4080.83
AGR_Eas_2018_01593,East_Zone,WB_Gangetic,2018,Rabi,Maize,18.56,29.14,334.39,67.13,12.64,6.44,0.723,174.3,22.7,179.1,3878.02
AGR_Eas_2018_01594,East_Zone,WB_Gangetic,2018,Kharif,Soybean,23.49,30.94,895.03,69.9,12.54,7.31,0.724,214.2,27.7,224.6,3576.33
AGR_Eas_2022_01595,East_Zone,Bihar_Plains,2022,Kharif,Cotton,,35.19,1093.42,95.0,12.42,6.31,0.4,228.2,14.5,167.0,3142.88
AGR_Eas_2019_01596,East_Zone,WB_Gangetic,2019,Rabi,Rice,19.34,29.05,278.18,49.64,10.0,7.34,0.657,101.0,24.0,185.1,4183.94
AGR_Eas_2018_01597,East_Zone,Bihar_Plains,2018,Rabi,Rice,,,207.61,65.93,14.38,6.42,0.708,170.4,29.1,212.5,4787.19
AGR_Eas_2022_01598,East_Zone,Odisha_Coastal,2022,Kharif,Maize,22.19,33.47,1030.79,77.85,10.0,6.77,0.475,229.8,22.3,139.0,4192.73
AGR_Eas_2023_01599,East_Zone,WB_Gangetic,2023,Zaid,Pulses,26.51,36.35,161.21,59.4,13.51,7.59,0.785,167.8,22.6,128.0,2020.68
AGR_Eas_2022_01600,East_Zone,WB_Gangetic,2022,Rabi,Maize,18.93,32.34,384.6,75.22,10.52,6.46,0.766,125.0,27.8,292.3,3984.32
AGR_Eas_2023_01601,East_Zone,Odisha_Coastal,2023,Kharif,Cotton,25.71,33.5,1133.42,95.0,10.0,6.6,0.717,179.1,27.3,224.3,2886.13
AGR_Eas_2019_01602,East_Zone,Bihar_Plains,2019,Rabi,Soybean,21.27,34.78,178.23,47.88,16.6,6.74,0.627,187.7,19.0,214.0,2812.23
AGR_Eas_2018_01603,East_Zone,Bihar_Plains,2018,Zaid,Pulses,24.44,35.7,140.96,69.96,13.1,5.88,0.713,163.2,38.6,203.5,1736.4
AGR_Eas_2023_01604,East_Zone,WB_Gangetic,2023,Kharif,Rice,,31.43,1402.96,95.0,10.0,6.8,0.585,193.9,25.5,199.8,4996.51
AGR_Eas_2018_01605,East_Zone,WB_Gangetic,2018,Kharif,Soybean,23.89,31.46,1588.81,95.0,10.0,5.83,0.782,173.7,24.3,155.2,3200.11
AGR_Eas_2018_01606,East_Zone,Bihar_Plains,2018,Kharif,Wheat,22.54,36.13,1781.88,95.0,10.0,6.43,0.673,182.2,17.2,198.9,4367.14
AGR_Eas_2018_01607,East_Zone,WB_Gangetic,2018,Kharif,Pulses,24.01,33.55,851.19,,10.0,7.92,0.516,169.3,24.2,306.9,2176.97
AGR_Eas_2021_01608,East_Zone,Assam_Valley,2021,Kharif,Rice,23.7,34.15,1376.11,92.37,10.0,6.33,0.433,199.9,25.7,236.3,5178.99
AGR_Eas_2022_01609,East_Zone,Bihar_Plains,2022,Kharif,Rice,24.6,38.3,1286.19,95.0,10.0,6.6,0.532,172.8,30.5,212.7,5138.63
AGR_Eas_2021_01610,East_Zone,WB_Gangetic,2021,Zaid,Rice,25.67,36.45,91.04,48.23,14.37,6.21,0.592,241.1,30.9,190.0,4865.44
AGR_Eas_2018_01611,East_Zone,Odisha_Coastal,2018,Kharif,Soybean,23.45,36.96,1629.92,95.0,10.0,6.5,0.723,194.6,10.2,204.8,3186.87
AGR_Eas_2019_01612,East_Zone,Bihar_Plains,2019,Kharif,Cotton,23.65,34.58,,92.6,13.7,6.78,0.678,187.3,25.8,236.6,3016.9
AGR_Eas_2021_01613,East_Zone,WB_Gangetic,2021,Rabi,Pulses,19.05,27.18,393.83,68.0,11.02,7.59,0.537,176.7,18.8,241.9,2039.5
AGR_Eas_2023_01614,East_Zone,Odisha_Coastal,2023,Kharif,Pulses,22.0,34.32,1256.67,86.19,14.26,7.54,0.715,182.5,13.5,256.1,2258.06
AGR_Eas_2021_01615,East_Zone,Assam_Valley,2021,Rabi,Pulses,20.35,30.47,358.32,47.26,12.16,6.9,0.728,176.9,22.3,195.4,2150.68
AGR_Eas_2021_01616,East_Zone,WB_Gangetic,2021,Kharif,Pulses,21.86,33.95,2393.45,,10.0,6.29,0.656,144.1,29.2,181.1,1065.43
AGR_Eas_2020_01617,East_Zone,WB_Gangetic,2020,Kharif,Rice,23.76,36.52,1890.9,95.0,10.0,5.73,0.394,197.1,23.9,160.6,4519.09
AGR_Eas_2023_01618,East_Zone,WB_Gangetic,2023,Kharif,Pulses,23.65,33.66,882.69,79.66,11.95,6.83,0.524,157.5,12.0,258.7,2532.38
AGR_Eas_2023_01619,East_Zone,Assam_Valley,2023,Kharif,Cotton,24.35,32.78,1451.41,95.0,10.11,5.57,0.735,161.3,20.3,205.7,2910.38
AGR_Eas_2023_01620,East_Zone,Bihar_Plains,2023,Rabi,Rice,18.54,30.6,262.89,74.02,11.1,7.03,0.37,145.1,20.6,268.4,4166.66
AGR_Eas_2021_01621,East_Zone,Assam_Valley,2021,Kharif,Wheat,22.82,36.18,803.21,87.01,10.0,5.7,0.614,143.7,19.2,202.1,4594.45
AGR_Eas_2021_01622,East_Zone,Assam_Valley,2021,Kharif,Pulses,27.29,36.74,,95.0,10.0,7.14,0.547,260.1,32.3,260.5,1828.2
AGR_Eas_2020_01623,East_Zone,WB_Gangetic,2020,Zaid,Soybean,22.43,34.95,143.78,59.95,10.78,7.68,0.546,165.6,11.0,189.0,2683.41
AGR_Eas_2021_01624,East_Zone,WB_Gangetic,2021,Rabi,Wheat,18.55,26.95,307.91,64.13,10.0,6.97,0.752,205.7,21.5,172.8,4400.21
AGR_Eas_2019_01625,East_Zone,Assam_Valley,2019,Rabi,Soybean,20.49,28.39,282.46,64.47,10.0,7.41,0.925,201.3,33.3,221.5,3276.08
AGR_Eas_2018_01626,East_Zone,Assam_Valley,2018,Kharif,Rice,24.7,34.94,1451.08,88.5,11.52,7.24,0.496,159.8,12.3,224.6,5133.2
AGR_Eas_2019_01627,East_Zone,Assam_Valley,2019,Rabi,Soybean,20.39,27.75,334.38,69.75,12.73,8.31,0.635,178.8,34.2,194.9,2801.08
AGR_Eas_2023_01628,East_Zone,Odisha_Coastal,2023,Rabi,Soybean,18.51,28.13,353.14,55.68,10.87,7.24,0.676,232.7,15.2,215.4,3365.39
AGR_Eas_2023_01629,East_Zone,WB_Gangetic,2023,Kharif,Wheat,25.16,36.34,1511.8,94.1,10.19,7.05,0.384,230.1,26.5,275.2,4571.53
AGR_Eas_2022_01630,East_Zone,WB_Gangetic,2022,Kharif,Rice,23.5,33.74,1901.66,95.0,10.74,7.21,0.679,191.7,22.5,190.6,5062.0
AGR_Eas_2021_01631,East_Zone,Assam_Valley,2021,Rabi,Cotton,21.51,,297.55,55.72,13.69,6.98,0.598,223.3,34.6,153.7,2881.42
AGR_Eas_2021_01632,East_Zone,WB_Gangetic,2021,Kharif,Cotton,21.37,29.23,1483.42,85.55,10.69,6.24,0.416,198.5,13.4,191.3,2713.08
AGR_Eas_2019_01633,East_Zone,Assam_Valley,2019,Kharif,Rice,23.02,36.37,1469.43,95.0,10.0,7.81,0.339,168.8,24.0,197.6,4564.06
AGR_Eas_2022_01634,East_Zone,Odisha_Coastal,2022,Rabi,Soybean,15.65,25.68,169.4,68.08,12.3,7.76,0.357,171.6,19.9,206.0,1923.94
AGR_Eas_2022_01635,East_Zone,Odisha_Coastal,2022,Rabi,Rice,19.7,29.39,113.83,46.91,12.68,8.12,0.52,193.0,23.8,192.4,4052.52
AGR_Eas_2019_01636,East_Zone,Odisha_Coastal,2019,Kharif,Soybean,21.67,34.25,1592.35,95.0,10.48,6.48,0.595,208.2,19.4,241.2,3193.01
AGR_Eas_2020_01637,East_Zone,WB_Gangetic,2020,Kharif,Cotton,22.96,31.42,1104.26,95.0,10.0,7.25,0.576,213.0,33.7,123.0,2910.04
AGR_Eas_2022_01638,East_Zone,Odisha_Coastal,2022,Kharif,Wheat,21.06,34.19,1349.35,88.48,10.89,6.55,0.345,144.0,19.6,285.5,4216.8
AGR_Eas_2023_01639,East_Zone,Bihar_Plains,2023,Rabi,Maize,21.4,,322.66,69.29,13.68,6.65,0.461,173.6,30.1,238.8,3750.52
AGR_Eas_2018_01640,East_Zone,Assam_Valley,2018,Rabi,Rice,,24.01,413.26,59.5,13.26,6.67,0.454,196.1,24.0,145.7,4410.25
AGR_Eas_2019_01641,East_Zone,Odisha_Coastal,2019,Kharif,Rice,22.23,35.05,1130.76,,10.0,7.62,0.671,137.7,31.4,228.7,5111.57
AGR_Eas_2020_01642,East_Zone,Bihar_Plains,2020,Kharif,Wheat,24.85,32.95,1214.08,95.0,10.2,7.33,0.544,201.3,11.4,234.6,4975.35
AGR_Eas_2023_01643,East_Zone,WB_Gangetic,2023,Rabi,Pulses,19.12,28.03,283.82,68.26,10.95,6.66,0.599,119.5,13.9,152.8,1734.23
AGR_Eas_2019_01644,East_Zone,Odisha_Coastal,2019,Rabi,Pulses,16.98,29.06,184.0,54.75,14.06,6.24,0.592,211.5,10.2,221.9,1479.27
AGR_Eas_2021_01645,East_Zone,Odisha_Coastal,2021,Kharif,Rice,23.87,34.29,1135.69,74.12,10.0,7.92,0.575,251.9,26.7,217.7,5659.87
AGR_Eas_2019_01646,East_Zone,Bihar_Plains,2019,Kharif,Soybean,21.31,34.43,1420.85,95.0,10.0,7.94,0.517,170.5,25.2,285.2,2972.54
AGR_Eas_2021_01647,East_Zone,Assam_Valley,2021,Rabi,Cotton,,29.67,329.21,78.59,10.0,6.12,0.497,145.8,18.3,233.3,2340.87
AGR_Eas_2018_01648,East_Zone,Assam_Valley,2018,Kharif,Soybean,23.9,36.73,401.6,66.05,10.0,6.74,0.524,195.8,26.2,192.4,3412.15
AGR_Eas_2021_01649,East_Zone,Odisha_Coastal,2021,Kharif,Wheat,20.99,28.27,1559.31,95.0,10.0,6.77,0.78,215.0,24.0,233.9,4479.54
AGR_Eas_2021_01650,East_Zone,Bihar_Plains,2021,Rabi,Cotton,17.85,31.21,315.57,52.39,20.67,5.94,0.643,191.4,13.6,197.1,2697.21
AGR_Eas_2020_01651,East_Zone,WB_Gangetic,2020,Kharif,Rice,21.9,,601.36,,13.32,6.66,0.706,152.5,22.7,271.8,4955.4
AGR_Eas_2018_01652,East_Zone,WB_Gangetic,2018,Kharif,Wheat,20.1,29.41,1292.57,94.98,10.0,6.26,0.471,173.9,15.6,275.3,4247.82
AGR_Eas_2022_01653,East_Zone,WB_Gangetic,2022,Kharif,Wheat,23.23,36.02,868.16,64.48,10.0,7.26,0.697,166.8,9.6,245.2,4741.1
AGR_Eas_2020_01654,East_Zone,Bihar_Plains,2020,Rabi,Maize,14.93,27.5,276.57,65.8,15.26,6.98,0.329,147.2,22.6,323.3,3157.43
AGR_Eas_2020_01655,East_Zone,WB_Gangetic,2020,Rabi,Pulses,17.75,26.24,328.75,58.3,13.6,5.2,0.559,186.5,19.7,258.9,1713.68
AGR_Eas_2021_01656,East_Zone,Bihar_Plains,2021,Rabi,Pulses,18.91,25.97,205.12,60.36,16.09,6.7,0.815,238.8,29.8,298.1,1693.92
AGR_Eas_2019_01657,East_Zone,Bihar_Plains,2019,Kharif,Cotton,21.86,30.7,1453.86,95.0,10.0,6.37,0.454,151.3,21.2,270.0,2477.34
AGR_Eas_2021_01658,East_Zone,Odisha_Coastal,2021,Kharif,Cotton,20.22,29.36,2135.19,95.0,10.0,7.58,0.466,151.4,22.1,189.3,1888.66
AGR_Eas_2021_01659,East_Zone,Assam_Valley,2021,Rabi,Soybean,16.75,,227.27,58.63,13.47,5.95,0.773,215.0,8.8,247.7,3063.11
AGR_Eas_2018_01660,East_Zone,WB_Gangetic,2018,Rabi,Cotton,16.45,26.77,253.2,65.77,10.52,7.21,0.603,235.6,25.9,274.4,2588.75
AGR_Eas_2021_01661,East_Zone,Odisha_Coastal,2021,Kharif,Maize,22.62,,1906.73,95.0,10.0,6.06,0.343,202.3,27.4,156.1,3609.34
AGR_Eas_2021_01662,East_Zone,Bihar_Plains,2021,Rabi,Cotton,19.09,30.15,320.92,69.99,11.29,6.79,0.881,139.8,28.5,128.7,2477.9
AGR_Eas_2019_01663,East_Zone,Odisha_Coastal,2019,Kharif,Cotton,24.19,33.67,1694.45,95.0,10.0,7.82,0.349,235.8,13.8,180.8,2955.59
AGR_Eas_2019_01664,East_Zone,WB_Gangetic,2019,Rabi,Cotton,18.89,29.87,363.39,51.27,13.33,6.32,0.473,140.9,17.6,267.5,2354.49
AGR_Eas_2020_01665,East_Zone,WB_Gangetic,2020,Kharif,Cotton,23.42,33.17,1424.88,81.33,10.2,7.15,0.473,175.0,27.0,218.4,2822.45
AGR_Eas_2021_01666,East_Zone,WB_Gangetic,2021,Rabi,Pulses,19.41,26.61,211.09,40.0,11.05,5.85,0.684,228.6,17.1,190.9,1501.66
AGR_Eas_2022_01667,East_Zone,Assam_Valley,2022,Kharif,Rice,21.42,30.9,1303.58,94.72,10.0,6.84,0.68,143.7,16.4,249.0,4951.14
AGR_Eas_2018_01668,East_Zone,Bihar_Plains,2018,Zaid,Cotton,22.52,36.12,91.41,53.99,15.84,6.53,0.905,160.0,14.6,223.6,2620.82
AGR_Eas_2018_01669,East_Zone,Bihar_Plains,2018,Rabi,Soybean,21.96,29.93,372.97,,12.82,7.79,0.432,172.3,33.9,223.0,3114.32
AGR_Eas_2018_01670,East_Zone,WB_Gangetic,2018,Kharif,Soybean,24.56,34.52,1496.19,92.75,10.54,7.55,0.649,149.6,10.5,199.0,3061.45
AGR_Eas_2021_01671,East_Zone,Odisha_Coastal,2021,Kharif,Cotton,24.98,37.09,1116.57,93.52,10.0,6.16,0.473,135.6,16.5,199.7,2719.96
AGR_Eas_2018_01672,East_Zone,Assam_Valley,2018,Kharif,Wheat,19.71,28.85,1612.75,95.0,10.0,6.53,0.641,176.4,25.0,217.7,3967.2
AGR_Eas_2021_01673,East_Zone,Bihar_Plains,2021,Kharif,Maize,23.64,35.14,1575.44,95.0,10.0,6.12,0.7,163.6,8.0,192.3,4306.14
AGR_Eas_2023_01674,East_Zone,Odisha_Coastal,2023,Kharif,Maize,23.96,36.35,257.18,72.63,12.57,7.3,0.639,150.9,16.3,234.3,3667.69
AGR_Eas_2020_01675,East_Zone,WB_Gangetic,2020,Kharif,Wheat,23.96,37.27,1203.78,93.63,10.0,6.82,0.696,178.7,22.5,293.1,4369.67
AGR_Eas_2018_01676,East_Zone,WB_Gangetic,2018,Kharif,Rice,24.94,33.48,1502.38,95.0,10.0,7.78,1.015,178.4,12.3,233.6,5494.17
AGR_Eas_2018_01677,East_Zone,Odisha_Coastal,2018,Rabi,Pulses,17.71,,292.97,,12.03,6.29,0.675,188.6,25.5,244.4,1792.98
AGR_Eas_2022_01678,East_Zone,Bihar_Plains,2022,Rabi,Soybean,17.15,29.76,485.89,54.91,13.1,7.18,0.506,134.0,21.8,161.2,2696.49
AGR_Eas_2023_01679,East_Zone,Assam_Valley,2023,Kharif,Maize,24.07,34.38,1350.63,88.58,10.0,6.99,0.619,174.2,13.1,286.5,4340.47
AGR_Eas_2022_01680,East_Zone,Assam_Valley,2022,Kharif,Wheat,24.84,36.87,816.35,63.44,11.45,7.31,0.654,164.5,23.5,220.0,4423.28
AGR_Eas_2022_01681,East_Zone,Bihar_Plains,2022,Rabi,Cotton,20.02,28.34,344.08,,15.63,5.41,0.525,189.0,26.0,257.8,2539.76
AGR_Eas_2023_01682,East_Zone,Assam_Valley,2023,Kharif,Wheat,21.67,34.26,1133.05,75.67,11.17,6.0,0.763,165.7,16.1,218.6,4821.85
AGR_Eas_2023_01683,East_Zone,WB_Gangetic,2023,Rabi,Wheat,19.21,30.54,306.74,51.31,14.48,7.18,0.548,214.9,24.8,206.7,4491.43
AGR_Eas_2020_01684,East_Zone,Bihar_Plains,2020,Kharif,Soybean,23.48,34.51,1501.13,,10.0,6.53,0.484,181.7,21.0,264.0,3248.98
AGR_Eas_2019_01685,East_Zone,WB_Gangetic,2019,Rabi,Maize,15.78,25.25,339.54,52.1,15.66,7.12,0.954,113.1,25.6,230.8,3397.37
AGR_Eas_2019_01686,East_Zone,Odisha_Coastal,2019,Kharif,Rice,23.08,34.11,1197.38,91.75,10.83,7.0,0.47,179.0,27.3,241.5,5088.78
AGR_Eas_2019_01687,East_Zone,WB_Gangetic,2019,Rabi,Soybean,17.85,30.65,162.9,72.84,12.01,7.52,0.555,218.0,17.7,185.1,2655.5
AGR_Eas_2021_01688,East_Zone,WB_Gangetic,2021,Kharif,Soybean,26.55,39.35,662.85,79.99,13.22,6.26,1.05,183.5,24.7,245.6,3260.81
AGR_Eas_2019_01689,East_Zone,WB_Gangetic,2019,Kharif,Soybean,24.85,33.4,1297.27,90.87,10.78,8.5,0.427,140.2,30.4,207.0,3044.69
AGR_Eas_2023_01690,East_Zone,Assam_Valley,2023,Kharif,Maize,23.73,31.5,1817.11,95.0,10.89,6.73,0.456,160.6,17.3,279.2,3387.91
AGR_Eas_2023_01691,East_Zone,Bihar_Plains,2023,Kharif,Rice,20.68,27.89,1871.35,95.0,10.0,6.57,0.716,152.5,16.3,244.0,4508.03
AGR_Eas_2023_01692,East_Zone,WB_Gangetic,2023,Kharif,Rice,23.65,32.24,1423.08,95.0,10.0,7.84,0.773,150.9,20.0,309.0,5390.91
AGR_Eas_2019_01693,East_Zone,Bihar_Plains,2019,Rabi,Cotton,16.94,26.72,277.7,60.43,14.87,6.09,0.2,188.9,26.5,167.3,2113.4
AGR_Eas_2023_01694,East_Zone,Assam_Valley,2023,Kharif,Maize,19.48,32.23,1896.03,95.0,10.0,6.54,0.638,207.5,14.1,216.5,3697.48
AGR_Eas_2018_01695,East_Zone,WB_Gangetic,2018,Kharif,Maize,22.42,33.46,1265.84,82.98,10.0,7.16,0.43,165.5,23.7,226.6,3787.98
AGR_Eas_2019_01696,East_Zone,Bihar_Plains,2019,Kharif,Cotton,22.35,34.67,1620.65,95.0,10.0,6.91,0.723,213.8,30.8,233.4,2884.11
AGR_Eas_2021_01697,East_Zone,Odisha_Coastal,2021,Rabi,Cotton,18.43,,356.92,57.71,15.15,6.63,0.599,177.8,27.9,156.6,2773.08
AGR_Eas_2022_01698,East_Zone,Assam_Valley,2022,Rabi,Soybean,19.62,26.62,356.54,71.87,11.9,7.35,0.766,189.0,27.6,229.3,3313.45
AGR_Eas_2021_01699,East_Zone,Odisha_Coastal,2021,Kharif,Cotton,24.65,35.39,1581.99,95.0,10.0,6.87,0.748,229.2,16.4,203.6,3216.2
AGR_Eas_2019_01700,East_Zone,Bihar_Plains,2019,Zaid,Soybean,23.78,34.46,183.25,63.5,10.0,6.39,0.727,148.5,17.8,172.1,2736.32
AGR_Eas_2019_01701,East_Zone,WB_Gangetic,2019,Rabi,Rice,16.36,28.14,249.91,62.71,15.09,7.53,0.942,230.9,26.8,219.8,5043.23
AGR_Eas_2021_01702,East_Zone,Bihar_Plains,2021,Kharif,Wheat,18.9,30.41,1180.54,83.06,10.02,5.96,0.768,174.0,32.3,280.6,4834.91
AGR_Eas_2020_01703,East_Zone,Odisha_Coastal,2020,Zaid,Soybean,25.84,35.69,179.44,47.28,15.98,5.77,0.621,126.2,15.4,144.9,2588.43
AGR_Eas_2020_01704,East_Zone,Assam_Valley,2020,Kharif,Maize,22.2,31.88,1846.46,95.0,12.59,7.68,0.596,170.4,26.2,205.9,3605.47
AGR_Eas_2023_01705,East_Zone,WB_Gangetic,2023,Kharif,Soybean,21.69,32.56,878.12,82.91,13.04,7.35,0.56,204.2,24.6,162.6,3434.29
AGR_Eas_2019_01706,East_Zone,WB_Gangetic,2019,Kharif,Pulses,21.08,28.2,1297.62,94.72,10.0,7.28,0.476,129.4,28.7,209.3,1880.76
AGR_Eas_2022_01707,East_Zone,Bihar_Plains,2022,Rabi,Pulses,19.54,28.9,231.09,72.0,10.0,6.7,0.576,179.1,24.2,224.8,1685.48
AGR_Eas_2022_01708,East_Zone,Assam_Valley,2022,Rabi,Rice,19.37,28.16,215.87,69.62,11.24,7.0,0.898,162.1,26.0,194.5,4789.36
AGR_Eas_2021_01709,East_Zone,Assam_Valley,2021,Zaid,Rice,26.13,33.38,108.88,49.97,13.95,7.29,0.415,220.8,15.9,226.5,4105.15
AGR_Eas_2021_01710,East_Zone,Assam_Valley,2021,Kharif,Wheat,23.8,,,88.6,11.8,7.02,0.404,160.5,14.3,227.2,4269.1
AGR_Eas_2020_01711,East_Zone,Odisha_Coastal,2020,Kharif,Maize,26.51,36.59,1778.42,95.0,11.38,7.38,0.485,183.0,28.5,231.7,3715.42
AGR_Eas_2021_01712,East_Zone,Odisha_Coastal,2021,Rabi,Wheat,21.35,31.66,207.58,55.97,10.0,6.03,0.412,181.7,21.2,169.1,4047.36
AGR_Eas_2021_01713,East_Zone,Odisha_Coastal,2021,Kharif,Soybean,21.6,31.26,1478.36,95.0,10.0,7.91,0.781,105.7,16.7,110.0,3025.29
AGR_Eas_2020_01714,East_Zone,Assam_Valley,2020,Kharif,Soybean,24.7,37.67,1179.84,92.55,10.0,7.38,1.173,239.1,23.6,244.8,3668.97
AGR_Eas_2022_01715,East_Zone,Bihar_Plains,2022,Kharif,Rice,23.27,34.83,726.01,83.63,12.15,8.0,0.559,202.3,25.6,229.5,5204.41
AGR_Eas_2018_01716,East_Zone,WB_Gangetic,2018,Kharif,Maize,24.56,32.96,1974.4,95.0,10.0,7.78,0.694,108.1,15.1,201.9,3528.88
AGR_Eas_2022_01717,East_Zone,Odisha_Coastal,2022,Kharif,Soybean,24.17,37.66,1992.27,95.0,10.0,5.2,0.486,138.6,22.9,201.3,2531.99
AGR_Eas_2020_01718,East_Zone,Assam_Valley,2020,Kharif,Pulses,21.95,29.41,487.24,54.97,10.19,6.42,0.784,159.3,36.8,192.7,2199.49
AGR_Eas_2020_01719,East_Zone,WB_Gangetic,2020,Kharif,Wheat,23.17,30.94,2032.81,95.0,10.0,6.79,0.646,233.7,14.3,183.4,4309.39
AGR_Eas_2023_01720,East_Zone,Assam_Valley,2023,Rabi,Maize,19.07,28.41,219.18,46.17,11.55,6.9,0.297,179.7,23.9,227.2,3566.82
AGR_Eas_2022_01721,East_Zone,WB_Gangetic,2022,Kharif,Maize,23.2,34.7,1693.03,95.0,10.0,7.1,0.547,189.3,23.2,240.5,3912.14
AGR_Eas_2020_01722,East_Zone,Bihar_Plains,2020,Kharif,Soybean,22.83,35.98,774.15,67.93,10.0,7.49,0.827,162.0,23.5,188.2,3660.6
AGR_Eas_2020_01723,East_Zone,Odisha_Coastal,2020,Kharif,Pulses,23.27,33.16,1338.06,77.05,10.0,6.35,0.369,200.5,28.0,209.5,2368.14
AGR_Eas_2018_01724,East_Zone,Assam_Valley,2018,Kharif,Soybean,24.87,36.37,1261.01,90.67,10.0,7.06,0.46,206.1,9.9,163.2,3244.86
AGR_Eas_2023_01725,East_Zone,WB_Gangetic,2023,Rabi,Pulses,19.94,31.66,169.13,55.17,13.75,7.32,0.659,153.4,11.0,292.1,1571.09
AGR_Eas_2021_01726,East_Zone,Assam_Valley,2021,Rabi,Wheat,20.29,28.94,265.22,68.43,10.0,7.41,0.408,154.8,22.1,217.6,3817.79
AGR_Eas_2023_01727,East_Zone,WB_Gangetic,2023,Kharif,Soybean,21.77,34.71,1512.17,95.0,10.0,7.47,0.73,98.2,27.9,271.2,3322.47
AGR_Eas_2023_01728,East_Zone,Assam_Valley,2023,Kharif,Maize,22.93,36.3,1395.54,95.0,10.0,7.12,0.607,90.0,25.0,219.2,3786.28
AGR_Eas_2019_01729,East_Zone,Assam_Valley,2019,Kharif,Rice,24.21,,717.37,70.65,10.47,7.2,0.624,167.4,20.3,218.6,5236.42
AGR_Eas_2021_01730,East_Zone,WB_Gangetic,2021,Rabi,Maize,18.27,28.86,233.8,52.11,12.75,7.19,0.502,111.8,19.5,227.6,2802.27
AGR_Eas_2023_01731,East_Zone,Odisha_Coastal,2023,Rabi,Cotton,18.73,31.43,308.16,65.01,11.5,7.09,0.781,245.0,22.7,208.7,3125.0
AGR_Eas_2020_01732,East_Zone,WB_Gangetic,2020,Kharif,Pulses,22.1,34.15,897.06,80.15,10.0,6.79,0.602,194.9,12.8,244.2,2228.97
AGR_Eas_2022_01733,East_Zone,Odisha_Coastal,2022,Zaid,Wheat,25.89,,101.56,59.0,13.42,7.31,0.2,193.5,28.0,220.4,3511.74
AGR_Eas_2019_01734,East_Zone,Bihar_Plains,2019,Kharif,Cotton,25.7,35.34,1555.9,89.06,10.0,5.68,0.593,194.8,33.7,174.1,3094.57
AGR_Eas_2022_01735,East_Zone,WB_Gangetic,2022,Kharif,Wheat,20.96,32.07,1875.86,95.0,10.0,7.75,0.527,190.1,22.9,209.3,4239.11
AGR_Eas_2022_01736,East_Zone,WB_Gangetic,2022,Zaid,Wheat,21.77,32.83,47.3,60.96,13.82,5.99,0.766,256.5,32.6,175.5,4287.9
AGR_Eas_2021_01737,East_Zone,Odisha_Coastal,2021,Rabi,Cotton,20.06,33.75,212.13,64.54,10.0,7.3,0.497,182.8,29.1,317.0,2665.73
AGR_Eas_2021_01738,East_Zone,Bihar_Plains,2021,Rabi,Pulses,18.34,29.58,327.32,57.1,12.6,6.02,0.744,195.3,8.0,154.6,2005.39
AGR_Eas_2021_01739,East_Zone,WB_Gangetic,2021,Rabi,Wheat,19.85,29.73,,40.17,12.06,6.33,0.311,154.2,21.7,192.1,3148.39
AGR_Eas_2021_01740,East_Zone,Bihar_Plains,2021,Kharif,Rice,25.14,34.33,1518.6,87.41,10.0,7.32,0.403,183.3,24.4,249.5,5025.95
AGR_Eas_2018_01741,East_Zone,WB_Gangetic,2018,Kharif,Wheat,19.8,29.17,1294.08,95.0,10.0,7.23,0.612,115.9,21.1,245.8,4287.52
AGR_Eas_2020_01742,East_Zone,Odisha_Coastal,2020,Rabi,Soybean,18.21,31.17,273.57,73.76,10.0,7.46,0.601,237.4,22.1,270.9,3012.87
AGR_Eas_2023_01743,East_Zone,Bihar_Plains,2023,Kharif,Soybean,24.51,36.62,1385.88,95.0,11.75,6.4,0.2,155.3,21.9,195.7,2806.12
AGR_Eas_2022_01744,East_Zone,Odisha_Coastal,2022,Kharif,Pulses,22.08,29.6,1738.85,95.0,10.0,7.04,0.675,117.3,20.8,285.5,1664.0
AGR_Eas_2019_01745,East_Zone,WB_Gangetic,2019,Rabi,Maize,21.05,34.24,273.93,77.9,10.0,6.74,0.8,218.0,23.9,203.2,4066.99
AGR_Eas_2020_01746,East_Zone,Odisha_Coastal,2020,Rabi,Cotton,20.14,29.98,272.2,69.32,10.0,7.01,0.87,173.2,20.2,241.4,3305.94
AGR_Eas_2021_01747,East_Zone,WB_Gangetic,2021,Kharif,Cotton,21.3,29.43,1966.33,95.0,10.0,6.32,0.833,148.3,19.6,207.8,2607.47
AGR_Eas_2021_01748,East_Zone,Bihar_Plains,2021,Kharif,Pulses,22.86,36.86,1312.51,95.0,10.0,6.49,0.732,151.4,22.0,193.8,2071.66
AGR_Eas_2018_01749,East_Zone,Bihar_Plains,2018,Rabi,Wheat,,26.99,223.86,48.48,13.83,6.63,0.566,192.2,24.7,253.3,3889.26
AGR_Eas_2023_01750,East_Zone,WB_Gangetic,2023,Kharif,Soybean,24.31,37.81,1046.97,63.04,12.55,6.12,0.634,187.2,30.2,209.9,3121.03
AGR_Eas_2018_01751,East_Zone,Odisha_Coastal,2018,Rabi,Wheat,18.04,27.45,211.87,,12.32,6.52,0.57,196.6,21.9,209.8,3908.21
AGR_Eas_2023_01752,East_Zone,Odisha_Coastal,2023,Kharif,Rice,24.7,37.45,1121.43,95.0,10.06,5.63,0.731,166.7,25.0,157.1,5239.91
AGR_Eas_2021_01753,East_Zone,Assam_Valley,2021,Rabi,Cotton,18.54,27.26,299.08,68.71,11.43,7.38,0.736,203.4,19.0,213.7,2344.49
AGR_Eas_2018_01754,East_Zone,Assam_Valley,2018,Rabi,Pulses,18.55,31.19,401.95,78.16,10.0,6.82,0.417,175.6,11.1,178.9,2193.5
AGR_Eas_2019_01755,East_Zone,WB_Gangetic,2019,Rabi,Rice,20.29,29.1,265.13,64.49,10.0,6.87,0.667,156.1,25.3,160.2,4592.92
AGR_Eas_2022_01756,East_Zone,Bihar_Plains,2022,Zaid,Maize,25.38,33.29,150.44,,10.0,7.09,0.651,216.4,26.5,143.7,3746.5
AGR_Eas_2022_01757,East_Zone,Assam_Valley,2022,Rabi,Rice,16.79,,197.53,,10.05,6.42,0.711,190.1,20.2,173.4,4455.45
AGR_Eas_2019_01758,East_Zone,Odisha_Coastal,2019,Kharif,Wheat,24.31,34.89,1188.21,95.0,10.0,5.81,0.762,158.6,23.7,220.4,4596.79
AGR_Eas_2022_01759,East_Zone,Odisha_Coastal,2022,Rabi,Rice,18.48,29.24,313.86,53.63,12.34,6.61,0.522,158.5,24.1,224.3,4706.53
AGR_Eas_2023_01760,East_Zone,Assam_Valley,2023,Kharif,Cotton,23.92,37.53,2234.57,95.0,10.58,5.88,0.661,166.0,15.7,230.9,2311.63
AGR_Eas_2022_01761,East_Zone,WB_Gangetic,2022,Rabi,Rice,,26.85,224.51,65.17,12.15,6.44,0.633,226.3,26.3,200.0,4862.4
AGR_Eas_2023_01762,East_Zone,WB_Gangetic,2023,Rabi,Wheat,19.87,27.44,354.29,73.1,10.0,7.41,0.34,203.8,38.7,229.8,3992.98
AGR_Eas_2023_01763,East_Zone,Bihar_Plains,2023,Kharif,Rice,,33.29,1720.18,95.0,10.0,7.4,0.741,217.7,14.0,256.7,5577.88
AGR_Eas_2022_01764,East_Zone,Odisha_Coastal,2022,Rabi,Wheat,17.02,25.92,397.76,60.43,10.0,6.16,0.524,199.7,13.4,207.8,4115.87
AGR_Eas_2018_01765,East_Zone,Odisha_Coastal,2018,Rabi,Cotton,19.14,27.05,359.97,62.63,10.47,6.21,0.597,240.1,27.7,155.0,3079.89
AGR_Eas_2021_01766,East_Zone,Odisha_Coastal,2021,Kharif,Rice,27.09,37.35,1109.49,95.0,10.0,6.69,0.342,196.9,33.3,183.6,4904.08
AGR_Eas_2018_01767,East_Zone,Bihar_Plains,2018,Rabi,Wheat,19.4,30.24,283.91,,13.07,7.32,0.736,232.4,24.1,214.9,4356.17
AGR_Eas_2021_01768,East_Zone,WB_Gangetic,2021,Rabi,Wheat,21.39,29.35,72.65,70.48,11.84,7.04,0.577,222.8,26.5,250.8,3998.91
AGR_Eas_2023_01769,East_Zone,WB_Gangetic,2023,Rabi,Maize,20.75,30.09,350.63,60.5,12.29,7.28,0.768,196.8,22.1,261.3,4124.49
AGR_Eas_2023_01770,East_Zone,Assam_Valley,2023,Rabi,Pulses,16.41,25.77,185.68,68.07,10.0,6.04,0.656,251.7,25.5,122.8,1544.69
AGR_Eas_2021_01771,East_Zone,Bihar_Plains,2021,Rabi,Soybean,21.1,32.68,154.64,46.94,13.3,6.28,0.691,203.9,27.3,209.1,2851.12
AGR_Eas_2023_01772,East_Zone,Odisha_Coastal,2023,Rabi,Pulses,18.58,28.05,271.94,52.47,12.85,7.68,0.715,198.4,8.0,287.4,1861.12
AGR_Eas_2019_01773,East_Zone,WB_Gangetic,2019,Rabi,Maize,18.42,26.65,292.4,58.03,15.01,7.5,0.326,164.5,19.9,168.3,3468.24
AGR_Eas_2023_01774,East_Zone,Assam_Valley,2023,Rabi,Pulses,20.45,29.42,328.11,58.71,12.39,7.31,0.692,186.7,25.5,259.2,1802.15
AGR_Eas_2021_01775,East_Zone,Assam_Valley,2021,Rabi,Maize,19.83,29.9,292.62,56.59,11.86,6.75,0.481,164.2,26.3,244.6,3457.13
AGR_Eas_2022_01776,East_Zone,WB_Gangetic,2022,Zaid,Cotton,26.08,33.27,222.14,48.58,11.83,5.88,0.702,154.4,17.5,188.7,2528.63
AGR_Eas_2018_01777,East_Zone,WB_Gangetic,2018,Kharif,Rice,21.14,33.86,884.34,72.72,10.87,6.72,0.531,202.6,33.8,211.9,4951.18
AGR_Eas_2019_01778,East_Zone,Assam_Valley,2019,Zaid,Cotton,23.46,33.53,159.45,76.97,10.0,6.73,0.691,117.5,30.3,170.4,2404.56
AGR_Eas_2023_01779,East_Zone,Bihar_Plains,2023,Rabi,Wheat,17.44,26.4,326.41,48.79,15.09,6.71,0.516,139.9,25.0,195.3,3909.14
AGR_Eas_2022_01780,East_Zone,WB_Gangetic,2022,Rabi,Cotton,17.99,31.78,336.94,47.1,10.13,7.52,0.835,213.7,19.3,176.0,2825.61
AGR_Eas_2020_01781,East_Zone,WB_Gangetic,2020,Kharif,Rice,24.3,37.44,1292.17,81.52,10.46,7.61,0.603,142.2,27.4,305.0,4974.82
AGR_Eas_2022_01782,East_Zone,Odisha_Coastal,2022,Rabi,Cotton,20.79,34.25,346.44,42.48,16.53,7.97,0.598,155.5,18.4,201.4,2637.01
AGR_Eas_2021_01783,East_Zone,Odisha_Coastal,2021,Rabi,Cotton,19.55,32.39,289.12,61.95,10.5,6.49,0.811,218.1,18.5,256.1,2970.38
AGR_Eas_2019_01784,East_Zone,WB_Gangetic,2019,Zaid,Wheat,25.05,36.8,90.1,45.35,14.63,6.75,0.367,165.6,26.6,176.7,3631.03
AGR_Eas_2023_01785,East_Zone,WB_Gangetic,2023,Kharif,Wheat,23.61,36.18,1363.78,91.42,10.0,6.69,0.849,171.0,31.5,142.5,5000.68
AGR_Eas_2020_01786,East_Zone,Assam_Valley,2020,Kharif,Pulses,24.3,34.24,2291.98,95.0,10.94,6.84,0.298,194.3,24.0,186.9,1275.57
AGR_Eas_2021_01787,East_Zone,Odisha_Coastal,2021,Zaid,Soybean,23.22,33.42,107.57,43.77,14.72,6.42,0.716,209.6,11.5,300.1,2639.36
AGR_Eas_2023_01788,East_Zone,WB_Gangetic,2023,Kharif,Rice,21.61,34.36,,74.35,11.42,6.6,0.54,224.3,23.6,178.6,5529.21
AGR_Eas_2023_01789,East_Zone,Assam_Valley,2023,Rabi,Rice,21.4,28.62,264.38,55.58,11.87,6.03,0.407,162.1,19.5,197.5,4617.31
AGR_Eas_2022_01790,East_Zone,Odisha_Coastal,2022,Zaid,Maize,,33.81,186.99,44.45,15.83,7.0,0.482,220.0,25.7,272.1,3822.83
AGR_Eas_2022_01791,East_Zone,WB_Gangetic,2022,Kharif,Wheat,23.96,31.54,950.74,71.5,10.0,7.03,0.36,164.3,25.2,211.4,4426.08
AGR_Eas_2018_01792,East_Zone,WB_Gangetic,2018,Kharif,Maize,20.43,29.09,565.81,65.39,13.45,6.54,0.627,240.5,20.5,179.0,4479.03
AGR_Eas_2019_01793,East_Zone,WB_Gangetic,2019,Rabi,Cotton,18.78,32.43,368.4,59.07,10.0,5.2,0.538,208.2,16.1,218.2,2726.22
AGR_Eas_2022_01794,East_Zone,Assam_Valley,2022,Rabi,Soybean,18.78,30.09,255.46,54.35,13.89,6.73,0.459,176.1,26.4,262.9,2430.52
AGR_Eas_2019_01795,East_Zone,Odisha_Coastal,2019,Rabi,Wheat,20.75,29.35,254.31,45.61,14.06,6.14,0.699,227.6,16.9,170.7,4777.18
AGR_Eas_2022_01796,East_Zone,Bihar_Plains,2022,Kharif,Cotton,22.68,33.91,1262.59,95.0,10.0,7.01,0.786,236.9,21.5,203.4,3240.2
AGR_Eas_2023_01797,East_Zone,WB_Gangetic,2023,Kharif,Cotton,21.83,32.04,1307.9,95.0,10.29,6.17,0.583,138.7,23.2,181.4,2743.67
AGR_Eas_2019_01798,East_Zone,WB_Gangetic,2019,Kharif,Rice,24.39,31.87,1681.95,95.0,10.0,6.34,0.882,194.2,24.4,166.0,5199.11
AGR_Eas_2023_01799,East_Zone,Assam_Valley,2023,Kharif,Rice,21.94,29.66,1744.8,95.0,10.0,6.56,0.504,153.3,9.7,172.4,4322.85
AGR_Eas_2018_01800,East_Zone,Odisha_Coastal,2018,Rabi,Cotton,20.71,33.44,170.55,68.54,10.0,6.85,0.743,243.0,24.7,227.6,2533.53
AGR_Eas_2020_01801,East_Zone,Bihar_Plains,2020,Kharif,Cotton,21.16,29.97,825.29,94.36,10.0,6.43,0.509,183.9,23.6,261.5,2907.14
AGR_Eas_2022_01802,East_Zone,Bihar_Plains,2022,Kharif,Pulses,25.38,34.05,1152.87,95.0,10.0,6.53,0.63,105.6,10.7,228.5,2001.27
AGR_Eas_2019_01803,East_Zone,Assam_Valley,2019,Kharif,Soybean,22.48,32.81,1384.19,95.0,10.0,7.03,0.338,145.9,22.5,250.1,3041.43
AGR_Eas_2018_01804,East_Zone,Odisha_Coastal,2018,Kharif,Cotton,24.26,34.88,892.52,82.48,11.13,6.18,0.552,179.8,16.9,183.6,3435.89
AGR_Eas_2020_01805,East_Zone,Odisha_Coastal,2020,Kharif,Cotton,22.69,30.32,1216.68,95.0,10.0,6.43,0.644,177.6,13.0,272.9,2899.71
AGR_Eas_2021_01806,East_Zone,WB_Gangetic,2021,Zaid,Pulses,25.11,32.6,194.91,50.88,10.0,7.08,0.82,188.4,30.4,237.9,1806.8
AGR_Eas_2023_01807,East_Zone,Assam_Valley,2023,Rabi,Soybean,17.23,24.75,160.09,45.84,11.29,6.93,0.566,186.5,23.9,203.4,2125.01
AGR_Eas_2021_01808,East_Zone,Assam_Valley,2021,Rabi,Soybean,17.39,26.19,226.86,52.01,11.51,6.5,0.749,192.1,18.0,160.5,2429.32
AGR_Eas_2023_01809,East_Zone,Bihar_Plains,2023,Kharif,Wheat,22.73,34.27,1697.91,95.0,10.0,6.23,0.613,141.9,22.1,235.1,4434.34
AGR_Eas_2021_01810,East_Zone,WB_Gangetic,2021,Zaid,Rice,23.93,35.29,116.89,49.46,12.29,6.69,0.508,153.1,19.1,221.4,4274.35
AGR_Eas_2023_01811,East_Zone,Bihar_Plains,2023,Rabi,Wheat,19.4,30.86,232.57,65.67,10.98,6.68,0.534,181.9,26.6,168.1,3942.64
AGR_Eas_2021_01812,East_Zone,Assam_Valley,2021,Kharif,Rice,24.33,32.55,1526.04,95.0,10.0,6.09,0.573,176.6,19.5,208.4,5133.97
AGR_Eas_2021_01813,East_Zone,Odisha_Coastal,2021,Rabi,Maize,20.85,32.11,318.42,63.21,10.0,7.12,0.373,192.7,34.9,155.8,3791.82
AGR_Eas_2018_01814,East_Zone,Assam_Valley,2018,Kharif,Rice,25.42,33.5,1616.79,95.0,10.0,7.54,0.439,230.3,21.7,170.7,5297.31
AGR_Eas_2022_01815,East_Zone,WB_Gangetic,2022,Rabi,Pulses,20.99,32.67,192.19,56.58,10.36,6.15,0.714,261.5,31.4,237.8,1976.67
AGR_Eas_2018_01816,East_Zone,Bihar_Plains,2018,Kharif,Soybean,21.16,29.07,1126.97,84.84,10.0,7.93,0.587,162.5,23.4,196.4,3223.58
AGR_Eas_2018_01817,East_Zone,WB_Gangetic,2018,Rabi,Cotton,18.82,27.08,278.95,72.64,14.04,5.93,0.681,197.3,11.3,187.6,2437.16
AGR_Eas_2021_01818,East_Zone,Assam_Valley,2021,Kharif,Soybean,21.78,31.45,1261.18,95.0,10.0,6.83,0.84,256.3,14.3,226.2,3495.69
AGR_Eas_2020_01819,East_Zone,Bihar_Plains,2020,Rabi,Pulses,19.06,31.96,337.59,70.22,10.0,7.3,0.494,185.2,22.7,261.9,1779.91
AGR_Eas_2018_01820,East_Zone,Odisha_Coastal,2018,Kharif,Soybean,20.71,28.44,1048.09,,13.5,7.08,0.705,123.9,19.5,272.9,2873.49
AGR_Eas_2019_01821,East_Zone,Odisha_Coastal,2019,Rabi,Soybean,17.23,26.41,215.21,73.1,10.0,6.4,0.615,234.1,22.9,265.8,2850.01
AGR_Eas_2018_01822,East_Zone,Assam_Valley,2018,Kharif,Soybean,25.3,33.44,1282.34,84.86,10.0,5.65,0.782,155.5,27.4,249.6,3658.66
AGR_Eas_2022_01823,East_Zone,Bihar_Plains,2022,Rabi,Soybean,19.61,33.5,252.57,47.54,13.35,6.36,0.691,178.7,18.5,208.9,3140.27
AGR_Eas_2020_01824,East_Zone,Assam_Valley,2020,Kharif,Cotton,22.19,34.6,1240.21,92.14,10.0,6.11,0.535,176.9,23.2,220.5,3029.69
AGR_Eas_2018_01825,East_Zone,Odisha_Coastal,2018,Kharif,Rice,22.32,29.99,1072.78,78.83,10.0,6.03,0.688,203.2,25.7,271.6,5041.82
AGR_Eas_2023_01826,East_Zone,Bihar_Plains,2023,Kharif,Wheat,23.01,36.78,2059.67,95.0,11.59,6.62,0.501,148.2,18.6,166.8,3551.91
AGR_Eas_2019_01827,East_Zone,Assam_Valley,2019,Rabi,Pulses,20.79,33.99,260.49,58.39,11.71,7.59,0.555,241.5,21.2,194.9,2069.99
AGR_Eas_2021_01828,East_Zone,WB_Gangetic,2021,Rabi,Cotton,17.82,29.92,174.96,60.02,15.04,7.19,0.605,198.7,30.7,189.9,2418.45
AGR_Eas_2020_01829,East_Zone,Assam_Valley,2020,Kharif,Wheat,,31.49,1298.48,87.22,10.0,7.25,0.603,218.8,20.3,296.9,4928.57
AGR_Eas_2022_01830,East_Zone,WB_Gangetic,2022,Rabi,Pulses,,27.17,396.95,76.25,12.36,6.54,0.633,145.4,15.2,146.8,1937.53
AGR_Eas_2022_01831,East_Zone,WB_Gangetic,2022,Kharif,Soybean,23.59,31.21,1951.08,95.0,10.02,7.04,0.867,137.7,20.2,173.7,2502.53
AGR_Eas_2020_01832,East_Zone,Odisha_Coastal,2020,Kharif,Maize,21.46,28.86,1118.93,87.81,10.0,7.42,0.499,164.0,24.5,307.9,4036.85
AGR_Eas_2021_01833,East_Zone,Bihar_Plains,2021,Kharif,Cotton,24.57,32.7,1376.2,95.0,10.0,6.12,0.71,252.5,24.6,214.5,3236.79
AGR_Eas_2020_01834,East_Zone,Odisha_Coastal,2020,Kharif,Cotton,23.61,,1714.12,95.0,10.0,6.76,0.618,156.5,28.3,218.7,2764.61
AGR_Eas_2020_01835,East_Zone,Bihar_Plains,2020,Kharif,Cotton,23.67,,359.13,57.84,10.09,6.94,0.898,125.4,11.7,186.1,2697.63
AGR_Eas_2018_01836,East_Zone,Assam_Valley,2018,Rabi,Wheat,19.68,33.31,313.72,63.04,10.69,6.02,0.352,195.1,22.0,126.3,4239.22
AGR_Eas_2018_01837,East_Zone,Bihar_Plains,2018,Rabi,Pulses,18.47,26.66,410.69,71.04,10.0,6.15,0.287,163.2,25.4,202.5,1893.33
AGR_Eas_2021_01838,East_Zone,Odisha_Coastal,2021,Kharif,Pulses,22.44,34.9,1232.14,95.0,10.0,6.27,0.316,170.6,25.7,253.4,2198.02
AGR_Eas_2023_01839,East_Zone,WB_Gangetic,2023,Rabi,Maize,18.11,29.79,156.83,59.86,13.62,7.55,0.744,223.8,19.5,235.1,3414.16
AGR_Eas_2022_01840,East_Zone,WB_Gangetic,2022,Kharif,Soybean,23.92,33.63,1908.27,95.0,10.0,7.47,0.711,167.7,24.7,204.6,2970.04
AGR_Eas_2022_01841,East_Zone,WB_Gangetic,2022,Rabi,Soybean,20.03,28.87,,57.03,10.13,6.34,0.293,171.6,15.5,182.1,2422.23
AGR_Eas_2018_01842,East_Zone,Assam_Valley,2018,Kharif,Pulses,24.62,36.86,1463.71,76.83,10.37,7.03,0.556,127.6,19.9,205.0,2175.71
AGR_Eas_2020_01843,East_Zone,WB_Gangetic,2020,Kharif,Maize,23.88,34.43,951.65,,13.23,5.94,0.453,159.2,25.1,154.0,4055.69
AGR_Eas_2020_01844,East_Zone,WB_Gangetic,2020,Kharif,Cotton,23.8,34.48,1053.81,91.52,10.0,6.95,0.463,137.6,29.0,205.7,2754.52
AGR_Eas_2020_01845,East_Zone,Assam_Valley,2020,Kharif,Wheat,24.83,35.38,1353.53,95.0,10.0,6.8,0.348,151.0,24.5,270.9,4318.26
AGR_Eas_2023_01846,East_Zone,Odisha_Coastal,2023,Zaid,Wheat,23.52,30.63,,71.99,10.0,6.73,0.635,173.0,25.5,208.2,4006.32
AGR_Eas_2021_01847,East_Zone,Assam_Valley,2021,Rabi,Pulses,18.01,30.13,213.89,61.59,10.0,6.75,0.67,150.8,16.4,253.7,1590.63
AGR_Eas_2018_01848,East_Zone,Bihar_Plains,2018,Rabi,Soybean,18.46,31.68,111.75,62.33,12.41,6.52,0.424,183.3,23.7,267.5,2503.8
AGR_Eas_2020_01849,East_Zone,WB_Gangetic,2020,Rabi,Maize,,31.07,411.94,66.98,11.03,6.23,0.532,211.2,23.8,271.5,3992.12
AGR_Eas_2019_01850,East_Zone,Assam_Valley,2019,Kharif,Cotton,21.46,,1849.49,94.03,10.39,6.11,0.49,134.5,15.8,210.1,2335.04
AGR_Eas_2020_01851,East_Zone,Assam_Valley,2020,Kharif,Pulses,20.66,31.8,1274.39,95.0,12.19,5.96,0.533,173.5,17.9,241.1,1858.54
AGR_Eas_2019_01852,East_Zone,Assam_Valley,2019,Kharif,Soybean,21.84,35.15,1339.06,95.0,10.0,7.1,0.599,183.2,20.2,259.1,3312.85
AGR_Eas_2021_01853,East_Zone,WB_Gangetic,2021,Rabi,Rice,19.21,30.74,382.95,68.41,10.0,6.86,0.296,241.4,21.6,166.6,4974.53
AGR_Eas_2019_01854,East_Zone,Assam_Valley,2019,Rabi,Rice,18.4,28.27,305.61,63.79,11.79,6.14,0.62,212.5,19.9,215.4,4920.91
AGR_Eas_2023_01855,East_Zone,WB_Gangetic,2023,Kharif,Cotton,22.37,34.08,1003.78,95.0,10.0,7.28,0.472,143.6,32.0,166.5,2678.82
AGR_Eas_2023_01856,East_Zone,Assam_Valley,2023,Rabi,Soybean,20.06,32.9,284.19,61.56,12.7,6.01,0.724,162.3,21.0,294.7,3030.42
AGR_Eas_2021_01857,East_Zone,Odisha_Coastal,2021,Rabi,Soybean,21.63,32.66,256.16,52.88,11.95,6.64,0.409,112.9,33.0,219.0,2378.15
AGR_Eas_2020_01858,East_Zone,Odisha_Coastal,2020,Rabi,Rice,15.99,28.89,266.16,60.69,10.94,6.39,0.517,183.2,28.3,231.2,4207.91
AGR_Eas_2022_01859,East_Zone,Odisha_Coastal,2022,Kharif,Cotton,23.63,36.67,1135.74,81.02,10.07,5.54,0.339,197.8,25.4,188.3,2922.44
AGR_Eas_2018_01860,East_Zone,Odisha_Coastal,2018,Kharif,Soybean,23.76,30.93,1807.25,95.0,10.0,6.77,0.711,184.4,29.6,280.3,2881.14
AGR_Eas_2021_01861,East_Zone,Assam_Valley,2021,Kharif,Soybean,24.27,32.52,1306.45,91.71,12.82,6.43,0.385,218.1,22.3,172.2,3242.94
AGR_Eas_2023_01862,East_Zone,Bihar_Plains,2023,Rabi,Maize,20.39,29.88,186.43,51.78,12.92,5.52,0.381,153.5,33.8,196.2,3138.45
AGR_Eas_2022_01863,East_Zone,Odisha_Coastal,2022,Rabi,Rice,,29.41,351.28,65.85,12.79,6.79,0.364,228.1,27.6,189.5,5210.55
AGR_Eas_2020_01864,East_Zone,WB_Gangetic,2020,Rabi,Rice,20.12,31.43,217.2,61.63,10.0,6.9,0.554,180.3,24.3,183.1,4475.47
AGR_Eas_2020_01865,East_Zone,Odisha_Coastal,2020,Rabi,Maize,18.06,30.65,319.46,52.32,11.95,6.64,0.913,219.1,22.9,147.4,4110.92
AGR_Eas_2022_01866,East_Zone,Bihar_Plains,2022,Rabi,Soybean,,29.4,193.01,45.02,12.82,7.33,0.537,178.8,12.7,151.5,2241.71
AGR_Eas_2023_01867,East_Zone,Bihar_Plains,2023,Rabi,Wheat,20.13,32.61,288.97,63.79,12.81,6.91,0.741,222.7,36.4,203.7,4661.8
AGR_Eas_2022_01868,East_Zone,WB_Gangetic,2022,Kharif,Soybean,19.42,31.12,825.05,87.28,11.85,6.34,0.974,150.0,21.3,223.3,3005.39
AGR_Eas_2021_01869,East_Zone,Bihar_Plains,2021,Kharif,Maize,25.12,35.04,1630.06,94.75,10.41,7.09,0.471,167.5,24.9,236.2,4147.08
AGR_Eas_2023_01870,East_Zone,WB_Gangetic,2023,Rabi,Cotton,18.08,25.68,240.59,48.44,14.06,6.41,0.986,165.0,26.0,211.5,2503.93
AGR_Eas_2023_01871,East_Zone,Bihar_Plains,2023,Rabi,Cotton,18.13,28.15,216.22,78.06,10.42,6.58,0.682,204.3,29.1,158.4,2352.36
AGR_Eas_2020_01872,East_Zone,WB_Gangetic,2020,Rabi,Wheat,17.57,26.51,330.68,61.89,12.57,6.53,0.372,136.3,18.0,244.3,3406.75
AGR_Eas_2023_01873,East_Zone,WB_Gangetic,2023,Kharif,Cotton,21.05,29.99,1518.22,95.0,10.0,7.38,0.306,236.9,21.1,259.5,2763.02
AGR_Eas_2018_01874,East_Zone,Bihar_Plains,2018,Rabi,Cotton,19.91,29.79,397.85,47.98,11.55,5.91,0.732,229.4,27.9,205.6,3060.77
AGR_Eas_2022_01875,East_Zone,Odisha_Coastal,2022,Rabi,Wheat,19.58,29.38,,70.21,11.25,6.88,0.545,219.4,25.3,218.9,4305.17
AGR_Eas_2019_01876,East_Zone,Bihar_Plains,2019,Rabi,Rice,18.32,32.18,201.14,57.99,14.82,6.42,0.537,186.8,17.5,163.7,4222.06
AGR_Eas_2021_01877,East_Zone,Assam_Valley,2021,Rabi,Wheat,20.13,31.98,400.19,67.83,13.55,7.61,0.584,231.2,27.5,138.2,4482.81
AGR_Eas_2022_01878,East_Zone,Assam_Valley,2022,Rabi,Maize,19.07,26.53,168.91,,15.38,7.0,0.491,185.3,22.8,260.0,3295.03
AGR_Eas_2021_01879,East_Zone,Assam_Valley,2021,Rabi,Rice,17.4,27.32,340.88,,14.49,6.27,0.501,140.2,26.1,255.5,4366.63
AGR_Eas_2023_01880,East_Zone,Odisha_Coastal,2023,Rabi,Wheat,19.17,30.35,332.86,,14.29,7.1,0.495,213.0,28.5,237.2,4299.77
AGR_Eas_2021_01881,East_Zone,Odisha_Coastal,2021,Rabi,Wheat,18.57,25.59,301.45,,11.41,6.29,0.469,190.9,19.4,247.2,4184.46
AGR_Eas_2021_01882,East_Zone,Assam_Valley,2021,Rabi,Cotton,19.58,,,33.99,15.65,6.98,0.375,154.5,33.6,205.3,2088.38
AGR_Eas_2021_01883,East_Zone,Bihar_Plains,2021,Rabi,Cotton,19.3,,272.38,63.7,10.0,7.48,0.405,207.8,29.8,252.4,2755.95
AGR_Eas_2018_01884,East_Zone,Bihar_Plains,2018,Rabi,Soybean,19.0,27.52,152.54,58.73,11.18,6.42,0.581,177.9,9.1,350.0,2434.79
AGR_Eas_2021_01885,East_Zone,Odisha_Coastal,2021,Rabi,Wheat,21.41,33.9,142.43,67.48,10.0,6.18,0.569,214.5,14.2,252.6,3987.48
AGR_Eas_2023_01886,East_Zone,Bihar_Plains,2023,Rabi,Soybean,19.44,33.06,176.78,61.55,10.77,6.51,0.531,241.0,29.1,223.6,2968.74
AGR_Eas_2022_01887,East_Zone,Bihar_Plains,2022,Zaid,Cotton,24.0,35.98,63.35,44.87,13.36,7.01,0.482,193.8,28.6,203.9,1888.91
AGR_Eas_2023_01888,East_Zone,Odisha_Coastal,2023,Kharif,Maize,24.32,37.35,990.99,89.19,10.0,6.64,0.845,184.7,23.5,177.4,4304.79
AGR_Eas_2020_01889,East_Zone,Odisha_Coastal,2020,Zaid,Wheat,26.67,38.21,169.35,53.24,13.39,7.17,0.862,145.6,21.0,228.2,4106.08
AGR_Eas_2019_01890,East_Zone,WB_Gangetic,2019,Zaid,Rice,23.2,30.83,105.78,41.18,14.6,5.47,0.489,117.6,17.3,252.9,3792.57
AGR_Eas_2022_01891,East_Zone,WB_Gangetic,2022,Rabi,Soybean,18.7,29.84,,71.2,11.79,7.62,0.399,148.9,30.5,130.7,2458.17
AGR_Eas_2019_01892,East_Zone,WB_Gangetic,2019,Rabi,Maize,19.77,26.92,352.38,64.05,10.5,5.96,0.662,151.4,13.6,208.1,3832.04
AGR_Eas_2021_01893,East_Zone,Assam_Valley,2021,Rabi,Soybean,17.43,28.6,206.66,50.11,11.75,7.16,0.628,143.6,18.4,246.9,2417.6
AGR_Eas_2020_01894,East_Zone,Odisha_Coastal,2020,Kharif,Rice,22.24,29.55,830.45,67.88,10.14,7.12,0.516,179.4,22.8,217.5,4879.81
AGR_Eas_2018_01895,East_Zone,WB_Gangetic,2018,Rabi,Soybean,,26.52,313.09,55.48,13.69,6.99,0.685,136.1,15.5,203.5,2594.32
AGR_Eas_2019_01896,East_Zone,WB_Gangetic,2019,Kharif,Cotton,20.74,29.14,,77.13,10.0,7.75,0.489,241.9,33.4,260.0,2918.13
AGR_Eas_2022_01897,East_Zone,Odisha_Coastal,2022,Kharif,Pulses,21.42,29.94,1339.32,80.12,10.0,6.77,0.39,172.2,22.5,167.8,2027.02
AGR_Eas_2020_01898,East_Zone,Bihar_Plains,2020,Rabi,Cotton,17.34,28.18,289.34,48.86,14.3,6.65,0.457,253.7,17.9,204.5,2406.92
AGR_Eas_2021_01899,East_Zone,Odisha_Coastal,2021,Rabi,Soybean,20.59,32.14,310.17,58.5,14.82,6.82,0.669,145.1,25.5,168.0,2484.67
AGR_Eas_2020_01900,East_Zone,Odisha_Coastal,2020,Kharif,Wheat,20.21,30.12,983.09,61.5,11.05,6.59,0.544,124.9,23.1,165.2,4080.65
AGR_Eas_2019_01901,East_Zone,Bihar_Plains,2019,Zaid,Wheat,25.77,32.78,149.28,64.81,11.03,6.3,0.593,157.9,14.9,200.2,3991.13
AGR_Eas_2019_01902,East_Zone,WB_Gangetic,2019,Rabi,Wheat,20.86,34.85,181.47,58.63,13.54,6.96,0.347,206.9,26.0,274.3,4156.35
AGR_Eas_2020_01903,East_Zone,Bihar_Plains,2020,Kharif,Cotton,21.44,31.44,1919.42,95.0,10.0,7.03,0.364,130.1,17.7,236.6,2107.72
AGR_Eas_2018_01904,East_Zone,Odisha_Coastal,2018,Kharif,Soybean,21.25,31.13,1783.05,95.0,10.16,7.26,0.434,167.9,18.4,221.7,2449.35
AGR_Eas_2022_01905,East_Zone,Odisha_Coastal,2022,Kharif,Soybean,21.42,32.76,936.94,84.74,13.09,6.95,0.569,203.4,22.2,159.4,3228.96
AGR_Eas_2018_01906,East_Zone,WB_Gangetic,2018,Zaid,Rice,25.24,32.63,172.16,47.84,12.85,6.46,0.384,183.3,24.9,235.0,4668.94
AGR_Eas_2020_01907,East_Zone,Odisha_Coastal,2020,Rabi,Wheat,20.03,33.67,235.71,50.64,16.43,6.96,0.856,181.8,21.1,174.1,4576.84
AGR_Eas_2020_01908,East_Zone,WB_Gangetic,2020,Kharif,Pulses,24.66,36.79,2003.65,95.0,10.0,6.66,0.828,171.5,21.0,210.5,1684.3
AGR_Eas_2019_01909,East_Zone,WB_Gangetic,2019,Kharif,Maize,24.33,36.07,825.5,76.71,10.0,7.32,0.541,109.6,18.2,225.8,3760.62
AGR_Eas_2018_01910,East_Zone,WB_Gangetic,2018,Kharif,Wheat,23.49,36.23,1791.5,95.0,10.0,6.91,0.408,198.0,19.0,141.2,4098.56
AGR_Eas_2021_01911,East_Zone,Bihar_Plains,2021,Zaid,Soybean,24.47,35.07,108.5,52.65,14.77,7.45,0.473,157.6,24.6,211.3,2234.91
AGR_Eas_2022_01912,East_Zone,Bihar_Plains,2022,Rabi,Wheat,18.69,26.91,190.09,60.4,10.0,6.28,0.502,148.2,14.9,157.3,3581.72
AGR_Eas_2018_01913,East_Zone,Odisha_Coastal,2018,Rabi,Maize,20.28,29.01,342.95,54.94,10.33,7.56,0.5,223.2,14.7,245.9,4268.3
AGR_Eas_2019_01914,East_Zone,Assam_Valley,2019,Rabi,Wheat,18.13,32.04,303.13,61.5,12.05,7.17,0.591,179.4,24.1,231.5,4387.56
AGR_Eas_2023_01915,East_Zone,WB_Gangetic,2023,Kharif,Pulses,23.15,30.78,1903.58,95.0,10.0,6.36,0.729,146.6,34.1,145.3,1731.05
AGR_Eas_2023_01916,East_Zone,Assam_Valley,2023,Kharif,Pulses,22.27,33.34,1729.25,95.0,11.68,7.56,0.696,138.6,20.8,194.6,1946.57
AGR_Eas_2022_01917,East_Zone,Odisha_Coastal,2022,Rabi,Rice,18.77,32.41,190.04,63.73,11.58,6.82,0.927,180.2,20.8,214.0,4948.27
AGR_Eas_2019_01918,East_Zone,Odisha_Coastal,2019,Kharif,Soybean,22.25,35.53,1284.29,80.49,10.0,6.39,0.545,246.3,11.1,307.8,3406.5
AGR_Eas_2019_01919,East_Zone,Odisha_Coastal,2019,Rabi,Wheat,18.51,28.15,161.47,45.89,11.37,7.38,0.661,227.6,12.3,169.6,4176.81
AGR_Eas_2020_01920,East_Zone,WB_Gangetic,2020,Kharif,Wheat,21.18,30.76,1673.74,,12.18,6.21,0.687,181.2,25.9,174.9,4622.48
AGR_Eas_2022_01921,East_Zone,Assam_Valley,2022,Rabi,Wheat,17.68,31.26,379.73,69.15,13.93,8.16,0.658,184.2,19.8,178.3,4257.06
AGR_Eas_2021_01922,East_Zone,Bihar_Plains,2021,Kharif,Maize,,30.05,1664.03,92.61,12.62,7.68,0.971,177.7,16.1,205.6,4034.49
AGR_Eas_2023_01923,East_Zone,Bihar_Plains,2023,Rabi,Pulses,20.79,34.15,311.11,80.84,10.0,6.64,0.423,133.5,24.2,163.7,2066.09
AGR_Eas_2022_01924,East_Zone,Bihar_Plains,2022,Kharif,Cotton,25.12,37.91,760.8,86.0,10.0,7.25,0.771,178.9,20.0,184.6,3101.83
AGR_Eas_2019_01925,East_Zone,Odisha_Coastal,2019,Kharif,Wheat,22.53,34.4,1736.77,,10.0,5.97,0.739,164.5,23.6,262.9,4505.59
AGR_Eas_2019_01926,East_Zone,Bihar_Plains,2019,Kharif,Wheat,22.95,30.94,1193.89,95.0,10.0,6.98,0.707,178.0,35.3,233.5,4662.75
AGR_Eas_2020_01927,East_Zone,WB_Gangetic,2020,Rabi,Wheat,,29.27,299.31,47.63,15.07,5.73,0.678,122.4,33.2,176.2,3997.33
AGR_Eas_2020_01928,East_Zone,Assam_Valley,2020,Kharif,Rice,22.15,32.43,1084.02,68.43,10.0,7.17,0.723,191.5,31.1,177.7,5315.64
AGR_Eas_2021_01929,East_Zone,Assam_Valley,2021,Kharif,Maize,22.28,32.85,1448.97,95.0,10.0,7.16,0.641,190.9,18.8,249.3,4261.92
AGR_Eas_2021_01930,East_Zone,Bihar_Plains,2021,Rabi,Soybean,19.99,32.61,148.22,37.09,12.41,7.83,0.385,136.0,18.5,175.5,2239.1
AGR_Eas_2022_01931,East_Zone,Bihar_Plains,2022,Rabi,Soybean,,28.84,216.34,62.26,10.0,5.26,0.684,153.7,20.3,227.7,2389.58
AGR_Eas_2021_01932,East_Zone,Assam_Valley,2021,Kharif,Rice,21.96,,737.31,65.3,12.15,7.63,0.454,266.7,22.0,274.4,5081.1
AGR_Eas_2022_01933,East_Zone,Assam_Valley,2022,Rabi,Wheat,18.09,30.14,299.67,48.93,11.82,6.81,0.533,190.9,14.5,317.3,4229.31
AGR_Eas_2018_01934,East_Zone,Assam_Valley,2018,Kharif,Wheat,22.27,,986.46,84.12,10.0,7.34,0.654,164.5,22.9,172.0,4423.4
AGR_Eas_2019_01935,East_Zone,Odisha_Coastal,2019,Zaid,Cotton,23.08,30.98,133.22,44.49,12.62,5.64,0.394,237.8,21.0,198.3,2258.5
AGR_Eas_2022_01936,East_Zone,Assam_Valley,2022,Rabi,Soybean,18.42,29.3,396.23,59.34,11.96,7.29,0.539,116.8,27.0,149.0,2850.4
AGR_Eas_2023_01937,East_Zone,Assam_Valley,2023,Kharif,Rice,23.77,33.89,1112.15,83.83,10.92,7.15,0.628,104.6,25.8,162.5,4850.26
AGR_Eas_2018_01938,East_Zone,Assam_Valley,2018,Rabi,Maize,15.22,23.17,220.06,46.2,10.51,7.2,0.433,178.0,21.4,273.9,2895.31
AGR_Eas_2018_01939,East_Zone,Assam_Valley,2018,Kharif,Soybean,23.62,36.31,1455.74,95.0,10.0,6.69,0.388,147.2,31.8,234.1,3001.93
AGR_Eas_2021_01940,East_Zone,Assam_Valley,2021,Kharif,Rice,21.04,32.01,653.4,65.44,11.09,6.41,0.607,150.1,22.0,182.6,4994.58
AGR_Eas_2020_01941,East_Zone,WB_Gangetic,2020,Rabi,Maize,22.94,35.98,320.55,57.97,11.44,7.18,0.439,172.2,15.3,224.0,3792.49
AGR_Eas_2019_01942,East_Zone,Bihar_Plains,2019,Zaid,Pulses,24.94,34.6,134.5,51.03,14.09,6.65,0.633,90.0,23.8,259.9,1428.8
AGR_Eas_2023_01943,East_Zone,Bihar_Plains,2023,Rabi,Cotton,17.87,30.7,185.16,45.3,10.0,7.47,0.604,151.3,22.4,240.3,2096.82
AGR_Eas_2023_01944,East_Zone,Odisha_Coastal,2023,Kharif,Pulses,21.81,31.36,,93.71,10.0,6.87,0.297,220.8,12.6,169.1,2223.34
AGR_Eas_2021_01945,East_Zone,Assam_Valley,2021,Zaid,Pulses,22.98,34.96,149.6,43.11,14.85,6.6,0.623,173.7,19.2,209.2,1698.89
AGR_Eas_2023_01946,East_Zone,WB_Gangetic,2023,Rabi,Cotton,19.78,33.23,336.13,59.49,11.26,6.8,0.66,152.1,13.8,214.0,2731.74
AGR_Eas_2020_01947,East_Zone,Assam_Valley,2020,Zaid,Soybean,26.11,36.31,107.82,35.3,15.33,6.97,0.355,178.5,19.9,230.8,2179.93
AGR_Eas_2018_01948,East_Zone,Assam_Valley,2018,Kharif,Rice,22.55,33.23,,84.64,10.0,6.52,0.65,168.2,17.8,199.0,4966.33
AGR_Eas_2023_01949,East_Zone,Odisha_Coastal,2023,Kharif,Wheat,23.06,32.18,1298.73,95.0,10.0,7.17,0.62,162.8,18.7,185.2,4562.75
AGR_Eas_2020_01950,East_Zone,WB_Gangetic,2020,Kharif,Pulses,20.09,33.16,1528.47,90.43,10.76,7.06,0.868,193.1,22.9,220.5,2281.32
AGR_Eas_2021_01951,East_Zone,Odisha_Coastal,2021,Kharif,Wheat,22.51,33.63,1044.37,79.2,10.26,6.85,0.552,146.1,8.0,245.8,4442.11
AGR_Eas_2021_01952,East_Zone,WB_Gangetic,2021,Rabi,Wheat,17.96,29.22,234.09,56.86,11.35,7.29,0.469,150.7,16.9,163.4,3684.21
AGR_Eas_2022_01953,East_Zone,Bihar_Plains,2022,Rabi,Wheat,19.78,31.21,307.53,49.89,10.0,6.85,0.876,190.9,22.8,176.7,4538.96
AGR_Eas_2019_01954,East_Zone,Bihar_Plains,2019,Rabi,Maize,19.83,26.92,302.07,47.41,16.13,6.67,0.496,173.2,24.9,139.2,3711.13
AGR_Eas_2023_01955,East_Zone,WB_Gangetic,2023,Rabi,Soybean,19.25,30.51,276.17,54.97,12.11,6.35,0.635,164.1,18.8,157.3,2988.9
AGR_Eas_2022_01956,East_Zone,Odisha_Coastal,2022,Kharif,Wheat,21.27,28.98,1347.69,95.0,10.0,6.57,0.706,138.6,13.9,181.4,4601.9
AGR_Eas_2020_01957,East_Zone,Odisha_Coastal,2020,Kharif,Rice,23.71,34.74,2455.98,95.0,10.18,6.26,0.492,91.2,28.5,234.9,3629.81
AGR_Eas_2023_01958,East_Zone,Odisha_Coastal,2023,Rabi,Cotton,19.44,32.61,377.97,58.06,12.28,7.38,0.597,150.2,15.2,207.0,2758.34
AGR_Eas_2021_01959,East_Zone,Bihar_Plains,2021,Rabi,Wheat,17.81,25.35,384.32,62.2,10.19,6.82,0.373,171.3,23.1,184.1,3962.8
AGR_Eas_2019_01960,East_Zone,Assam_Valley,2019,Rabi,Maize,19.3,33.23,275.01,,13.0,7.05,0.596,140.3,22.8,208.5,3576.8
AGR_Eas_2023_01961,East_Zone,Bihar_Plains,2023,Rabi,Soybean,19.59,32.12,235.26,42.43,14.03,7.08,0.226,246.9,21.5,171.2,2552.67
AGR_Eas_2023_01962,East_Zone,WB_Gangetic,2023,Rabi,Wheat,19.39,30.19,348.56,61.44,11.07,6.74,0.516,205.6,23.4,269.4,4385.34
AGR_Eas_2022_01963,East_Zone,Assam_Valley,2022,Zaid,Pulses,23.17,32.77,125.64,61.9,10.99,6.55,0.572,206.9,29.8,232.7,1698.68
AGR_Eas_2019_01964,East_Zone,Assam_Valley,2019,Kharif,Cotton,21.98,33.11,1609.35,95.0,10.0,7.59,0.511,167.4,23.1,185.0,2595.68
AGR_Eas_2020_01965,East_Zone,Odisha_Coastal,2020,Kharif,Rice,26.16,38.41,2046.92,95.0,10.0,6.97,0.402,178.1,23.3,267.2,4108.04
AGR_Eas_2021_01966,East_Zone,Bihar_Plains,2021,Rabi,Rice,19.15,30.14,198.27,60.62,11.17,6.14,0.687,236.2,30.1,297.0,4502.71
AGR_Eas_2019_01967,East_Zone,Bihar_Plains,2019,Zaid,Pulses,27.0,34.73,184.58,56.3,10.57,7.17,0.542,148.6,19.3,242.7,1758.96
AGR_Eas_2023_01968,East_Zone,Assam_Valley,2023,Rabi,Soybean,17.7,27.9,403.53,57.3,11.23,7.91,0.311,171.7,13.2,187.5,3161.07
AGR_Eas_2021_01969,East_Zone,Bihar_Plains,2021,Kharif,Maize,21.83,34.29,1280.39,95.0,10.0,6.45,0.674,159.7,24.7,198.0,4121.07
AGR_Eas_2023_01970,East_Zone,Assam_Valley,2023,Rabi,Rice,17.7,30.76,143.79,53.61,14.7,6.28,0.666,175.2,24.3,242.3,4636.67
AGR_Eas_2022_01971,East_Zone,Bihar_Plains,2022,Rabi,Rice,19.86,33.49,274.38,52.81,13.34,7.32,0.58,192.6,22.0,227.6,4601.3
AGR_Eas_2019_01972,East_Zone,WB_Gangetic,2019,Kharif,Cotton,21.09,,2254.97,,10.0,6.37,0.647,213.5,23.0,202.6,2219.96
AGR_Eas_2021_01973,East_Zone,WB_Gangetic,2021,Rabi,Pulses,18.66,31.72,222.57,57.01,10.0,7.48,0.498,125.8,32.2,249.9,1535.23
AGR_Eas_2021_01974,East_Zone,WB_Gangetic,2021,Kharif,Cotton,24.26,33.14,979.36,66.59,10.0,6.52,0.652,198.5,20.3,192.2,3275.69
AGR_Eas_2020_01975,East_Zone,Assam_Valley,2020,Rabi,Pulses,19.06,29.5,239.56,67.89,12.42,6.9,0.527,238.9,27.9,240.2,1841.94
AGR_Eas_2019_01976,East_Zone,Odisha_Coastal,2019,Rabi,Maize,19.12,30.66,289.01,69.51,12.82,6.64,0.218,134.7,20.9,230.4,3356.03
AGR_Eas_2022_01977,East_Zone,Bihar_Plains,2022,Kharif,Soybean,24.36,31.97,1611.17,95.0,10.31,6.4,0.537,243.6,11.4,274.0,3192.27
AGR_Eas_2023_01978,East_Zone,Assam_Valley,2023,Rabi,Maize,,,,,14.02,6.91,0.56,204.2,20.6,288.6,3470.52
AGR_Eas_2018_01979,East_Zone,Bihar_Plains,2018,Rabi,Soybean,18.99,29.0,254.98,49.76,15.05,6.16,0.757,195.9,17.9,186.4,2497.29
AGR_Eas_2019_01980,East_Zone,Odisha_Coastal,2019,Kharif,Rice,24.95,34.51,918.27,95.0,10.0,6.3,0.571,213.7,23.2,250.4,5370.82
AGR_Eas_2022_01981,East_Zone,WB_Gangetic,2022,Rabi,Soybean,17.67,29.16,,67.9,15.46,7.25,0.52,190.9,30.3,236.7,2401.32
AGR_Eas_2019_01982,East_Zone,Odisha_Coastal,2019,Kharif,Cotton,22.94,,1749.52,95.0,10.0,6.94,0.653,157.0,20.6,193.6,2802.22
AGR_Eas_2020_01983,East_Zone,WB_Gangetic,2020,Rabi,Soybean,19.77,33.13,286.27,59.03,13.15,7.84,0.2,166.4,18.7,175.3,2321.56
AGR_Eas_2022_01984,East_Zone,Assam_Valley,2022,Rabi,Cotton,18.42,,260.69,67.47,13.09,8.5,0.397,214.2,34.4,201.2,2421.89
AGR_Eas_2018_01985,East_Zone,Odisha_Coastal,2018,Kharif,Maize,,29.96,1656.71,95.0,11.41,5.55,0.445,155.7,31.4,198.9,3746.86
AGR_Eas_2022_01986,East_Zone,WB_Gangetic,2022,Kharif,Soybean,25.85,34.95,1689.31,95.0,10.58,6.24,0.597,211.8,22.5,266.8,3305.06
AGR_Eas_2019_01987,East_Zone,Odisha_Coastal,2019,Rabi,Pulses,19.24,32.68,312.34,50.07,10.0,7.3,0.579,184.7,25.8,287.1,1868.81
AGR_Eas_2018_01988,East_Zone,Assam_Valley,2018,Zaid,Cotton,25.13,35.41,96.06,50.24,14.71,7.42,0.579,255.7,28.7,179.3,2659.89
AGR_Eas_2020_01989,East_Zone,Odisha_Coastal,2020,Kharif,Pulses,21.77,33.15,1477.64,84.79,10.25,6.9,0.627,176.6,20.0,235.6,2589.3
AGR_Eas_2020_01990,East_Zone,WB_Gangetic,2020,Kharif,Rice,21.67,33.46,1612.91,95.0,10.0,6.62,0.412,109.0,24.5,155.3,4361.84
AGR_Eas_2018_01991,East_Zone,Bihar_Plains,2018,Zaid,Rice,24.14,37.98,115.9,64.49,10.0,6.0,0.387,152.1,25.6,259.9,3934.14
AGR_Eas_2022_01992,East_Zone,WB_Gangetic,2022,Rabi,Rice,20.19,32.73,322.66,69.73,12.1,7.37,0.662,263.0,22.2,169.7,5542.77
AGR_Eas_2020_01993,East_Zone,WB_Gangetic,2020,Kharif,Wheat,23.64,36.16,1472.97,92.94,10.0,6.87,0.596,171.7,18.1,196.0,4547.08
AGR_Eas_2018_01994,East_Zone,Bihar_Plains,2018,Kharif,Cotton,20.9,30.93,1221.71,95.0,10.0,6.77,0.522,195.2,22.5,186.6,2894.26
AGR_Eas_2021_01995,East_Zone,Odisha_Coastal,2021,Kharif,Soybean,23.54,30.75,1496.83,88.67,10.0,6.24,0.577,189.8,13.8,252.6,3334.31
AGR_Eas_2020_01996,East_Zone,Odisha_Coastal,2020,Rabi,Maize,20.39,30.78,283.4,66.74,12.83,6.53,0.798,201.6,19.0,165.7,3913.61
AGR_Eas_2018_01997,East_Zone,WB_Gangetic,2018,Kharif,Pulses,22.5,35.23,1118.94,,10.0,7.19,0.625,140.4,15.0,232.7,2416.54
AGR_Eas_2022_01998,East_Zone,Odisha_Coastal,2022,Rabi,Maize,20.63,31.3,226.4,61.37,11.96,6.5,0.745,228.2,28.9,165.7,3905.27
AGR_Eas_2021_01999,East_Zone,Bihar_Plains,2021,Rabi,Wheat,20.94,33.52,235.57,55.32,13.62,6.79,0.481,181.1,16.9,214.7,4246.65
AGR_Eas_2018_02000,East_Zone,WB_Gangetic,2018,Rabi,Maize,18.88,29.07,416.73,59.28,10.0,6.95,0.47,196.2,20.0,203.8,3920.77
AGR_Eas_2023_02001,East_Zone,WB_Gangetic,2023,Kharif,Maize,23.49,35.78,1609.87,95.0,10.0,5.38,0.474,215.3,28.8,136.7,4334.93
AGR_Eas_2022_02002,East_Zone,Bihar_Plains,2022,Rabi,Rice,17.78,30.88,196.56,31.6,13.24,7.96,0.69,215.3,27.2,182.9,4527.62
AGR_Eas_2023_02003,East_Zone,Bihar_Plains,2023,Rabi,Cotton,,,,50.86,10.0,6.53,0.807,162.1,22.2,178.2,2590.5
AGR_Eas_2022_02004,East_Zone,Bihar_Plains,2022,Kharif,Soybean,24.07,35.89,1219.33,95.0,10.0,6.95,0.852,188.7,25.0,197.2,3339.14
AGR_Eas_2021_02005,East_Zone,Odisha_Coastal,2021,Rabi,Rice,21.34,33.58,418.46,61.93,12.41,6.96,0.675,206.4,14.8,156.3,5505.12
AGR_Eas_2022_02006,East_Zone,Assam_Valley,2022,Kharif,Pulses,23.03,35.65,1035.19,67.17,13.26,6.87,0.591,193.8,16.7,233.6,2171.35
AGR_Eas_2021_02007,East_Zone,Assam_Valley,2021,Rabi,Cotton,15.67,24.2,379.38,55.76,10.56,7.48,0.352,131.9,33.3,194.0,2312.85
AGR_Eas_2023_02008,East_Zone,WB_Gangetic,2023,Rabi,Maize,17.06,30.03,58.5,47.33,12.44,8.1,0.678,177.7,17.4,196.3,3038.11
AGR_Eas_2022_02009,East_Zone,Odisha_Coastal,2022,Kharif,Wheat,24.63,36.57,1558.24,,10.0,6.27,0.849,179.8,20.2,239.3,4750.71
AGR_Eas_2022_02010,East_Zone,Odisha_Coastal,2022,Kharif,Rice,24.23,32.19,930.13,75.8,10.0,6.41,0.687,222.5,25.3,213.4,5777.7
AGR_Eas_2020_02011,East_Zone,Assam_Valley,2020,Rabi,Wheat,20.75,28.05,245.64,59.38,10.0,6.19,0.664,185.5,23.7,206.0,4064.55
AGR_Eas_2020_02012,East_Zone,WB_Gangetic,2020,Kharif,Rice,25.42,33.02,940.87,84.41,11.42,7.09,0.329,176.0,31.1,239.4,4814.5
AGR_Eas_2022_02013,East_Zone,Odisha_Coastal,2022,Kharif,Wheat,24.16,37.04,1589.18,95.0,11.26,6.53,0.948,210.2,32.1,240.8,4885.2
AGR_Eas_2022_02014,East_Zone,Assam_Valley,2022,Kharif,Wheat,23.82,35.86,1775.27,95.0,10.0,6.41,0.554,172.8,27.8,123.9,4024.91
AGR_Eas_2019_02015,East_Zone,Bihar_Plains,2019,Kharif,Soybean,21.8,31.09,1765.34,95.0,10.0,7.23,0.527,156.3,26.6,175.9,2774.03
AGR_Eas_2021_02016,East_Zone,Bihar_Plains,2021,Kharif,Rice,23.33,35.79,1085.04,84.48,13.69,5.79,0.501,185.5,16.0,145.5,5202.66
AGR_Eas_2021_02017,East_Zone,WB_Gangetic,2021,Rabi,Cotton,19.69,26.73,327.68,70.85,11.0,6.38,0.828,243.6,19.0,220.0,3084.5
AGR_Eas_2018_02018,East_Zone,Bihar_Plains,2018,Rabi,Pulses,18.07,31.41,285.91,54.21,10.52,7.4,0.732,108.7,10.5,241.5,1364.66
AGR_Eas_2019_02019,East_Zone,Odisha_Coastal,2019,Rabi,Rice,19.54,27.1,224.65,55.12,15.57,6.56,0.894,159.0,21.5,219.6,4653.76
AGR_Eas_2023_02020,East_Zone,WB_Gangetic,2023,Kharif,Wheat,23.03,31.97,935.64,82.45,10.76,7.2,0.984,169.1,25.7,144.2,4980.81
AGR_Eas_2022_02021,East_Zone,Assam_Valley,2022,Kharif,Soybean,22.67,34.05,1192.58,95.0,10.0,6.95,0.518,156.1,25.3,258.6,3110.69
AGR_Eas_2021_02022,East_Zone,Odisha_Coastal,2021,Rabi,Cotton,20.28,28.79,,76.42,10.0,6.85,0.54,180.6,25.1,151.4,2445.26
AGR_Eas_2021_02023,East_Zone,Assam_Valley,2021,Rabi,Maize,18.43,31.79,301.24,50.48,14.65,7.48,0.832,134.9,23.3,310.9,3818.53
AGR_Eas_2021_02024,East_Zone,Bihar_Plains,2021,Rabi,Cotton,18.96,31.12,425.16,60.86,11.85,6.06,0.411,194.2,21.2,173.0,2620.31
AGR_Eas_2023_02025,East_Zone,WB_Gangetic,2023,Kharif,Pulses,21.89,35.05,1466.56,95.0,11.73,7.05,0.591,162.4,26.3,150.9,2354.08
AGR_Eas_2019_02026,East_Zone,Odisha_Coastal,2019,Rabi,Maize,18.68,29.99,309.48,40.41,14.0,5.5,0.819,153.5,24.1,266.9,3831.82
AGR_Eas_2022_02027,East_Zone,Assam_Valley,2022,Kharif,Soybean,23.42,35.18,1048.02,84.07,10.0,7.34,0.587,212.1,30.7,192.2,3267.14
AGR_Eas_2018_02028,East_Zone,Odisha_Coastal,2018,Rabi,Maize,18.57,29.78,342.65,59.8,13.04,6.33,0.599,183.8,20.6,218.0,3899.28
AGR_Eas_2019_02029,East_Zone,WB_Gangetic,2019,Kharif,Cotton,21.68,31.08,1038.84,95.0,10.0,7.94,0.592,174.8,16.0,198.6,2862.33
AGR_Eas_2021_02030,East_Zone,Odisha_Coastal,2021,Kharif,Cotton,,38.69,1230.73,95.0,11.09,6.68,0.572,196.0,31.8,235.4,3167.88
AGR_Eas_2018_02031,East_Zone,WB_Gangetic,2018,Kharif,Wheat,24.16,33.93,1272.78,87.62,12.51,5.87,0.732,187.0,30.7,219.2,4655.21
AGR_Eas_2023_02032,East_Zone,WB_Gangetic,2023,Rabi,Rice,18.72,31.47,260.67,,10.0,6.46,0.2,142.8,15.2,225.3,3801.12
AGR_Eas_2020_02033,East_Zone,Bihar_Plains,2020,Rabi,Cotton,18.25,25.28,298.53,67.44,16.87,6.89,0.418,243.6,23.0,286.6,2503.47
AGR_Eas_2022_02034,East_Zone,Bihar_Plains,2022,Rabi,Maize,16.36,27.02,341.01,64.31,14.47,6.12,0.557,145.8,34.2,197.1,3622.67
AGR_Eas_2021_02035,East_Zone,Bihar_Plains,2021,Kharif,Maize,23.53,,2330.12,95.0,10.6,5.58,0.456,185.5,33.3,190.4,2882.35
AGR_Eas_2019_02036,East_Zone,Odisha_Coastal,2019,Rabi,Rice,18.59,30.27,233.83,42.05,12.35,6.95,0.637,183.5,33.2,222.9,4408.7
AGR_Eas_2022_02037,East_Zone,WB_Gangetic,2022,Rabi,Cotton,17.53,29.75,261.2,77.53,10.0,6.81,0.816,237.6,26.5,215.9,2861.35
AGR_Eas_2022_02038,East_Zone,Assam_Valley,2022,Rabi,Cotton,14.72,26.36,296.35,65.36,10.59,5.29,0.474,242.3,17.6,217.4,2811.08
AGR_Eas_2021_02039,East_Zone,Bihar_Plains,2021,Kharif,Maize,24.64,38.09,1268.09,95.0,10.0,7.05,0.386,139.7,18.5,232.9,3989.46
AGR_Eas_2021_02040,East_Zone,Odisha_Coastal,2021,Rabi,Rice,19.27,29.1,332.06,73.46,12.74,6.45,0.808,121.7,18.3,171.8,4393.14
AGR_Eas_2022_02041,East_Zone,Odisha_Coastal,2022,Kharif,Wheat,21.58,29.3,980.92,89.5,10.0,6.76,0.508,214.6,23.8,230.7,4664.87
AGR_Eas_2019_02042,East_Zone,Bihar_Plains,2019,Kharif,Soybean,24.0,36.69,1582.99,87.71,10.0,6.19,0.474,199.8,29.2,229.3,2977.0
AGR_Eas_2019_02043,East_Zone,Bihar_Plains,2019,Kharif,Maize,24.9,38.24,1932.11,95.0,10.0,6.21,0.88,195.2,15.3,250.4,4033.56
AGR_Eas_2023_02044,East_Zone,Assam_Valley,2023,Rabi,Rice,18.69,27.35,266.57,63.79,10.0,8.07,0.392,184.0,16.5,249.0,4209.83
AGR_Eas_2021_02045,East_Zone,Odisha_Coastal,2021,Kharif,Soybean,23.47,33.4,1303.47,95.0,10.0,6.66,0.677,184.3,27.9,171.0,3588.98
AGR_Eas_2020_02046,East_Zone,Bihar_Plains,2020,Kharif,Wheat,20.85,32.34,1599.44,95.0,10.0,6.59,0.577,139.4,12.9,249.5,4091.59
AGR_Eas_2021_02047,East_Zone,WB_Gangetic,2021,Zaid,Pulses,22.85,31.31,90.31,38.01,14.31,7.29,0.456,129.8,20.1,168.2,1217.21
AGR_Eas_2023_02048,East_Zone,Odisha_Coastal,2023,Rabi,Maize,19.57,28.95,,64.19,14.14,7.03,0.884,215.7,11.8,255.1,4224.34
AGR_Eas_2019_02049,East_Zone,Odisha_Coastal,2019,Kharif,Maize,22.9,30.42,1863.33,95.0,10.0,6.63,0.818,203.8,17.6,232.9,3831.23
AGR_Eas_2019_02050,East_Zone,Assam_Valley,2019,Rabi,Soybean,20.31,31.74,205.05,66.47,14.75,6.64,0.586,217.1,20.7,220.3,2639.79
AGR_Eas_2023_02051,East_Zone,WB_Gangetic,2023,Zaid,Cotton,25.23,33.41,81.05,46.05,12.39,5.6,0.522,187.2,26.0,228.0,2167.9
AGR_Eas_2019_02052,East_Zone,Odisha_Coastal,2019,Kharif,Pulses,22.38,33.02,1217.81,93.39,11.25,6.0,0.217,213.1,14.9,295.2,2091.46
AGR_Eas_2019_02053,East_Zone,Odisha_Coastal,2019,Rabi,Pulses,19.84,29.03,228.02,56.69,14.44,7.98,0.66,187.4,14.6,236.6,1641.8
AGR_Eas_2018_02054,East_Zone,Odisha_Coastal,2018,Rabi,Maize,19.86,28.0,252.14,51.4,14.05,7.72,0.721,152.4,32.3,246.0,3364.72
AGR_Eas_2023_02055,East_Zone,Odisha_Coastal,2023,Kharif,Pulses,23.29,37.03,1013.22,80.02,13.17,7.32,0.934,163.1,23.0,255.6,2600.2
AGR_Eas_2020_02056,East_Zone,Bihar_Plains,2020,Kharif,Cotton,22.26,,2133.11,95.0,10.0,8.02,0.643,166.5,15.0,175.8,2181.08
AGR_Eas_2018_02057,East_Zone,Odisha_Coastal,2018,Rabi,Wheat,18.16,26.25,366.34,57.36,11.03,7.26,0.533,128.1,11.9,135.8,3945.09
AGR_Eas_2022_02058,East_Zone,Odisha_Coastal,2022,Rabi,Rice,21.8,33.71,170.02,45.0,14.98,7.75,1.026,164.6,14.2,249.1,4923.92
AGR_Eas_2021_02059,East_Zone,WB_Gangetic,2021,Kharif,Cotton,22.09,33.97,1625.0,,10.0,6.76,0.736,149.1,22.5,235.9,2860.24
AGR_Eas_2018_02060,East_Zone,Bihar_Plains,2018,Kharif,Cotton,22.05,35.66,962.23,71.31,10.79,6.45,0.462,171.2,26.5,203.9,3041.94
AGR_Eas_2020_02061,East_Zone,Bihar_Plains,2020,Kharif,Maize,23.5,36.59,1003.48,95.0,10.0,7.26,0.483,181.0,17.0,140.1,4103.03
AGR_Eas_2020_02062,East_Zone,Assam_Valley,2020,Kharif,Maize,26.29,38.29,1950.82,95.0,10.0,7.09,0.805,163.4,28.2,196.1,3556.84
AGR_Eas_2021_02063,East_Zone,Bihar_Plains,2021,Zaid,Maize,26.79,39.52,163.31,60.21,11.62,6.85,0.573,176.1,20.1,182.9,3396.18
AGR_Eas_2020_02064,East_Zone,Odisha_Coastal,2020,Kharif,Wheat,22.93,36.54,1409.08,93.57,10.13,6.98,0.466,174.3,16.8,263.0,4490.09
AGR_Eas_2021_02065,East_Zone,Bihar_Plains,2021,Kharif,Soybean,21.5,31.51,1719.44,95.0,10.0,6.58,0.454,109.0,18.1,257.8,2654.43
AGR_Eas_2021_02066,East_Zone,Odisha_Coastal,2021,Rabi,Wheat,18.03,25.52,476.36,57.16,10.0,7.07,0.598,245.3,14.1,197.4,4629.43
AGR_Eas_2020_02067,East_Zone,Assam_Valley,2020,Kharif,Wheat,21.56,32.38,1698.08,88.51,10.2,6.83,0.761,101.3,27.7,196.4,4027.5
AGR_Eas_2019_02068,East_Zone,Odisha_Coastal,2019,Zaid,Cotton,24.8,35.13,128.98,48.2,12.75,7.16,0.571,192.2,10.1,207.8,2436.66
AGR_Eas_2020_02069,East_Zone,WB_Gangetic,2020,Rabi,Rice,16.54,25.82,152.62,51.74,12.4,7.52,0.647,191.9,13.2,200.8,4139.31
AGR_Eas_2023_02070,East_Zone,Bihar_Plains,2023,Kharif,Wheat,21.84,35.53,,,10.0,7.39,0.574,231.1,25.0,230.6,4218.06
AGR_Eas_2021_02071,East_Zone,Odisha_Coastal,2021,Zaid,Maize,25.62,36.55,207.52,,14.47,6.59,0.637,190.9,22.8,188.1,3698.38
AGR_Eas_2020_02072,East_Zone,Assam_Valley,2020,Rabi,Rice,21.36,29.29,414.57,71.79,10.44,6.88,0.546,163.7,22.0,110.0,4765.97
AGR_Eas_2022_02073,East_Zone,Odisha_Coastal,2022,Rabi,Wheat,,26.11,227.3,49.6,15.25,7.02,0.717,137.6,27.0,215.6,3752.88
AGR_Eas_2022_02074,East_Zone,Odisha_Coastal,2022,Kharif,Wheat,23.24,36.28,1207.27,89.89,10.0,6.08,0.692,153.4,28.5,218.3,4597.61
AGR_Eas_2023_02075,East_Zone,Bihar_Plains,2023,Kharif,Wheat,22.69,29.85,931.87,76.95,10.44,7.25,0.35,170.7,33.5,259.3,4137.32
AGR_Eas_2020_02076,East_Zone,Assam_Valley,2020,Kharif,Soybean,22.65,32.15,1349.3,90.22,10.0,7.59,0.603,179.5,17.1,189.3,3025.66
AGR_Eas_2018_02077,East_Zone,Assam_Valley,2018,Kharif,Wheat,,34.57,1340.21,95.0,10.0,7.33,0.414,192.2,17.8,168.8,4243.81
AGR_Eas_2023_02078,East_Zone,Bihar_Plains,2023,Kharif,Rice,24.16,32.28,1567.68,95.0,10.08,6.36,0.612,131.0,28.8,195.3,4529.36
AGR_Eas_2021_02079,East_Zone,Odisha_Coastal,2021,Kharif,Rice,21.8,32.93,1451.95,90.02,10.0,6.27,0.57,224.8,12.7,241.2,5243.72
AGR_Eas_2023_02080,East_Zone,Assam_Valley,2023,Rabi,Rice,20.57,31.7,452.19,68.28,15.19,5.59,0.658,159.7,21.8,211.9,4774.85
AGR_Eas_2022_02081,East_Zone,WB_Gangetic,2022,Zaid,Soybean,23.94,32.35,187.22,71.5,10.0,6.21,0.693,164.2,17.7,236.1,2534.23
AGR_Eas_2023_02082,East_Zone,Assam_Valley,2023,Rabi,Wheat,19.68,33.2,359.3,60.28,10.74,6.31,0.454,144.5,15.9,292.1,4282.62
AGR_Eas_2022_02083,East_Zone,Assam_Valley,2022,Rabi,Wheat,21.11,32.71,213.34,61.67,12.48,7.04,0.566,266.8,16.4,204.0,4663.6
AGR_Eas_2022_02084,East_Zone,Bihar_Plains,2022,Rabi,Pulses,19.59,30.54,283.93,66.16,11.84,6.65,0.858,150.1,14.3,197.8,1829.14
AGR_Eas_2018_02085,East_Zone,WB_Gangetic,2018,Kharif,Maize,23.9,33.61,1737.34,95.0,10.0,6.66,0.617,194.1,13.7,152.0,4055.31
AGR_Eas_2023_02086,East_Zone,Assam_Valley,2023,Rabi,Rice,18.8,26.02,247.99,60.47,10.81,6.92,0.348,153.6,20.7,199.4,4139.68
AGR_Eas_2021_02087,East_Zone,WB_Gangetic,2021,Rabi,Maize,21.83,,270.56,65.81,11.7,7.34,0.321,155.0,16.1,230.4,3437.42
AGR_Eas_2018_02088,East_Zone,Bihar_Plains,2018,Kharif,Pulses,26.63,40.12,1725.34,95.0,10.0,6.61,0.585,154.5,31.3,162.0,1608.81
AGR_Eas_2021_02089,East_Zone,Bihar_Plains,2021,Kharif,Pulses,23.4,31.01,1565.1,95.0,10.0,6.74,0.601,143.9,16.2,200.3,2094.04
AGR_Eas_2018_02090,East_Zone,WB_Gangetic,2018,Rabi,Wheat,18.16,26.51,365.56,65.86,12.08,6.46,0.744,136.0,34.4,291.1,4023.73
AGR_Eas_2022_02091,East_Zone,Bihar_Plains,2022,Kharif,Cotton,22.97,35.4,279.93,,12.83,7.19,0.37,170.6,16.1,162.1,2609.51
AGR_Eas_2020_02092,East_Zone,Assam_Valley,2020,Kharif,Maize,22.06,32.38,1176.19,95.0,10.0,6.9,0.592,136.6,25.8,278.0,3750.88
AGR_Eas_2022_02093,East_Zone,WB_Gangetic,2022,Rabi,Pulses,19.25,29.23,285.25,,15.83,6.72,0.725,165.4,15.9,217.2,1942.23
AGR_Eas_2019_02094,East_Zone,WB_Gangetic,2019,Rabi,Rice,20.25,27.93,331.43,54.12,13.84,6.65,0.767,217.1,26.4,110.0,5210.7
AGR_Eas_2020_02095,East_Zone,Bihar_Plains,2020,Zaid,Maize,25.14,35.33,162.47,58.9,12.47,6.97,0.79,178.1,21.0,153.3,3710.83
AGR_Eas_2019_02096,East_Zone,Odisha_Coastal,2019,Kharif,Cotton,,27.77,1458.94,95.0,10.0,6.14,0.603,206.4,16.2,211.3,2698.77
AGR_Eas_2023_02097,East_Zone,Odisha_Coastal,2023,Kharif,Pulses,25.38,33.33,1340.71,95.0,10.0,6.41,0.708,118.0,22.1,244.5,2213.67
AGR_Eas_2023_02098,East_Zone,WB_Gangetic,2023,Rabi,Soybean,19.62,28.94,285.1,76.42,10.66,7.09,0.667,151.8,30.3,110.0,2724.34
AGR_Eas_2022_02099,East_Zone,Assam_Valley,2022,Rabi,Pulses,21.6,33.84,317.46,66.14,13.34,6.45,0.927,215.8,27.9,242.1,2215.73
AGR_Eas_2023_02100,East_Zone,WB_Gangetic,2023,Rabi,Soybean,19.34,27.43,177.77,52.69,13.49,5.91,0.672,236.3,38.2,164.1,2610.65
AGR_Eas_2019_02101,East_Zone,Assam_Valley,2019,Rabi,Pulses,18.47,26.64,,65.76,10.0,5.7,0.602,194.2,14.4,180.8,1616.89
AGR_Eas_2018_02102,East_Zone,Assam_Valley,2018,Rabi,Rice,18.73,27.07,308.7,69.76,10.0,6.13,0.625,183.8,26.0,247.3,4786.67
AGR_Eas_2020_02103,East_Zone,WB_Gangetic,2020,Kharif,Rice,23.44,35.09,1171.62,82.52,10.0,6.53,0.393,173.1,25.7,179.9,4775.83
AGR_Eas_2021_02104,East_Zone,Odisha_Coastal,2021,Rabi,Soybean,19.53,26.62,220.29,40.23,16.1,6.3,0.748,176.6,11.4,167.3,2299.46
AGR_Eas_2023_02105,East_Zone,WB_Gangetic,2023,Kharif,Pulses,21.79,35.46,1357.75,95.0,12.65,6.28,0.664,150.6,27.3,237.0,2313.72
AGR_Eas_2023_02106,East_Zone,WB_Gangetic,2023,Kharif,Rice,22.94,30.76,1471.94,95.0,10.0,6.63,0.677,197.8,24.5,188.9,5139.69
AGR_Eas_2022_02107,East_Zone,Odisha_Coastal,2022,Kharif,Soybean,23.37,30.47,,86.81,10.0,6.75,0.433,187.6,22.8,238.5,3320.36
AGR_Eas_2020_02108,East_Zone,Bihar_Plains,2020,Rabi,Rice,20.19,29.12,262.9,50.86,10.0,7.64,0.723,170.0,15.8,144.6,4541.46
AGR_Eas_2018_02109,East_Zone,Odisha_Coastal,2018,Rabi,Pulses,17.29,30.73,173.93,62.72,10.0,6.93,0.706,143.0,15.8,149.9,1651.1
AGR_Eas_2021_02110,East_Zone,Bihar_Plains,2021,Rabi,Pulses,23.35,34.32,189.09,52.81,13.73,6.32,0.819,180.5,26.8,225.1,1493.56
AGR_Eas_2019_02111,East_Zone,Assam_Valley,2019,Rabi,Wheat,20.87,30.49,322.45,53.15,11.55,5.44,0.745,185.3,31.4,170.0,4270.24
AGR_Eas_2021_02112,East_Zone,Assam_Valley,2021,Rabi,Rice,18.72,32.42,593.68,62.69,13.06,6.08,0.381,173.4,31.2,154.1,4887.34
AGR_Eas_2019_02113,East_Zone,Assam_Valley,2019,Kharif,Rice,21.09,34.87,988.52,81.7,10.0,6.79,0.834,171.2,26.7,245.6,5062.12
AGR_Eas_2019_02114,East_Zone,WB_Gangetic,2019,Rabi,Pulses,20.02,28.32,150.81,51.03,13.69,6.51,0.585,155.1,23.6,251.5,1598.97
AGR_Eas_2020_02115,East_Zone,WB_Gangetic,2020,Zaid,Cotton,25.19,35.53,136.74,73.99,10.0,6.77,0.736,197.7,22.7,182.1,2642.52
AGR_Eas_2020_02116,East_Zone,Bihar_Plains,2020,Zaid,Cotton,23.25,30.72,185.29,60.81,13.39,7.6,0.726,163.5,21.2,170.9,2273.65
AGR_Eas_2022_02117,East_Zone,WB_Gangetic,2022,Kharif,Soybean,23.83,36.27,1537.94,93.17,10.0,5.61,0.65,178.4,21.4,160.5,3208.16
AGR_Eas_2020_02118,East_Zone,Odisha_Coastal,2020,Kharif,Rice,24.75,36.25,2237.07,95.0,10.0,7.28,0.687,188.0,25.1,214.0,4514.46
AGR_Eas_2018_02119,East_Zone,WB_Gangetic,2018,Zaid,Soybean,23.16,31.17,,36.25,15.53,7.38,0.346,195.3,22.8,197.5,2235.3
AGR_Eas_2020_02120,East_Zone,Assam_Valley,2020,Kharif,Soybean,24.03,37.81,1666.31,95.0,10.0,6.66,0.332,149.8,31.5,191.4,2489.66
AGR_Eas_2018_02121,East_Zone,WB_Gangetic,2018,Kharif,Wheat,22.3,36.08,1044.65,65.7,13.14,6.68,0.718,148.0,29.2,198.4,4267.36
AGR_Eas_2021_02122,East_Zone,Bihar_Plains,2021,Kharif,Rice,23.47,,2225.21,95.0,11.98,7.4,0.24,199.3,26.2,244.4,3925.77
AGR_Eas_2022_02123,East_Zone,Assam_Valley,2022,Rabi,Soybean,19.03,29.97,302.23,59.72,11.97,7.49,0.504,225.7,21.8,170.5,2807.92
AGR_Eas_2018_02124,East_Zone,Odisha_Coastal,2018,Kharif,Cotton,24.42,33.76,1283.16,,11.72,6.21,0.658,204.5,14.5,192.7,3175.02
AGR_Eas_2023_02125,East_Zone,Bihar_Plains,2023,Rabi,Maize,18.66,,276.3,39.05,15.77,6.63,0.699,159.4,18.8,213.9,3657.72
AGR_Eas_2018_02126,East_Zone,Assam_Valley,2018,Kharif,Soybean,24.22,36.35,1215.68,,10.0,7.15,0.498,135.8,21.3,194.9,2870.01
AGR_Eas_2020_02127,East_Zone,Odisha_Coastal,2020,Kharif,Cotton,23.39,,,95.0,10.0,6.82,0.441,105.7,31.7,206.7,2756.97
AGR_Eas_2021_02128,East_Zone,WB_Gangetic,2021,Zaid,Cotton,28.53,40.04,113.61,56.09,14.4,6.93,0.684,183.5,14.2,248.4,2025.27
AGR_Eas_2018_02129,East_Zone,Odisha_Coastal,2018,Rabi,Pulses,18.54,26.45,199.46,56.95,12.5,7.35,0.673,176.9,34.5,165.8,1669.06
AGR_Eas_2021_02130,East_Zone,Assam_Valley,2021,Kharif,Cotton,23.1,36.88,1307.91,94.51,10.0,6.48,0.408,131.7,20.9,194.5,3137.89
AGR_Eas_2019_02131,East_Zone,Bihar_Plains,2019,Zaid,Pulses,24.96,33.1,177.45,47.51,15.57,6.87,0.572,168.0,28.6,213.1,1576.67
AGR_Eas_2022_02132,East_Zone,Assam_Valley,2022,Rabi,Cotton,19.62,29.66,444.07,64.95,11.59,5.87,0.748,130.6,17.8,110.0,2740.46
AGR_Eas_2021_02133,East_Zone,Bihar_Plains,2021,Kharif,Pulses,20.53,29.47,1279.36,95.0,10.0,6.91,0.508,159.8,21.3,268.9,1873.54
AGR_Eas_2019_02134,East_Zone,Odisha_Coastal,2019,Zaid,Wheat,26.53,38.22,182.24,62.45,14.88,6.77,0.447,174.0,17.2,192.8,3647.18
AGR_Eas_2021_02135,East_Zone,Bihar_Plains,2021,Zaid,Wheat,23.59,31.65,160.09,60.73,12.14,6.0,0.503,156.8,28.8,155.6,3607.71
AGR_Eas_2020_02136,East_Zone,Bihar_Plains,2020,Kharif,Maize,21.71,29.44,1037.19,72.92,11.14,7.57,0.8,224.8,26.6,128.5,4376.34
AGR_Eas_2021_02137,East_Zone,Bihar_Plains,2021,Kharif,Wheat,21.3,30.61,2220.07,95.0,10.0,6.32,0.513,163.9,17.5,247.4,3508.23
AGR_Eas_2019_02138,East_Zone,Odisha_Coastal,2019,Rabi,Rice,18.04,26.73,363.27,88.6,10.0,6.16,0.528,156.8,15.9,241.4,4498.28
AGR_Eas_2022_02139,East_Zone,WB_Gangetic,2022,Zaid,Maize,23.25,,122.94,65.79,14.15,6.38,0.713,180.0,20.0,297.8,3553.7
AGR_Eas_2019_02140,East_Zone,Bihar_Plains,2019,Rabi,Cotton,18.36,26.44,252.43,53.32,15.83,5.26,0.346,95.4,22.4,246.2,2070.94
AGR_Eas_2020_02141,East_Zone,Assam_Valley,2020,Kharif,Rice,22.6,30.28,1492.25,90.01,10.0,6.66,0.595,175.9,34.5,187.2,4861.9
AGR_Eas_2019_02142,East_Zone,Assam_Valley,2019,Rabi,Soybean,19.6,29.61,192.2,,10.49,7.3,0.773,165.2,24.8,235.8,2595.88
AGR_Eas_2023_02143,East_Zone,Bihar_Plains,2023,Rabi,Wheat,18.12,31.24,280.64,63.18,10.0,5.77,0.871,199.6,25.5,227.1,4616.56
AGR_Eas_2023_02144,East_Zone,Bihar_Plains,2023,Rabi,Pulses,18.34,27.15,157.67,,13.38,7.82,0.738,203.4,30.8,146.2,1497.04
AGR_Eas_2018_02145,East_Zone,WB_Gangetic,2018,Kharif,Pulses,21.73,33.47,,95.0,10.93,5.99,0.564,200.0,26.2,227.2,1980.82
AGR_Eas_2022_02146,East_Zone,Bihar_Plains,2022,Rabi,Soybean,20.75,29.01,208.33,34.24,14.44,6.28,0.284,113.9,24.3,286.2,1985.03
AGR_Eas_2019_02147,East_Zone,Odisha_Coastal,2019,Rabi,Maize,19.72,29.46,344.35,48.59,13.64,6.27,0.644,147.7,18.0,241.6,3762.19
AGR_Eas_2019_02148,East_Zone,Assam_Valley,2019,Rabi,Rice,19.36,26.54,215.14,60.45,10.77,7.04,0.824,168.5,22.0,243.2,4687.3
AGR_Eas_2023_02149,East_Zone,Assam_Valley,2023,Zaid,Wheat,24.71,,171.23,41.6,13.78,8.05,0.622,184.7,33.3,138.0,4027.61
AGR_Eas_2021_02150,East_Zone,WB_Gangetic,2021,Kharif,Pulses,25.18,33.25,1422.17,94.61,10.02,7.31,0.879,201.1,25.5,213.9,2815.12
AGR_Eas_2022_02151,East_Zone,Assam_Valley,2022,Rabi,Cotton,18.17,32.09,151.63,53.95,10.0,7.61,0.769,126.2,20.4,186.5,2355.48
AGR_Eas_2022_02152,East_Zone,Assam_Valley,2022,Kharif,Rice,21.9,35.32,1033.92,95.0,10.0,8.14,0.445,174.0,20.0,235.1,4913.32
AGR_Eas_2021_02153,East_Zone,Bihar_Plains,2021,Rabi,Soybean,18.11,29.4,231.88,51.78,15.34,6.7,0.804,103.4,20.4,176.2,2348.11
AGR_Eas_2019_02154,East_Zone,Assam_Valley,2019,Rabi,Maize,19.26,29.45,311.52,63.88,11.69,7.07,0.429,156.1,30.8,168.6,3359.01
AGR_Eas_2019_02155,East_Zone,WB_Gangetic,2019,Zaid,Cotton,24.6,34.1,75.41,62.84,10.0,6.51,0.383,186.3,17.9,146.5,2073.78
AGR_Eas_2020_02156,East_Zone,Odisha_Coastal,2020,Rabi,Maize,20.98,30.98,200.33,44.04,11.48,6.27,0.666,196.8,17.0,188.7,3618.55
AGR_Eas_2022_02157,East_Zone,Odisha_Coastal,2022,Zaid,Wheat,24.18,31.87,217.36,42.0,13.99,6.24,0.451,203.6,11.1,195.5,4354.76
AGR_Eas_2021_02158,East_Zone,Odisha_Coastal,2021,Kharif,Pulses,25.57,,1637.87,88.77,10.0,5.65,0.456,132.8,13.7,187.7,1971.85
AGR_Eas_2021_02159,East_Zone,Bihar_Plains,2021,Kharif,Pulses,23.06,35.3,1270.02,95.0,10.0,6.73,0.857,137.3,21.2,160.4,2417.59
AGR_Eas_2021_02160,East_Zone,WB_Gangetic,2021,Rabi,Cotton,18.52,31.1,300.6,55.85,12.08,6.91,0.68,143.1,21.0,211.4,2510.01
AGR_Eas_2020_02161,East_Zone,WB_Gangetic,2020,Kharif,Rice,23.33,31.67,1445.16,95.0,10.0,6.21,0.845,225.6,25.7,168.2,5729.47
AGR_Eas_2021_02162,East_Zone,WB_Gangetic,2021,Zaid,Rice,24.38,32.72,,43.16,15.85,6.27,0.437,224.2,13.9,175.1,4767.72
AGR_Eas_2022_02163,East_Zone,Odisha_Coastal,2022,Kharif,Pulses,23.28,35.71,1359.07,93.84,10.0,6.48,0.564,192.1,17.7,230.4,2486.58
AGR_Eas_2018_02164,East_Zone,WB_Gangetic,2018,Rabi,Soybean,15.97,27.53,,79.33,10.0,7.46,0.732,230.6,31.2,130.4,2897.82
AGR_Eas_2020_02165,East_Zone,WB_Gangetic,2020,Kharif,Wheat,21.97,30.53,2296.1,95.0,10.0,6.63,0.52,95.2,13.8,111.4,3180.96
AGR_Eas_2019_02166,East_Zone,Bihar_Plains,2019,Kharif,Rice,20.34,31.63,1220.99,,10.0,6.37,0.359,224.6,20.3,226.8,4761.43
AGR_Eas_2018_02167,East_Zone,WB_Gangetic,2018,Kharif,Soybean,21.4,31.22,1954.92,95.0,10.0,7.2,0.263,237.4,24.6,264.2,2598.17
AGR_Eas_2023_02168,East_Zone,Odisha_Coastal,2023,Kharif,Wheat,23.93,36.1,1991.01,95.0,10.0,6.55,0.293,223.8,21.4,157.3,4061.25
AGR_Eas_2023_02169,East_Zone,Assam_Valley,2023,Kharif,Pulses,24.34,36.03,1627.69,95.0,10.0,6.81,0.565,209.2,10.8,228.9,2168.61
AGR_Eas_2023_02170,East_Zone,Odisha_Coastal,2023,Rabi,Maize,,30.41,,64.83,10.22,6.92,0.836,204.5,35.3,240.0,4101.34
AGR_Eas_2021_02171,East_Zone,WB_Gangetic,2021,Kharif,Rice,24.35,32.33,1115.14,95.0,10.0,5.2,0.822,167.7,19.0,175.7,5391.85
AGR_Eas_2018_02172,East_Zone,Assam_Valley,2018,Rabi,Cotton,17.91,30.39,184.56,45.62,13.56,6.68,0.523,207.1,23.4,175.6,2422.02
AGR_Eas_2020_02173,East_Zone,WB_Gangetic,2020,Kharif,Wheat,24.75,33.9,879.75,84.39,11.67,7.86,0.563,168.0,22.6,157.6,4639.96
AGR_Eas_2020_02174,East_Zone,Assam_Valley,2020,Rabi,Rice,,29.18,374.43,69.37,13.14,6.16,0.237,201.7,10.5,178.3,4295.73
AGR_Eas_2018_02175,East_Zone,WB_Gangetic,2018,Kharif,Rice,,32.3,546.37,58.56,11.67,5.59,0.552,197.9,23.3,223.3,5176.29
AGR_Eas_2023_02176,East_Zone,Odisha_Coastal,2023,Zaid,Soybean,25.02,36.19,190.35,,10.0,6.97,0.694,223.8,21.3,110.0,2926.42
AGR_Eas_2022_02177,East_Zone,Odisha_Coastal,2022,Kharif,Cotton,22.85,30.82,190.23,61.4,10.15,6.27,0.446,124.9,18.0,227.1,2192.98
AGR_Eas_2021_02178,East_Zone,Bihar_Plains,2021,Kharif,Cotton,22.81,35.48,393.26,66.44,11.64,6.48,0.735,121.7,24.3,259.8,2759.1
AGR_Eas_2023_02179,East_Zone,Bihar_Plains,2023,Kharif,Cotton,23.66,31.13,1936.59,95.0,10.0,6.92,0.516,189.6,33.3,245.8,2462.57
AGR_Eas_2019_02180,East_Zone,Odisha_Coastal,2019,Zaid,Pulses,,37.33,115.38,47.05,10.21,6.88,0.646,180.2,20.0,217.0,1497.21
AGR_Eas_2019_02181,East_Zone,Assam_Valley,2019,Kharif,Cotton,24.59,38.22,1462.46,,10.0,7.13,0.603,158.4,30.3,170.1,3075.31
AGR_Eas_2023_02182,East_Zone,WB_Gangetic,2023,Kharif,Maize,19.12,30.66,1272.34,95.0,10.09,7.18,0.707,150.1,27.8,258.5,4211.63
AGR_Eas_2023_02183,East_Zone,Assam_Valley,2023,Kharif,Wheat,20.38,28.56,1288.47,95.0,11.24,7.51,0.665,199.1,26.9,116.6,4556.58
AGR_Eas_2021_02184,East_Zone,WB_Gangetic,2021,Kharif,Pulses,21.38,32.63,,95.0,10.0,7.43,0.642,190.6,9.8,175.5,1634.62
AGR_Eas_2021_02185,East_Zone,Assam_Valley,2021,Kharif,Soybean,22.27,30.74,993.85,66.27,11.89,6.56,0.524,153.9,25.4,253.8,3018.37
AGR_Eas_2019_02186,East_Zone,WB_Gangetic,2019,Rabi,Rice,17.56,31.11,243.82,64.65,10.31,6.64,0.501,166.4,17.1,232.0,4360.61
AGR_Eas_2018_02187,East_Zone,Assam_Valley,2018,Kharif,Cotton,23.0,32.98,2215.54,95.0,10.0,7.11,0.544,142.1,15.9,245.2,2193.33
AGR_Eas_2021_02188,East_Zone,WB_Gangetic,2021,Kharif,Rice,24.32,33.43,1546.78,95.0,10.0,6.34,0.452,193.1,16.5,227.7,5126.54
AGR_Eas_2021_02189,East_Zone,Odisha_Coastal,2021,Rabi,Wheat,17.81,27.36,301.6,86.73,12.14,7.32,0.34,164.0,31.0,281.3,3534.95
AGR_Eas_2019_02190,East_Zone,Assam_Valley,2019,Kharif,Pulses,21.92,32.41,1266.65,95.0,10.0,6.63,0.624,198.1,21.5,195.6,2255.24
AGR_Eas_2019_02191,East_Zone,Bihar_Plains,2019,Kharif,Soybean,21.96,33.63,1419.51,95.0,10.0,5.72,0.638,199.1,16.4,301.1,3206.84
AGR_Eas_2022_02192,East_Zone,WB_Gangetic,2022,Rabi,Cotton,17.89,25.18,414.2,39.22,13.92,6.21,0.463,149.4,26.9,264.7,2412.86
AGR_Eas_2022_02193,East_Zone,WB_Gangetic,2022,Kharif,Maize,25.46,38.74,1306.93,89.87,10.0,6.61,0.389,200.5,22.9,214.9,4153.55
AGR_Eas_2022_02194,East_Zone,Bihar_Plains,2022,Rabi,Pulses,19.3,27.3,320.71,53.67,14.73,7.59,0.833,175.6,24.8,206.0,2158.46
AGR_Eas_2023_02195,East_Zone,Bihar_Plains,2023,Kharif,Wheat,20.62,27.8,,95.0,10.0,6.26,0.932,193.7,26.6,206.7,4776.77
AGR_Eas_2018_02196,East_Zone,Assam_Valley,2018,Kharif,Soybean,21.92,32.74,2018.31,95.0,10.0,6.1,0.582,182.1,26.8,293.1,2640.53
AGR_Eas_2019_02197,East_Zone,WB_Gangetic,2019,Rabi,Cotton,21.67,31.34,202.27,45.14,13.19,7.03,0.673,173.9,19.0,201.9,2268.26
AGR_Eas_2018_02198,East_Zone,Odisha_Coastal,2018,Rabi,Pulses,19.12,31.65,269.28,67.29,10.0,6.71,0.68,124.0,21.6,210.3,1562.99
AGR_Eas_2021_02199,East_Zone,Odisha_Coastal,2021,Rabi,Wheat,17.16,26.89,146.07,52.89,10.0,6.69,0.55,244.8,19.1,180.5,3907.44
AGR_Eas_2019_02200,East_Zone,Bihar_Plains,2019,Rabi,Maize,20.02,32.34,,60.21,10.95,6.55,0.516,191.7,18.6,203.6,3705.44
AGR_Eas_2022_02201,East_Zone,Odisha_Coastal,2022,Kharif,Pulses,25.7,39.69,1633.78,95.0,10.0,7.97,0.481,110.8,21.6,204.2,1697.93
AGR_Eas_2022_02202,East_Zone,Bihar_Plains,2022,Kharif,Soybean,26.23,35.37,1219.23,95.0,10.0,7.46,0.348,224.1,24.2,206.2,3456.0
AGR_Eas_2023_02203,East_Zone,WB_Gangetic,2023,Kharif,Pulses,25.79,39.77,774.0,68.4,10.86,7.58,0.492,198.6,24.8,331.3,2246.19
AGR_Eas_2022_02204,East_Zone,WB_Gangetic,2022,Kharif,Pulses,23.13,34.84,1823.78,95.0,10.0,7.08,0.62,162.4,22.4,180.0,1888.6
AGR_Eas_2022_02205,East_Zone,Odisha_Coastal,2022,Rabi,Pulses,16.64,26.18,220.42,45.27,10.64,6.66,0.504,174.6,25.4,152.6,1712.72
AGR_Eas_2019_02206,East_Zone,WB_Gangetic,2019,Rabi,Pulses,18.39,29.99,156.95,47.7,11.6,6.83,0.996,144.4,27.3,172.5,1620.86
AGR_Eas_2021_02207,East_Zone,Odisha_Coastal,2021,Rabi,Soybean,19.51,28.56,188.08,43.28,13.08,7.3,0.529,218.7,18.9,194.5,2511.22
AGR_Eas_2020_02208,East_Zone,WB_Gangetic,2020,Rabi,Wheat,16.57,27.99,,79.27,10.0,6.42,0.45,128.1,24.6,245.5,4066.84
AGR_Eas_2018_02209,East_Zone,Bihar_Plains,2018,Kharif,Maize,21.17,32.17,991.08,,10.0,6.67,0.66,143.6,21.9,198.8,4006.54
AGR_Eas_2019_02210,East_Zone,Assam_Valley,2019,Rabi,Rice,20.84,33.36,160.0,50.03,14.75,7.46,0.486,151.0,23.0,253.0,3978.39
AGR_Eas_2018_02211,East_Zone,Odisha_Coastal,2018,Zaid,Pulses,24.85,34.89,103.63,50.47,10.08,6.13,0.478,114.5,23.2,310.5,1550.57
AGR_Eas_2023_02212,East_Zone,Bihar_Plains,2023,Zaid,Soybean,25.58,36.79,138.07,53.73,14.51,7.24,0.468,182.6,12.1,282.3,2604.23
AGR_Eas_2021_02213,East_Zone,WB_Gangetic,2021,Rabi,Rice,19.37,29.01,236.31,35.08,12.06,6.93,0.36,112.7,37.6,236.8,3820.39
AGR_Eas_2021_02214,East_Zone,Assam_Valley,2021,Kharif,Soybean,20.81,29.44,575.39,63.33,14.56,7.43,0.47,179.8,29.8,152.9,2968.2
AGR_Eas_2021_02215,East_Zone,WB_Gangetic,2021,Kharif,Soybean,23.68,36.42,968.69,92.21,10.0,6.47,0.769,241.8,18.7,237.5,3218.54
AGR_Eas_2022_02216,East_Zone,Odisha_Coastal,2022,Zaid,Wheat,24.18,34.3,87.65,30.0,12.62,6.45,0.815,140.6,35.5,241.1,3906.76
AGR_Eas_2019_02217,East_Zone,Bihar_Plains,2019,Kharif,Cotton,22.96,32.63,1579.11,95.0,10.0,7.08,0.756,176.5,21.6,200.0,3040.04
AGR_Eas_2018_02218,East_Zone,WB_Gangetic,2018,Rabi,Rice,18.2,31.18,350.55,61.37,11.6,6.61,0.301,151.7,15.4,204.2,4203.97
AGR_Eas_2018_02219,East_Zone,WB_Gangetic,2018,Rabi,Cotton,19.58,31.19,332.66,47.9,12.52,7.28,0.325,168.3,25.3,172.0,2510.79
AGR_Eas_2018_02220,East_Zone,Bihar_Plains,2018,Rabi,Rice,16.58,27.51,364.67,58.83,11.82,6.6,0.646,126.8,27.4,161.5,4755.52
AGR_Eas_2023_02221,East_Zone,Odisha_Coastal,2023,Kharif,Wheat,22.51,29.81,1082.0,78.09,10.45,6.67,0.754,178.9,28.8,185.5,4582.22
AGR_Eas_2018_02222,East_Zone,Odisha_Coastal,2018,Kharif,Maize,21.77,34.74,1197.09,92.51,10.0,6.77,0.631,208.5,21.4,228.4,4152.15
AGR_Eas_2020_02223,East_Zone,WB_Gangetic,2020,Zaid,Wheat,27.02,36.93,138.58,56.11,15.84,6.5,0.648,175.1,21.1,222.1,4137.17
AGR_Eas_2022_02224,East_Zone,Assam_Valley,2022,Kharif,Cotton,19.91,28.66,2127.65,95.0,10.5,6.34,0.522,196.6,18.0,178.9,1839.34
AGR_Eas_2019_02225,East_Zone,Assam_Valley,2019,Rabi,Wheat,19.26,30.98,291.93,64.16,13.83,6.9,0.783,135.5,29.1,222.9,4197.83
AGR_Eas_2018_02226,East_Zone,Assam_Valley,2018,Rabi,Pulses,18.78,29.72,273.35,70.95,10.43,6.29,0.779,202.8,24.6,178.4,1988.05
AGR_Eas_2019_02227,East_Zone,WB_Gangetic,2019,Kharif,Pulses,24.32,37.06,1309.38,95.0,10.14,7.33,0.834,124.6,21.3,218.3,2174.55
AGR_Eas_2019_02228,East_Zone,Bihar_Plains,2019,Kharif,Cotton,23.32,37.24,1384.98,93.72,10.0,7.13,0.511,174.2,20.9,236.4,2948.78
AGR_Eas_2022_02229,East_Zone,Assam_Valley,2022,Rabi,Rice,21.18,31.25,321.98,57.33,14.35,5.48,0.571,224.4,23.4,332.7,5372.63
AGR_Eas_2020_02230,East_Zone,Bihar_Plains,2020,Kharif,Pulses,23.72,34.2,1596.38,95.0,10.0,7.91,0.403,167.0,21.4,133.2,2116.33
AGR_Eas_2020_02231,East_Zone,WB_Gangetic,2020,Rabi,Rice,18.53,25.71,236.71,66.28,11.9,5.89,0.353,191.3,22.9,225.0,4402.8
AGR_Eas_2021_02232,East_Zone,Odisha_Coastal,2021,Kharif,Cotton,23.34,34.75,1418.98,95.0,10.0,7.18,0.671,150.3,24.3,153.4,3027.4
AGR_Eas_2023_02233,East_Zone,Bihar_Plains,2023,Zaid,Pulses,26.07,34.92,117.24,51.78,14.01,7.09,0.781,182.9,11.5,243.9,1730.75
AGR_Eas_2021_02234,East_Zone,Assam_Valley,2021,Kharif,Soybean,25.25,37.28,,89.98,10.0,6.26,0.835,154.1,26.7,231.3,3322.31
AGR_Eas_2020_02235,East_Zone,WB_Gangetic,2020,Kharif,Rice,21.81,28.95,1225.49,,10.0,6.12,0.666,164.6,27.6,223.9,5065.13
AGR_Eas_2021_02236,East_Zone,WB_Gangetic,2021,Rabi,Soybean,18.92,26.45,272.88,,10.0,6.13,0.431,226.8,31.8,240.0,2619.15
AGR_Eas_2022_02237,East_Zone,WB_Gangetic,2022,Kharif,Wheat,,32.57,1150.09,74.8,10.0,6.26,0.519,219.9,20.2,263.6,5044.57
AGR_Eas_2019_02238,East_Zone,Bihar_Plains,2019,Kharif,Soybean,20.2,27.58,1527.02,95.0,10.04,7.62,0.618,233.8,26.8,261.4,3248.56
AGR_Eas_2022_02239,East_Zone,Assam_Valley,2022,Rabi,Rice,20.72,33.12,244.26,55.89,11.59,6.98,0.819,148.2,19.2,298.8,4561.44
AGR_Eas_2020_02240,East_Zone,Odisha_Coastal,2020,Kharif,Cotton,19.62,33.23,1470.91,95.0,10.78,5.98,0.506,182.5,20.5,236.8,3034.15
AGR_Eas_2022_02241,East_Zone,Odisha_Coastal,2022,Rabi,Wheat,16.96,27.44,262.0,53.0,12.03,6.18,0.849,266.9,30.8,273.9,4790.37
AGR_Eas_2020_02242,East_Zone,Odisha_Coastal,2020,Kharif,Soybean,,36.25,473.97,48.69,15.66,7.37,0.634,241.0,22.9,189.6,3581.99
AGR_Eas_2021_02243,East_Zone,Assam_Valley,2021,Kharif,Pulses,27.19,40.4,1621.53,95.0,12.0,6.87,0.409,186.9,26.6,246.9,1845.21
AGR_Eas_2021_02244,East_Zone,Bihar_Plains,2021,Kharif,Rice,24.08,36.53,1438.0,95.0,10.07,6.48,0.757,155.9,24.4,253.1,5167.3
AGR_Eas_2021_02245,East_Zone,WB_Gangetic,2021,Rabi,Maize,20.71,30.02,270.67,51.11,12.94,5.76,0.578,252.0,31.3,288.8,3935.95
AGR_Eas_2019_02246,East_Zone,Odisha_Coastal,2019,Kharif,Maize,23.3,35.55,1324.42,95.0,10.0,7.98,0.683,91.1,28.5,237.5,3730.13
AGR_Eas_2021_02247,East_Zone,Assam_Valley,2021,Kharif,Soybean,26.93,36.33,1783.41,95.0,10.79,6.34,0.874,200.8,15.9,167.5,3152.83
AGR_Eas_2022_02248,East_Zone,Assam_Valley,2022,Rabi,Pulses,21.39,34.91,291.84,66.56,10.05,7.87,0.268,187.8,29.7,188.9,1756.52
AGR_Eas_2022_02249,East_Zone,Bihar_Plains,2022,Kharif,Rice,23.69,30.83,1606.5,95.0,11.01,7.01,0.934,179.4,12.1,178.7,5127.28
AGR_Eas_2020_02250,East_Zone,Bihar_Plains,2020,Kharif,Pulses,22.72,29.94,1132.87,92.29,11.24,6.71,0.482,192.1,28.9,159.0,2534.93
AGR_Eas_2020_02251,East_Zone,WB_Gangetic,2020,Rabi,Soybean,18.26,28.35,175.48,54.4,11.44,7.36,0.616,220.6,17.4,195.2,2671.23
AGR_Eas_2018_02252,East_Zone,Assam_Valley,2018,Kharif,Pulses,,41.33,1054.71,82.38,12.48,7.01,0.374,171.0,31.6,261.2,1898.99
AGR_Eas_2023_02253,East_Zone,WB_Gangetic,2023,Kharif,Cotton,21.38,28.95,876.82,80.23,10.0,6.61,0.725,141.2,23.2,227.8,2821.55
AGR_Eas_2020_02254,East_Zone,Assam_Valley,2020,Kharif,Rice,23.51,32.36,1264.05,95.0,10.0,7.52,0.416,161.3,35.1,239.1,4925.77
AGR_Eas_2020_02255,East_Zone,Odisha_Coastal,2020,Rabi,Maize,19.95,27.61,256.77,75.54,12.59,7.17,0.892,194.8,14.8,243.2,3991.18
AGR_Eas_2019_02256,East_Zone,Odisha_Coastal,2019,Kharif,Soybean,23.59,32.77,1909.52,95.0,10.47,5.86,0.712,224.6,27.2,205.3,3154.93
AGR_Eas_2021_02257,East_Zone,Odisha_Coastal,2021,Kharif,Soybean,26.13,35.95,,80.61,10.0,6.68,0.733,226.5,17.3,220.3,3644.62
AGR_Eas_2023_02258,East_Zone,Assam_Valley,2023,Kharif,Rice,25.59,39.37,1010.05,89.19,11.44,5.56,0.85,156.9,36.1,237.7,5255.67
AGR_Eas_2022_02259,East_Zone,Odisha_Coastal,2022,Rabi,Maize,18.89,28.48,171.1,43.51,13.61,6.26,0.908,139.6,19.5,278.8,3631.48
AGR_Eas_2021_02260,East_Zone,WB_Gangetic,2021,Rabi,Cotton,20.62,32.67,260.65,71.11,11.0,6.43,0.477,180.2,24.7,242.2,2548.04
AGR_Eas_2019_02261,East_Zone,Bihar_Plains,2019,Kharif,Maize,23.24,36.54,778.88,71.89,11.55,7.1,0.455,152.7,23.0,129.6,3950.75
AGR_Eas_2023_02262,East_Zone,Bihar_Plains,2023,Kharif,Soybean,23.84,30.84,1377.38,79.31,11.84,8.5,0.463,199.8,22.3,210.1,3224.98
AGR_Eas_2023_02263,East_Zone,Odisha_Coastal,2023,Kharif,Rice,23.79,31.16,,95.0,10.0,6.55,0.966,203.7,20.4,239.0,5696.64
AGR_Eas_2022_02264,East_Zone,WB_Gangetic,2022,Rabi,Maize,19.29,33.25,171.08,59.96,12.62,6.28,0.674,153.3,18.5,119.0,3486.84
AGR_Eas_2018_02265,East_Zone,Odisha_Coastal,2018,Rabi,Rice,21.93,31.83,395.75,70.23,12.67,6.53,0.383,187.0,25.2,217.7,4993.02
AGR_Eas_2020_02266,East_Zone,WB_Gangetic,2020,Kharif,Wheat,22.51,31.39,2027.44,95.0,10.0,6.07,0.731,148.1,19.7,208.4,3870.23
AGR_Eas_2019_02267,East_Zone,WB_Gangetic,2019,Kharif,Maize,22.61,30.11,1413.2,95.0,10.0,6.21,0.757,153.2,22.0,115.4,4044.44
AGR_Eas_2023_02268,East_Zone,Odisha_Coastal,2023,Rabi,Pulses,17.26,27.62,360.05,62.86,11.15,6.65,0.215,140.1,8.0,212.1,1825.99
AGR_Eas_2018_02269,East_Zone,Assam_Valley,2018,Kharif,Wheat,24.08,31.64,1247.3,90.02,10.0,6.9,0.571,215.3,26.4,256.6,4981.79
AGR_Eas_2022_02270,East_Zone,Odisha_Coastal,2022,Kharif,Wheat,22.13,,1134.07,95.0,10.77,6.9,0.601,143.1,27.7,215.6,4610.56
AGR_Eas_2019_02271,East_Zone,Assam_Valley,2019,Kharif,Maize,20.53,,1281.22,95.0,10.0,6.89,0.458,134.9,17.4,207.4,3732.73
AGR_Eas_2022_02272,East_Zone,WB_Gangetic,2022,Kharif,Rice,22.17,30.89,1563.62,88.89,10.0,7.53,0.642,176.6,25.3,205.3,5137.48
AGR_Eas_2022_02273,East_Zone,Assam_Valley,2022,Kharif,Cotton,23.57,36.28,1477.77,,10.0,7.48,0.583,223.0,12.3,226.9,2961.34
AGR_Eas_2021_02274,East_Zone,Odisha_Coastal,2021,Kharif,Soybean,25.98,39.45,1421.57,83.2,11.81,7.12,0.502,112.8,28.7,110.0,2804.82
AGR_Eas_2018_02275,East_Zone,Bihar_Plains,2018,Rabi,Maize,18.01,28.24,408.31,46.38,12.94,6.95,0.415,192.9,22.8,185.6,3945.12
AGR_Eas_2023_02276,East_Zone,Odisha_Coastal,2023,Kharif,Pulses,23.2,36.58,2171.17,95.0,10.0,6.82,0.551,157.4,23.1,241.3,1168.4
AGR_Eas_2020_02277,East_Zone,Bihar_Plains,2020,Rabi,Cotton,21.4,30.72,346.09,76.98,11.72,7.11,0.612,203.7,21.7,145.2,2890.96
AGR_Eas_2018_02278,East_Zone,Assam_Valley,2018,Kharif,Wheat,22.26,31.99,1260.25,95.0,10.0,6.63,0.933,218.4,19.4,182.6,4917.15
AGR_Eas_2022_02279,East_Zone,WB_Gangetic,2022,Rabi,Rice,17.76,26.33,374.08,52.57,10.0,8.07,0.346,151.0,25.0,225.3,4412.58
AGR_Eas_2019_02280,East_Zone,WB_Gangetic,2019,Rabi,Pulses,20.82,29.07,201.11,59.97,12.17,6.3,0.538,122.0,10.9,152.2,1569.36
AGR_Eas_2020_02281,East_Zone,Assam_Valley,2020,Kharif,Cotton,22.39,33.9,2275.34,95.0,10.0,6.3,0.564,215.0,18.6,254.4,2093.14
AGR_Eas_2018_02282,East_Zone,Odisha_Coastal,2018,Kharif,Rice,23.73,31.5,1375.7,,10.25,7.43,0.98,191.0,34.8,282.5,5818.32
AGR_Eas_2018_02283,East_Zone,Odisha_Coastal,2018,Rabi,Cotton,19.57,29.5,294.15,63.24,12.35,6.41,0.388,141.5,25.5,203.3,2522.5
AGR_Eas_2020_02284,East_Zone,Assam_Valley,2020,Kharif,Soybean,21.44,,705.21,84.05,11.43,6.49,0.796,183.6,22.0,289.6,3309.23
AGR_Eas_2022_02285,East_Zone,Assam_Valley,2022,Rabi,Pulses,17.06,30.92,279.77,62.15,10.0,6.73,0.919,184.3,19.4,273.1,2171.07
AGR_Eas_2018_02286,East_Zone,WB_Gangetic,2018,Kharif,Cotton,22.59,31.71,1322.61,95.0,12.38,5.85,0.856,186.7,28.4,157.8,2984.41
AGR_Eas_2018_02287,East_Zone,Assam_Valley,2018,Rabi,Cotton,16.4,29.19,341.14,48.09,15.51,7.1,0.513,178.3,16.4,233.4,2609.9
AGR_Eas_2023_02288,East_Zone,Odisha_Coastal,2023,Rabi,Cotton,18.75,28.39,226.92,41.27,14.85,6.53,0.689,129.1,22.5,279.8,2291.85
AGR_Eas_2021_02289,East_Zone,Bihar_Plains,2021,Rabi,Pulses,17.96,25.32,352.35,47.16,14.15,7.1,0.406,220.5,22.7,198.1,2094.2
AGR_Eas_2020_02290,East_Zone,Bihar_Plains,2020,Rabi,Soybean,,26.83,356.31,70.46,10.08,6.56,0.542,134.7,22.8,172.3,2498.25
AGR_Eas_2020_02291,East_Zone,Bihar_Plains,2020,Rabi,Pulses,,28.27,213.01,58.02,11.18,6.46,0.611,204.2,20.8,168.6,1736.06
AGR_Eas_2018_02292,East_Zone,Assam_Valley,2018,Kharif,Cotton,21.06,31.57,1226.53,77.48,11.19,7.14,0.757,140.1,20.0,204.6,2815.8
AGR_Eas_2020_02293,East_Zone,WB_Gangetic,2020,Rabi,Soybean,18.47,28.84,262.66,54.8,14.38,5.57,0.629,143.4,20.3,198.6,2583.71
AGR_Eas_2018_02294,East_Zone,Bihar_Plains,2018,Zaid,Rice,24.55,38.08,144.03,54.49,12.98,5.98,0.459,116.4,19.7,194.1,3966.12
AGR_Eas_2023_02295,East_Zone,WB_Gangetic,2023,Rabi,Maize,19.09,28.17,245.04,51.83,12.87,7.12,0.486,133.4,16.2,182.9,3297.87
AGR_Eas_2019_02296,East_Zone,WB_Gangetic,2019,Rabi,Soybean,16.6,25.46,343.52,60.03,11.02,7.43,0.677,174.0,20.4,195.5,2918.9
AGR_Eas_2020_02297,East_Zone,Odisha_Coastal,2020,Rabi,Cotton,16.25,29.81,283.39,69.64,13.19,6.91,0.779,204.2,8.7,184.6,2586.58
AGR_Eas_2023_02298,East_Zone,Bihar_Plains,2023,Rabi,Pulses,16.87,30.69,195.58,75.09,12.27,6.26,0.556,163.6,15.4,190.6,1530.27
AGR_Eas_2020_02299,East_Zone,Bihar_Plains,2020,Kharif,Wheat,22.21,,1315.52,87.44,10.0,7.13,0.494,200.9,26.1,221.6,4614.21
AGR_Eas_2023_02300,East_Zone,WB_Gangetic,2023,Rabi,Wheat,19.2,31.77,166.56,49.59,14.06,6.02,0.366,179.5,29.9,263.8,3635.02
AGR_Eas_2022_02301,East_Zone,Assam_Valley,2022,Kharif,Rice,21.41,29.78,975.26,95.0,10.0,6.64,0.956,226.9,23.7,202.5,5793.52
AGR_Eas_2018_02302,East_Zone,WB_Gangetic,2018,Zaid,Rice,25.31,34.99,144.42,53.39,15.49,6.73,0.702,196.2,28.6,220.8,4801.16
AGR_Eas_2023_02303,East_Zone,WB_Gangetic,2023,Rabi,Rice,20.94,33.15,194.02,50.96,10.41,6.96,0.594,166.5,25.3,238.6,4395.76
AGR_Eas_2019_02304,East_Zone,Bihar_Plains,2019,Kharif,Maize,23.72,35.27,1247.43,95.0,11.72,7.36,0.639,190.2,18.8,135.5,4565.77
AGR_Eas_2018_02305,East_Zone,Bihar_Plains,2018,Kharif,Wheat,22.98,30.33,845.52,89.76,12.5,7.07,0.535,187.4,28.4,261.6,4645.35
AGR_Eas_2019_02306,East_Zone,Odisha_Coastal,2019,Rabi,Soybean,16.89,25.64,364.95,52.77,12.77,7.99,0.388,166.2,28.3,217.6,2418.9
AGR_Eas_2023_02307,East_Zone,Bihar_Plains,2023,Rabi,Maize,18.52,25.52,235.05,63.92,13.51,6.91,0.668,199.6,12.3,226.6,3743.41
AGR_Eas_2019_02308,East_Zone,Odisha_Coastal,2019,Kharif,Rice,21.53,35.03,1825.77,95.0,14.61,6.27,0.537,138.7,28.3,199.7,4382.83
AGR_Eas_2022_02309,East_Zone,Bihar_Plains,2022,Kharif,Rice,24.95,38.64,1211.05,84.71,10.0,6.61,0.352,133.7,37.0,192.6,4626.17
AGR_Eas_2023_02310,East_Zone,WB_Gangetic,2023,Kharif,Rice,21.96,34.19,1113.34,84.43,10.8,7.56,0.505,174.2,16.4,152.8,4978.05
AGR_Eas_2022_02311,East_Zone,Odisha_Coastal,2022,Rabi,Cotton,20.61,33.33,357.95,41.13,13.51,7.51,0.741,183.8,31.2,191.7,2885.36
AGR_Eas_2022_02312,East_Zone,Bihar_Plains,2022,Rabi,Cotton,19.92,,177.71,70.5,10.94,5.66,0.628,226.9,28.1,237.3,2581.34
AGR_Eas_2022_02313,East_Zone,Assam_Valley,2022,Kharif,Cotton,19.9,,1454.14,95.0,10.0,6.17,0.661,183.6,18.9,182.3,3197.99
AGR_Eas_2019_02314,East_Zone,Bihar_Plains,2019,Rabi,Cotton,18.31,31.19,395.69,62.7,12.08,6.94,0.694,197.2,16.6,218.1,3029.82
AGR_Eas_2023_02315,East_Zone,Bihar_Plains,2023,Kharif,Rice,23.82,33.17,890.21,73.95,10.0,6.46,0.609,217.7,14.3,201.7,5310.15
AGR_Eas_2021_02316,East_Zone,Bihar_Plains,2021,Kharif,Maize,23.89,37.27,1743.88,95.0,11.36,7.21,0.317,181.3,19.2,149.4,3527.61
AGR_Eas_2022_02317,East_Zone,Bihar_Plains,2022,Kharif,Rice,22.32,35.18,1201.82,95.0,10.0,6.98,0.855,174.8,21.0,131.4,5367.12
AGR_Eas_2018_02318,East_Zone,Odisha_Coastal,2018,Zaid,Wheat,25.3,35.27,,78.79,10.0,6.55,0.702,179.9,18.4,184.8,4103.79
AGR_Eas_2020_02319,East_Zone,Bihar_Plains,2020,Rabi,Wheat,19.27,29.66,160.69,68.28,13.36,6.88,0.491,150.2,32.0,205.4,3753.28
AGR_Eas_2023_02320,East_Zone,Assam_Valley,2023,Rabi,Rice,19.03,30.66,300.6,48.39,12.31,6.86,0.657,234.6,13.5,233.8,5086.23
AGR_Eas_2022_02321,East_Zone,Bihar_Plains,2022,Zaid,Maize,,36.94,127.72,51.13,12.88,7.28,0.55,257.5,14.0,215.2,3717.96
AGR_Eas_2022_02322,East_Zone,Assam_Valley,2022,Kharif,Maize,23.42,35.72,1326.41,70.14,11.65,7.14,0.39,201.5,28.3,217.6,4075.58
AGR_Eas_2021_02323,East_Zone,Assam_Valley,2021,Zaid,Wheat,24.16,33.66,205.9,,13.79,6.83,1.114,202.9,24.8,235.8,4842.21
AGR_Eas_2022_02324,East_Zone,Bihar_Plains,2022,Rabi,Wheat,18.6,25.67,320.78,54.29,14.43,7.1,0.74,220.8,23.4,136.1,4539.8
AGR_Eas_2020_02325,East_Zone,Assam_Valley,2020,Kharif,Soybean,18.92,32.72,2160.71,95.0,10.0,7.81,0.822,173.3,16.4,219.9,2469.73
AGR_Eas_2021_02326,East_Zone,Odisha_Coastal,2021,Kharif,Cotton,21.61,35.44,1201.04,71.9,11.11,6.07,0.567,163.3,11.5,236.8,2766.84
AGR_Eas_2019_02327,East_Zone,WB_Gangetic,2019,Kharif,Soybean,21.88,29.44,499.97,80.96,10.0,5.69,0.455,149.3,25.2,189.0,3152.58
AGR_Eas_2021_02328,East_Zone,Bihar_Plains,2021,Rabi,Wheat,17.97,29.73,250.8,56.12,10.0,6.85,0.552,148.5,18.6,195.9,4132.98
AGR_Eas_2021_02329,East_Zone,Odisha_Coastal,2021,Rabi,Pulses,20.14,32.2,361.98,50.68,10.72,5.77,0.765,134.5,29.0,271.6,2390.45
AGR_Eas_2021_02330,East_Zone,Assam_Valley,2021,Kharif,Maize,23.72,33.77,1720.59,95.0,10.0,7.38,0.781,215.9,18.4,184.4,4484.0
AGR_Eas_2021_02331,East_Zone,Assam_Valley,2021,Zaid,Wheat,24.74,33.07,165.48,62.39,12.64,6.59,0.698,138.7,22.4,209.3,4169.15
AGR_Eas_2018_02332,East_Zone,WB_Gangetic,2018,Kharif,Wheat,22.99,32.12,1642.85,95.0,10.0,6.4,0.761,166.4,24.8,229.7,4346.56
AGR_Eas_2019_02333,East_Zone,Assam_Valley,2019,Rabi,Maize,20.13,30.4,287.53,59.74,11.42,6.89,0.705,212.6,27.7,205.2,4259.54
AGR_Eas_2019_02334,East_Zone,WB_Gangetic,2019,Kharif,Rice,21.66,31.0,1648.34,95.0,10.0,5.61,0.469,208.3,9.9,172.0,5018.02
AGR_Eas_2021_02335,East_Zone,WB_Gangetic,2021,Rabi,Rice,17.31,25.23,337.27,65.46,10.0,7.77,0.549,207.7,14.6,186.1,4403.77
AGR_Eas_2020_02336,East_Zone,WB_Gangetic,2020,Rabi,Rice,22.59,33.8,421.1,70.99,10.46,7.62,0.392,170.4,18.4,240.8,4737.12
AGR_Eas_2019_02337,East_Zone,Bihar_Plains,2019,Kharif,Pulses,21.55,33.1,1360.72,95.0,10.0,6.63,0.302,167.7,22.4,197.0,2136.2
AGR_Eas_2023_02338,East_Zone,Odisha_Coastal,2023,Rabi,Maize,17.05,30.49,346.6,49.76,12.3,6.71,0.645,183.6,29.9,270.8,3749.85
AGR_Eas_2022_02339,East_Zone,Assam_Valley,2022,Kharif,Pulses,24.56,33.54,,95.0,10.0,7.38,0.764,140.4,23.6,243.6,1600.62
AGR_Eas_2019_02340,East_Zone,Odisha_Coastal,2019,Kharif,Wheat,23.53,31.42,1102.68,87.05,11.03,6.96,0.439,136.2,17.9,219.5,4381.9
AGR_Eas_2019_02341,East_Zone,Assam_Valley,2019,Kharif,Cotton,22.52,32.14,1594.09,95.0,12.11,6.99,0.4,125.8,16.0,196.1,2753.56
AGR_Eas_2023_02342,East_Zone,Odisha_Coastal,2023,Rabi,Soybean,15.61,23.42,309.21,40.63,14.25,6.65,0.674,174.2,30.5,198.9,2694.9
AGR_Eas_2022_02343,East_Zone,WB_Gangetic,2022,Kharif,Rice,21.89,30.55,1729.36,95.0,10.0,6.99,0.549,157.7,16.9,318.5,4643.78
AGR_Eas_2023_02344,East_Zone,Assam_Valley,2023,Rabi,Cotton,17.95,27.25,172.5,63.73,11.62,6.1,0.872,155.8,20.4,239.6,2213.87
AGR_Eas_2022_02345,East_Zone,Bihar_Plains,2022,Rabi,Maize,18.6,32.56,295.48,53.25,13.42,7.21,0.61,166.4,16.4,170.8,3636.04
AGR_Eas_2021_02346,East_Zone,Odisha_Coastal,2021,Kharif,Cotton,21.08,32.78,2032.5,,10.0,7.47,0.576,210.6,25.1,257.3,2245.36
AGR_Eas_2021_02347,East_Zone,Assam_Valley,2021,Kharif,Rice,21.77,30.12,,94.25,10.0,6.89,0.522,188.5,15.9,212.7,5008.61
AGR_Eas_2020_02348,East_Zone,Assam_Valley,2020,Kharif,Soybean,22.96,30.0,1591.56,95.0,12.64,7.78,0.606,162.1,24.3,132.8,3100.33
AGR_Eas_2020_02349,East_Zone,WB_Gangetic,2020,Kharif,Wheat,23.44,31.91,2030.59,95.0,10.0,6.72,0.462,158.1,8.0,197.5,3714.88
AGR_Eas_2023_02350,East_Zone,Assam_Valley,2023,Kharif,Pulses,24.66,37.66,991.31,95.0,10.0,6.46,0.334,185.8,31.5,280.4,2013.92
AGR_Eas_2022_02351,East_Zone,WB_Gangetic,2022,Rabi,Cotton,19.75,,211.03,53.04,11.77,6.84,0.69,193.7,22.0,242.3,2207.93
AGR_Eas_2020_02352,East_Zone,Bihar_Plains,2020,Kharif,Pulses,21.62,34.6,542.47,77.21,12.84,7.08,0.578,179.2,28.7,270.0,2580.46
AGR_Eas_2018_02353,East_Zone,Assam_Valley,2018,Zaid,Maize,24.4,32.66,204.2,57.35,12.34,6.46,0.316,171.8,26.4,236.6,3188.32
AGR_Eas_2019_02354,East_Zone,Assam_Valley,2019,Rabi,Wheat,21.42,30.21,292.17,51.97,14.86,5.89,0.488,194.6,20.2,151.5,4141.08
AGR_Eas_2021_02355,East_Zone,Odisha_Coastal,2021,Kharif,Wheat,24.8,38.5,,79.64,10.0,7.06,0.552,200.3,24.2,246.9,4549.23
AGR_Eas_2021_02356,East_Zone,WB_Gangetic,2021,Kharif,Maize,24.66,32.22,1370.86,95.0,10.0,6.57,0.429,134.5,23.3,265.6,4023.12
AGR_Eas_2020_02357,East_Zone,Assam_Valley,2020,Rabi,Pulses,17.27,24.38,316.48,49.21,14.03,6.27,0.761,232.5,27.7,233.7,1691.33
AGR_Eas_2018_02358,East_Zone,Bihar_Plains,2018,Rabi,Maize,19.19,30.06,304.81,52.3,10.0,6.11,0.711,248.2,18.0,253.1,4192.75
AGR_Eas_2023_02359,East_Zone,WB_Gangetic,2023,Kharif,Wheat,22.29,31.65,1503.19,95.0,10.0,6.03,0.672,178.0,18.1,281.5,4706.93
AGR_Eas_2020_02360,East_Zone,Assam_Valley,2020,Rabi,Soybean,21.2,,391.76,77.42,11.59,7.37,0.768,209.4,16.3,201.8,3568.28
AGR_Eas_2021_02361,East_Zone,Odisha_Coastal,2021,Kharif,Pulses,23.03,35.52,1906.23,95.0,10.0,6.62,0.751,164.2,15.0,244.5,1698.89
AGR_Eas_2021_02362,East_Zone,Odisha_Coastal,2021,Kharif,Rice,22.36,32.96,1036.63,80.25,10.0,7.04,0.273,166.8,22.7,211.3,4499.49
AGR_Eas_2021_02363,East_Zone,Assam_Valley,2021,Kharif,Cotton,23.6,37.15,1358.47,95.0,10.09,7.61,0.505,193.3,24.7,232.6,2846.82
AGR_Eas_2018_02364,East_Zone,Bihar_Plains,2018,Kharif,Pulses,24.67,36.24,1521.04,95.0,10.0,6.81,0.501,240.1,23.7,205.2,2302.48
AGR_Eas_2019_02365,East_Zone,Odisha_Coastal,2019,Rabi,Pulses,17.64,25.26,295.14,40.53,12.52,6.53,0.592,173.3,15.7,125.2,1591.6
AGR_Eas_2019_02366,East_Zone,Bihar_Plains,2019,Kharif,Wheat,25.93,37.38,1099.29,84.08,12.32,7.67,0.339,166.7,26.4,206.0,4272.73
AGR_Eas_2020_02367,East_Zone,Bihar_Plains,2020,Kharif,Pulses,24.97,35.4,1794.28,95.0,10.0,8.05,0.657,254.2,22.6,257.8,2150.89
AGR_Eas_2019_02368,East_Zone,Odisha_Coastal,2019,Kharif,Rice,23.77,34.73,1572.13,95.0,10.0,8.2,0.543,199.0,24.1,234.4,4927.87
AGR_Eas_2019_02369,East_Zone,WB_Gangetic,2019,Rabi,Cotton,17.98,26.59,200.14,55.61,13.22,7.36,0.473,205.0,11.1,288.6,2031.68
AGR_Eas_2018_02370,East_Zone,Odisha_Coastal,2018,Rabi,Cotton,18.58,28.81,247.53,64.42,15.45,7.97,0.402,112.1,16.1,223.4,1983.33
AGR_Eas_2018_02371,East_Zone,Bihar_Plains,2018,Rabi,Cotton,20.39,27.68,357.64,56.61,11.39,6.94,0.556,106.0,27.6,202.2,2226.76
AGR_Eas_2019_02372,East_Zone,Odisha_Coastal,2019,Rabi,Cotton,20.04,29.61,308.99,44.39,13.37,5.49,0.66,146.7,26.7,110.0,2698.09
AGR_Eas_2021_02373,East_Zone,Odisha_Coastal,2021,Kharif,Rice,,35.55,1413.04,95.0,10.0,6.9,0.664,197.3,25.6,194.5,5125.45
AGR_Eas_2019_02374,East_Zone,Bihar_Plains,2019,Rabi,Soybean,18.66,,210.44,64.3,10.0,6.69,0.743,137.1,17.2,250.3,2650.45
AGR_Eas_2021_02375,East_Zone,Bihar_Plains,2021,Rabi,Cotton,20.23,32.93,303.14,67.75,10.99,7.13,0.471,129.2,18.7,268.9,2149.08
AGR_Eas_2019_02376,East_Zone,Bihar_Plains,2019,Kharif,Rice,21.87,,2000.23,95.0,10.0,5.94,0.663,140.2,25.6,167.8,4200.03
AGR_Eas_2021_02377,East_Zone,WB_Gangetic,2021,Zaid,Soybean,22.92,35.74,70.81,43.58,12.25,5.88,0.562,176.3,14.2,182.8,2316.24
AGR_Eas_2023_02378,East_Zone,WB_Gangetic,2023,Kharif,Rice,23.28,34.72,1332.18,84.86,10.0,7.38,0.515,184.7,11.8,221.1,5050.64
AGR_Eas_2019_02379,East_Zone,Odisha_Coastal,2019,Kharif,Pulses,21.27,28.7,808.49,89.13,12.25,7.13,0.822,191.9,20.8,241.6,2156.07
AGR_Eas_2021_02380,East_Zone,WB_Gangetic,2021,Rabi,Cotton,17.66,25.11,298.24,76.23,11.26,7.55,0.562,225.0,21.4,166.6,2553.13
AGR_Eas_2018_02381,East_Zone,Odisha_Coastal,2018,Rabi,Cotton,20.28,28.18,215.99,62.23,10.77,6.88,0.801,165.9,19.5,213.6,2510.03
AGR_Eas_2022_02382,East_Zone,Assam_Valley,2022,Kharif,Rice,24.86,32.44,980.73,,13.35,6.31,0.37,164.7,25.4,187.7,5083.8
AGR_Eas_2019_02383,East_Zone,Odisha_Coastal,2019,Kharif,Maize,25.83,,1582.07,95.0,10.0,7.0,0.725,199.4,23.3,269.8,4142.68
AGR_Eas_2022_02384,East_Zone,Bihar_Plains,2022,Zaid,Maize,25.87,,99.38,58.17,10.86,6.75,0.433,131.0,29.2,163.1,2908.07
AGR_Eas_2022_02385,East_Zone,WB_Gangetic,2022,Kharif,Cotton,23.58,36.16,1552.4,95.0,13.71,6.02,0.757,248.5,24.5,219.2,3163.42
AGR_Eas_2020_02386,East_Zone,Bihar_Plains,2020,Kharif,Maize,23.15,35.82,1664.55,85.13,10.0,6.19,0.574,181.6,23.4,208.7,4054.47
AGR_Eas_2021_02387,East_Zone,Bihar_Plains,2021,Rabi,Soybean,16.38,24.94,167.05,56.03,13.13,6.6,0.818,149.8,22.6,117.9,2298.33
AGR_Eas_2022_02388,East_Zone,Bihar_Plains,2022,Kharif,Soybean,23.83,34.97,1132.56,85.01,10.0,7.53,0.786,184.6,17.3,279.9,3244.55
AGR_Eas_2020_02389,East_Zone,Odisha_Coastal,2020,Kharif,Cotton,22.48,31.67,1932.24,95.0,10.0,6.47,0.594,198.0,28.6,214.1,3027.87
AGR_Eas_2019_02390,East_Zone,Odisha_Coastal,2019,Rabi,Maize,19.51,28.62,377.94,72.95,15.45,6.36,0.714,235.9,25.6,347.1,4241.19
AGR_Eas_2023_02391,East_Zone,WB_Gangetic,2023,Kharif,Rice,,36.0,1522.06,95.0,10.0,6.64,0.705,132.8,17.8,224.7,5040.01
AGR_Eas_2020_02392,East_Zone,Bihar_Plains,2020,Rabi,Pulses,19.84,33.7,338.05,62.71,11.37,6.77,1.162,174.5,16.6,110.0,2313.16
AGR_Eas_2021_02393,East_Zone,Odisha_Coastal,2021,Kharif,Pulses,20.94,31.63,883.08,73.91,10.65,6.19,0.621,190.3,22.8,209.7,2234.72
AGR_Eas_2019_02394,East_Zone,Bihar_Plains,2019,Kharif,Maize,22.44,29.93,2464.21,95.0,10.61,6.89,0.245,150.0,21.6,123.5,2303.24
AGR_Eas_2023_02395,East_Zone,Bihar_Plains,2023,Rabi,Rice,19.67,31.75,323.83,56.29,10.94,6.57,0.863,138.9,21.5,251.7,4987.35
AGR_Eas_2020_02396,East_Zone,WB_Gangetic,2020,Rabi,Soybean,19.96,30.85,371.4,74.89,10.0,6.45,0.827,122.8,20.2,212.0,2931.98
AGR_Eas_2021_02397,East_Zone,WB_Gangetic,2021,Rabi,Cotton,22.3,30.94,306.07,51.08,12.31,7.87,0.831,153.1,24.6,145.8,2923.78
AGR_Eas_2021_02398,East_Zone,WB_Gangetic,2021,Kharif,Cotton,22.22,34.17,1239.7,91.43,10.0,5.85,0.4,121.3,20.2,205.9,2823.05
AGR_Eas_2018_02399,East_Zone,Assam_Valley,2018,Rabi,Maize,19.82,29.47,280.5,58.24,10.17,6.31,0.515,106.1,27.1,225.9,3096.04
AGR_Eas_2018_02400,East_Zone,Assam_Valley,2018,Kharif,Rice,19.72,27.56,1542.28,95.0,13.39,7.07,0.591,183.1,18.8,188.6,4940.12
AGR_Eas_2022_02401,East_Zone,Odisha_Coastal,2022,Kharif,Maize,21.98,34.03,1695.71,95.0,10.0,6.59,0.509,216.9,25.9,194.0,4037.56
AGR_Eas_2020_02402,East_Zone,Odisha_Coastal,2020,Kharif,Rice,23.81,33.0,,95.0,10.0,7.25,0.354,243.3,13.7,145.2,4281.73
AGR_Eas_2021_02403,East_Zone,Odisha_Coastal,2021,Rabi,Pulses,,28.73,92.06,48.59,12.95,6.52,0.789,150.6,29.5,218.4,1156.0
AGR_Eas_2022_02404,East_Zone,Odisha_Coastal,2022,Rabi,Rice,17.72,31.11,192.94,62.53,12.19,6.63,0.485,253.6,23.3,169.9,4715.2
AGR_Eas_2023_02405,East_Zone,WB_Gangetic,2023,Rabi,Pulses,19.1,26.8,346.35,75.55,10.39,5.91,0.518,171.6,24.2,238.5,1782.9
AGR_Eas_2023_02406,East_Zone,Bihar_Plains,2023,Rabi,Soybean,21.91,31.16,,33.41,16.15,8.01,0.645,146.4,25.7,145.2,2564.36
AGR_Eas_2023_02407,East_Zone,Assam_Valley,2023,Zaid,Cotton,23.53,,119.55,50.06,15.29,6.7,0.408,130.6,22.8,163.5,2108.0
AGR_Eas_2021_02408,East_Zone,Odisha_Coastal,2021,Zaid,Maize,24.6,33.17,252.45,67.32,10.0,6.3,0.428,183.3,16.1,315.1,3589.41
AGR_Eas_2020_02409,East_Zone,Odisha_Coastal,2020,Kharif,Rice,23.06,31.09,1688.97,91.86,12.2,6.58,0.425,182.8,16.4,230.0,4862.25
AGR_Eas_2021_02410,East_Zone,Assam_Valley,2021,Kharif,Cotton,22.09,33.94,1307.5,95.0,10.0,7.16,0.623,173.6,21.7,269.4,2877.46
AGR_Eas_2018_02411,East_Zone,Odisha_Coastal,2018,Kharif,Wheat,24.9,34.98,1282.01,77.35,11.65,7.4,0.605,212.3,22.1,252.8,5090.05
AGR_Eas_2023_02412,East_Zone,Assam_Valley,2023,Zaid,Soybean,27.04,38.43,182.65,60.96,13.73,7.0,0.886,161.4,19.7,225.8,2711.68
AGR_Eas_2019_02413,East_Zone,Bihar_Plains,2019,Kharif,Wheat,23.05,35.77,1978.22,95.0,10.0,6.37,0.834,163.7,20.4,214.5,4196.71
AGR_Eas_2019_02414,East_Zone,Odisha_Coastal,2019,Rabi,Wheat,20.65,,321.51,61.16,10.0,6.65,0.738,182.7,16.7,212.3,4582.76
AGR_Eas_2021_02415,East_Zone,Assam_Valley,2021,Rabi,Pulses,19.0,26.2,230.75,62.56,14.82,6.92,0.444,169.1,30.9,229.6,1462.52
AGR_Eas_2023_02416,East_Zone,Bihar_Plains,2023,Kharif,Pulses,22.07,31.05,,,10.0,6.9,0.578,172.0,8.0,242.0,2258.24
AGR_Eas_2021_02417,East_Zone,Assam_Valley,2021,Rabi,Rice,18.56,26.16,311.76,66.24,13.3,7.1,0.99,184.1,32.4,110.0,5119.59
AGR_Eas_2022_02418,East_Zone,WB_Gangetic,2022,Kharif,Maize,21.18,32.87,1052.43,83.46,10.34,6.46,0.563,206.3,25.4,228.7,4169.92
AGR_Eas_2023_02419,East_Zone,Odisha_Coastal,2023,Rabi,Soybean,17.74,30.46,395.08,50.75,14.82,7.08,0.987,190.1,34.1,205.4,3333.94
AGR_Eas_2021_02420,East_Zone,Assam_Valley,2021,Rabi,Wheat,,26.54,341.28,62.16,15.74,6.58,0.802,159.0,25.3,181.7,4336.93
AGR_Eas_2018_02421,East_Zone,Bihar_Plains,2018,Rabi,Soybean,19.3,28.1,77.19,42.42,15.18,6.42,1.064,169.9,15.8,186.8,2457.93
AGR_Eas_2023_02422,East_Zone,Assam_Valley,2023,Rabi,Cotton,20.48,32.46,367.95,56.3,10.24,6.53,0.725,215.0,31.9,261.3,3054.09
AGR_Eas_2019_02423,East_Zone,Odisha_Coastal,2019,Kharif,Pulses,24.3,34.23,1811.01,95.0,10.0,6.51,0.834,171.2,13.3,210.5,2132.37
AGR_Eas_2023_02424,East_Zone,Odisha_Coastal,2023,Zaid,Wheat,24.38,33.68,166.06,61.68,10.0,7.1,0.907,173.2,27.5,137.2,4384.74
AGR_Eas_2022_02425,East_Zone,Odisha_Coastal,2022,Rabi,Maize,18.69,32.24,386.65,52.03,15.3,6.93,0.579,186.9,14.7,240.7,3984.35
AGR_Eas_2019_02426,East_Zone,Assam_Valley,2019,Kharif,Wheat,22.08,34.89,1281.33,90.31,10.0,5.98,0.618,138.8,17.9,262.0,4509.86
AGR_Eas_2019_02427,East_Zone,Odisha_Coastal,2019,Rabi,Cotton,15.94,29.23,423.25,56.7,12.04,6.55,0.577,110.8,28.3,220.0,2676.28
AGR_Eas_2019_02428,East_Zone,Assam_Valley,2019,Rabi,Rice,19.61,31.18,296.17,62.54,13.57,6.25,0.486,220.0,13.8,225.0,4943.7
AGR_Eas_2022_02429,East_Zone,Odisha_Coastal,2022,Rabi,Maize,22.2,30.83,241.52,75.71,11.94,7.62,0.335,158.3,22.5,311.3,3231.3
AGR_Eas_2021_02430,East_Zone,Assam_Valley,2021,Rabi,Soybean,,30.2,,61.56,13.12,6.74,0.742,190.6,22.2,209.1,3267.2
AGR_Eas_2023_02431,East_Zone,Odisha_Coastal,2023,Rabi,Maize,19.74,28.28,260.86,59.06,14.48,7.02,0.478,150.4,23.2,194.1,3701.54
AGR_Eas_2022_02432,East_Zone,Bihar_Plains,2022,Rabi,Cotton,17.25,28.84,206.4,69.38,10.0,7.12,0.565,149.2,15.9,234.6,2142.25
AGR_Eas_2020_02433,East_Zone,Bihar_Plains,2020,Rabi,Rice,17.99,28.66,466.48,71.46,10.0,7.49,0.545,193.5,12.4,246.3,4726.46
AGR_Eas_2020_02434,East_Zone,Odisha_Coastal,2020,Kharif,Soybean,24.63,33.57,1395.35,77.95,11.51,7.37,0.426,112.7,8.0,283.1,2989.12
AGR_Eas_2018_02435,East_Zone,Odisha_Coastal,2018,Kharif,Soybean,21.63,30.89,1316.25,95.0,10.0,6.08,0.565,182.1,26.1,293.5,3485.31
AGR_Eas_2021_02436,East_Zone,Odisha_Coastal,2021,Kharif,Rice,22.39,30.15,1669.87,89.02,10.0,7.23,0.616,198.9,29.0,337.3,5092.43
AGR_Eas_2023_02437,East_Zone,WB_Gangetic,2023,Kharif,Wheat,19.8,32.44,1857.15,95.0,10.0,6.33,0.698,184.6,24.0,181.9,4426.88
AGR_Eas_2020_02438,East_Zone,Odisha_Coastal,2020,Rabi,Soybean,19.93,32.9,320.54,53.13,14.97,6.98,0.843,160.4,18.6,184.0,2957.58
AGR_Eas_2020_02439,East_Zone,Bihar_Plains,2020,Rabi,Pulses,19.27,29.54,378.02,67.07,10.0,7.15,0.62,204.8,26.0,236.9,2139.05
AGR_Eas_2018_02440,East_Zone,Odisha_Coastal,2018,Zaid,Maize,24.0,32.6,,73.02,12.55,6.95,0.566,206.8,29.9,199.8,3449.85
AGR_Eas_2023_02441,East_Zone,Odisha_Coastal,2023,Kharif,Cotton,25.44,35.04,1204.85,,10.0,7.06,0.572,260.3,20.0,182.0,3409.64
AGR_Eas_2018_02442,East_Zone,WB_Gangetic,2018,Kharif,Wheat,21.26,29.19,,79.45,10.11,6.57,0.513,191.7,15.5,236.3,4530.38
AGR_Eas_2021_02443,East_Zone,Bihar_Plains,2021,Kharif,Soybean,23.9,33.35,1625.2,93.46,10.0,7.6,0.563,175.0,21.5,239.9,3112.99
AGR_Eas_2018_02444,East_Zone,WB_Gangetic,2018,Rabi,Cotton,,24.0,503.53,81.63,10.96,6.77,0.585,163.8,17.9,228.4,2436.93
AGR_Eas_2018_02445,East_Zone,Bihar_Plains,2018,Rabi,Maize,17.89,26.32,245.33,56.45,11.75,6.32,0.444,155.3,17.8,236.1,3371.86
AGR_Eas_2020_02446,East_Zone,Odisha_Coastal,2020,Zaid,Pulses,23.61,33.8,132.54,54.01,13.95,6.72,0.317,115.2,19.8,345.5,1457.49
AGR_Eas_2023_02447,East_Zone,WB_Gangetic,2023,Rabi,Cotton,18.77,30.23,249.94,60.29,13.79,6.8,0.548,176.2,23.2,219.2,2520.14
AGR_Eas_2018_02448,East_Zone,Bihar_Plains,2018,Kharif,Soybean,24.29,32.78,1600.97,,10.0,6.42,0.522,188.5,23.9,173.4,2830.81
AGR_Eas_2018_02449,East_Zone,Assam_Valley,2018,Rabi,Wheat,21.23,33.88,234.36,71.13,11.39,7.2,0.533,145.6,25.1,229.7,3878.91
AGR_Eas_2022_02450,East_Zone,Odisha_Coastal,2022,Rabi,Pulses,,33.48,306.02,56.73,10.94,6.75,0.542,155.0,26.6,284.4,2038.36
AGR_Eas_2018_02451,East_Zone,Assam_Valley,2018,Kharif,Wheat,23.62,33.82,1146.72,95.0,10.0,7.34,0.808,151.0,19.3,170.5,4637.5
AGR_Eas_2023_02452,East_Zone,Assam_Valley,2023,Rabi,Maize,16.19,26.87,154.03,60.87,10.0,6.09,0.478,209.1,25.2,219.0,3289.35
AGR_Eas_2021_02453,East_Zone,WB_Gangetic,2021,Kharif,Pulses,23.01,34.9,2141.66,95.0,10.0,6.36,0.753,206.1,25.9,180.3,1637.29
AGR_Eas_2021_02454,East_Zone,WB_Gangetic,2021,Rabi,Maize,19.4,,253.75,58.3,11.97,7.19,0.705,205.9,21.8,211.8,3733.63
AGR_Eas_2019_02455,East_Zone,Odisha_Coastal,2019,Kharif,Rice,22.37,31.81,1015.65,87.44,10.0,7.87,0.614,159.3,21.3,190.2,4845.72
AGR_Eas_2020_02456,East_Zone,Bihar_Plains,2020,Kharif,Wheat,22.89,33.15,2385.1,95.0,10.0,6.63,0.709,146.0,16.0,183.0,3542.0
AGR_Eas_2019_02457,East_Zone,Odisha_Coastal,2019,Kharif,Pulses,22.74,36.35,1220.57,71.39,12.43,6.8,0.592,224.5,23.1,110.0,2443.34
AGR_Eas_2023_02458,East_Zone,Odisha_Coastal,2023,Rabi,Pulses,19.88,30.64,319.29,78.14,10.0,5.42,0.653,220.9,20.6,270.7,2252.56
AGR_Eas_2020_02459,East_Zone,Bihar_Plains,2020,Kharif,Rice,,34.25,,95.0,10.0,6.65,0.538,210.2,29.3,244.3,5238.13
AGR_Eas_2022_02460,East_Zone,WB_Gangetic,2022,Kharif,Wheat,23.37,36.02,1290.34,95.0,10.0,6.98,0.2,182.3,19.4,117.8,4411.85
AGR_Eas_2018_02461,East_Zone,Bihar_Plains,2018,Kharif,Soybean,23.2,31.79,1506.63,95.0,11.31,5.93,0.542,163.7,31.7,177.1,3035.85
AGR_Eas_2019_02462,East_Zone,Bihar_Plains,2019,Rabi,Soybean,19.01,,294.35,58.77,11.83,6.44,0.627,238.1,23.5,268.2,2974.92
AGR_Eas_2022_02463,East_Zone,Assam_Valley,2022,Rabi,Soybean,16.44,29.63,,52.45,12.04,5.91,0.405,233.7,25.5,229.0,2774.58
AGR_Eas_2023_02464,East_Zone,Odisha_Coastal,2023,Kharif,Maize,22.5,33.12,1458.08,85.48,10.0,7.27,0.334,210.5,29.5,130.4,4212.15
AGR_Eas_2021_02465,East_Zone,Assam_Valley,2021,Rabi,Soybean,18.72,31.57,165.64,,10.92,6.18,0.2,210.3,35.6,251.4,2513.82
AGR_Eas_2021_02466,East_Zone,Odisha_Coastal,2021,Kharif,Pulses,22.54,34.86,1241.14,79.35,10.0,5.81,0.579,206.9,37.3,244.0,2233.2
AGR_Eas_2022_02467,East_Zone,Bihar_Plains,2022,Kharif,Cotton,23.63,35.56,1741.47,95.0,10.0,7.09,0.519,127.6,27.9,290.4,2366.25
AGR_Eas_2018_02468,East_Zone,Assam_Valley,2018,Kharif,Cotton,,34.68,1509.7,95.0,10.0,7.52,0.613,156.2,29.9,137.6,2715.05
AGR_Eas_2019_02469,East_Zone,WB_Gangetic,2019,Kharif,Pulses,23.58,36.18,1546.98,95.0,10.0,6.68,0.556,177.4,24.4,177.0,2173.06
AGR_Eas_2019_02470,East_Zone,WB_Gangetic,2019,Kharif,Cotton,21.74,34.41,1987.27,95.0,10.0,7.51,0.878,165.4,18.5,124.7,2249.41
AGR_Eas_2023_02471,East_Zone,Assam_Valley,2023,Rabi,Soybean,18.84,30.57,174.37,64.35,10.0,7.7,0.566,165.1,18.5,123.8,2450.84
AGR_Eas_2021_02472,East_Zone,WB_Gangetic,2021,Kharif,Maize,22.12,35.19,998.01,94.56,10.0,6.71,0.444,263.3,22.3,174.6,4503.31
AGR_Eas_2019_02473,East_Zone,Odisha_Coastal,2019,Rabi,Soybean,19.0,30.99,189.25,66.06,11.74,6.71,0.687,159.2,12.9,149.6,2510.36
AGR_Eas_2018_02474,East_Zone,Assam_Valley,2018,Kharif,Wheat,21.9,30.99,514.66,74.65,10.32,5.92,0.792,152.3,8.0,203.3,4760.44
AGR_Eas_2019_02475,East_Zone,Bihar_Plains,2019,Zaid,Cotton,26.29,35.41,48.63,55.69,11.76,6.73,0.826,216.9,13.8,191.2,2380.76
AGR_Eas_2019_02476,East_Zone,Assam_Valley,2019,Zaid,Soybean,,37.48,64.01,54.66,15.66,6.34,0.959,157.8,8.0,214.1,2591.54
AGR_Eas_2021_02477,East_Zone,Odisha_Coastal,2021,Rabi,Rice,22.15,34.66,374.24,60.65,10.0,6.99,0.2,126.7,20.6,214.8,4468.48
AGR_Eas_2018_02478,East_Zone,WB_Gangetic,2018,Kharif,Cotton,25.55,37.48,850.55,84.39,10.0,7.26,0.369,150.2,12.8,253.4,3101.79
AGR_Eas_2023_02479,East_Zone,WB_Gangetic,2023,Kharif,Pulses,22.09,34.59,973.18,79.34,12.03,7.28,0.517,158.9,23.3,179.0,2274.43
AGR_Eas_2021_02480,East_Zone,WB_Gangetic,2021,Kharif,Wheat,22.36,35.78,1717.22,95.0,10.0,7.03,0.665,179.9,17.1,271.6,4362.29
AGR_Eas_2023_02481,East_Zone,Odisha_Coastal,2023,Zaid,Rice,21.76,32.87,184.62,30.51,15.09,7.4,0.393,230.0,14.3,174.3,4617.57
AGR_Eas_2021_02482,East_Zone,Assam_Valley,2021,Rabi,Rice,19.86,29.09,447.85,61.0,15.44,6.82,0.591,177.5,34.3,225.3,5004.39
AGR_Eas_2023_02483,East_Zone,WB_Gangetic,2023,Rabi,Pulses,19.62,29.11,261.29,68.44,10.0,6.2,0.967,189.3,34.4,163.8,1877.96
AGR_Eas_2019_02484,East_Zone,WB_Gangetic,2019,Rabi,Maize,19.81,30.7,234.07,47.0,16.7,6.31,0.511,90.0,12.1,252.3,3061.95
AGR_Eas_2018_02485,East_Zone,Odisha_Coastal,2018,Rabi,Soybean,18.13,26.49,320.06,67.03,10.0,7.7,0.809,133.1,19.0,187.1,2801.12
AGR_Eas_2019_02486,East_Zone,WB_Gangetic,2019,Zaid,Maize,22.49,31.09,107.9,49.98,13.56,6.37,0.523,156.1,22.5,137.8,3031.11
AGR_Eas_2023_02487,East_Zone,Bihar_Plains,2023,Zaid,Wheat,24.44,37.57,,62.97,12.28,7.21,0.419,219.9,14.2,229.6,3953.77
AGR_Eas_2018_02488,East_Zone,WB_Gangetic,2018,Kharif,Cotton,23.33,34.02,1401.0,95.0,10.0,7.44,0.433,159.1,13.5,241.5,2839.42
AGR_Eas_2020_02489,East_Zone,WB_Gangetic,2020,Rabi,Cotton,21.52,28.65,107.21,44.8,11.75,7.28,0.546,248.5,25.2,223.6,2420.77
AGR_Eas_2021_02490,East_Zone,Assam_Valley,2021,Kharif,Soybean,,,1571.61,95.0,10.0,7.05,0.8,182.8,27.7,197.6,2866.41
AGR_Eas_2020_02491,East_Zone,Odisha_Coastal,2020,Rabi,Wheat,17.75,24.96,427.37,68.55,12.18,6.73,1.041,190.0,18.0,289.9,4830.28
AGR_Eas_2019_02492,East_Zone,WB_Gangetic,2019,Kharif,Soybean,22.88,35.89,1117.36,95.0,10.0,6.99,0.695,97.0,24.9,198.6,3061.46
AGR_Eas_2023_02493,East_Zone,Odisha_Coastal,2023,Rabi,Pulses,20.27,31.19,335.41,41.42,11.52,7.72,0.569,129.5,25.5,241.2,2122.86
AGR_Eas_2018_02494,East_Zone,WB_Gangetic,2018,Rabi,Rice,19.55,27.59,314.28,61.75,11.55,7.22,0.989,182.6,25.9,201.0,4952.41
AGR_Eas_2019_02495,East_Zone,Bihar_Plains,2019,Rabi,Wheat,18.85,29.07,242.1,60.55,10.94,6.81,0.727,159.4,18.4,224.6,4217.96
AGR_Eas_2022_02496,East_Zone,Bihar_Plains,2022,Rabi,Rice,18.4,27.66,183.29,47.87,10.48,6.69,0.672,202.8,26.9,268.4,4165.97
AGR_Eas_2023_02497,East_Zone,Assam_Valley,2023,Rabi,Pulses,15.9,28.74,201.51,56.66,12.06,7.48,0.707,157.2,11.7,230.8,1630.94
AGR_Eas_2020_02498,East_Zone,WB_Gangetic,2020,Kharif,Pulses,23.29,36.71,1541.4,93.82,10.0,6.73,0.966,200.0,17.7,242.8,2318.29
AGR_Eas_2018_02499,East_Zone,Assam_Valley,2018,Kharif,Maize,20.07,28.34,,95.0,10.0,6.68,0.391,174.8,10.9,190.7,3535.18
AGR_Eas_2023_02500,East_Zone,Odisha_Coastal,2023,Rabi,Rice,18.96,32.07,200.4,59.86,12.02,6.12,0.72,179.5,13.8,266.7,4613.72
