Record_ID,Region,District,Year,Season,Crop,Temp_Min_C,Temp_Max_C,Rainfall_mm,Humidity_Pct,Solar_Rad_MJm2,Soil_pH,Organic_Carbon_Pct,Nitrogen_kg_ha,Phosphorus_kg_ha,Potassium_kg_ha,Crop_Yield_kg_ha
AGR_Wes_2023_00001,West_Zone,MH_Marathwada,2023,Zaid,Rice,29.06,36.56,54.01,66.67,10.0,6.41,0.653,138.5,18.5,153.6,3929.9
AGR_Wes_2022_00002,West_Zone,MH_Marathwada,2022,Rabi,Wheat,18.66,25.99,97.63,51.77,10.0,6.2,0.747,193.9,24.1,183.0,3600.99
AGR_Wes_2022_00003,West_Zone,MH_Vidarbha,2022,Zaid,Rice,26.78,40.74,41.24,49.84,13.6,6.96,0.948,229.4,16.7,198.0,4984.17
AGR_Wes_2022_00004,West_Zone,MH_Vidarbha,2022,Kharif,Soybean,28.3,36.13,626.35,70.73,11.55,5.69,0.534,227.8,18.5,198.1,3383.03
AGR_Wes_2019_00005,West_Zone,MP_Malwa,2019,Zaid,Soybean,30.61,44.55,54.11,76.2,10.56,6.86,0.271,173.4,26.0,150.9,1850.54
AGR_Wes_2021_00006,West_Zone,GJ_Saurashtra,2021,Kharif,Rice,23.27,34.11,,85.14,10.0,6.03,0.349,240.8,22.5,308.6,5516.22
AGR_Wes_2020_00007,West_Zone,MH_Marathwada,2020,Rabi,Pulses,21.27,31.86,219.96,45.37,15.42,7.35,0.701,245.4,17.9,169.8,1664.12
AGR_Wes_2019_00008,West_Zone,MH_Vidarbha,2019,Kharif,Rice,23.72,36.36,918.24,85.46,10.0,6.8,0.53,136.3,20.4,199.7,4664.53
AGR_Wes_2018_00009,West_Zone,MH_Vidarbha,2018,Rabi,Wheat,19.92,27.49,138.34,56.93,14.57,7.07,0.534,159.2,29.8,311.4,3645.6
AGR_Wes_2019_00010,West_Zone,GJ_Saurashtra,2019,Rabi,Soybean,20.04,31.07,181.07,50.18,12.42,6.9,0.374,200.2,17.5,167.8,2409.36
AGR_Wes_2019_00011,West_Zone,MH_Marathwada,2019,Kharif,Soybean,23.56,32.55,730.99,73.18,10.59,5.88,0.819,173.8,17.0,250.1,3189.45
AGR_Wes_2019_00012,West_Zone,GJ_Saurashtra,2019,Rabi,Maize,21.2,29.99,181.23,40.99,13.59,5.92,0.741,149.6,22.0,249.0,3293.28
AGR_Wes_2023_00013,West_Zone,GJ_Saurashtra,2023,Rabi,Pulses,19.51,31.17,157.49,51.89,11.54,6.59,0.437,140.3,16.5,213.1,1230.45
AGR_Wes_2018_00014,West_Zone,MH_Vidarbha,2018,Rabi,Maize,20.42,34.01,69.73,58.81,11.98,6.7,0.877,225.7,20.4,200.9,3909.82
AGR_Wes_2020_00015,West_Zone,MH_Vidarbha,2020,Rabi,Wheat,19.63,28.3,168.73,50.48,13.44,7.18,0.495,168.9,8.7,228.3,3917.34
AGR_Wes_2019_00016,West_Zone,GJ_Saurashtra,2019,Kharif,Pulses,27.31,37.43,997.49,82.36,10.0,7.01,0.817,186.0,18.0,180.9,2413.34
AGR_Wes_2018_00017,West_Zone,MH_Vidarbha,2018,Kharif,Soybean,27.81,36.97,,85.95,10.0,7.2,0.435,191.6,26.6,234.3,3413.55
AGR_Wes_2022_00018,West_Zone,MH_Vidarbha,2022,Rabi,Rice,21.15,32.79,189.56,55.69,12.74,6.39,0.527,254.6,25.6,184.1,5207.74
AGR_Wes_2023_00019,West_Zone,MH_Marathwada,2023,Kharif,Cotton,26.19,38.82,518.94,75.1,11.78,7.25,0.669,200.4,31.8,199.3,3339.05
AGR_Wes_2023_00020,West_Zone,GJ_Saurashtra,2023,Kharif,Pulses,24.67,33.87,484.31,59.88,10.55,6.58,0.75,211.9,23.5,257.2,2466.74
AGR_Wes_2023_00021,West_Zone,GJ_Saurashtra,2023,Kharif,Pulses,26.42,36.82,933.49,74.33,10.0,6.99,0.444,184.7,30.5,263.6,2221.85
AGR_Wes_2023_00022,West_Zone,MH_Vidarbha,2023,Rabi,Rice,21.21,30.05,226.59,60.84,12.59,7.22,0.411,128.7,23.7,256.1,3912.95
AGR_Wes_2023_00023,West_Zone,MH_Vidarbha,2023,Kharif,Wheat,26.71,38.95,,65.46,10.45,7.12,0.67,157.7,12.3,249.8,4145.97
AGR_Wes_2020_00024,West_Zone,MH_Marathwada,2020,Rabi,Wheat,21.49,33.9,87.33,59.47,13.07,5.88,0.674,178.8,19.1,293.8,3501.28
AGR_Wes_2019_00025,West_Zone,GJ_Saurashtra,2019,Rabi,Rice,21.92,30.72,130.54,58.95,11.17,7.39,0.572,206.1,11.7,249.5,4407.46
AGR_Wes_2018_00026,West_Zone,MH_Vidarbha,2018,Kharif,Pulses,23.23,31.55,967.29,95.0,11.35,7.98,0.553,254.2,25.9,213.6,2402.4
AGR_Wes_2021_00027,West_Zone,MP_Malwa,2021,Zaid,Cotton,,37.49,82.83,62.49,10.0,6.61,0.453,144.6,35.7,110.0,1948.55
AGR_Wes_2021_00028,West_Zone,MH_Vidarbha,2021,Rabi,Cotton,20.94,28.29,95.15,61.36,12.36,6.32,0.2,111.8,20.1,261.6,1707.35
AGR_Wes_2018_00029,West_Zone,MH_Marathwada,2018,Rabi,Maize,20.69,31.74,121.09,60.26,13.5,6.63,0.807,142.1,23.2,180.4,3379.43
AGR_Wes_2018_00030,West_Zone,GJ_Saurashtra,2018,Kharif,Cotton,24.22,37.75,755.96,79.34,10.37,7.75,0.783,171.6,20.1,138.6,3034.76
AGR_Wes_2020_00031,West_Zone,GJ_Saurashtra,2020,Kharif,Cotton,22.77,,236.46,,10.07,7.07,0.604,166.4,22.5,257.5,2656.09
AGR_Wes_2023_00032,West_Zone,MH_Marathwada,2023,Rabi,Maize,22.19,35.2,141.84,,11.37,8.0,0.625,134.5,28.7,186.2,3451.12
AGR_Wes_2020_00033,West_Zone,MH_Vidarbha,2020,Rabi,Maize,19.18,29.96,,47.87,11.83,7.1,0.554,193.1,29.0,245.2,3056.09
AGR_Wes_2021_00034,West_Zone,MP_Malwa,2021,Rabi,Pulses,19.81,29.09,125.67,60.77,10.22,6.75,0.634,220.0,15.9,181.5,1791.22
AGR_Wes_2019_00035,West_Zone,MP_Malwa,2019,Rabi,Soybean,20.59,33.4,147.64,62.09,10.0,6.29,0.594,219.6,16.5,226.4,2881.78
AGR_Wes_2018_00036,West_Zone,GJ_Saurashtra,2018,Zaid,Pulses,25.76,37.66,71.99,,13.95,6.08,0.753,257.7,23.3,144.6,1616.74
AGR_Wes_2021_00037,West_Zone,MH_Vidarbha,2021,Kharif,Wheat,26.28,34.52,440.52,71.41,10.0,6.43,0.606,119.4,24.7,168.9,4360.15
AGR_Wes_2020_00038,West_Zone,MP_Malwa,2020,Kharif,Maize,28.18,37.37,682.9,85.92,10.0,6.94,0.671,193.7,16.6,217.1,4369.63
AGR_Wes_2021_00039,West_Zone,GJ_Saurashtra,2021,Rabi,Maize,21.09,29.08,186.41,80.32,10.0,6.18,0.876,180.4,9.5,233.1,3437.04
AGR_Wes_2022_00040,West_Zone,MH_Vidarbha,2022,Rabi,Soybean,21.12,28.44,126.08,,10.62,7.08,0.625,207.2,28.8,165.7,2538.24
AGR_Wes_2021_00041,West_Zone,MH_Marathwada,2021,Zaid,Wheat,,35.6,36.42,39.54,14.42,7.11,0.869,231.5,18.4,178.0,4437.63
AGR_Wes_2023_00042,West_Zone,MH_Marathwada,2023,Rabi,Maize,23.8,35.43,138.17,40.84,13.33,7.26,0.82,178.1,17.3,246.1,3758.44
AGR_Wes_2022_00043,West_Zone,MH_Vidarbha,2022,Kharif,Pulses,24.77,35.88,342.14,33.37,14.26,7.56,0.607,147.2,44.9,176.0,2101.95
AGR_Wes_2021_00044,West_Zone,GJ_Saurashtra,2021,Rabi,Soybean,20.02,30.44,177.34,46.38,13.0,6.89,0.42,135.0,41.3,186.3,2276.32
AGR_Wes_2018_00045,West_Zone,MP_Malwa,2018,Zaid,Maize,24.96,33.91,84.59,54.33,13.23,7.25,0.527,217.4,19.0,219.6,3679.3
AGR_Wes_2020_00046,West_Zone,GJ_Saurashtra,2020,Kharif,Rice,21.19,32.18,574.21,54.03,15.34,7.03,0.941,162.6,19.9,240.4,5273.46
AGR_Wes_2020_00047,West_Zone,MH_Vidarbha,2020,Kharif,Pulses,24.36,37.48,1059.26,92.83,10.26,6.34,0.74,190.9,16.9,291.4,2426.33
AGR_Wes_2019_00048,West_Zone,MH_Marathwada,2019,Kharif,Soybean,26.55,36.39,1047.57,91.23,10.07,6.97,0.612,101.8,25.5,215.1,2831.6
AGR_Wes_2021_00049,West_Zone,MH_Vidarbha,2021,Rabi,Wheat,20.72,28.15,49.43,48.33,13.81,6.03,0.433,183.3,26.3,198.0,3408.69
AGR_Wes_2022_00050,West_Zone,MH_Vidarbha,2022,Kharif,Maize,,33.51,930.8,71.46,10.0,6.13,0.289,199.7,14.6,165.2,3799.83
AGR_Wes_2022_00051,West_Zone,MH_Marathwada,2022,Rabi,Wheat,21.82,30.2,160.84,67.46,13.22,7.16,0.569,210.2,13.8,240.8,3997.14
AGR_Wes_2019_00052,West_Zone,MP_Malwa,2019,Kharif,Maize,26.16,36.1,784.41,66.75,12.49,7.13,0.548,197.2,21.8,288.7,4304.97
AGR_Wes_2021_00053,West_Zone,MH_Vidarbha,2021,Kharif,Soybean,23.25,34.02,713.86,58.82,14.18,6.41,0.602,235.4,22.2,283.3,3326.8
AGR_Wes_2022_00054,West_Zone,MH_Vidarbha,2022,Rabi,Soybean,18.15,29.87,141.29,58.26,10.54,6.7,0.822,193.5,20.2,177.1,2896.71
AGR_Wes_2018_00055,West_Zone,MH_Marathwada,2018,Kharif,Wheat,25.78,35.54,672.17,74.6,10.0,7.72,0.624,186.8,23.5,265.1,4883.8
AGR_Wes_2020_00056,West_Zone,MH_Vidarbha,2020,Zaid,Soybean,27.03,35.64,86.98,51.38,13.34,6.54,0.576,203.6,27.4,199.4,2414.12
AGR_Wes_2018_00057,West_Zone,MH_Marathwada,2018,Rabi,Soybean,20.18,33.39,194.9,34.06,13.6,6.8,0.694,189.5,19.3,208.5,2882.08
AGR_Wes_2019_00058,West_Zone,MH_Marathwada,2019,Kharif,Cotton,25.89,35.21,1065.19,80.07,11.33,6.72,0.512,191.2,22.8,196.9,3054.56
AGR_Wes_2023_00059,West_Zone,GJ_Saurashtra,2023,Kharif,Wheat,,35.59,436.47,66.81,10.0,6.12,0.613,185.8,26.2,210.7,4567.79
AGR_Wes_2023_00060,West_Zone,MH_Vidarbha,2023,Rabi,Maize,21.51,31.55,220.11,77.29,10.91,7.8,0.513,194.6,17.0,252.3,3694.47
AGR_Wes_2020_00061,West_Zone,MP_Malwa,2020,Kharif,Pulses,26.63,39.35,924.43,66.97,14.31,6.94,0.526,176.6,11.9,220.5,2364.72
AGR_Wes_2021_00062,West_Zone,GJ_Saurashtra,2021,Zaid,Soybean,26.91,38.32,,54.26,12.61,7.27,0.605,191.1,28.7,263.2,2601.73
AGR_Wes_2021_00063,West_Zone,GJ_Saurashtra,2021,Kharif,Pulses,23.7,34.61,737.7,77.77,11.15,7.01,0.528,180.9,18.5,291.3,2518.79
AGR_Wes_2021_00064,West_Zone,MH_Marathwada,2021,Rabi,Wheat,20.52,28.74,136.7,46.59,16.48,6.22,0.884,206.5,28.5,197.3,4157.44
AGR_Wes_2021_00065,West_Zone,GJ_Saurashtra,2021,Zaid,Wheat,27.69,38.22,57.03,40.05,12.09,5.95,0.874,121.8,20.6,184.4,3357.63
AGR_Wes_2020_00066,West_Zone,MP_Malwa,2020,Kharif,Maize,24.27,34.24,719.71,81.87,12.89,5.99,0.542,231.7,18.6,189.0,4853.02
AGR_Wes_2021_00067,West_Zone,MP_Malwa,2021,Kharif,Maize,25.02,37.6,703.4,62.6,11.55,6.99,0.704,162.8,17.0,152.8,4215.78
AGR_Wes_2020_00068,West_Zone,MH_Vidarbha,2020,Zaid,Cotton,28.65,42.56,64.75,57.98,10.0,8.03,0.579,172.7,27.4,224.8,2137.92
AGR_Wes_2020_00069,West_Zone,GJ_Saurashtra,2020,Zaid,Pulses,27.48,35.77,38.13,43.43,16.13,7.98,0.805,183.9,12.6,243.5,1787.24
AGR_Wes_2021_00070,West_Zone,MP_Malwa,2021,Kharif,Maize,24.92,32.56,,65.76,10.97,6.29,0.87,195.9,27.2,200.4,4620.83
AGR_Wes_2021_00071,West_Zone,MH_Marathwada,2021,Zaid,Pulses,26.97,40.93,92.86,41.83,14.44,6.32,0.819,126.1,25.5,189.9,1330.69
AGR_Wes_2021_00072,West_Zone,MH_Vidarbha,2021,Rabi,Pulses,21.82,30.42,93.79,44.69,14.57,6.55,0.977,182.4,20.2,120.9,1597.67
AGR_Wes_2019_00073,West_Zone,GJ_Saurashtra,2019,Rabi,Wheat,19.65,26.67,185.56,67.24,12.52,6.24,0.561,222.4,27.8,191.4,4169.01
AGR_Wes_2020_00074,West_Zone,MH_Vidarbha,2020,Rabi,Wheat,21.04,29.66,53.72,52.24,10.0,6.72,0.843,248.3,27.0,214.2,4362.14
AGR_Wes_2022_00075,West_Zone,GJ_Saurashtra,2022,Kharif,Maize,24.83,34.95,526.65,71.95,11.45,6.25,0.533,158.3,14.1,197.6,4051.2
AGR_Wes_2018_00076,West_Zone,MH_Marathwada,2018,Zaid,Pulses,29.19,40.68,86.19,51.35,11.83,7.13,0.529,175.5,27.7,147.8,1348.84
AGR_Wes_2022_00077,West_Zone,MH_Marathwada,2022,Kharif,Soybean,26.7,39.3,,81.42,10.42,7.66,0.561,170.2,22.7,260.6,2997.74
AGR_Wes_2023_00078,West_Zone,GJ_Saurashtra,2023,Rabi,Cotton,21.21,28.84,214.58,62.33,11.57,7.23,0.793,211.7,16.7,186.1,2609.74
AGR_Wes_2019_00079,West_Zone,MP_Malwa,2019,Zaid,Maize,26.23,39.34,77.9,41.15,15.05,5.75,0.387,162.2,17.5,274.1,2699.78
AGR_Wes_2020_00080,West_Zone,MH_Marathwada,2020,Rabi,Pulses,22.8,32.13,116.93,48.22,10.71,7.25,0.465,213.1,23.8,283.7,1413.35
AGR_Wes_2023_00081,West_Zone,GJ_Saurashtra,2023,Zaid,Wheat,27.97,36.37,62.28,50.46,12.88,7.03,0.664,185.2,13.1,204.3,3972.65
AGR_Wes_2022_00082,West_Zone,MH_Marathwada,2022,Kharif,Pulses,25.96,35.81,991.92,85.38,10.0,6.26,0.489,174.5,8.0,285.1,2406.64
AGR_Wes_2023_00083,West_Zone,MH_Marathwada,2023,Kharif,Pulses,24.66,38.15,1021.05,79.65,10.28,7.0,0.769,144.3,14.9,201.3,2148.78
AGR_Wes_2019_00084,West_Zone,MH_Vidarbha,2019,Kharif,Pulses,24.46,33.64,1055.11,94.5,10.0,6.28,0.859,274.7,28.8,231.7,2618.27
AGR_Wes_2019_00085,West_Zone,GJ_Saurashtra,2019,Rabi,Wheat,21.28,34.66,173.34,64.1,10.28,7.65,0.622,190.4,25.4,187.7,4156.91
AGR_Wes_2021_00086,West_Zone,GJ_Saurashtra,2021,Kharif,Wheat,23.79,,1070.36,95.0,10.0,5.98,0.695,229.6,29.5,266.4,4650.03
AGR_Wes_2022_00087,West_Zone,MH_Vidarbha,2022,Kharif,Soybean,24.71,35.81,699.54,80.2,11.83,6.86,0.584,192.1,15.0,318.6,3366.78
AGR_Wes_2022_00088,West_Zone,MH_Vidarbha,2022,Rabi,Pulses,22.31,36.06,204.47,71.0,10.0,6.65,0.531,190.6,15.7,170.5,1845.44
AGR_Wes_2018_00089,West_Zone,MH_Marathwada,2018,Kharif,Rice,25.55,39.33,693.7,71.61,10.0,6.36,0.533,177.7,24.2,258.1,4706.97
AGR_Wes_2022_00090,West_Zone,MH_Marathwada,2022,Kharif,Maize,26.08,37.17,1205.02,,11.3,7.03,0.872,145.0,23.8,180.8,4249.28
AGR_Wes_2018_00091,West_Zone,MH_Marathwada,2018,Rabi,Wheat,19.66,31.87,117.75,50.11,18.95,7.15,0.874,173.7,26.0,258.2,3904.39
AGR_Wes_2023_00092,West_Zone,MP_Malwa,2023,Kharif,Cotton,23.09,36.0,908.2,73.38,10.0,7.84,0.57,170.5,21.2,232.2,2861.86
AGR_Wes_2018_00093,West_Zone,GJ_Saurashtra,2018,Kharif,Cotton,24.86,32.93,619.66,65.65,11.02,5.2,0.659,267.1,17.3,185.6,3505.72
AGR_Wes_2019_00094,West_Zone,GJ_Saurashtra,2019,Kharif,Rice,,33.97,538.24,68.39,10.09,6.59,0.524,188.8,15.7,194.2,5211.78
AGR_Wes_2021_00095,West_Zone,MP_Malwa,2021,Kharif,Pulses,24.96,38.61,953.23,,10.0,6.96,0.597,193.5,18.4,211.9,2296.08
AGR_Wes_2022_00096,West_Zone,MH_Vidarbha,2022,Kharif,Rice,,,1001.95,95.0,10.33,7.39,0.472,221.1,14.2,178.4,5407.75
AGR_Wes_2019_00097,West_Zone,MP_Malwa,2019,Kharif,Soybean,25.8,38.07,637.86,,10.72,7.35,0.714,186.6,29.3,170.7,3404.61
AGR_Wes_2020_00098,West_Zone,GJ_Saurashtra,2020,Kharif,Pulses,24.02,33.13,663.2,69.16,11.17,6.73,0.384,162.4,19.1,153.8,1970.8
AGR_Wes_2023_00099,West_Zone,MH_Marathwada,2023,Kharif,Pulses,,36.72,852.82,83.33,10.49,7.35,0.649,188.6,27.9,207.1,1989.22
AGR_Wes_2023_00100,West_Zone,MP_Malwa,2023,Kharif,Rice,23.92,33.42,1147.12,,10.0,6.29,0.569,199.3,19.5,223.0,5201.98
AGR_Wes_2022_00101,West_Zone,MH_Vidarbha,2022,Rabi,Wheat,22.11,35.25,172.19,51.65,13.16,7.14,0.426,236.4,26.3,264.4,4361.39
AGR_Wes_2023_00102,West_Zone,MH_Vidarbha,2023,Zaid,Wheat,29.84,37.56,,45.51,17.32,6.83,0.577,226.4,20.3,269.7,4159.66
AGR_Wes_2019_00103,West_Zone,MH_Marathwada,2019,Kharif,Wheat,24.66,35.12,1409.81,95.0,10.0,7.96,0.597,142.2,24.9,253.4,4421.76
AGR_Wes_2021_00104,West_Zone,MP_Malwa,2021,Kharif,Cotton,25.08,33.12,489.54,65.36,10.0,5.88,0.683,192.9,18.9,170.3,3243.04
AGR_Wes_2022_00105,West_Zone,MH_Vidarbha,2022,Kharif,Pulses,22.05,32.66,521.06,47.68,12.04,7.23,0.603,171.2,24.4,218.3,2108.78
AGR_Wes_2020_00106,West_Zone,MH_Marathwada,2020,Rabi,Soybean,20.09,30.08,120.33,50.53,10.95,7.23,0.663,238.0,35.9,233.7,2537.74
AGR_Wes_2019_00107,West_Zone,MH_Vidarbha,2019,Kharif,Wheat,26.2,36.27,892.14,86.12,10.0,6.67,0.383,218.6,13.4,183.7,4793.8
AGR_Wes_2022_00108,West_Zone,MH_Vidarbha,2022,Kharif,Maize,24.86,35.11,1079.93,76.69,10.0,5.2,0.738,148.1,22.3,197.7,4176.86
AGR_Wes_2023_00109,West_Zone,MP_Malwa,2023,Kharif,Rice,23.17,35.19,849.48,74.3,11.85,6.38,0.566,213.2,27.7,112.3,5450.17
AGR_Wes_2019_00110,West_Zone,MH_Marathwada,2019,Kharif,Wheat,23.26,,922.08,82.57,10.33,7.9,0.498,223.6,19.9,222.0,4652.41
AGR_Wes_2019_00111,West_Zone,MP_Malwa,2019,Kharif,Soybean,22.95,30.16,852.23,79.86,10.51,6.97,0.436,198.9,17.3,126.1,3110.55
AGR_Wes_2022_00112,West_Zone,MH_Marathwada,2022,Rabi,Cotton,21.77,32.96,220.84,46.39,13.07,5.93,0.544,186.8,13.6,290.6,2699.73
AGR_Wes_2022_00113,West_Zone,MH_Vidarbha,2022,Kharif,Maize,25.29,33.62,678.57,62.24,13.19,6.36,0.578,170.9,27.3,169.9,4136.43
AGR_Wes_2019_00114,West_Zone,MP_Malwa,2019,Rabi,Rice,20.22,29.55,193.35,,13.59,6.32,0.573,195.6,31.8,158.9,4682.76
AGR_Wes_2019_00115,West_Zone,MP_Malwa,2019,Rabi,Wheat,20.56,33.9,168.8,38.3,12.85,7.47,0.746,195.4,16.4,176.3,4294.45
AGR_Wes_2019_00116,West_Zone,MH_Marathwada,2019,Rabi,Rice,20.91,34.7,119.82,66.36,12.16,5.74,0.497,230.1,22.7,186.6,4783.74
AGR_Wes_2019_00117,West_Zone,GJ_Saurashtra,2019,Rabi,Soybean,21.76,34.72,194.31,79.37,10.0,6.54,0.545,168.7,25.5,171.6,2753.07
AGR_Wes_2019_00118,West_Zone,MH_Marathwada,2019,Rabi,Rice,22.62,34.36,,45.41,15.29,7.14,0.95,229.9,19.2,182.0,5268.89
AGR_Wes_2021_00119,West_Zone,GJ_Saurashtra,2021,Kharif,Wheat,25.55,34.68,582.35,82.7,11.14,7.66,0.93,168.3,29.2,221.9,4969.55
AGR_Wes_2022_00120,West_Zone,MH_Marathwada,2022,Kharif,Rice,22.69,32.47,939.49,79.75,10.2,6.75,0.869,137.2,13.4,172.3,5066.24
AGR_Wes_2022_00121,West_Zone,MH_Marathwada,2022,Kharif,Wheat,25.13,37.32,968.7,75.46,10.0,6.58,0.636,222.4,21.6,191.6,4945.24
AGR_Wes_2018_00122,West_Zone,MH_Vidarbha,2018,Rabi,Maize,22.05,31.89,174.06,57.27,13.35,6.9,0.481,179.0,17.6,211.4,3602.27
AGR_Wes_2020_00123,West_Zone,GJ_Saurashtra,2020,Kharif,Maize,25.14,35.06,789.73,66.69,11.11,7.5,0.702,202.2,28.9,190.7,4462.2
AGR_Wes_2022_00124,West_Zone,GJ_Saurashtra,2022,Rabi,Rice,17.78,26.19,160.94,50.39,12.08,6.55,0.609,149.7,12.6,222.8,4010.59
AGR_Wes_2021_00125,West_Zone,MP_Malwa,2021,Rabi,Wheat,20.65,31.62,163.21,40.75,16.01,7.76,1.056,174.8,16.3,139.2,4588.32
AGR_Wes_2023_00126,West_Zone,MP_Malwa,2023,Kharif,Pulses,24.46,32.98,735.28,75.18,10.0,7.46,0.778,123.5,33.2,150.6,2132.98
AGR_Wes_2020_00127,West_Zone,MH_Vidarbha,2020,Kharif,Pulses,25.74,33.78,572.21,61.36,10.53,7.04,0.391,184.8,18.2,290.2,2218.51
AGR_Wes_2019_00128,West_Zone,MH_Marathwada,2019,Kharif,Soybean,25.56,35.13,309.25,57.37,10.33,6.41,0.659,155.9,19.7,287.7,2925.93
AGR_Wes_2020_00129,West_Zone,MH_Vidarbha,2020,Kharif,Pulses,23.43,36.11,,86.75,11.54,7.57,0.425,179.6,17.4,224.5,2464.11
AGR_Wes_2019_00130,West_Zone,GJ_Saurashtra,2019,Rabi,Wheat,22.41,31.64,123.46,67.48,11.65,5.89,0.402,181.4,23.3,229.9,3893.41
AGR_Wes_2023_00131,West_Zone,GJ_Saurashtra,2023,Kharif,Soybean,26.96,34.07,,,12.7,7.92,0.622,201.7,26.8,179.5,3410.74
AGR_Wes_2021_00132,West_Zone,MH_Vidarbha,2021,Kharif,Wheat,26.82,34.24,1021.35,81.38,10.43,7.22,0.569,176.6,20.2,230.9,4661.44
AGR_Wes_2023_00133,West_Zone,MH_Marathwada,2023,Kharif,Cotton,27.92,35.29,946.99,95.0,10.0,6.91,0.463,127.2,19.1,283.7,2820.31
AGR_Wes_2023_00134,West_Zone,MH_Marathwada,2023,Kharif,Soybean,24.78,35.44,1069.77,95.0,10.0,6.28,1.057,186.6,22.4,229.9,3570.1
AGR_Wes_2018_00135,West_Zone,MH_Vidarbha,2018,Rabi,Cotton,20.27,28.26,172.56,46.95,17.31,6.83,0.682,192.7,14.4,177.6,2093.68
AGR_Wes_2019_00136,West_Zone,MP_Malwa,2019,Kharif,Soybean,22.64,30.41,741.65,81.72,11.26,6.91,0.701,196.5,11.3,171.0,3233.82
AGR_Wes_2018_00137,West_Zone,GJ_Saurashtra,2018,Rabi,Pulses,19.77,29.57,,51.92,12.73,6.14,0.273,174.0,18.8,238.9,1244.46
AGR_Wes_2021_00138,West_Zone,GJ_Saurashtra,2021,Rabi,Rice,20.49,29.49,144.76,68.83,12.25,5.88,0.57,156.2,22.1,174.7,4114.76
AGR_Wes_2020_00139,West_Zone,MH_Vidarbha,2020,Kharif,Pulses,24.88,37.72,779.14,70.73,10.0,7.23,0.643,141.0,25.7,210.9,1842.37
AGR_Wes_2021_00140,West_Zone,GJ_Saurashtra,2021,Rabi,Rice,21.18,30.7,85.96,44.86,13.68,7.2,0.881,230.4,14.7,220.6,5214.1
AGR_Wes_2022_00141,West_Zone,GJ_Saurashtra,2022,Rabi,Cotton,19.51,30.4,170.52,57.56,12.21,7.29,0.659,167.1,17.7,243.9,2376.76
AGR_Wes_2018_00142,West_Zone,MP_Malwa,2018,Kharif,Soybean,21.75,34.62,625.06,75.79,11.42,6.49,0.407,203.8,20.6,110.0,3138.86
AGR_Wes_2020_00143,West_Zone,GJ_Saurashtra,2020,Rabi,Wheat,18.61,31.49,124.57,45.88,11.47,7.78,1.065,219.1,11.7,178.5,4341.22
AGR_Wes_2021_00144,West_Zone,MH_Vidarbha,2021,Rabi,Wheat,,29.24,166.71,53.73,11.95,6.7,0.458,186.7,19.2,169.6,3867.42
AGR_Wes_2022_00145,West_Zone,MP_Malwa,2022,Kharif,Cotton,26.94,37.16,900.61,75.43,12.08,6.43,0.404,171.3,23.3,131.1,2917.95
AGR_Wes_2020_00146,West_Zone,MH_Vidarbha,2020,Rabi,Wheat,19.48,29.79,143.62,42.1,15.02,7.0,0.831,233.5,24.7,177.6,4428.28
AGR_Wes_2022_00147,West_Zone,MP_Malwa,2022,Kharif,Maize,25.95,35.06,653.82,84.07,10.19,7.47,0.316,164.6,30.3,164.3,3861.13
AGR_Wes_2018_00148,West_Zone,GJ_Saurashtra,2018,Kharif,Rice,25.31,36.28,923.0,81.95,10.0,6.88,0.335,200.9,30.0,257.2,4822.31
AGR_Wes_2018_00149,West_Zone,MH_Marathwada,2018,Rabi,Maize,20.4,28.32,217.63,64.34,11.17,5.58,0.571,231.8,22.2,232.3,4098.22
AGR_Wes_2019_00150,West_Zone,MH_Marathwada,2019,Rabi,Wheat,21.31,34.56,174.53,34.08,11.1,7.38,0.617,172.8,17.5,244.5,3999.87
AGR_Wes_2020_00151,West_Zone,MH_Vidarbha,2020,Kharif,Pulses,24.06,37.09,873.18,62.29,10.0,6.57,0.948,159.5,18.7,267.3,2482.05
AGR_Wes_2022_00152,West_Zone,MH_Marathwada,2022,Kharif,Cotton,25.77,,863.37,71.94,11.5,6.74,0.689,163.8,27.9,212.3,3046.16
AGR_Wes_2022_00153,West_Zone,MP_Malwa,2022,Rabi,Cotton,20.1,28.62,202.62,69.6,10.04,6.95,0.301,141.1,28.4,229.9,2062.26
AGR_Wes_2018_00154,West_Zone,GJ_Saurashtra,2018,Zaid,Rice,28.97,,117.03,39.99,12.99,6.82,0.2,163.1,27.6,164.0,3832.07
AGR_Wes_2020_00155,West_Zone,MH_Vidarbha,2020,Rabi,Pulses,22.26,31.97,197.94,35.61,13.68,6.72,0.546,159.2,15.7,221.2,1600.91
AGR_Wes_2018_00156,West_Zone,MP_Malwa,2018,Rabi,Soybean,22.13,34.58,110.79,67.94,14.93,6.68,0.576,164.7,20.3,194.7,2371.83
AGR_Wes_2021_00157,West_Zone,MH_Marathwada,2021,Kharif,Wheat,25.53,36.57,1025.78,80.84,12.01,6.31,0.633,183.4,24.6,228.0,4595.18
AGR_Wes_2022_00158,West_Zone,MP_Malwa,2022,Kharif,Pulses,26.21,33.69,,84.59,10.0,5.99,0.824,125.7,28.3,196.0,2588.77
AGR_Wes_2020_00159,West_Zone,GJ_Saurashtra,2020,Rabi,Maize,20.98,32.37,237.7,45.2,11.62,6.33,0.418,173.5,8.0,182.2,3480.27
AGR_Wes_2023_00160,West_Zone,MP_Malwa,2023,Kharif,Wheat,28.24,35.5,256.86,79.43,10.0,8.25,0.486,169.1,18.3,211.7,4379.21
AGR_Wes_2022_00161,West_Zone,MH_Marathwada,2022,Kharif,Rice,24.36,36.53,1106.29,95.0,10.0,6.55,0.546,197.6,22.5,223.1,4904.17
AGR_Wes_2023_00162,West_Zone,MH_Marathwada,2023,Rabi,Wheat,21.46,32.18,109.08,51.14,11.09,6.5,0.659,190.6,25.2,167.5,4057.16
AGR_Wes_2020_00163,West_Zone,GJ_Saurashtra,2020,Rabi,Rice,20.09,28.5,91.08,57.44,11.11,7.37,0.519,180.0,17.3,196.4,4001.58
AGR_Wes_2021_00164,West_Zone,GJ_Saurashtra,2021,Rabi,Pulses,21.48,30.91,160.55,66.22,12.89,6.46,0.213,124.4,22.9,175.5,1147.09
AGR_Wes_2018_00165,West_Zone,MH_Marathwada,2018,Rabi,Cotton,,26.64,190.72,40.99,16.43,5.98,0.604,177.7,18.1,226.3,2257.0
AGR_Wes_2022_00166,West_Zone,MH_Vidarbha,2022,Kharif,Maize,23.68,34.95,912.3,94.14,10.08,7.58,0.589,123.4,13.7,256.7,3933.59
AGR_Wes_2022_00167,West_Zone,MH_Vidarbha,2022,Zaid,Cotton,29.37,37.3,111.87,47.81,12.11,7.1,0.78,185.1,22.2,221.0,2469.25
AGR_Wes_2018_00168,West_Zone,MH_Marathwada,2018,Kharif,Cotton,24.94,,604.46,62.23,10.0,6.91,0.779,180.8,20.9,115.7,3079.85
AGR_Wes_2022_00169,West_Zone,GJ_Saurashtra,2022,Rabi,Wheat,20.57,34.52,193.03,70.16,12.27,6.89,0.883,215.4,27.6,199.7,4789.53
AGR_Wes_2023_00170,West_Zone,MH_Marathwada,2023,Rabi,Cotton,23.93,32.25,145.31,,12.9,6.99,0.422,193.3,19.7,188.3,2010.04
AGR_Wes_2021_00171,West_Zone,MH_Marathwada,2021,Kharif,Pulses,26.4,37.06,958.06,91.75,10.0,6.34,0.677,240.7,20.8,215.5,2186.16
AGR_Wes_2021_00172,West_Zone,GJ_Saurashtra,2021,Kharif,Maize,24.45,32.42,1053.28,76.48,10.0,7.31,0.559,190.5,29.4,242.2,4109.26
AGR_Wes_2021_00173,West_Zone,MH_Marathwada,2021,Rabi,Wheat,22.93,33.08,159.28,55.51,11.01,7.58,0.599,172.5,28.5,186.6,3926.57
AGR_Wes_2020_00174,West_Zone,MP_Malwa,2020,Zaid,Pulses,28.57,42.32,99.32,67.2,10.0,7.33,0.74,280.0,30.4,194.4,1617.76
AGR_Wes_2019_00175,West_Zone,GJ_Saurashtra,2019,Rabi,Cotton,20.28,31.65,165.33,54.01,14.28,7.49,0.693,137.4,19.7,159.4,2336.79
AGR_Wes_2022_00176,West_Zone,MP_Malwa,2022,Kharif,Pulses,23.21,32.18,674.54,72.61,10.53,6.93,0.764,182.3,21.4,186.0,2212.22
AGR_Wes_2022_00177,West_Zone,MP_Malwa,2022,Rabi,Wheat,22.03,32.12,37.47,61.7,12.08,6.12,0.476,183.9,20.9,216.4,3533.6
AGR_Wes_2021_00178,West_Zone,MP_Malwa,2021,Kharif,Wheat,26.78,36.56,711.39,72.28,10.0,6.64,0.607,140.8,23.6,224.9,4396.51
AGR_Wes_2021_00179,West_Zone,MP_Malwa,2021,Rabi,Rice,21.66,34.9,130.96,70.84,15.68,6.77,0.557,195.9,17.6,195.7,4416.81
AGR_Wes_2023_00180,West_Zone,MH_Vidarbha,2023,Rabi,Cotton,23.57,36.84,147.52,46.51,15.45,6.89,0.821,144.1,28.3,212.1,2356.09
AGR_Wes_2021_00181,West_Zone,GJ_Saurashtra,2021,Kharif,Cotton,24.89,34.85,729.66,78.69,11.32,6.88,0.461,120.0,23.0,252.3,2830.03
AGR_Wes_2023_00182,West_Zone,GJ_Saurashtra,2023,Kharif,Soybean,24.21,35.2,966.83,71.62,11.16,7.99,0.46,128.4,10.4,261.7,3084.72
AGR_Wes_2020_00183,West_Zone,MP_Malwa,2020,Rabi,Wheat,22.92,35.0,145.94,44.86,11.63,6.63,0.591,165.5,15.8,246.3,4173.34
AGR_Wes_2020_00184,West_Zone,GJ_Saurashtra,2020,Kharif,Soybean,24.78,31.93,901.11,90.6,11.68,7.03,0.564,191.8,23.2,325.7,3364.69
AGR_Wes_2022_00185,West_Zone,MH_Marathwada,2022,Kharif,Soybean,24.22,35.09,985.59,89.37,10.0,5.57,0.379,148.0,17.2,154.5,3025.37
AGR_Wes_2022_00186,West_Zone,MP_Malwa,2022,Rabi,Maize,22.62,34.69,81.79,40.61,10.0,6.61,0.763,218.8,15.6,164.5,3749.89
AGR_Wes_2023_00187,West_Zone,MP_Malwa,2023,Kharif,Soybean,22.08,35.57,805.67,70.86,10.0,6.12,0.681,174.3,21.3,178.5,3322.94
AGR_Wes_2018_00188,West_Zone,GJ_Saurashtra,2018,Kharif,Pulses,25.53,,362.44,71.32,11.47,7.15,0.749,170.1,19.4,264.6,2112.72
AGR_Wes_2023_00189,West_Zone,GJ_Saurashtra,2023,Kharif,Wheat,23.83,36.72,874.16,80.68,13.33,6.91,0.564,142.5,19.0,191.6,4426.59
AGR_Wes_2019_00190,West_Zone,GJ_Saurashtra,2019,Zaid,Rice,25.67,36.46,100.88,58.01,15.16,7.01,0.369,200.5,35.2,194.4,4563.84
AGR_Wes_2022_00191,West_Zone,GJ_Saurashtra,2022,Kharif,Rice,23.86,35.01,1036.03,95.0,10.0,6.73,0.612,231.7,13.2,209.2,5541.79
AGR_Wes_2018_00192,West_Zone,GJ_Saurashtra,2018,Rabi,Wheat,20.64,28.25,232.92,43.38,12.48,6.75,0.771,214.0,18.7,284.8,4364.33
AGR_Wes_2023_00193,West_Zone,MH_Marathwada,2023,Rabi,Maize,20.25,33.11,120.63,54.03,10.0,5.52,0.66,183.7,28.2,241.1,3687.96
AGR_Wes_2023_00194,West_Zone,MH_Marathwada,2023,Zaid,Wheat,30.97,39.39,66.03,54.59,13.9,6.62,0.348,206.1,16.7,235.1,3759.04
AGR_Wes_2020_00195,West_Zone,MH_Vidarbha,2020,Kharif,Pulses,24.11,32.29,984.35,89.74,10.0,6.0,0.337,228.2,17.3,192.3,2370.08
AGR_Wes_2018_00196,West_Zone,MH_Marathwada,2018,Zaid,Pulses,28.97,,,52.82,16.31,6.47,0.497,171.6,25.6,152.7,1337.78
AGR_Wes_2018_00197,West_Zone,GJ_Saurashtra,2018,Kharif,Wheat,21.68,34.44,754.1,84.1,10.0,6.74,0.717,207.3,18.0,195.8,4904.68
AGR_Wes_2022_00198,West_Zone,MH_Vidarbha,2022,Rabi,Soybean,21.68,35.1,,57.56,11.9,7.43,0.709,201.5,19.4,159.5,2686.16
AGR_Wes_2020_00199,West_Zone,MH_Vidarbha,2020,Kharif,Wheat,25.48,36.05,574.43,63.95,11.91,6.73,0.437,205.4,15.0,184.7,4589.72
AGR_Wes_2021_00200,West_Zone,MH_Marathwada,2021,Kharif,Wheat,23.56,35.91,767.27,70.19,11.18,7.93,0.662,160.3,24.3,151.1,4257.72
AGR_Wes_2022_00201,West_Zone,MH_Marathwada,2022,Zaid,Soybean,28.61,35.66,100.89,61.14,12.13,6.5,0.447,160.8,21.5,185.1,2310.02
AGR_Wes_2020_00202,West_Zone,MH_Marathwada,2020,Kharif,Soybean,24.59,32.7,740.22,65.78,13.87,6.83,0.591,137.8,27.4,230.1,3056.54
AGR_Wes_2021_00203,West_Zone,MH_Vidarbha,2021,Rabi,Soybean,19.05,28.98,141.9,48.07,11.09,7.48,0.594,187.0,21.7,215.4,2342.73
AGR_Wes_2019_00204,West_Zone,GJ_Saurashtra,2019,Kharif,Rice,24.34,34.55,,67.69,14.01,6.04,0.728,247.8,37.2,303.6,5665.8
AGR_Wes_2018_00205,West_Zone,MH_Marathwada,2018,Rabi,Rice,23.69,34.86,207.18,48.62,15.72,7.37,0.817,178.4,14.5,207.4,5119.03
AGR_Wes_2022_00206,West_Zone,GJ_Saurashtra,2022,Zaid,Maize,28.01,37.91,,64.23,12.11,6.58,0.621,164.9,21.7,227.3,3479.26
AGR_Wes_2021_00207,West_Zone,MP_Malwa,2021,Zaid,Rice,26.84,37.92,,36.32,12.43,6.51,0.4,182.1,18.3,270.8,4098.45
AGR_Wes_2019_00208,West_Zone,MH_Vidarbha,2019,Kharif,Wheat,22.41,30.5,692.44,86.06,10.0,6.78,0.541,244.0,29.6,190.7,4801.93
AGR_Wes_2023_00209,West_Zone,MH_Marathwada,2023,Kharif,Rice,26.23,36.96,731.3,77.58,10.0,6.85,0.611,187.8,26.3,212.2,5027.18
AGR_Wes_2018_00210,West_Zone,MH_Marathwada,2018,Kharif,Cotton,26.58,34.84,495.39,65.07,11.88,5.82,0.553,221.4,19.2,213.0,3269.89
AGR_Wes_2018_00211,West_Zone,MH_Marathwada,2018,Rabi,Rice,19.49,28.65,152.4,63.81,10.0,7.45,0.658,161.9,31.4,264.7,4400.46
AGR_Wes_2023_00212,West_Zone,MP_Malwa,2023,Rabi,Maize,22.05,,146.52,63.54,13.49,7.35,1.096,180.0,26.6,224.5,3792.6
AGR_Wes_2021_00213,West_Zone,MH_Vidarbha,2021,Kharif,Pulses,27.44,41.01,590.12,70.59,10.0,5.94,0.903,118.2,19.7,182.0,2173.18
AGR_Wes_2019_00214,West_Zone,MH_Vidarbha,2019,Rabi,Rice,20.58,30.26,239.3,47.97,11.48,6.56,0.509,170.0,23.0,159.4,4566.38
AGR_Wes_2018_00215,West_Zone,GJ_Saurashtra,2018,Kharif,Pulses,25.98,36.02,453.17,56.84,11.53,5.98,0.867,190.8,33.0,277.5,2697.86
AGR_Wes_2018_00216,West_Zone,GJ_Saurashtra,2018,Kharif,Pulses,27.56,41.34,597.21,74.49,12.76,6.84,0.591,174.3,29.0,228.0,2162.62
AGR_Wes_2018_00217,West_Zone,MP_Malwa,2018,Rabi,Rice,19.93,28.39,180.06,65.69,10.26,6.4,0.469,213.0,27.5,260.8,4386.02
AGR_Wes_2023_00218,West_Zone,MH_Marathwada,2023,Kharif,Rice,26.49,39.76,911.66,84.87,10.0,7.76,0.814,205.4,31.5,206.2,5407.87
AGR_Wes_2019_00219,West_Zone,MH_Vidarbha,2019,Kharif,Maize,23.19,31.48,188.29,44.6,15.28,6.73,0.235,178.9,23.8,232.0,3145.6
AGR_Wes_2021_00220,West_Zone,MH_Marathwada,2021,Rabi,Rice,22.85,30.56,151.37,68.03,11.62,7.51,0.337,225.3,37.5,205.1,4359.96
AGR_Wes_2018_00221,West_Zone,MP_Malwa,2018,Rabi,Pulses,21.15,29.98,111.63,53.72,13.57,6.54,0.623,148.4,19.4,255.0,1375.6
AGR_Wes_2021_00222,West_Zone,MH_Marathwada,2021,Rabi,Wheat,18.84,30.7,127.6,,14.79,7.06,0.694,113.0,21.1,201.3,3649.85
AGR_Wes_2023_00223,West_Zone,MH_Vidarbha,2023,Rabi,Maize,21.54,34.68,130.05,40.38,13.95,6.43,0.663,220.0,30.8,313.6,3651.81
AGR_Wes_2022_00224,West_Zone,MH_Marathwada,2022,Kharif,Rice,,30.86,588.26,77.11,10.0,6.64,0.537,176.1,18.7,225.3,4808.76
AGR_Wes_2020_00225,West_Zone,MP_Malwa,2020,Kharif,Pulses,22.11,35.52,624.79,,12.05,5.58,0.587,219.5,21.3,336.7,2234.2
AGR_Wes_2021_00226,West_Zone,GJ_Saurashtra,2021,Kharif,Cotton,,32.84,693.31,85.06,10.0,6.46,0.512,177.3,28.4,221.5,3188.19
AGR_Wes_2022_00227,West_Zone,GJ_Saurashtra,2022,Kharif,Maize,22.26,,398.37,64.79,13.93,6.51,0.69,242.6,24.3,263.2,4435.6
AGR_Wes_2018_00228,West_Zone,MH_Vidarbha,2018,Rabi,Pulses,22.52,33.0,81.03,60.41,10.0,8.36,0.728,210.7,18.9,204.5,1406.64
AGR_Wes_2019_00229,West_Zone,GJ_Saurashtra,2019,Kharif,Rice,25.62,35.19,598.55,75.19,10.0,6.09,0.337,181.7,29.0,166.8,5112.56
AGR_Wes_2021_00230,West_Zone,MH_Vidarbha,2021,Kharif,Cotton,25.61,33.78,592.9,76.15,10.4,8.3,0.664,225.8,20.2,213.2,3033.1
AGR_Wes_2021_00231,West_Zone,MH_Marathwada,2021,Rabi,Wheat,22.62,32.31,,71.72,10.0,6.32,0.641,164.6,21.0,155.2,3904.88
AGR_Wes_2020_00232,West_Zone,MP_Malwa,2020,Kharif,Pulses,26.47,35.29,945.64,81.39,10.42,6.97,0.812,184.5,24.4,257.7,2687.98
AGR_Wes_2020_00233,West_Zone,MH_Marathwada,2020,Rabi,Maize,24.17,34.04,174.74,57.94,12.55,5.4,0.907,159.9,24.1,145.0,3910.45
AGR_Wes_2021_00234,West_Zone,GJ_Saurashtra,2021,Kharif,Cotton,23.27,31.49,,72.89,10.91,5.77,0.573,173.5,14.5,264.4,3089.14
AGR_Wes_2021_00235,West_Zone,MP_Malwa,2021,Rabi,Cotton,19.55,28.74,46.74,53.39,10.0,5.83,0.564,171.3,16.2,188.6,1969.74
AGR_Wes_2019_00236,West_Zone,MH_Vidarbha,2019,Rabi,Wheat,24.0,32.95,205.6,66.79,10.0,6.54,0.426,194.6,13.4,191.4,4197.98
AGR_Wes_2022_00237,West_Zone,GJ_Saurashtra,2022,Rabi,Soybean,22.51,33.31,21.39,50.61,13.63,7.1,0.855,215.7,21.6,252.9,2611.53
AGR_Wes_2018_00238,West_Zone,MH_Vidarbha,2018,Rabi,Rice,21.33,31.9,,55.42,10.0,7.11,0.653,165.0,14.7,242.9,4386.15
AGR_Wes_2018_00239,West_Zone,MP_Malwa,2018,Rabi,Cotton,21.05,28.3,159.08,,10.88,7.28,0.876,195.8,16.8,198.3,2455.28
AGR_Wes_2021_00240,West_Zone,GJ_Saurashtra,2021,Rabi,Wheat,21.47,35.04,,72.19,11.48,6.54,0.514,189.0,18.4,148.7,3960.4
AGR_Wes_2018_00241,West_Zone,GJ_Saurashtra,2018,Zaid,Wheat,28.65,36.8,80.63,,11.22,6.25,0.804,188.4,23.4,227.7,4502.77
AGR_Wes_2023_00242,West_Zone,GJ_Saurashtra,2023,Zaid,Maize,23.36,32.72,67.11,43.49,13.89,5.88,0.526,227.1,17.6,190.1,3753.64
AGR_Wes_2018_00243,West_Zone,GJ_Saurashtra,2018,Rabi,Soybean,22.63,31.94,237.51,54.0,11.56,7.36,0.425,168.4,21.4,187.5,2489.86
AGR_Wes_2022_00244,West_Zone,MH_Vidarbha,2022,Kharif,Maize,23.76,34.96,580.26,74.29,10.0,6.81,0.953,236.0,32.3,184.0,5057.46
AGR_Wes_2021_00245,West_Zone,MP_Malwa,2021,Kharif,Rice,22.08,33.27,726.27,67.17,13.51,6.52,0.597,153.2,27.5,185.4,5061.11
AGR_Wes_2019_00246,West_Zone,MP_Malwa,2019,Kharif,Cotton,26.28,40.13,888.84,94.58,10.0,6.88,0.588,161.4,31.0,247.1,2846.82
AGR_Wes_2023_00247,West_Zone,GJ_Saurashtra,2023,Kharif,Pulses,23.82,34.16,386.93,64.97,13.95,7.11,0.444,215.3,26.3,125.5,2244.08
AGR_Wes_2019_00248,West_Zone,MH_Marathwada,2019,Rabi,Cotton,20.17,30.03,239.08,53.84,12.93,7.42,0.628,202.2,28.7,208.3,2416.51
AGR_Wes_2019_00249,West_Zone,GJ_Saurashtra,2019,Rabi,Wheat,22.59,36.08,186.85,57.96,15.61,6.55,0.372,175.5,16.7,203.4,3819.59
AGR_Wes_2019_00250,West_Zone,MH_Vidarbha,2019,Kharif,Pulses,24.6,33.3,645.59,68.34,10.84,6.19,0.438,195.6,12.9,278.8,2062.92
AGR_Wes_2021_00251,West_Zone,GJ_Saurashtra,2021,Rabi,Maize,19.84,29.86,195.45,53.65,11.78,6.68,0.632,230.7,28.6,203.3,3691.1
AGR_Wes_2023_00252,West_Zone,MP_Malwa,2023,Rabi,Cotton,20.02,31.83,202.5,60.94,13.67,7.07,0.712,228.5,15.3,252.6,2597.13
AGR_Wes_2020_00253,West_Zone,MH_Marathwada,2020,Rabi,Cotton,19.14,32.3,129.87,59.55,15.02,8.5,0.325,239.6,26.6,232.5,2254.94
AGR_Wes_2023_00254,West_Zone,MH_Marathwada,2023,Rabi,Maize,20.09,32.43,245.24,48.66,10.01,6.96,0.585,179.5,13.6,197.7,3488.64
AGR_Wes_2021_00255,West_Zone,GJ_Saurashtra,2021,Rabi,Maize,21.21,34.62,165.72,61.77,13.71,7.66,0.824,189.4,27.7,144.9,3864.26
AGR_Wes_2023_00256,West_Zone,MP_Malwa,2023,Kharif,Soybean,24.65,35.34,526.15,64.92,11.88,6.56,0.221,156.0,20.5,135.2,2991.22
AGR_Wes_2018_00257,West_Zone,GJ_Saurashtra,2018,Kharif,Soybean,23.91,32.32,596.99,67.72,10.42,6.99,0.75,164.3,30.7,282.5,3514.46
AGR_Wes_2023_00258,West_Zone,GJ_Saurashtra,2023,Rabi,Wheat,20.57,32.1,40.27,66.44,10.0,6.67,0.626,238.1,13.7,286.7,3762.57
AGR_Wes_2018_00259,West_Zone,GJ_Saurashtra,2018,Rabi,Wheat,21.88,33.11,130.39,39.35,11.75,6.95,0.222,199.4,30.2,199.6,3789.66
AGR_Wes_2023_00260,West_Zone,GJ_Saurashtra,2023,Zaid,Cotton,27.3,39.01,,57.64,12.89,7.04,0.711,219.6,18.9,260.7,2141.1
AGR_Wes_2023_00261,West_Zone,MP_Malwa,2023,Kharif,Wheat,28.1,41.94,896.87,76.66,11.13,6.8,0.533,238.2,25.8,163.3,4695.08
AGR_Wes_2019_00262,West_Zone,MP_Malwa,2019,Kharif,Wheat,23.4,37.03,991.86,94.04,11.49,6.62,0.699,185.9,17.6,186.5,4583.83
AGR_Wes_2019_00263,West_Zone,MH_Marathwada,2019,Rabi,Soybean,20.4,28.05,172.39,60.61,11.34,5.51,0.669,204.0,33.7,145.2,2810.97
AGR_Wes_2023_00264,West_Zone,GJ_Saurashtra,2023,Kharif,Wheat,24.28,33.31,639.01,,15.2,6.08,0.485,232.2,21.2,165.0,4796.6
AGR_Wes_2023_00265,West_Zone,MH_Vidarbha,2023,Kharif,Wheat,23.85,32.92,968.78,79.84,10.31,7.94,0.556,183.7,16.2,240.7,4479.14
AGR_Wes_2021_00266,West_Zone,MH_Marathwada,2021,Kharif,Cotton,23.7,,1110.98,95.0,11.02,6.78,0.631,170.7,20.0,204.5,3222.36
AGR_Wes_2023_00267,West_Zone,MH_Vidarbha,2023,Kharif,Cotton,23.61,34.16,859.84,81.19,10.0,6.9,0.723,168.7,22.6,160.2,3087.39
AGR_Wes_2018_00268,West_Zone,MH_Marathwada,2018,Kharif,Maize,24.87,34.41,410.06,91.51,12.64,6.83,0.845,156.7,31.2,219.7,4446.85
AGR_Wes_2021_00269,West_Zone,GJ_Saurashtra,2021,Rabi,Wheat,19.63,32.05,155.15,53.88,13.28,6.88,0.277,132.6,20.5,187.6,3434.39
AGR_Wes_2020_00270,West_Zone,MH_Vidarbha,2020,Kharif,Maize,25.76,33.32,792.63,83.66,11.54,6.0,0.623,175.2,18.7,183.4,4421.55
AGR_Wes_2023_00271,West_Zone,MH_Marathwada,2023,Rabi,Soybean,20.56,30.96,165.86,56.16,11.57,7.9,0.621,202.1,32.1,230.4,2686.52
AGR_Wes_2020_00272,West_Zone,GJ_Saurashtra,2020,Kharif,Wheat,22.45,35.61,904.16,81.15,10.0,6.88,1.104,200.7,8.4,208.3,5420.2
AGR_Wes_2018_00273,West_Zone,MH_Marathwada,2018,Zaid,Rice,26.38,36.1,74.39,55.81,15.34,5.9,0.639,198.9,25.3,172.5,4444.29
AGR_Wes_2021_00274,West_Zone,MP_Malwa,2021,Kharif,Pulses,24.33,34.82,742.94,75.38,11.49,7.51,0.49,249.6,29.2,184.1,2436.65
AGR_Wes_2020_00275,West_Zone,MH_Vidarbha,2020,Rabi,Soybean,20.45,30.97,116.96,50.53,13.67,6.91,0.598,168.2,18.2,225.7,2316.47
AGR_Wes_2020_00276,West_Zone,GJ_Saurashtra,2020,Kharif,Maize,23.32,33.12,481.48,59.31,12.06,6.82,0.487,199.6,11.5,186.8,4296.62
AGR_Wes_2022_00277,West_Zone,MP_Malwa,2022,Kharif,Cotton,27.06,,702.96,81.43,10.0,6.14,0.816,187.4,15.3,289.5,3288.99
AGR_Wes_2022_00278,West_Zone,MH_Marathwada,2022,Rabi,Rice,20.62,33.56,176.7,60.71,16.48,7.17,0.759,172.7,24.0,222.2,4553.02
AGR_Wes_2019_00279,West_Zone,MP_Malwa,2019,Kharif,Soybean,25.86,38.43,995.85,88.6,10.0,6.77,0.798,232.7,32.8,179.0,3737.68
AGR_Wes_2022_00280,West_Zone,MH_Marathwada,2022,Rabi,Maize,,32.64,116.74,55.56,13.8,7.27,0.539,129.4,31.3,243.0,3214.99
AGR_Wes_2018_00281,West_Zone,MH_Marathwada,2018,Kharif,Maize,22.67,34.26,874.28,78.25,10.0,8.5,0.307,145.8,9.1,233.2,4051.31
AGR_Wes_2022_00282,West_Zone,MH_Marathwada,2022,Rabi,Soybean,19.13,,161.62,64.53,12.21,7.64,0.744,280.0,27.9,198.6,2645.51
AGR_Wes_2018_00283,West_Zone,MP_Malwa,2018,Rabi,Soybean,20.95,30.56,226.72,76.86,10.0,6.13,0.556,162.1,17.2,235.5,2690.14
AGR_Wes_2018_00284,West_Zone,MH_Vidarbha,2018,Kharif,Maize,24.04,33.52,670.3,72.32,10.0,7.11,0.842,128.4,18.0,194.9,4042.36
AGR_Wes_2023_00285,West_Zone,MH_Vidarbha,2023,Kharif,Wheat,25.4,33.26,806.91,72.39,10.0,5.91,0.733,179.0,19.6,212.2,4888.82
AGR_Wes_2018_00286,West_Zone,MH_Marathwada,2018,Rabi,Rice,21.05,32.9,190.83,59.98,14.55,6.77,0.457,163.9,27.4,144.5,4290.26
AGR_Wes_2019_00287,West_Zone,MH_Marathwada,2019,Kharif,Rice,24.74,35.2,753.24,82.86,10.0,7.18,0.731,115.3,27.0,238.2,4978.79
AGR_Wes_2020_00288,West_Zone,MP_Malwa,2020,Zaid,Pulses,29.04,,53.3,41.63,11.74,6.94,0.75,247.1,22.1,195.7,1691.01
AGR_Wes_2023_00289,West_Zone,MP_Malwa,2023,Rabi,Maize,22.64,32.36,145.58,49.27,14.0,6.03,0.713,203.8,15.4,204.6,3679.86
AGR_Wes_2018_00290,West_Zone,MP_Malwa,2018,Kharif,Pulses,24.93,34.01,664.37,74.49,10.0,6.86,0.797,239.6,33.9,224.1,2211.45
AGR_Wes_2021_00291,West_Zone,GJ_Saurashtra,2021,Kharif,Rice,24.48,37.86,1098.48,89.77,12.09,6.74,0.43,169.7,23.2,257.4,4686.42
AGR_Wes_2019_00292,West_Zone,MH_Vidarbha,2019,Kharif,Wheat,23.69,36.94,611.9,71.13,11.22,6.79,0.454,172.3,19.0,135.8,4335.5
AGR_Wes_2021_00293,West_Zone,MP_Malwa,2021,Kharif,Wheat,25.9,39.06,587.92,63.49,12.96,5.56,0.698,150.6,21.1,160.3,4575.83
AGR_Wes_2023_00294,West_Zone,GJ_Saurashtra,2023,Kharif,Rice,23.89,36.97,666.93,82.15,10.0,7.2,0.643,194.4,33.0,305.1,5234.17
AGR_Wes_2021_00295,West_Zone,MP_Malwa,2021,Rabi,Cotton,22.34,33.2,115.7,44.19,13.89,7.05,0.567,127.4,11.6,230.7,2358.05
AGR_Wes_2021_00296,West_Zone,GJ_Saurashtra,2021,Rabi,Cotton,20.47,31.61,195.46,43.26,13.7,6.97,0.2,254.5,17.2,150.0,2482.09
AGR_Wes_2022_00297,West_Zone,MP_Malwa,2022,Rabi,Maize,24.88,32.68,165.65,65.59,13.17,7.31,0.556,167.5,24.6,199.2,3531.36
AGR_Wes_2020_00298,West_Zone,MH_Vidarbha,2020,Rabi,Pulses,19.18,30.91,148.67,55.1,12.14,7.08,0.359,230.0,23.9,200.2,1537.34
AGR_Wes_2019_00299,West_Zone,GJ_Saurashtra,2019,Rabi,Pulses,20.49,30.84,113.55,60.54,10.23,6.93,0.675,136.6,8.7,197.0,1561.48
AGR_Wes_2022_00300,West_Zone,MH_Marathwada,2022,Kharif,Rice,21.86,,925.56,79.37,10.05,6.14,0.505,135.3,17.4,180.6,4631.12
AGR_Wes_2019_00301,West_Zone,GJ_Saurashtra,2019,Kharif,Cotton,25.03,33.36,906.67,70.98,11.5,6.07,0.567,196.6,20.0,264.6,3212.09
AGR_Wes_2019_00302,West_Zone,GJ_Saurashtra,2019,Rabi,Rice,18.73,32.08,155.14,,13.31,7.84,0.607,171.6,22.3,149.8,4067.95
AGR_Wes_2021_00303,West_Zone,GJ_Saurashtra,2021,Kharif,Cotton,25.49,36.71,985.79,84.74,10.0,7.37,0.532,221.2,20.9,228.4,3205.11
AGR_Wes_2018_00304,West_Zone,MH_Vidarbha,2018,Kharif,Soybean,23.98,32.76,913.21,69.94,10.94,6.98,0.878,206.1,29.1,187.3,3550.49
AGR_Wes_2022_00305,West_Zone,GJ_Saurashtra,2022,Zaid,Rice,27.91,35.73,26.99,77.02,11.0,7.0,0.505,171.2,25.1,225.0,4036.86
AGR_Wes_2023_00306,West_Zone,MH_Marathwada,2023,Zaid,Rice,24.4,32.97,56.84,67.09,11.34,7.48,0.522,122.7,21.9,238.6,3884.33
AGR_Wes_2020_00307,West_Zone,GJ_Saurashtra,2020,Kharif,Rice,25.75,38.75,983.25,78.8,10.0,7.16,0.499,198.9,21.7,278.0,4945.69
AGR_Wes_2018_00308,West_Zone,MH_Marathwada,2018,Rabi,Soybean,20.49,32.51,187.81,68.58,11.91,5.95,0.784,164.7,19.1,209.7,2792.33
AGR_Wes_2021_00309,West_Zone,MP_Malwa,2021,Kharif,Wheat,25.07,37.48,944.57,69.34,11.44,7.05,0.727,168.3,21.3,268.3,4869.44
AGR_Wes_2022_00310,West_Zone,MH_Vidarbha,2022,Kharif,Wheat,27.35,38.67,501.98,63.66,10.0,6.53,0.686,280.0,19.0,221.6,5339.84
AGR_Wes_2018_00311,West_Zone,MH_Vidarbha,2018,Kharif,Cotton,23.82,30.92,281.39,59.17,11.64,7.18,0.407,150.3,32.0,163.3,2453.97
AGR_Wes_2018_00312,West_Zone,MP_Malwa,2018,Rabi,Wheat,18.15,31.25,159.5,55.2,15.22,6.71,0.715,144.5,14.7,121.0,4089.37
AGR_Wes_2020_00313,West_Zone,MH_Marathwada,2020,Kharif,Rice,21.92,32.98,809.95,92.54,10.0,6.0,0.541,90.0,8.0,158.7,4477.98
AGR_Wes_2018_00314,West_Zone,MH_Vidarbha,2018,Zaid,Soybean,27.6,38.26,107.32,,14.86,7.31,0.868,182.7,23.7,184.4,2622.3
AGR_Wes_2021_00315,West_Zone,MH_Vidarbha,2021,Rabi,Wheat,22.47,35.14,139.35,58.7,10.56,6.31,0.825,267.1,20.4,229.4,4730.64
AGR_Wes_2023_00316,West_Zone,GJ_Saurashtra,2023,Kharif,Wheat,26.25,33.76,793.07,77.69,10.74,6.24,0.65,168.6,18.0,216.5,4719.33
AGR_Wes_2022_00317,West_Zone,MP_Malwa,2022,Rabi,Maize,21.2,32.57,55.52,48.03,13.14,7.02,0.4,159.1,18.4,178.5,3251.65
AGR_Wes_2023_00318,West_Zone,MP_Malwa,2023,Rabi,Pulses,20.57,32.43,,62.13,13.51,5.76,0.524,180.0,10.0,209.1,1405.48
AGR_Wes_2023_00319,West_Zone,MP_Malwa,2023,Kharif,Pulses,25.96,36.44,886.9,,10.0,7.2,0.743,179.4,18.7,153.7,2175.94
AGR_Wes_2020_00320,West_Zone,MP_Malwa,2020,Rabi,Rice,20.4,34.25,160.13,55.16,13.05,5.25,0.466,197.3,29.6,168.1,4445.21
AGR_Wes_2023_00321,West_Zone,GJ_Saurashtra,2023,Kharif,Wheat,23.65,,441.48,62.57,11.39,7.09,0.626,183.3,26.8,157.1,4591.29
AGR_Wes_2023_00322,West_Zone,MH_Vidarbha,2023,Rabi,Wheat,19.99,29.04,77.69,62.12,12.11,6.74,0.339,133.0,25.1,232.3,3266.88
AGR_Wes_2023_00323,West_Zone,MP_Malwa,2023,Kharif,Pulses,25.42,,653.75,79.74,10.0,5.65,0.33,185.9,19.6,138.9,2190.44
AGR_Wes_2018_00324,West_Zone,GJ_Saurashtra,2018,Rabi,Soybean,19.71,28.18,188.34,73.38,10.0,6.75,0.649,246.2,13.0,259.9,2763.33
AGR_Wes_2023_00325,West_Zone,MH_Vidarbha,2023,Kharif,Pulses,23.88,34.42,763.89,83.47,10.04,6.02,0.479,226.8,22.8,258.3,2415.55
AGR_Wes_2020_00326,West_Zone,GJ_Saurashtra,2020,Kharif,Soybean,28.04,38.95,377.14,62.14,10.0,7.02,0.2,200.4,13.4,153.8,3171.66
AGR_Wes_2023_00327,West_Zone,MH_Vidarbha,2023,Zaid,Rice,28.19,39.48,90.03,44.71,12.54,6.51,0.459,153.2,20.8,197.7,3719.17
AGR_Wes_2018_00328,West_Zone,MH_Marathwada,2018,Kharif,Pulses,26.88,,1180.21,95.0,10.0,6.77,0.732,170.1,22.5,180.1,2529.17
AGR_Wes_2018_00329,West_Zone,MP_Malwa,2018,Kharif,Cotton,24.0,33.19,807.51,73.66,10.94,7.39,0.449,167.2,37.4,173.8,2686.95
AGR_Wes_2022_00330,West_Zone,GJ_Saurashtra,2022,Kharif,Pulses,27.61,36.46,1084.46,85.46,10.0,7.71,0.654,188.8,12.9,284.3,2288.66
AGR_Wes_2019_00331,West_Zone,MP_Malwa,2019,Kharif,Soybean,26.52,36.48,842.24,75.02,10.0,7.13,0.762,147.0,9.0,215.3,3145.77
AGR_Wes_2022_00332,West_Zone,MH_Vidarbha,2022,Kharif,Cotton,26.38,40.02,408.91,71.77,11.48,7.38,0.75,144.5,13.0,154.5,3059.82
AGR_Wes_2018_00333,West_Zone,MH_Vidarbha,2018,Rabi,Cotton,19.47,32.61,128.71,76.38,10.0,6.67,0.637,199.2,12.8,143.9,2352.07
AGR_Wes_2020_00334,West_Zone,MH_Marathwada,2020,Zaid,Soybean,25.74,33.29,92.48,49.2,14.37,6.93,0.578,156.3,22.6,200.5,2365.68
AGR_Wes_2020_00335,West_Zone,MH_Marathwada,2020,Kharif,Wheat,23.62,35.96,838.05,86.47,10.0,6.69,0.468,219.4,23.7,283.5,4767.18
AGR_Wes_2020_00336,West_Zone,MH_Marathwada,2020,Rabi,Wheat,21.85,34.62,121.25,69.48,10.0,7.18,0.643,222.8,26.1,161.7,3925.68
AGR_Wes_2023_00337,West_Zone,MH_Vidarbha,2023,Kharif,Wheat,23.58,32.22,1275.86,,10.25,7.54,0.655,169.6,18.3,260.2,4791.87
AGR_Wes_2020_00338,West_Zone,MP_Malwa,2020,Zaid,Soybean,26.38,34.05,51.38,56.33,10.94,7.04,0.755,162.5,24.0,310.4,2413.66
AGR_Wes_2020_00339,West_Zone,MH_Vidarbha,2020,Kharif,Cotton,23.89,32.64,952.54,72.98,13.1,5.95,0.327,222.3,16.3,260.2,3036.67
AGR_Wes_2021_00340,West_Zone,MP_Malwa,2021,Rabi,Pulses,21.33,32.74,129.59,80.04,10.65,6.55,0.66,153.7,20.0,135.5,1715.68
AGR_Wes_2022_00341,West_Zone,MH_Vidarbha,2022,Kharif,Rice,22.59,33.61,,61.23,10.63,6.44,0.563,144.2,8.0,168.0,4995.89
AGR_Wes_2022_00342,West_Zone,GJ_Saurashtra,2022,Rabi,Soybean,21.21,34.19,179.64,56.15,11.9,5.54,0.672,207.5,21.5,195.8,2616.07
AGR_Wes_2021_00343,West_Zone,MH_Marathwada,2021,Zaid,Wheat,27.08,39.78,108.57,52.14,14.59,6.01,0.514,190.6,24.9,110.0,3642.64
AGR_Wes_2020_00344,West_Zone,MP_Malwa,2020,Zaid,Rice,30.87,43.9,39.56,64.32,11.46,7.75,0.6,152.5,23.4,222.5,3867.61
AGR_Wes_2018_00345,West_Zone,GJ_Saurashtra,2018,Rabi,Pulses,21.63,31.77,188.32,37.26,13.93,6.26,0.441,132.2,21.0,246.4,1613.32
AGR_Wes_2021_00346,West_Zone,MH_Vidarbha,2021,Kharif,Rice,26.19,,569.16,76.25,11.46,6.69,0.683,213.8,23.9,227.5,5185.65
AGR_Wes_2023_00347,West_Zone,MH_Vidarbha,2023,Kharif,Wheat,22.78,33.36,903.62,80.82,10.0,7.61,0.761,158.8,17.4,231.1,5022.39
AGR_Wes_2023_00348,West_Zone,MP_Malwa,2023,Kharif,Pulses,27.12,35.44,776.66,78.42,10.0,5.52,0.707,161.5,25.2,256.7,2288.35
AGR_Wes_2020_00349,West_Zone,GJ_Saurashtra,2020,Kharif,Maize,24.2,33.95,,89.88,10.0,7.34,0.522,140.8,16.7,178.8,3838.7
AGR_Wes_2022_00350,West_Zone,MP_Malwa,2022,Kharif,Wheat,22.03,30.52,819.67,84.18,10.0,7.92,0.441,130.4,13.2,200.5,4381.54
AGR_Wes_2021_00351,West_Zone,MH_Vidarbha,2021,Kharif,Soybean,27.25,39.87,778.38,83.44,10.0,5.67,0.854,158.0,20.3,113.7,3416.65
AGR_Wes_2018_00352,West_Zone,MH_Vidarbha,2018,Kharif,Soybean,25.88,34.78,635.81,61.05,11.69,6.49,0.892,166.0,28.4,223.0,3326.15
AGR_Wes_2021_00353,West_Zone,MH_Marathwada,2021,Kharif,Rice,26.21,34.41,753.0,83.27,10.0,5.87,0.824,200.0,12.5,144.9,5479.44
AGR_Wes_2020_00354,West_Zone,MH_Marathwada,2020,Rabi,Soybean,21.31,34.34,124.74,48.16,10.03,7.26,0.561,196.8,10.5,236.3,2858.5
AGR_Wes_2018_00355,West_Zone,MP_Malwa,2018,Kharif,Rice,24.83,35.72,1062.19,89.29,10.0,7.68,0.718,194.6,28.0,141.4,5463.01
AGR_Wes_2018_00356,West_Zone,MH_Vidarbha,2018,Rabi,Maize,21.03,32.1,117.69,74.51,10.16,7.15,0.546,195.7,17.1,141.2,3342.4
AGR_Wes_2022_00357,West_Zone,MH_Vidarbha,2022,Rabi,Maize,22.28,32.08,147.52,70.2,10.0,6.49,0.553,179.2,25.9,168.5,3627.5
AGR_Wes_2021_00358,West_Zone,MH_Vidarbha,2021,Kharif,Rice,26.74,36.54,507.96,,10.0,6.59,0.475,181.4,12.2,211.6,4858.25
AGR_Wes_2021_00359,West_Zone,MH_Vidarbha,2021,Rabi,Soybean,21.76,31.32,78.28,70.47,12.43,7.3,0.235,160.6,20.9,269.9,2090.16
AGR_Wes_2022_00360,West_Zone,MH_Marathwada,2022,Rabi,Soybean,18.66,32.61,172.69,41.89,13.21,6.76,0.628,150.9,29.0,265.7,2760.66
AGR_Wes_2022_00361,West_Zone,MH_Vidarbha,2022,Kharif,Cotton,25.25,36.54,1092.1,79.64,10.0,6.52,0.378,227.7,34.2,118.0,3297.12
AGR_Wes_2023_00362,West_Zone,GJ_Saurashtra,2023,Rabi,Soybean,20.31,,212.24,63.96,13.59,7.2,0.668,170.3,24.2,345.3,2837.65
AGR_Wes_2020_00363,West_Zone,MP_Malwa,2020,Kharif,Pulses,20.5,30.07,802.51,72.05,11.32,6.87,0.426,177.0,19.7,183.9,1989.17
AGR_Wes_2020_00364,West_Zone,GJ_Saurashtra,2020,Rabi,Maize,19.27,30.52,152.96,68.21,11.22,6.59,0.408,182.0,16.3,206.2,3203.64
AGR_Wes_2019_00365,West_Zone,MP_Malwa,2019,Kharif,Maize,22.33,35.68,419.52,61.28,14.55,7.57,0.742,208.3,16.2,226.1,4468.24
AGR_Wes_2023_00366,West_Zone,MP_Malwa,2023,Rabi,Maize,19.23,29.41,199.2,64.94,10.0,6.98,0.996,128.1,16.3,191.2,3762.48
AGR_Wes_2018_00367,West_Zone,GJ_Saurashtra,2018,Zaid,Rice,28.12,35.99,143.27,40.96,13.18,6.03,0.413,204.1,17.9,276.3,4355.05
AGR_Wes_2022_00368,West_Zone,MP_Malwa,2022,Rabi,Cotton,17.69,31.62,161.53,47.03,12.68,7.25,0.696,138.7,16.4,149.4,2111.57
AGR_Wes_2019_00369,West_Zone,MH_Marathwada,2019,Rabi,Maize,24.15,36.45,117.23,60.42,11.3,7.73,0.549,172.4,11.7,128.2,3305.14
AGR_Wes_2019_00370,West_Zone,GJ_Saurashtra,2019,Rabi,Wheat,20.45,30.03,145.91,54.71,12.5,6.47,0.477,204.7,15.4,148.5,4057.84
AGR_Wes_2023_00371,West_Zone,MP_Malwa,2023,Kharif,Rice,24.6,35.22,546.08,60.64,11.19,6.99,0.672,148.1,20.3,212.7,5021.18
AGR_Wes_2022_00372,West_Zone,MH_Vidarbha,2022,Rabi,Maize,22.16,,177.63,65.81,11.02,7.28,0.548,250.0,20.2,237.5,3684.26
AGR_Wes_2018_00373,West_Zone,MH_Vidarbha,2018,Rabi,Soybean,19.97,27.06,156.53,47.13,14.35,6.34,0.543,152.5,27.4,158.0,1996.8
AGR_Wes_2020_00374,West_Zone,MP_Malwa,2020,Kharif,Pulses,26.63,36.07,992.51,80.49,10.0,6.25,0.953,202.4,19.6,246.4,2311.41
AGR_Wes_2023_00375,West_Zone,MP_Malwa,2023,Rabi,Wheat,,27.86,70.37,58.93,12.7,6.84,0.597,154.1,12.4,214.8,3445.64
AGR_Wes_2021_00376,West_Zone,MH_Vidarbha,2021,Rabi,Maize,19.88,33.87,101.06,41.67,15.96,7.21,0.512,163.0,21.4,160.7,3143.38
AGR_Wes_2019_00377,West_Zone,MH_Marathwada,2019,Kharif,Maize,24.71,35.36,,73.28,10.92,7.48,0.463,122.6,27.4,167.2,3955.08
AGR_Wes_2020_00378,West_Zone,MP_Malwa,2020,Kharif,Maize,24.82,33.52,481.78,74.51,10.0,6.78,0.546,114.3,27.4,267.8,3889.77
AGR_Wes_2021_00379,West_Zone,MH_Vidarbha,2021,Zaid,Maize,26.97,34.91,41.41,49.84,15.1,7.09,0.435,183.7,33.4,224.2,3237.96
AGR_Wes_2021_00380,West_Zone,MH_Vidarbha,2021,Rabi,Maize,21.76,33.03,138.44,53.62,13.25,7.34,0.79,190.4,27.2,210.6,3662.66
AGR_Wes_2023_00381,West_Zone,GJ_Saurashtra,2023,Rabi,Soybean,21.4,33.94,96.01,53.57,11.14,6.78,0.506,129.8,22.8,254.9,2181.84
AGR_Wes_2018_00382,West_Zone,GJ_Saurashtra,2018,Rabi,Maize,21.12,34.85,144.71,61.0,10.0,5.6,0.305,174.8,25.6,220.7,3272.6
AGR_Wes_2018_00383,West_Zone,MH_Marathwada,2018,Zaid,Rice,27.5,,87.02,67.15,10.74,6.27,0.471,174.3,23.5,203.2,4172.04
AGR_Wes_2021_00384,West_Zone,GJ_Saurashtra,2021,Rabi,Pulses,21.59,30.26,160.75,57.35,11.43,6.92,0.696,136.9,9.9,220.8,1619.97
AGR_Wes_2021_00385,West_Zone,MH_Vidarbha,2021,Rabi,Wheat,23.44,37.22,206.67,67.65,10.58,6.59,0.401,154.0,28.3,228.4,3738.69
AGR_Wes_2021_00386,West_Zone,MH_Vidarbha,2021,Kharif,Rice,24.45,34.23,575.44,80.45,10.0,6.97,0.624,145.3,10.5,177.2,4952.64
AGR_Wes_2021_00387,West_Zone,MH_Vidarbha,2021,Kharif,Pulses,24.18,34.74,1260.63,81.06,10.0,6.75,0.588,174.5,18.7,228.7,2435.42
AGR_Wes_2022_00388,West_Zone,MH_Vidarbha,2022,Kharif,Rice,26.58,39.91,821.44,51.99,12.41,6.93,0.517,140.8,19.9,207.8,4612.15
AGR_Wes_2023_00389,West_Zone,MH_Vidarbha,2023,Rabi,Cotton,21.07,32.64,172.27,52.3,15.22,6.26,0.866,144.1,24.1,199.7,2422.39
AGR_Wes_2020_00390,West_Zone,MH_Vidarbha,2020,Rabi,Pulses,22.82,31.27,155.8,65.51,10.0,7.42,0.631,239.5,16.8,184.4,1542.28
AGR_Wes_2023_00391,West_Zone,MP_Malwa,2023,Rabi,Cotton,19.2,32.16,169.77,46.34,10.51,7.13,0.629,161.7,15.2,187.8,2292.08
AGR_Wes_2022_00392,West_Zone,MH_Vidarbha,2022,Rabi,Rice,21.18,31.01,148.75,48.68,10.35,6.18,0.65,164.4,19.6,114.1,4468.49
AGR_Wes_2021_00393,West_Zone,GJ_Saurashtra,2021,Kharif,Pulses,23.29,35.58,,66.73,10.0,6.38,0.479,214.9,18.2,188.1,2204.22
AGR_Wes_2018_00394,West_Zone,MP_Malwa,2018,Kharif,Cotton,,37.66,691.65,70.86,13.32,6.35,0.599,152.6,17.4,199.8,3022.95
AGR_Wes_2021_00395,West_Zone,GJ_Saurashtra,2021,Kharif,Maize,24.26,35.71,1007.29,78.02,10.75,6.48,0.36,181.8,22.3,190.9,4034.6
AGR_Wes_2020_00396,West_Zone,MH_Vidarbha,2020,Kharif,Wheat,23.76,32.4,700.19,65.61,10.0,7.24,0.36,181.1,24.8,138.7,4336.31
AGR_Wes_2020_00397,West_Zone,GJ_Saurashtra,2020,Rabi,Pulses,19.04,26.28,51.27,60.09,14.54,6.11,0.771,179.6,23.8,241.0,1157.86
AGR_Wes_2020_00398,West_Zone,MH_Vidarbha,2020,Kharif,Cotton,24.83,34.49,1115.24,86.24,10.0,6.58,0.592,193.5,23.2,261.7,2899.08
AGR_Wes_2018_00399,West_Zone,MH_Marathwada,2018,Kharif,Soybean,25.04,36.39,519.31,63.29,12.38,6.43,0.634,196.2,20.6,210.7,3308.57
AGR_Wes_2019_00400,West_Zone,MH_Vidarbha,2019,Rabi,Cotton,21.08,34.42,198.53,47.21,12.37,7.01,0.76,138.0,18.0,247.5,2258.92
AGR_Wes_2022_00401,West_Zone,MP_Malwa,2022,Kharif,Pulses,26.81,36.05,696.47,69.99,11.9,7.42,0.512,104.3,21.7,202.8,1929.45
AGR_Wes_2022_00402,West_Zone,MH_Vidarbha,2022,Kharif,Cotton,24.73,,564.56,57.97,11.22,6.37,0.327,134.1,12.3,213.0,2770.58
AGR_Wes_2019_00403,West_Zone,MH_Marathwada,2019,Kharif,Rice,25.83,33.43,451.0,68.24,15.22,5.82,0.81,184.1,27.7,226.8,5505.4
AGR_Wes_2018_00404,West_Zone,MP_Malwa,2018,Rabi,Wheat,19.05,29.07,201.13,69.57,10.0,6.59,0.557,229.3,32.8,250.6,4128.25
AGR_Wes_2018_00405,West_Zone,MP_Malwa,2018,Kharif,Rice,25.14,37.8,1072.45,85.76,10.0,6.47,0.876,193.9,15.6,114.0,5024.56
AGR_Wes_2021_00406,West_Zone,GJ_Saurashtra,2021,Rabi,Soybean,,34.76,103.57,40.57,13.71,7.28,0.346,150.6,24.0,230.0,2238.43
AGR_Wes_2022_00407,West_Zone,MP_Malwa,2022,Kharif,Cotton,28.02,39.55,654.35,62.03,10.0,6.93,0.586,215.6,24.5,248.4,3010.75
AGR_Wes_2019_00408,West_Zone,MH_Vidarbha,2019,Rabi,Soybean,20.37,33.0,184.01,59.04,10.73,5.9,0.576,168.1,15.8,244.3,2551.73
AGR_Wes_2019_00409,West_Zone,MH_Vidarbha,2019,Rabi,Rice,19.26,27.22,155.12,63.1,10.0,6.57,0.469,203.4,8.0,197.2,4401.91
AGR_Wes_2022_00410,West_Zone,MH_Marathwada,2022,Zaid,Soybean,27.11,40.19,61.22,56.73,12.74,7.74,0.582,162.7,14.2,194.6,2196.05
AGR_Wes_2021_00411,West_Zone,MH_Vidarbha,2021,Zaid,Pulses,28.77,37.92,76.5,59.09,10.0,5.79,0.632,174.6,21.7,193.7,1371.51
AGR_Wes_2021_00412,West_Zone,MH_Vidarbha,2021,Kharif,Maize,25.99,35.95,877.62,81.45,11.15,6.95,0.455,167.5,25.8,133.3,4008.89
AGR_Wes_2018_00413,West_Zone,MP_Malwa,2018,Kharif,Cotton,27.22,,670.96,81.04,13.31,6.63,0.82,181.2,38.0,264.1,3182.56
AGR_Wes_2018_00414,West_Zone,MP_Malwa,2018,Zaid,Pulses,26.98,36.32,52.27,52.09,12.02,6.95,0.284,133.5,24.4,207.8,1474.48
AGR_Wes_2023_00415,West_Zone,GJ_Saurashtra,2023,Rabi,Pulses,19.35,26.47,222.33,74.26,10.54,6.76,0.438,90.0,21.7,155.6,1675.39
AGR_Wes_2019_00416,West_Zone,MP_Malwa,2019,Rabi,Rice,22.04,33.59,203.79,50.47,15.88,6.52,0.58,179.0,22.4,231.9,4835.25
AGR_Wes_2023_00417,West_Zone,MH_Vidarbha,2023,Kharif,Rice,26.68,34.76,940.02,78.61,10.0,6.28,0.331,121.0,21.2,298.5,4547.38
AGR_Wes_2020_00418,West_Zone,MH_Marathwada,2020,Kharif,Maize,24.17,37.06,670.94,68.55,10.0,7.46,0.64,192.2,16.7,218.5,4243.79
AGR_Wes_2023_00419,West_Zone,MH_Marathwada,2023,Zaid,Wheat,29.09,39.63,,59.66,17.7,6.91,0.655,140.1,19.2,129.9,3696.54
AGR_Wes_2018_00420,West_Zone,GJ_Saurashtra,2018,Rabi,Wheat,21.15,29.84,,44.99,15.85,6.74,0.583,195.8,17.1,183.3,3675.81
AGR_Wes_2018_00421,West_Zone,MH_Vidarbha,2018,Zaid,Soybean,25.53,35.09,35.16,52.85,12.42,5.94,0.826,156.8,20.8,271.5,2388.44
AGR_Wes_2019_00422,West_Zone,GJ_Saurashtra,2019,Rabi,Soybean,20.6,34.2,164.41,51.2,12.46,6.06,0.411,166.0,13.4,164.9,2309.84
AGR_Wes_2023_00423,West_Zone,MP_Malwa,2023,Kharif,Pulses,21.36,30.83,1201.4,90.59,10.94,7.1,0.715,222.8,22.6,149.9,2387.5
AGR_Wes_2023_00424,West_Zone,MH_Marathwada,2023,Kharif,Maize,28.24,39.35,580.4,77.39,10.0,6.68,0.734,198.2,22.1,174.2,4468.51
AGR_Wes_2021_00425,West_Zone,MH_Vidarbha,2021,Rabi,Soybean,20.07,33.94,16.97,,12.85,6.53,0.903,135.1,25.0,173.8,2448.69
AGR_Wes_2018_00426,West_Zone,MH_Vidarbha,2018,Rabi,Rice,21.47,34.58,155.71,47.78,15.11,7.46,1.04,183.1,14.0,247.5,4881.52
AGR_Wes_2020_00427,West_Zone,MH_Vidarbha,2020,Kharif,Cotton,24.87,36.21,420.7,56.14,11.56,6.51,0.528,176.9,13.2,169.6,3012.01
AGR_Wes_2020_00428,West_Zone,MH_Vidarbha,2020,Kharif,Cotton,27.02,39.16,633.52,85.01,12.83,7.52,0.546,235.8,19.4,187.7,3090.38
AGR_Wes_2021_00429,West_Zone,MP_Malwa,2021,Kharif,Maize,25.9,36.42,525.92,68.62,10.4,5.56,0.309,157.0,21.3,231.7,3785.01
AGR_Wes_2023_00430,West_Zone,MH_Marathwada,2023,Zaid,Maize,26.36,33.49,44.56,53.72,15.14,7.28,0.456,184.5,26.4,262.5,3681.08
AGR_Wes_2023_00431,West_Zone,MH_Marathwada,2023,Rabi,Cotton,22.31,33.79,188.88,54.34,12.83,7.09,0.421,214.5,25.2,235.9,2575.5
AGR_Wes_2020_00432,West_Zone,MH_Vidarbha,2020,Rabi,Pulses,20.22,31.85,160.07,53.93,12.85,6.57,0.519,167.3,21.1,207.6,1489.37
AGR_Wes_2022_00433,West_Zone,MH_Vidarbha,2022,Kharif,Soybean,24.88,37.23,909.43,65.65,10.33,6.39,0.887,108.4,16.7,246.8,3082.47
AGR_Wes_2020_00434,West_Zone,MH_Vidarbha,2020,Rabi,Maize,23.63,33.07,192.76,69.62,10.0,6.42,0.584,197.6,18.9,198.0,3829.49
AGR_Wes_2023_00435,West_Zone,MP_Malwa,2023,Kharif,Maize,23.74,36.18,459.77,73.31,11.22,6.41,0.887,248.5,16.1,207.0,4508.36
AGR_Wes_2019_00436,West_Zone,MH_Vidarbha,2019,Kharif,Soybean,26.0,34.3,1351.51,95.0,11.64,6.19,0.467,152.7,25.6,243.3,3059.3
AGR_Wes_2022_00437,West_Zone,MH_Vidarbha,2022,Kharif,Wheat,24.23,,919.71,85.82,12.92,6.3,0.673,123.5,24.6,216.5,4788.71
AGR_Wes_2020_00438,West_Zone,MH_Vidarbha,2020,Rabi,Rice,21.81,33.89,110.44,66.97,13.15,5.91,0.586,104.9,17.8,284.8,3710.36
AGR_Wes_2018_00439,West_Zone,GJ_Saurashtra,2018,Kharif,Pulses,23.52,35.58,1057.82,95.0,10.0,6.96,0.426,113.6,16.4,209.6,2278.1
AGR_Wes_2018_00440,West_Zone,MH_Marathwada,2018,Kharif,Wheat,24.03,35.27,797.19,72.56,10.0,6.48,0.645,260.5,21.0,221.2,4792.19
AGR_Wes_2022_00441,West_Zone,MH_Vidarbha,2022,Kharif,Rice,25.92,38.63,807.49,77.67,10.0,8.11,0.626,193.5,20.8,200.5,5220.74
AGR_Wes_2020_00442,West_Zone,GJ_Saurashtra,2020,Kharif,Cotton,28.4,37.0,773.72,64.0,10.0,6.83,0.61,212.8,9.1,207.8,3203.61
AGR_Wes_2018_00443,West_Zone,MH_Marathwada,2018,Rabi,Wheat,20.77,34.32,55.55,38.45,17.93,6.05,0.904,218.5,29.5,184.1,4122.09
AGR_Wes_2020_00444,West_Zone,GJ_Saurashtra,2020,Rabi,Wheat,20.23,29.78,177.82,52.02,14.05,7.64,0.924,244.0,23.5,203.1,4895.21
AGR_Wes_2018_00445,West_Zone,MH_Marathwada,2018,Rabi,Cotton,21.58,32.68,251.36,61.57,10.66,6.79,0.814,193.4,13.0,172.3,2721.24
AGR_Wes_2019_00446,West_Zone,GJ_Saurashtra,2019,Rabi,Soybean,22.75,,132.81,,10.3,8.14,0.863,198.9,33.1,152.4,3049.49
AGR_Wes_2019_00447,West_Zone,MH_Vidarbha,2019,Rabi,Cotton,21.51,31.82,183.54,46.4,13.86,7.23,0.656,121.4,17.3,128.5,2269.02
AGR_Wes_2022_00448,West_Zone,MH_Vidarbha,2022,Rabi,Pulses,22.18,31.26,188.34,39.1,12.22,7.37,0.75,176.0,11.5,232.8,1836.58
AGR_Wes_2018_00449,West_Zone,MP_Malwa,2018,Rabi,Wheat,22.44,31.28,171.01,49.81,10.0,6.08,0.648,194.6,22.8,192.6,4231.46
AGR_Wes_2018_00450,West_Zone,GJ_Saurashtra,2018,Kharif,Maize,26.16,38.1,1045.44,89.24,10.0,5.95,0.552,176.9,17.7,230.8,3890.34
AGR_Wes_2023_00451,West_Zone,MP_Malwa,2023,Kharif,Pulses,27.83,41.09,1055.21,83.09,10.0,6.59,0.558,162.8,16.1,275.8,2160.14
AGR_Wes_2019_00452,West_Zone,MH_Marathwada,2019,Kharif,Maize,25.02,35.02,294.31,60.34,11.71,7.6,0.569,169.5,26.6,241.9,3857.18
AGR_Wes_2018_00453,West_Zone,MP_Malwa,2018,Rabi,Cotton,17.84,26.12,137.95,59.7,16.14,7.38,0.727,217.3,25.0,218.4,2204.22
AGR_Wes_2020_00454,West_Zone,MH_Marathwada,2020,Zaid,Pulses,25.04,36.27,107.39,54.87,15.03,7.74,0.646,123.5,31.0,127.8,1354.15
AGR_Wes_2019_00455,West_Zone,MH_Vidarbha,2019,Rabi,Cotton,20.58,30.97,115.42,63.96,10.0,6.56,0.388,183.0,25.7,168.7,2266.47
AGR_Wes_2020_00456,West_Zone,MP_Malwa,2020,Zaid,Wheat,28.53,,73.5,42.78,10.67,7.33,0.698,154.3,8.1,201.6,3794.9
AGR_Wes_2018_00457,West_Zone,MH_Vidarbha,2018,Zaid,Maize,27.18,35.06,29.64,47.08,12.74,6.69,0.478,166.3,21.9,231.7,3099.41
AGR_Wes_2021_00458,West_Zone,MP_Malwa,2021,Rabi,Maize,23.4,34.15,141.8,57.4,12.57,7.57,0.609,164.0,15.8,198.3,3423.52
AGR_Wes_2018_00459,West_Zone,MH_Marathwada,2018,Rabi,Soybean,20.86,29.87,,67.04,12.8,5.93,0.549,203.8,21.5,242.8,2527.26
AGR_Wes_2020_00460,West_Zone,MH_Marathwada,2020,Rabi,Cotton,20.41,28.42,178.2,64.88,13.26,7.45,0.76,183.0,20.4,240.0,2105.07
AGR_Wes_2023_00461,West_Zone,MH_Marathwada,2023,Kharif,Soybean,26.11,35.3,1317.96,95.0,10.01,6.96,0.2,232.2,20.3,252.5,3140.07
AGR_Wes_2021_00462,West_Zone,MP_Malwa,2021,Rabi,Cotton,22.44,35.78,100.64,56.62,15.03,6.91,0.708,168.2,13.5,208.8,2587.82
AGR_Wes_2018_00463,West_Zone,MP_Malwa,2018,Rabi,Maize,20.72,29.53,73.03,42.55,13.42,6.21,0.701,234.9,20.0,247.4,3479.05
AGR_Wes_2022_00464,West_Zone,GJ_Saurashtra,2022,Kharif,Maize,26.89,38.14,896.05,91.98,10.0,6.62,0.607,175.3,32.6,220.1,4056.73
AGR_Wes_2019_00465,West_Zone,MH_Vidarbha,2019,Rabi,Wheat,22.15,35.46,123.34,52.38,12.71,6.3,0.908,245.1,17.5,228.8,4488.33
AGR_Wes_2021_00466,West_Zone,GJ_Saurashtra,2021,Rabi,Soybean,20.0,29.19,264.35,75.16,10.16,6.81,0.38,152.8,14.2,214.1,2569.89
AGR_Wes_2021_00467,West_Zone,GJ_Saurashtra,2021,Kharif,Soybean,25.92,37.87,709.45,74.43,12.72,6.88,0.778,208.6,27.1,199.6,3274.8
AGR_Wes_2022_00468,West_Zone,GJ_Saurashtra,2022,Rabi,Pulses,21.23,35.03,183.11,52.87,11.62,6.25,0.642,186.1,22.6,273.0,1912.73
AGR_Wes_2019_00469,West_Zone,GJ_Saurashtra,2019,Rabi,Soybean,22.28,,68.39,42.19,18.62,5.88,0.732,138.0,20.9,270.9,2138.28
AGR_Wes_2018_00470,West_Zone,GJ_Saurashtra,2018,Rabi,Maize,21.81,33.74,206.54,68.16,13.29,5.87,0.714,157.7,12.2,170.9,3422.3
AGR_Wes_2018_00471,West_Zone,MH_Marathwada,2018,Rabi,Wheat,21.92,33.96,172.12,55.59,12.27,6.47,0.24,147.5,32.2,240.0,3545.89
AGR_Wes_2021_00472,West_Zone,MP_Malwa,2021,Zaid,Pulses,26.64,40.03,45.07,56.44,10.7,7.6,0.751,130.0,23.3,259.6,1194.7
AGR_Wes_2022_00473,West_Zone,GJ_Saurashtra,2022,Kharif,Soybean,25.18,35.64,348.65,69.07,10.0,6.81,0.696,138.9,18.3,224.2,3248.12
AGR_Wes_2023_00474,West_Zone,MH_Marathwada,2023,Kharif,Pulses,23.62,33.52,,86.78,11.6,6.08,0.427,152.8,26.4,237.2,2240.03
AGR_Wes_2019_00475,West_Zone,MP_Malwa,2019,Kharif,Cotton,24.86,36.48,823.57,,11.35,7.84,0.566,127.2,22.7,227.0,3273.44
AGR_Wes_2021_00476,West_Zone,GJ_Saurashtra,2021,Rabi,Wheat,21.66,34.04,230.59,33.3,17.24,6.71,0.524,174.5,30.7,236.3,4288.5
AGR_Wes_2018_00477,West_Zone,MP_Malwa,2018,Kharif,Maize,22.54,36.04,731.66,76.08,11.88,7.56,0.487,227.8,20.9,199.4,4237.78
AGR_Wes_2023_00478,West_Zone,GJ_Saurashtra,2023,Rabi,Pulses,21.93,31.4,171.7,52.27,10.34,7.03,0.584,150.7,11.7,273.9,1509.77
AGR_Wes_2020_00479,West_Zone,MH_Marathwada,2020,Kharif,Cotton,25.28,32.53,377.96,60.59,13.94,6.1,0.591,194.0,27.4,216.0,2934.65
AGR_Wes_2018_00480,West_Zone,MH_Vidarbha,2018,Rabi,Soybean,20.6,31.55,161.75,44.4,10.0,6.72,0.603,205.4,15.7,191.3,2686.26
AGR_Wes_2023_00481,West_Zone,MP_Malwa,2023,Rabi,Pulses,20.14,31.76,98.84,62.4,12.34,6.68,0.562,153.1,15.8,216.9,1638.95
AGR_Wes_2018_00482,West_Zone,MH_Marathwada,2018,Zaid,Wheat,25.93,39.51,76.34,73.82,11.99,7.15,0.802,142.3,26.4,194.1,3468.28
AGR_Wes_2022_00483,West_Zone,GJ_Saurashtra,2022,Rabi,Pulses,22.98,32.75,176.34,55.66,15.14,6.38,0.537,176.7,27.5,219.8,1637.14
AGR_Wes_2023_00484,West_Zone,GJ_Saurashtra,2023,Zaid,Maize,25.68,38.65,40.27,40.2,12.43,6.62,0.707,152.5,16.0,200.7,3175.85
AGR_Wes_2019_00485,West_Zone,MP_Malwa,2019,Kharif,Soybean,23.41,34.45,902.87,84.46,10.0,5.37,0.772,202.5,17.4,233.3,3449.22
AGR_Wes_2022_00486,West_Zone,MH_Vidarbha,2022,Kharif,Maize,25.11,36.88,1103.13,88.83,10.0,6.62,0.674,206.8,22.3,110.0,4529.46
AGR_Wes_2023_00487,West_Zone,GJ_Saurashtra,2023,Kharif,Maize,24.13,31.16,812.8,,12.78,6.19,0.668,153.7,29.2,139.8,4324.23
AGR_Wes_2020_00488,West_Zone,MH_Marathwada,2020,Zaid,Soybean,25.51,36.33,42.53,45.26,12.7,5.53,0.673,156.2,30.0,170.6,2259.16
AGR_Wes_2021_00489,West_Zone,MH_Marathwada,2021,Kharif,Maize,25.47,33.73,,77.65,11.69,5.67,0.224,175.3,24.7,223.5,3738.28
AGR_Wes_2022_00490,West_Zone,GJ_Saurashtra,2022,Rabi,Pulses,19.5,32.21,214.76,,12.58,6.19,0.454,175.2,24.8,168.4,1516.32
AGR_Wes_2021_00491,West_Zone,MP_Malwa,2021,Kharif,Cotton,25.0,37.5,487.17,69.08,10.0,7.5,0.581,194.9,14.9,291.4,3072.37
AGR_Wes_2023_00492,West_Zone,GJ_Saurashtra,2023,Rabi,Maize,19.31,30.4,244.49,55.12,10.0,7.44,0.431,117.2,19.0,242.8,3405.93
AGR_Wes_2019_00493,West_Zone,GJ_Saurashtra,2019,Kharif,Cotton,23.96,31.64,910.31,74.51,15.77,6.76,0.682,168.0,15.9,208.2,2892.46
AGR_Wes_2022_00494,West_Zone,GJ_Saurashtra,2022,Kharif,Pulses,25.17,34.22,528.53,66.53,12.32,7.6,1.007,131.3,18.6,167.4,2681.62
AGR_Wes_2019_00495,West_Zone,GJ_Saurashtra,2019,Zaid,Soybean,26.63,38.43,88.32,48.42,13.95,7.83,0.58,159.7,20.3,111.3,2493.28
AGR_Wes_2021_00496,West_Zone,MP_Malwa,2021,Rabi,Cotton,19.12,26.9,227.71,72.26,10.0,7.2,0.615,217.3,21.5,205.8,2616.22
AGR_Wes_2022_00497,West_Zone,MH_Vidarbha,2022,Rabi,Wheat,24.19,35.85,124.48,52.76,11.82,6.64,0.266,148.6,21.3,213.0,3500.12
AGR_Wes_2023_00498,West_Zone,MH_Vidarbha,2023,Rabi,Pulses,19.45,29.85,109.37,73.78,10.0,7.33,0.708,255.3,16.9,242.1,1428.98
AGR_Wes_2019_00499,West_Zone,MH_Vidarbha,2019,Rabi,Wheat,19.46,28.44,166.86,38.7,14.89,5.83,0.646,160.7,20.8,184.6,3753.78
AGR_Wes_2022_00500,West_Zone,MP_Malwa,2022,Kharif,Pulses,26.24,37.86,1019.97,95.0,10.0,5.69,0.322,211.6,10.5,211.3,2144.91
AGR_Wes_2020_00501,West_Zone,MH_Vidarbha,2020,Rabi,Pulses,21.01,31.19,66.86,49.58,13.2,5.29,0.454,207.6,15.5,207.7,1050.51
AGR_Wes_2023_00502,West_Zone,MH_Vidarbha,2023,Kharif,Pulses,25.09,34.0,423.5,72.73,10.0,6.77,0.879,195.4,20.4,256.0,2671.27
AGR_Wes_2022_00503,West_Zone,MH_Vidarbha,2022,Kharif,Soybean,25.27,36.17,285.2,71.72,10.0,6.43,0.699,187.4,23.7,201.3,3239.64
AGR_Wes_2020_00504,West_Zone,MP_Malwa,2020,Kharif,Maize,23.77,32.42,,,11.15,7.62,0.32,135.2,27.6,214.8,3707.59
AGR_Wes_2018_00505,West_Zone,GJ_Saurashtra,2018,Kharif,Wheat,24.64,37.97,674.2,89.21,10.0,6.68,0.532,162.3,22.1,160.6,4687.28
AGR_Wes_2018_00506,West_Zone,MH_Marathwada,2018,Kharif,Rice,23.84,34.45,649.15,71.12,10.0,6.77,0.669,198.5,21.3,273.2,5320.09
AGR_Wes_2018_00507,West_Zone,GJ_Saurashtra,2018,Kharif,Soybean,25.23,35.43,483.01,55.74,11.36,5.2,0.427,175.4,26.5,193.4,3228.4
AGR_Wes_2020_00508,West_Zone,MH_Vidarbha,2020,Kharif,Rice,23.94,36.65,774.31,74.73,10.0,6.29,0.405,161.5,39.7,243.3,4726.53
AGR_Wes_2019_00509,West_Zone,MP_Malwa,2019,Rabi,Cotton,21.42,32.86,226.07,51.62,15.97,6.88,0.813,163.9,29.7,231.9,2606.73
AGR_Wes_2019_00510,West_Zone,GJ_Saurashtra,2019,Kharif,Pulses,23.91,34.77,974.41,,10.0,7.18,0.422,263.1,10.4,215.4,2326.78
AGR_Wes_2021_00511,West_Zone,MP_Malwa,2021,Kharif,Rice,23.27,,1005.42,65.2,12.49,6.3,0.392,208.0,11.9,179.8,5176.99
AGR_Wes_2020_00512,West_Zone,GJ_Saurashtra,2020,Rabi,Maize,22.96,31.22,214.03,65.69,10.03,7.87,0.883,266.9,20.6,205.4,4243.36
AGR_Wes_2021_00513,West_Zone,MH_Marathwada,2021,Rabi,Maize,19.97,30.16,,33.49,14.81,6.03,0.435,161.5,14.9,209.2,3323.14
AGR_Wes_2019_00514,West_Zone,MP_Malwa,2019,Rabi,Soybean,18.71,31.64,140.04,50.78,17.7,7.29,0.646,170.2,19.9,220.7,2288.81
AGR_Wes_2021_00515,West_Zone,MP_Malwa,2021,Rabi,Soybean,21.47,32.73,198.2,59.54,14.55,5.61,0.672,194.0,18.8,194.8,2923.56
AGR_Wes_2018_00516,West_Zone,MH_Marathwada,2018,Kharif,Wheat,,33.29,551.12,65.76,11.44,6.33,0.68,208.3,15.0,223.3,5089.46
AGR_Wes_2019_00517,West_Zone,MH_Marathwada,2019,Rabi,Pulses,20.1,32.51,170.49,65.08,14.32,6.89,0.281,178.2,30.3,149.9,1272.47
AGR_Wes_2022_00518,West_Zone,MH_Vidarbha,2022,Kharif,Wheat,25.79,37.6,864.18,81.87,10.0,6.89,0.608,219.4,19.4,224.7,4792.05
AGR_Wes_2023_00519,West_Zone,MP_Malwa,2023,Kharif,Soybean,22.73,33.56,704.51,69.28,10.0,7.09,0.486,197.7,24.1,309.3,3313.88
AGR_Wes_2020_00520,West_Zone,MH_Marathwada,2020,Rabi,Maize,19.79,33.18,184.4,56.45,13.19,5.9,0.526,203.1,21.5,199.7,3486.65
AGR_Wes_2022_00521,West_Zone,MH_Vidarbha,2022,Zaid,Pulses,28.4,37.06,29.25,50.79,14.48,7.56,0.88,204.1,20.3,197.9,1623.71
AGR_Wes_2021_00522,West_Zone,MH_Vidarbha,2021,Kharif,Soybean,,32.47,,81.48,10.0,7.24,0.271,161.7,21.3,172.7,3118.04
AGR_Wes_2018_00523,West_Zone,MH_Marathwada,2018,Zaid,Wheat,,39.5,93.0,61.41,12.47,7.22,0.771,206.5,22.0,224.2,4200.04
AGR_Wes_2018_00524,West_Zone,MH_Vidarbha,2018,Kharif,Maize,19.82,30.63,736.43,74.84,12.1,7.2,0.233,161.6,29.3,223.1,3735.16
AGR_Wes_2022_00525,West_Zone,GJ_Saurashtra,2022,Rabi,Soybean,21.44,35.27,194.6,57.45,13.27,6.92,0.527,272.5,14.0,224.5,3067.19
AGR_Wes_2022_00526,West_Zone,GJ_Saurashtra,2022,Kharif,Soybean,25.59,38.75,972.41,79.67,10.0,6.11,0.486,174.0,25.7,210.4,3129.21
AGR_Wes_2019_00527,West_Zone,MH_Marathwada,2019,Rabi,Rice,19.44,27.23,171.21,64.16,13.33,5.53,0.48,170.1,26.4,249.9,3995.78
AGR_Wes_2021_00528,West_Zone,GJ_Saurashtra,2021,Rabi,Pulses,21.12,31.74,225.57,51.99,14.27,6.21,0.775,198.9,25.6,209.8,1553.31
AGR_Wes_2018_00529,West_Zone,GJ_Saurashtra,2018,Zaid,Cotton,27.15,36.39,65.58,38.84,12.76,7.3,0.589,211.3,32.3,257.2,2334.7
AGR_Wes_2020_00530,West_Zone,MP_Malwa,2020,Kharif,Rice,25.4,33.91,755.51,78.95,10.72,6.94,0.6,128.9,17.6,208.3,5020.06
AGR_Wes_2018_00531,West_Zone,MH_Vidarbha,2018,Kharif,Soybean,24.61,35.46,979.75,79.7,11.65,7.04,0.772,204.8,26.5,202.1,3729.79
AGR_Wes_2019_00532,West_Zone,GJ_Saurashtra,2019,Kharif,Pulses,,36.25,570.83,63.38,13.14,6.99,0.514,241.6,23.1,195.6,2739.85
AGR_Wes_2020_00533,West_Zone,MH_Marathwada,2020,Rabi,Cotton,20.91,,185.6,77.39,10.85,7.32,0.369,214.8,18.3,224.9,2420.18
AGR_Wes_2020_00534,West_Zone,MH_Marathwada,2020,Rabi,Rice,22.14,31.6,,60.86,11.99,7.6,0.791,190.9,13.1,249.3,4719.76
AGR_Wes_2023_00535,West_Zone,MP_Malwa,2023,Rabi,Cotton,21.75,29.21,165.87,61.7,15.05,7.78,0.493,194.8,25.3,158.8,2319.33
AGR_Wes_2022_00536,West_Zone,GJ_Saurashtra,2022,Kharif,Rice,22.54,32.82,464.46,72.38,11.56,7.59,0.479,183.7,18.8,195.0,5042.66
AGR_Wes_2018_00537,West_Zone,MH_Vidarbha,2018,Rabi,Wheat,18.79,26.23,135.46,56.51,10.0,7.0,0.715,169.0,32.9,213.3,3518.32
AGR_Wes_2019_00538,West_Zone,MP_Malwa,2019,Rabi,Rice,20.71,27.87,153.56,47.9,14.25,6.43,0.704,172.5,26.5,130.8,4325.18
AGR_Wes_2022_00539,West_Zone,MH_Marathwada,2022,Kharif,Wheat,23.85,32.09,726.22,84.83,10.0,7.17,0.839,157.9,18.9,186.7,5024.11
AGR_Wes_2020_00540,West_Zone,MH_Vidarbha,2020,Kharif,Rice,24.38,36.25,1034.14,78.11,10.0,6.71,0.718,176.6,30.0,158.5,5394.05
AGR_Wes_2022_00541,West_Zone,MH_Marathwada,2022,Rabi,Pulses,21.47,,178.9,61.99,13.16,6.2,0.631,183.2,15.9,294.3,1638.87
AGR_Wes_2018_00542,West_Zone,MH_Marathwada,2018,Kharif,Soybean,,34.98,809.89,67.34,10.0,8.09,0.66,158.2,24.5,176.7,3103.63
AGR_Wes_2023_00543,West_Zone,MP_Malwa,2023,Kharif,Cotton,24.64,32.54,700.29,70.49,14.11,6.6,0.676,144.1,28.6,219.2,3258.02
AGR_Wes_2021_00544,West_Zone,MP_Malwa,2021,Kharif,Wheat,27.03,40.5,516.36,64.62,10.0,6.17,0.704,187.9,22.3,211.9,4637.91
AGR_Wes_2019_00545,West_Zone,MH_Vidarbha,2019,Kharif,Pulses,26.35,39.81,804.81,78.68,10.48,7.55,0.682,140.6,23.6,214.6,2340.97
AGR_Wes_2022_00546,West_Zone,GJ_Saurashtra,2022,Kharif,Soybean,24.97,35.42,963.69,76.59,11.67,6.11,0.441,188.6,12.0,177.9,3321.32
AGR_Wes_2023_00547,West_Zone,MP_Malwa,2023,Rabi,Wheat,19.31,27.73,174.33,68.46,12.89,6.88,0.783,211.3,20.6,198.2,4073.95
AGR_Wes_2023_00548,West_Zone,MP_Malwa,2023,Rabi,Pulses,22.41,36.17,77.39,72.87,12.39,6.68,0.631,204.8,15.1,194.7,1350.91
AGR_Wes_2018_00549,West_Zone,MH_Marathwada,2018,Kharif,Pulses,,35.24,1383.07,95.0,10.0,5.96,0.227,174.8,22.0,293.5,2256.4
AGR_Wes_2023_00550,West_Zone,MH_Marathwada,2023,Kharif,Soybean,23.64,35.97,865.96,67.11,12.11,7.2,0.2,140.5,23.1,184.2,2915.41
AGR_Wes_2021_00551,West_Zone,MH_Marathwada,2021,Kharif,Wheat,24.72,38.12,265.29,70.27,10.0,7.16,0.525,185.3,21.3,269.1,4190.05
AGR_Wes_2018_00552,West_Zone,MH_Vidarbha,2018,Kharif,Rice,24.16,36.67,178.67,50.5,14.12,6.74,0.408,190.4,33.4,269.3,4551.51
AGR_Wes_2021_00553,West_Zone,GJ_Saurashtra,2021,Rabi,Wheat,21.74,31.93,109.55,56.22,13.35,8.02,0.718,125.4,15.3,226.8,3419.32
AGR_Wes_2022_00554,West_Zone,MP_Malwa,2022,Kharif,Cotton,,37.53,810.87,81.72,10.12,6.99,0.647,155.1,9.5,218.6,2807.39
AGR_Wes_2022_00555,West_Zone,GJ_Saurashtra,2022,Rabi,Wheat,21.17,29.08,127.39,45.77,13.59,6.73,0.316,180.4,19.6,226.0,3380.84
AGR_Wes_2020_00556,West_Zone,MH_Marathwada,2020,Rabi,Soybean,21.72,,167.74,54.56,11.73,7.56,0.61,206.8,20.7,127.9,2812.97
AGR_Wes_2019_00557,West_Zone,GJ_Saurashtra,2019,Rabi,Wheat,22.16,33.07,132.01,55.39,15.31,6.8,0.526,233.1,27.0,217.4,4200.84
AGR_Wes_2020_00558,West_Zone,MP_Malwa,2020,Kharif,Rice,24.63,37.96,496.47,59.52,13.84,6.05,0.61,141.2,12.8,290.0,4706.1
AGR_Wes_2021_00559,West_Zone,MP_Malwa,2021,Kharif,Cotton,26.43,37.97,1402.3,93.97,10.0,6.75,0.652,151.2,21.3,226.8,2751.98
AGR_Wes_2023_00560,West_Zone,MH_Vidarbha,2023,Kharif,Pulses,24.86,37.61,830.51,80.7,10.0,6.71,0.56,154.4,22.7,147.8,2472.5
AGR_Wes_2020_00561,West_Zone,GJ_Saurashtra,2020,Zaid,Maize,27.21,37.51,77.41,36.96,11.45,5.56,0.622,178.2,28.2,261.9,3268.21
AGR_Wes_2019_00562,West_Zone,GJ_Saurashtra,2019,Rabi,Wheat,21.22,31.96,138.22,59.03,10.0,7.19,0.447,159.7,29.8,268.3,3798.65
AGR_Wes_2019_00563,West_Zone,MH_Marathwada,2019,Zaid,Wheat,29.13,39.82,59.85,45.96,11.64,6.72,0.53,145.4,27.1,291.4,3434.1
AGR_Wes_2022_00564,West_Zone,GJ_Saurashtra,2022,Zaid,Soybean,28.89,38.47,72.91,48.13,10.0,6.43,0.751,168.0,25.3,145.8,2212.61
AGR_Wes_2021_00565,West_Zone,GJ_Saurashtra,2021,Kharif,Rice,26.17,,1067.66,87.67,11.04,7.27,0.801,146.5,23.5,280.5,4841.35
AGR_Wes_2022_00566,West_Zone,GJ_Saurashtra,2022,Zaid,Wheat,26.02,33.2,64.11,62.37,12.0,6.44,0.809,152.4,11.6,261.3,3776.23
AGR_Wes_2023_00567,West_Zone,MP_Malwa,2023,Rabi,Pulses,20.56,28.2,193.64,51.2,11.25,7.17,0.458,239.3,17.9,196.1,1523.87
AGR_Wes_2021_00568,West_Zone,MP_Malwa,2021,Zaid,Rice,27.51,41.11,66.96,36.33,17.23,5.97,0.685,133.8,23.8,239.9,3824.64
AGR_Wes_2018_00569,West_Zone,MP_Malwa,2018,Kharif,Soybean,24.92,35.25,362.55,54.63,12.31,6.32,0.668,156.1,25.0,261.9,3214.16
AGR_Wes_2020_00570,West_Zone,GJ_Saurashtra,2020,Kharif,Rice,25.6,34.22,566.11,57.83,10.0,7.37,0.827,190.1,20.3,160.1,5346.97
AGR_Wes_2019_00571,West_Zone,MP_Malwa,2019,Rabi,Rice,,35.55,168.96,59.45,13.46,6.92,0.696,165.2,25.1,135.8,4504.11
AGR_Wes_2022_00572,West_Zone,MP_Malwa,2022,Zaid,Soybean,28.55,38.41,71.11,40.09,15.25,6.84,0.775,172.0,21.1,293.4,2108.89
AGR_Wes_2023_00573,West_Zone,MH_Marathwada,2023,Rabi,Wheat,23.73,33.18,139.92,34.32,14.81,6.71,0.637,117.4,26.5,259.2,4124.27
AGR_Wes_2022_00574,West_Zone,MH_Marathwada,2022,Rabi,Soybean,17.47,27.29,71.05,52.89,11.93,6.48,0.648,134.9,21.7,231.6,1904.93
AGR_Wes_2019_00575,West_Zone,MH_Vidarbha,2019,Zaid,Rice,25.07,36.89,52.7,60.44,13.54,6.94,0.694,185.5,19.8,197.3,4471.97
AGR_Wes_2018_00576,West_Zone,MH_Vidarbha,2018,Kharif,Rice,25.4,38.55,900.33,90.53,10.0,7.4,0.753,136.8,13.4,211.0,5034.15
AGR_Wes_2018_00577,West_Zone,GJ_Saurashtra,2018,Kharif,Cotton,24.63,36.71,548.4,67.58,10.13,5.63,0.815,167.9,15.8,190.7,3061.14
AGR_Wes_2018_00578,West_Zone,MH_Vidarbha,2018,Rabi,Cotton,,30.78,161.75,49.31,10.66,5.95,0.699,127.6,18.5,218.5,2488.56
AGR_Wes_2018_00579,West_Zone,MH_Marathwada,2018,Rabi,Pulses,23.36,36.32,98.91,48.54,15.03,7.72,0.431,146.4,10.4,212.4,1705.35
AGR_Wes_2023_00580,West_Zone,MH_Vidarbha,2023,Rabi,Cotton,22.17,35.85,161.34,66.17,10.0,7.35,0.931,162.7,19.4,133.0,2504.62
AGR_Wes_2023_00581,West_Zone,MP_Malwa,2023,Zaid,Pulses,27.34,40.01,62.79,36.86,11.91,6.7,0.788,170.8,34.0,252.9,1279.86
AGR_Wes_2018_00582,West_Zone,MP_Malwa,2018,Rabi,Rice,20.27,29.74,125.95,54.36,12.94,6.08,0.795,198.4,23.9,215.3,4614.64
AGR_Wes_2023_00583,West_Zone,MH_Vidarbha,2023,Kharif,Soybean,,37.59,1007.99,95.0,10.0,6.06,0.546,169.9,17.6,144.3,3259.02
AGR_Wes_2023_00584,West_Zone,MH_Marathwada,2023,Rabi,Pulses,20.29,32.22,,61.24,10.17,6.5,0.488,216.4,25.1,199.9,1313.41
AGR_Wes_2023_00585,West_Zone,MH_Vidarbha,2023,Rabi,Pulses,21.77,32.56,209.54,50.37,12.07,5.89,0.393,183.6,20.8,258.3,1583.13
AGR_Wes_2018_00586,West_Zone,MP_Malwa,2018,Kharif,Pulses,26.71,34.4,1019.2,87.42,10.81,6.76,0.22,166.3,19.8,217.4,2374.01
AGR_Wes_2022_00587,West_Zone,MP_Malwa,2022,Rabi,Cotton,20.12,28.92,144.15,44.39,16.86,7.34,0.334,181.5,17.7,202.5,2326.38
AGR_Wes_2019_00588,West_Zone,MH_Vidarbha,2019,Kharif,Pulses,24.46,34.67,411.04,49.36,13.23,8.07,0.824,115.2,20.4,185.1,2465.78
AGR_Wes_2018_00589,West_Zone,MP_Malwa,2018,Kharif,Cotton,29.8,38.07,453.53,69.93,12.33,5.48,0.611,146.8,23.3,169.5,2920.76
AGR_Wes_2023_00590,West_Zone,MP_Malwa,2023,Rabi,Wheat,20.34,30.19,174.0,76.02,10.0,6.92,0.621,239.3,23.6,194.8,4390.8
AGR_Wes_2021_00591,West_Zone,MH_Marathwada,2021,Kharif,Wheat,22.87,32.77,877.84,84.29,11.76,6.35,0.381,171.3,21.3,189.1,4404.58
AGR_Wes_2023_00592,West_Zone,MH_Vidarbha,2023,Rabi,Pulses,22.85,32.0,95.38,47.4,15.09,6.97,0.733,152.6,15.5,177.5,1550.17
AGR_Wes_2020_00593,West_Zone,MH_Marathwada,2020,Kharif,Wheat,23.18,36.42,1303.05,80.46,10.27,7.28,0.37,206.3,21.3,283.7,4431.8
AGR_Wes_2020_00594,West_Zone,MH_Marathwada,2020,Kharif,Pulses,26.39,34.13,271.98,67.7,17.06,5.97,0.637,252.0,13.1,225.8,2194.92
AGR_Wes_2020_00595,West_Zone,MH_Marathwada,2020,Kharif,Maize,26.22,39.64,554.74,75.55,10.0,7.76,0.373,172.0,31.4,210.2,3765.09
AGR_Wes_2018_00596,West_Zone,MP_Malwa,2018,Kharif,Maize,23.7,35.66,975.72,,10.0,5.82,0.541,153.5,16.2,290.8,4162.77
AGR_Wes_2019_00597,West_Zone,MP_Malwa,2019,Kharif,Rice,24.45,31.89,673.44,65.89,12.69,6.45,0.503,191.3,19.0,248.1,5163.93
AGR_Wes_2021_00598,West_Zone,MH_Marathwada,2021,Rabi,Pulses,21.11,29.75,160.18,64.99,13.13,6.95,0.436,203.2,24.8,196.7,1515.42
AGR_Wes_2019_00599,West_Zone,GJ_Saurashtra,2019,Rabi,Pulses,20.87,,135.56,58.52,10.0,7.64,0.521,182.9,28.5,174.8,1568.25
AGR_Wes_2019_00600,West_Zone,MP_Malwa,2019,Rabi,Pulses,21.31,,121.75,51.94,16.46,6.13,0.737,90.0,18.0,221.1,1295.23
AGR_Wes_2019_00601,West_Zone,MH_Vidarbha,2019,Kharif,Wheat,27.08,36.29,630.95,64.88,10.0,6.67,0.964,204.4,29.1,172.0,4991.16
AGR_Wes_2023_00602,West_Zone,GJ_Saurashtra,2023,Kharif,Wheat,23.95,,523.03,67.94,11.04,6.51,0.283,254.5,25.3,166.2,4758.64
AGR_Wes_2021_00603,West_Zone,MP_Malwa,2021,Kharif,Rice,26.13,35.74,1001.46,79.3,10.0,6.12,0.686,149.6,25.3,249.7,5273.01
AGR_Wes_2018_00604,West_Zone,MP_Malwa,2018,Kharif,Maize,25.26,32.3,554.92,83.37,11.33,7.03,0.657,179.0,25.7,252.2,4098.72
AGR_Wes_2018_00605,West_Zone,MP_Malwa,2018,Zaid,Maize,25.91,35.91,74.28,55.18,14.07,6.7,0.226,131.0,25.5,245.0,3059.82
AGR_Wes_2019_00606,West_Zone,GJ_Saurashtra,2019,Kharif,Pulses,24.02,36.2,657.58,75.54,12.47,6.34,0.485,96.0,21.8,230.2,2128.23
AGR_Wes_2021_00607,West_Zone,MH_Vidarbha,2021,Kharif,Rice,22.37,32.84,1065.59,95.0,10.0,7.14,0.496,170.2,23.8,117.5,4905.77
AGR_Wes_2021_00608,West_Zone,MH_Vidarbha,2021,Rabi,Cotton,,34.65,179.69,57.76,10.44,6.7,0.249,166.7,26.7,160.2,2091.55
AGR_Wes_2021_00609,West_Zone,MH_Vidarbha,2021,Kharif,Wheat,23.83,31.46,1258.87,90.05,10.0,6.92,0.461,176.8,20.4,160.5,4744.04
AGR_Wes_2019_00610,West_Zone,MH_Marathwada,2019,Kharif,Maize,26.15,39.49,323.05,74.18,10.0,7.42,0.317,114.0,38.7,236.7,3018.63
AGR_Wes_2018_00611,West_Zone,MP_Malwa,2018,Kharif,Wheat,,34.22,838.55,95.0,10.31,6.65,0.556,214.8,24.8,220.0,4906.54
AGR_Wes_2021_00612,West_Zone,GJ_Saurashtra,2021,Kharif,Rice,24.0,34.76,705.66,78.65,16.61,7.1,0.754,197.4,13.5,126.4,5460.3
AGR_Wes_2023_00613,West_Zone,GJ_Saurashtra,2023,Rabi,Cotton,21.15,33.23,110.65,74.4,12.77,6.46,0.592,202.4,11.0,144.0,2322.42
AGR_Wes_2022_00614,West_Zone,MP_Malwa,2022,Zaid,Maize,28.48,39.87,100.03,73.07,10.0,6.54,0.49,146.6,13.1,189.8,3053.2
AGR_Wes_2021_00615,West_Zone,MH_Vidarbha,2021,Rabi,Wheat,20.58,29.43,191.31,66.39,12.61,6.66,0.306,160.9,14.2,260.7,3623.02
AGR_Wes_2018_00616,West_Zone,MP_Malwa,2018,Kharif,Maize,22.3,30.28,288.47,75.79,10.14,6.24,0.557,202.6,22.7,201.3,3823.61
AGR_Wes_2020_00617,West_Zone,MH_Marathwada,2020,Kharif,Cotton,23.68,33.73,757.31,70.85,10.0,7.5,0.625,243.7,20.7,215.5,3240.87
AGR_Wes_2020_00618,West_Zone,MH_Marathwada,2020,Kharif,Rice,,37.31,546.68,89.38,10.0,5.77,0.897,150.8,26.2,257.0,5435.51
AGR_Wes_2018_00619,West_Zone,MP_Malwa,2018,Kharif,Soybean,22.92,32.17,752.43,79.39,10.0,7.49,0.728,158.6,19.9,158.0,3062.2
AGR_Wes_2023_00620,West_Zone,MP_Malwa,2023,Rabi,Soybean,,32.77,87.89,,11.79,6.33,0.482,142.9,20.1,180.3,2218.16
AGR_Wes_2020_00621,West_Zone,MP_Malwa,2020,Rabi,Maize,18.4,29.16,97.54,56.41,10.0,6.91,0.787,207.6,29.7,199.8,3526.4
AGR_Wes_2019_00622,West_Zone,MP_Malwa,2019,Kharif,Pulses,26.07,38.33,640.31,86.32,11.05,7.07,0.676,189.6,10.9,225.1,2356.06
AGR_Wes_2021_00623,West_Zone,MP_Malwa,2021,Rabi,Maize,18.8,26.0,80.04,54.58,10.23,7.04,0.719,145.0,18.6,164.5,3333.78
AGR_Wes_2021_00624,West_Zone,GJ_Saurashtra,2021,Rabi,Wheat,19.56,31.32,109.9,54.33,11.9,7.11,0.252,207.6,29.0,194.9,3683.96
AGR_Wes_2020_00625,West_Zone,MH_Vidarbha,2020,Zaid,Rice,,34.57,105.39,72.42,10.57,6.97,0.488,222.4,25.0,208.6,4699.19
AGR_Wes_2018_00626,West_Zone,MH_Vidarbha,2018,Kharif,Rice,23.31,30.9,543.84,65.52,10.0,7.81,0.252,128.0,16.5,228.8,4450.42
AGR_Wes_2020_00627,West_Zone,MP_Malwa,2020,Rabi,Pulses,20.92,28.44,113.68,63.71,13.71,6.46,0.829,145.7,27.3,160.4,1579.75
AGR_Wes_2023_00628,West_Zone,MP_Malwa,2023,Rabi,Pulses,20.98,30.87,97.96,47.27,12.54,6.22,0.651,163.7,25.9,276.0,1650.88
AGR_Wes_2021_00629,West_Zone,MP_Malwa,2021,Rabi,Rice,21.21,35.08,207.45,59.99,12.47,8.26,0.526,174.4,34.7,210.6,4561.21
AGR_Wes_2020_00630,West_Zone,MH_Marathwada,2020,Rabi,Rice,22.11,33.91,183.73,72.2,13.61,6.05,0.864,195.6,16.0,154.6,4643.1
AGR_Wes_2020_00631,West_Zone,MP_Malwa,2020,Rabi,Pulses,20.56,33.01,73.39,35.7,12.82,6.63,0.94,115.2,27.3,274.7,1572.47
AGR_Wes_2022_00632,West_Zone,MH_Vidarbha,2022,Zaid,Rice,27.86,35.01,42.85,69.8,11.33,5.82,0.304,182.9,15.7,263.3,3997.06
AGR_Wes_2023_00633,West_Zone,GJ_Saurashtra,2023,Zaid,Wheat,24.72,32.91,114.3,51.99,14.14,5.5,0.814,215.1,23.0,218.5,4150.77
AGR_Wes_2019_00634,West_Zone,MH_Vidarbha,2019,Kharif,Soybean,27.93,39.51,231.08,42.38,11.46,6.58,0.404,173.2,15.5,236.9,2675.11
AGR_Wes_2018_00635,West_Zone,MH_Marathwada,2018,Kharif,Cotton,27.15,39.16,811.39,82.23,10.47,6.24,0.728,229.2,9.1,213.8,3158.58
AGR_Wes_2018_00636,West_Zone,MH_Marathwada,2018,Rabi,Cotton,19.83,32.93,180.34,52.73,11.66,6.8,0.389,191.1,17.9,179.5,2215.65
AGR_Wes_2021_00637,West_Zone,GJ_Saurashtra,2021,Rabi,Cotton,20.07,29.93,59.92,69.95,10.0,6.45,0.607,171.7,27.2,192.4,1969.08
AGR_Wes_2019_00638,West_Zone,MP_Malwa,2019,Rabi,Rice,20.44,31.48,148.9,54.47,12.42,5.82,0.865,171.1,20.0,247.0,4557.19
AGR_Wes_2023_00639,West_Zone,MP_Malwa,2023,Rabi,Maize,22.53,35.11,84.9,53.6,13.18,6.37,0.784,257.7,23.6,125.0,3851.75
AGR_Wes_2023_00640,West_Zone,GJ_Saurashtra,2023,Zaid,Rice,29.18,42.95,116.03,43.89,10.0,7.41,0.467,244.7,23.9,110.8,4504.18
AGR_Wes_2022_00641,West_Zone,MH_Vidarbha,2022,Kharif,Maize,24.72,31.84,728.24,95.0,10.0,6.53,0.64,184.3,24.9,211.6,4080.26
AGR_Wes_2019_00642,West_Zone,MH_Vidarbha,2019,Kharif,Cotton,23.76,34.58,378.36,63.86,11.57,6.85,0.717,140.3,13.8,257.2,2834.29
AGR_Wes_2019_00643,West_Zone,MH_Vidarbha,2019,Kharif,Wheat,26.83,34.14,,67.92,11.56,8.5,0.41,189.2,16.8,235.0,4832.81
AGR_Wes_2019_00644,West_Zone,GJ_Saurashtra,2019,Rabi,Maize,,32.91,222.48,63.84,10.0,6.57,0.676,206.6,29.3,187.7,4027.21
AGR_Wes_2021_00645,West_Zone,MH_Marathwada,2021,Kharif,Maize,24.17,37.55,629.3,77.38,11.79,7.77,0.542,148.2,25.2,193.9,4147.13
AGR_Wes_2018_00646,West_Zone,MH_Marathwada,2018,Kharif,Soybean,24.74,35.14,767.78,78.31,10.63,8.5,0.706,190.0,21.6,181.7,3552.41
AGR_Wes_2021_00647,West_Zone,GJ_Saurashtra,2021,Rabi,Maize,20.53,30.77,119.33,50.52,14.68,7.32,0.622,228.7,24.4,279.1,3723.03
AGR_Wes_2018_00648,West_Zone,MH_Marathwada,2018,Rabi,Pulses,20.56,31.94,136.99,59.84,13.27,5.77,0.87,197.1,26.0,198.3,1436.6
AGR_Wes_2023_00649,West_Zone,MH_Vidarbha,2023,Kharif,Soybean,25.81,35.83,720.64,79.56,10.0,8.02,0.881,179.0,26.1,177.2,3373.97
AGR_Wes_2019_00650,West_Zone,MH_Marathwada,2019,Rabi,Cotton,19.86,32.22,247.35,59.84,14.14,6.71,0.336,122.5,17.4,190.6,2213.52
AGR_Wes_2018_00651,West_Zone,MH_Vidarbha,2018,Kharif,Soybean,,37.75,689.84,65.18,14.06,6.67,0.516,209.7,22.6,201.9,3397.93
AGR_Wes_2020_00652,West_Zone,MH_Vidarbha,2020,Kharif,Maize,23.32,33.41,723.74,84.19,10.0,7.56,0.57,165.1,28.0,289.8,4149.88
AGR_Wes_2021_00653,West_Zone,MH_Marathwada,2021,Rabi,Cotton,21.37,30.52,193.93,74.99,10.0,6.64,0.861,209.2,29.5,149.3,2780.23
AGR_Wes_2022_00654,West_Zone,MP_Malwa,2022,Rabi,Maize,20.03,31.65,230.95,,10.38,6.29,0.697,166.6,23.3,203.8,3449.25
AGR_Wes_2022_00655,West_Zone,MH_Marathwada,2022,Kharif,Rice,27.1,38.74,1378.38,86.0,10.0,7.09,0.63,210.7,30.7,195.8,5270.78
AGR_Wes_2019_00656,West_Zone,MH_Marathwada,2019,Rabi,Cotton,21.05,33.34,80.71,46.24,13.24,7.67,0.67,217.8,16.9,217.9,2217.45
AGR_Wes_2021_00657,West_Zone,GJ_Saurashtra,2021,Kharif,Rice,23.42,30.53,613.26,68.67,10.0,5.72,0.789,129.3,16.2,294.2,4921.85
AGR_Wes_2022_00658,West_Zone,MP_Malwa,2022,Rabi,Maize,22.93,35.76,232.98,65.66,10.31,6.83,0.716,190.8,23.2,292.7,3506.22
AGR_Wes_2018_00659,West_Zone,GJ_Saurashtra,2018,Rabi,Soybean,22.19,33.22,131.25,,10.0,6.32,0.531,220.5,17.1,166.8,2608.87
AGR_Wes_2019_00660,West_Zone,MH_Vidarbha,2019,Kharif,Pulses,24.52,35.12,937.32,89.94,10.34,5.56,0.461,122.7,25.5,232.9,2033.41
AGR_Wes_2018_00661,West_Zone,MH_Vidarbha,2018,Rabi,Cotton,19.27,30.05,89.15,43.84,15.02,6.99,0.81,195.3,24.1,272.4,2380.09
AGR_Wes_2022_00662,West_Zone,MH_Vidarbha,2022,Zaid,Wheat,,40.7,91.35,60.22,13.85,6.92,0.482,116.9,28.7,246.6,3106.54
AGR_Wes_2023_00663,West_Zone,MP_Malwa,2023,Kharif,Soybean,24.65,,990.45,90.52,11.26,6.87,0.599,178.4,9.4,226.5,2920.51
AGR_Wes_2019_00664,West_Zone,MP_Malwa,2019,Zaid,Cotton,26.33,38.84,112.82,45.77,13.21,6.79,0.626,183.0,21.6,228.9,2270.81
AGR_Wes_2021_00665,West_Zone,MH_Vidarbha,2021,Kharif,Pulses,23.06,,131.18,62.69,14.6,5.61,0.952,206.0,23.7,173.4,1911.07
AGR_Wes_2020_00666,West_Zone,MH_Vidarbha,2020,Kharif,Rice,25.94,34.2,844.63,82.35,10.0,7.56,0.606,131.0,19.3,161.2,4790.6
AGR_Wes_2023_00667,West_Zone,GJ_Saurashtra,2023,Kharif,Rice,25.92,35.55,1104.54,93.83,10.0,6.43,0.942,198.8,20.7,171.4,5769.13
AGR_Wes_2018_00668,West_Zone,MP_Malwa,2018,Rabi,Maize,20.65,33.23,86.36,60.88,10.13,7.1,0.938,202.3,32.9,210.5,3665.2
AGR_Wes_2019_00669,West_Zone,MP_Malwa,2019,Rabi,Soybean,23.7,36.76,,71.24,11.95,5.55,0.619,176.3,22.5,204.9,2551.79
AGR_Wes_2019_00670,West_Zone,MH_Marathwada,2019,Kharif,Rice,24.13,,,84.33,12.27,7.95,0.59,181.0,20.0,235.7,5123.83
AGR_Wes_2021_00671,West_Zone,GJ_Saurashtra,2021,Kharif,Rice,26.98,36.18,343.48,44.81,14.59,7.33,0.502,197.9,12.4,242.1,5150.08
AGR_Wes_2019_00672,West_Zone,MH_Marathwada,2019,Rabi,Soybean,,34.51,206.86,55.13,13.77,5.2,0.743,163.8,22.1,164.8,2910.19
AGR_Wes_2023_00673,West_Zone,MP_Malwa,2023,Rabi,Wheat,20.73,33.51,128.8,62.67,12.93,7.12,0.627,166.2,25.0,148.3,3624.99
AGR_Wes_2020_00674,West_Zone,GJ_Saurashtra,2020,Kharif,Soybean,23.68,37.64,542.61,63.55,12.73,7.12,0.42,147.2,22.5,215.1,2764.73
AGR_Wes_2018_00675,West_Zone,MH_Marathwada,2018,Rabi,Maize,22.53,34.34,88.68,68.36,15.56,6.8,0.216,171.0,23.9,270.5,3017.97
AGR_Wes_2022_00676,West_Zone,MP_Malwa,2022,Rabi,Soybean,20.32,28.38,97.41,51.78,10.0,7.55,0.476,145.6,20.8,167.9,2482.25
AGR_Wes_2018_00677,West_Zone,MH_Vidarbha,2018,Kharif,Maize,24.04,34.94,541.26,61.2,10.0,6.77,0.77,199.2,26.1,217.6,4585.12
AGR_Wes_2023_00678,West_Zone,MP_Malwa,2023,Rabi,Cotton,20.45,31.36,62.08,36.63,18.75,6.63,0.771,156.9,29.2,167.9,1870.84
AGR_Wes_2022_00679,West_Zone,MH_Marathwada,2022,Rabi,Wheat,20.33,33.08,318.57,,11.32,6.46,0.566,124.5,24.9,165.0,4041.84
AGR_Wes_2022_00680,West_Zone,MH_Vidarbha,2022,Kharif,Pulses,23.2,34.68,,50.32,10.83,6.49,0.407,144.7,28.9,184.3,2399.88
AGR_Wes_2020_00681,West_Zone,GJ_Saurashtra,2020,Rabi,Pulses,24.18,33.93,205.75,66.35,10.74,6.59,0.787,208.8,26.4,179.2,2131.63
AGR_Wes_2023_00682,West_Zone,MP_Malwa,2023,Kharif,Pulses,23.53,30.78,533.79,71.36,12.13,6.25,0.75,241.5,24.1,169.6,2390.38
AGR_Wes_2022_00683,West_Zone,GJ_Saurashtra,2022,Rabi,Cotton,25.56,38.56,136.44,63.49,14.03,6.71,0.346,173.4,24.9,164.5,2030.53
AGR_Wes_2020_00684,West_Zone,MP_Malwa,2020,Zaid,Pulses,25.44,38.18,74.05,47.78,14.47,6.55,0.223,121.8,16.1,210.0,1089.73
AGR_Wes_2023_00685,West_Zone,GJ_Saurashtra,2023,Kharif,Wheat,23.21,35.96,559.28,72.28,10.0,6.61,0.717,132.6,28.5,127.9,4523.3
AGR_Wes_2023_00686,West_Zone,MH_Marathwada,2023,Kharif,Pulses,25.64,34.88,330.46,54.96,17.31,7.69,0.544,197.7,16.6,252.4,2295.25
AGR_Wes_2018_00687,West_Zone,MH_Vidarbha,2018,Kharif,Cotton,24.49,,821.08,83.35,13.31,6.33,0.372,176.5,21.6,194.7,2714.92
AGR_Wes_2019_00688,West_Zone,MP_Malwa,2019,Kharif,Soybean,22.65,30.22,344.18,60.66,12.96,7.33,0.94,168.5,23.1,232.8,3093.58
AGR_Wes_2021_00689,West_Zone,MH_Marathwada,2021,Kharif,Soybean,24.44,,976.61,76.11,11.25,6.92,0.526,215.9,20.4,221.6,3132.23
AGR_Wes_2019_00690,West_Zone,MH_Marathwada,2019,Kharif,Cotton,,34.63,111.66,50.86,15.0,7.06,0.488,200.8,9.6,188.4,2230.48
AGR_Wes_2023_00691,West_Zone,MP_Malwa,2023,Kharif,Wheat,26.53,34.65,473.62,68.45,10.24,7.75,0.58,163.0,19.6,203.2,4551.66
AGR_Wes_2022_00692,West_Zone,MH_Vidarbha,2022,Kharif,Rice,23.58,31.02,,86.39,11.46,5.8,0.733,173.5,14.6,223.6,5060.04
AGR_Wes_2018_00693,West_Zone,GJ_Saurashtra,2018,Kharif,Maize,27.25,40.07,734.7,86.63,10.0,6.37,0.689,197.6,26.7,227.8,4289.37
AGR_Wes_2022_00694,West_Zone,GJ_Saurashtra,2022,Rabi,Soybean,20.54,29.85,176.6,71.37,10.53,6.7,0.932,195.1,29.2,207.4,2885.18
AGR_Wes_2019_00695,West_Zone,GJ_Saurashtra,2019,Zaid,Soybean,29.63,38.93,69.43,39.74,13.76,6.97,0.2,149.4,35.9,238.9,2127.8
AGR_Wes_2023_00696,West_Zone,MP_Malwa,2023,Rabi,Cotton,22.58,29.85,160.98,41.72,13.01,7.31,0.595,162.7,16.3,174.3,2107.96
AGR_Wes_2019_00697,West_Zone,MP_Malwa,2019,Rabi,Maize,23.6,35.65,62.66,59.03,11.26,5.65,0.434,150.4,15.2,192.4,2920.87
AGR_Wes_2019_00698,West_Zone,MH_Marathwada,2019,Kharif,Wheat,24.11,33.96,878.62,71.84,10.43,6.1,0.588,98.9,17.9,161.6,4260.54
AGR_Wes_2019_00699,West_Zone,MH_Marathwada,2019,Kharif,Soybean,25.12,32.25,504.02,40.25,11.38,7.18,0.2,196.0,28.2,265.0,2992.18
AGR_Wes_2020_00700,West_Zone,MP_Malwa,2020,Kharif,Maize,25.16,38.35,1058.06,95.0,10.2,7.22,0.651,148.2,14.0,212.8,3855.8
AGR_Wes_2021_00701,West_Zone,MH_Marathwada,2021,Rabi,Soybean,22.41,33.23,119.59,44.88,13.94,6.47,0.546,99.3,16.5,177.5,2124.91
AGR_Wes_2023_00702,West_Zone,MH_Marathwada,2023,Rabi,Maize,20.39,33.13,146.61,55.95,12.45,5.89,0.84,143.2,26.5,211.4,3527.06
AGR_Wes_2023_00703,West_Zone,MH_Vidarbha,2023,Rabi,Rice,21.01,30.72,,49.56,10.0,6.28,0.627,280.0,15.8,236.9,4624.38
AGR_Wes_2019_00704,West_Zone,MH_Marathwada,2019,Kharif,Maize,21.7,,1115.7,81.06,10.0,7.74,0.841,228.3,11.8,248.5,4442.9
AGR_Wes_2021_00705,West_Zone,MP_Malwa,2021,Kharif,Rice,24.47,37.2,301.51,58.08,15.28,6.8,0.565,137.6,22.3,259.0,4565.02
AGR_Wes_2023_00706,West_Zone,GJ_Saurashtra,2023,Kharif,Cotton,25.67,35.71,1105.28,73.32,12.24,7.98,0.625,173.2,29.4,288.1,3043.39
AGR_Wes_2021_00707,West_Zone,MH_Vidarbha,2021,Rabi,Rice,18.96,29.18,155.76,50.4,13.34,6.15,0.456,200.2,30.0,292.5,4410.23
AGR_Wes_2020_00708,West_Zone,MP_Malwa,2020,Kharif,Maize,24.52,37.11,559.3,69.21,10.0,6.35,0.896,199.7,10.4,230.9,4421.31
AGR_Wes_2020_00709,West_Zone,MH_Marathwada,2020,Rabi,Cotton,20.23,31.29,113.5,52.5,14.45,7.74,0.454,145.6,20.7,350.0,2179.98
AGR_Wes_2018_00710,West_Zone,MP_Malwa,2018,Kharif,Soybean,26.24,39.23,776.35,92.96,10.0,6.6,0.586,188.5,22.2,241.0,3156.61
AGR_Wes_2020_00711,West_Zone,MH_Vidarbha,2020,Zaid,Cotton,24.73,32.66,78.47,47.67,15.48,7.02,0.266,173.6,24.6,151.1,2264.27
AGR_Wes_2022_00712,West_Zone,MP_Malwa,2022,Kharif,Pulses,26.47,37.57,,,12.56,7.22,0.922,197.5,11.0,200.8,1813.4
AGR_Wes_2023_00713,West_Zone,MH_Vidarbha,2023,Kharif,Soybean,21.34,29.61,750.14,79.69,10.0,7.08,0.579,219.1,20.9,220.6,3246.95
AGR_Wes_2022_00714,West_Zone,MH_Vidarbha,2022,Kharif,Cotton,27.88,41.1,,69.3,10.0,6.78,0.586,210.5,25.6,217.5,2719.78
AGR_Wes_2021_00715,West_Zone,MP_Malwa,2021,Kharif,Soybean,23.69,33.45,550.09,51.76,15.02,6.77,0.46,184.7,10.1,160.5,2959.26
AGR_Wes_2023_00716,West_Zone,MH_Marathwada,2023,Kharif,Soybean,24.49,38.46,756.18,87.48,10.83,7.15,0.698,150.2,24.1,191.5,3076.43
AGR_Wes_2021_00717,West_Zone,MP_Malwa,2021,Rabi,Soybean,20.79,29.73,203.87,55.36,13.45,6.77,0.66,185.3,21.3,234.1,2653.64
AGR_Wes_2022_00718,West_Zone,MH_Marathwada,2022,Rabi,Pulses,21.37,32.29,,57.73,14.06,6.67,0.807,242.2,27.6,248.0,1991.0
AGR_Wes_2018_00719,West_Zone,MH_Vidarbha,2018,Kharif,Cotton,26.84,39.84,858.73,78.63,10.72,6.59,0.471,175.5,25.9,272.7,3099.97
AGR_Wes_2022_00720,West_Zone,MH_Vidarbha,2022,Rabi,Pulses,23.8,36.32,200.89,30.0,16.83,7.47,0.536,230.6,21.1,224.6,1841.19
AGR_Wes_2019_00721,West_Zone,MP_Malwa,2019,Rabi,Wheat,18.95,28.38,169.99,,13.62,6.73,0.713,116.2,30.0,301.8,3359.13
AGR_Wes_2021_00722,West_Zone,GJ_Saurashtra,2021,Kharif,Soybean,24.02,34.47,1155.38,85.22,10.0,6.46,0.401,203.3,21.4,216.0,3212.81
AGR_Wes_2019_00723,West_Zone,MH_Marathwada,2019,Kharif,Soybean,25.73,33.62,565.24,,10.98,5.88,0.689,202.3,24.8,197.5,3568.61
AGR_Wes_2018_00724,West_Zone,GJ_Saurashtra,2018,Zaid,Wheat,27.39,37.47,10.0,53.68,14.64,6.65,0.651,199.0,23.6,186.0,3703.67
AGR_Wes_2018_00725,West_Zone,MP_Malwa,2018,Kharif,Rice,25.89,38.32,473.25,66.71,10.0,6.79,0.658,162.5,26.2,165.6,4813.19
AGR_Wes_2019_00726,West_Zone,MH_Vidarbha,2019,Rabi,Cotton,20.22,31.79,194.93,68.76,12.76,6.8,0.801,213.9,17.9,189.0,2389.79
AGR_Wes_2018_00727,West_Zone,MP_Malwa,2018,Kharif,Wheat,22.78,30.88,440.15,68.87,13.37,5.92,0.538,231.9,16.7,225.2,4642.88
AGR_Wes_2020_00728,West_Zone,GJ_Saurashtra,2020,Kharif,Rice,25.79,36.33,536.28,80.93,10.0,6.46,0.653,163.9,32.6,232.7,4945.13
AGR_Wes_2019_00729,West_Zone,MP_Malwa,2019,Rabi,Maize,20.88,33.64,215.33,61.38,13.12,7.81,0.572,205.7,26.6,291.5,3821.8
AGR_Wes_2018_00730,West_Zone,MP_Malwa,2018,Rabi,Rice,22.2,35.36,216.28,,10.0,6.19,0.623,218.3,20.5,211.9,4922.35
AGR_Wes_2022_00731,West_Zone,MH_Marathwada,2022,Rabi,Maize,19.47,29.39,158.22,45.36,12.36,7.59,0.787,225.2,21.0,244.9,4009.62
AGR_Wes_2021_00732,West_Zone,GJ_Saurashtra,2021,Zaid,Pulses,25.71,33.87,39.21,48.33,12.42,6.81,0.788,183.2,22.3,185.4,2059.9
AGR_Wes_2023_00733,West_Zone,GJ_Saurashtra,2023,Kharif,Maize,24.88,35.68,783.12,61.36,12.31,6.75,0.675,155.8,17.9,170.2,4188.1
AGR_Wes_2022_00734,West_Zone,MH_Vidarbha,2022,Zaid,Maize,25.15,38.76,93.74,47.64,12.12,6.66,0.643,147.0,30.8,265.1,3062.95
AGR_Wes_2021_00735,West_Zone,GJ_Saurashtra,2021,Kharif,Cotton,24.08,31.63,1271.92,85.28,12.53,6.21,0.38,181.6,19.2,240.1,2949.25
AGR_Wes_2018_00736,West_Zone,MH_Vidarbha,2018,Zaid,Cotton,27.09,37.16,93.24,63.72,13.75,7.21,0.659,128.0,25.0,235.3,2322.2
AGR_Wes_2018_00737,West_Zone,MP_Malwa,2018,Rabi,Maize,22.98,,89.61,45.47,13.6,7.39,0.558,199.2,24.3,278.1,3505.86
AGR_Wes_2021_00738,West_Zone,MP_Malwa,2021,Rabi,Pulses,19.85,31.72,,39.63,13.41,6.21,0.356,159.5,20.2,167.5,1046.74
AGR_Wes_2022_00739,West_Zone,MH_Marathwada,2022,Kharif,Soybean,22.25,31.91,1188.11,95.0,12.38,6.6,0.772,187.1,26.4,219.5,3727.04
AGR_Wes_2020_00740,West_Zone,MH_Marathwada,2020,Rabi,Soybean,21.29,31.09,179.46,63.09,13.36,6.27,0.798,131.7,23.7,207.2,2670.56
AGR_Wes_2021_00741,West_Zone,MP_Malwa,2021,Kharif,Maize,23.64,36.72,695.44,76.78,12.17,7.27,0.58,186.5,21.0,251.0,4091.11
AGR_Wes_2023_00742,West_Zone,MP_Malwa,2023,Rabi,Pulses,21.18,,26.98,39.07,14.65,7.35,0.538,169.5,8.5,253.9,1065.71
AGR_Wes_2020_00743,West_Zone,MP_Malwa,2020,Kharif,Maize,24.1,32.35,394.82,67.19,10.29,6.47,0.95,135.5,20.0,233.6,4385.54
AGR_Wes_2021_00744,West_Zone,MH_Vidarbha,2021,Kharif,Pulses,23.74,33.24,974.36,75.63,12.78,6.29,0.613,161.3,23.7,196.0,2154.43
AGR_Wes_2021_00745,West_Zone,MH_Marathwada,2021,Zaid,Maize,27.39,38.73,19.58,43.33,11.3,6.25,0.53,195.0,16.6,244.8,3170.98
AGR_Wes_2018_00746,West_Zone,MH_Vidarbha,2018,Kharif,Pulses,24.52,,738.69,62.05,10.0,6.79,0.745,189.9,34.6,251.2,2229.83
AGR_Wes_2018_00747,West_Zone,MH_Vidarbha,2018,Kharif,Rice,25.43,34.47,794.8,71.41,11.61,6.65,0.709,142.0,17.1,333.3,5064.27
AGR_Wes_2018_00748,West_Zone,MP_Malwa,2018,Kharif,Pulses,27.8,38.5,713.61,68.69,10.15,6.82,0.448,171.3,17.9,270.0,2218.59
AGR_Wes_2022_00749,West_Zone,MP_Malwa,2022,Kharif,Maize,24.84,36.74,729.38,70.97,11.52,6.66,0.884,188.2,20.1,188.7,4266.61
AGR_Wes_2018_00750,West_Zone,MH_Vidarbha,2018,Rabi,Pulses,,32.24,158.43,43.84,13.52,7.66,0.512,180.3,23.7,167.0,1848.56
AGR_Wes_2021_00751,West_Zone,GJ_Saurashtra,2021,Kharif,Cotton,23.72,37.35,621.01,57.11,14.46,7.11,0.542,146.0,29.3,196.5,2820.7
AGR_Wes_2018_00752,West_Zone,GJ_Saurashtra,2018,Rabi,Maize,20.25,31.38,170.34,55.93,11.83,5.96,0.669,245.0,26.6,166.8,3850.16
AGR_Wes_2018_00753,West_Zone,MH_Vidarbha,2018,Zaid,Wheat,26.09,34.88,,57.19,14.15,6.77,0.432,186.0,34.0,196.5,3733.18
AGR_Wes_2019_00754,West_Zone,MP_Malwa,2019,Kharif,Maize,,35.85,1377.38,95.0,10.0,6.82,0.813,149.9,23.6,188.9,4324.87
AGR_Wes_2019_00755,West_Zone,GJ_Saurashtra,2019,Rabi,Maize,19.97,,238.75,57.45,10.35,7.33,0.591,159.8,8.6,183.9,3746.13
AGR_Wes_2023_00756,West_Zone,MP_Malwa,2023,Kharif,Wheat,25.99,35.43,930.04,89.17,10.0,6.94,0.48,195.3,13.1,178.0,4834.39
AGR_Wes_2022_00757,West_Zone,MH_Vidarbha,2022,Kharif,Wheat,26.31,36.6,199.86,47.89,12.83,6.71,0.782,194.1,21.1,168.1,4639.57
AGR_Wes_2023_00758,West_Zone,MH_Marathwada,2023,Kharif,Cotton,23.21,30.54,381.98,66.65,11.47,6.25,0.621,263.1,18.7,192.2,3428.34
AGR_Wes_2022_00759,West_Zone,MH_Vidarbha,2022,Rabi,Wheat,20.06,27.09,,51.71,16.08,6.75,0.486,191.0,28.1,219.2,3486.49
AGR_Wes_2019_00760,West_Zone,MH_Vidarbha,2019,Kharif,Rice,25.27,38.61,,93.71,10.48,7.03,0.628,235.5,18.4,242.0,5370.25
AGR_Wes_2021_00761,West_Zone,GJ_Saurashtra,2021,Rabi,Cotton,23.09,31.01,,53.64,12.39,7.18,0.373,178.6,26.2,141.5,2082.55
AGR_Wes_2018_00762,West_Zone,GJ_Saurashtra,2018,Kharif,Rice,24.37,35.71,614.46,55.91,12.79,7.6,0.534,232.0,23.4,191.1,5356.62
AGR_Wes_2023_00763,West_Zone,MH_Marathwada,2023,Kharif,Cotton,26.31,35.83,686.05,78.9,10.3,6.7,0.729,214.1,30.5,143.7,3239.42
AGR_Wes_2021_00764,West_Zone,MH_Vidarbha,2021,Kharif,Cotton,25.93,39.21,552.89,66.97,13.94,7.11,0.349,166.9,21.2,253.8,2248.93
AGR_Wes_2022_00765,West_Zone,GJ_Saurashtra,2022,Kharif,Wheat,25.17,34.17,512.86,70.28,11.33,7.08,0.736,239.4,15.1,171.8,5332.55
AGR_Wes_2019_00766,West_Zone,MH_Marathwada,2019,Rabi,Soybean,19.37,30.44,155.95,62.91,10.16,6.15,0.405,176.6,38.1,138.7,2284.43
AGR_Wes_2018_00767,West_Zone,MP_Malwa,2018,Zaid,Pulses,26.54,34.41,,50.87,10.95,6.15,0.541,195.0,16.0,197.2,1652.37
AGR_Wes_2022_00768,West_Zone,GJ_Saurashtra,2022,Kharif,Soybean,25.97,39.21,866.19,82.98,10.0,7.31,0.896,179.1,13.1,254.1,3644.41
AGR_Wes_2018_00769,West_Zone,MH_Marathwada,2018,Rabi,Maize,21.48,33.81,37.84,47.85,12.9,6.92,0.799,154.2,21.0,253.7,3070.74
AGR_Wes_2020_00770,West_Zone,MH_Vidarbha,2020,Rabi,Soybean,22.23,31.35,160.43,55.3,11.95,6.52,0.723,216.8,27.4,236.5,2875.46
AGR_Wes_2021_00771,West_Zone,MH_Marathwada,2021,Kharif,Maize,26.54,,430.05,60.11,16.88,7.02,0.468,215.6,20.3,251.5,4349.85
AGR_Wes_2022_00772,West_Zone,GJ_Saurashtra,2022,Rabi,Maize,22.41,30.63,172.12,53.44,13.9,6.52,0.467,181.3,27.4,250.3,3509.6
AGR_Wes_2020_00773,West_Zone,MP_Malwa,2020,Rabi,Wheat,,33.54,176.8,56.5,10.0,7.19,0.592,207.1,20.8,240.2,4243.03
AGR_Wes_2019_00774,West_Zone,GJ_Saurashtra,2019,Kharif,Pulses,27.05,40.34,500.55,68.27,13.57,6.6,0.992,153.3,27.5,227.9,2466.32
AGR_Wes_2022_00775,West_Zone,MP_Malwa,2022,Kharif,Rice,24.8,32.32,608.27,66.6,10.0,7.05,1.012,165.5,22.0,156.5,5719.28
AGR_Wes_2021_00776,West_Zone,GJ_Saurashtra,2021,Kharif,Soybean,24.85,34.74,,89.36,10.0,6.57,0.923,221.4,21.2,156.3,3628.75
AGR_Wes_2021_00777,West_Zone,MH_Marathwada,2021,Rabi,Rice,,33.53,139.6,66.44,10.0,6.4,0.624,109.6,24.0,204.9,4165.13
AGR_Wes_2021_00778,West_Zone,MP_Malwa,2021,Kharif,Rice,25.95,34.77,558.91,74.34,10.0,6.34,0.21,183.5,24.3,171.1,4728.47
AGR_Wes_2021_00779,West_Zone,MH_Vidarbha,2021,Kharif,Cotton,25.69,33.64,950.95,73.98,10.0,6.99,0.743,253.0,38.0,189.5,3583.45
AGR_Wes_2019_00780,West_Zone,MP_Malwa,2019,Zaid,Wheat,28.16,40.23,,48.47,10.93,6.56,0.438,154.2,24.5,134.4,3419.57
AGR_Wes_2021_00781,West_Zone,MH_Vidarbha,2021,Kharif,Wheat,25.95,34.1,488.1,60.09,11.5,7.11,0.2,146.3,21.4,161.3,4316.18
AGR_Wes_2022_00782,West_Zone,MH_Vidarbha,2022,Kharif,Rice,27.25,39.88,1049.25,95.0,10.0,6.83,0.618,153.7,13.6,166.3,4957.81
AGR_Wes_2022_00783,West_Zone,MH_Marathwada,2022,Kharif,Pulses,25.83,33.94,403.66,67.93,10.0,7.42,0.548,136.4,13.6,239.1,2172.13
AGR_Wes_2018_00784,West_Zone,MH_Vidarbha,2018,Kharif,Cotton,26.42,38.96,527.55,49.32,10.0,8.17,0.576,161.7,24.4,146.5,2804.84
AGR_Wes_2021_00785,West_Zone,MH_Marathwada,2021,Kharif,Pulses,25.17,36.62,324.08,63.03,10.24,6.32,0.561,145.5,14.4,156.8,2276.24
AGR_Wes_2020_00786,West_Zone,MH_Vidarbha,2020,Rabi,Soybean,21.15,30.37,161.84,61.91,14.83,6.3,0.307,232.8,18.2,245.7,2381.26
AGR_Wes_2021_00787,West_Zone,MP_Malwa,2021,Rabi,Maize,20.61,31.55,170.22,64.61,10.0,6.53,0.611,211.8,25.2,227.0,3499.81
AGR_Wes_2019_00788,West_Zone,MH_Vidarbha,2019,Kharif,Cotton,23.07,31.72,994.63,76.32,10.0,6.72,0.727,171.2,12.5,163.2,2828.37
AGR_Wes_2021_00789,West_Zone,MH_Marathwada,2021,Rabi,Wheat,22.63,34.52,10.0,53.2,10.0,5.32,0.235,164.1,11.4,210.1,3349.18
AGR_Wes_2021_00790,West_Zone,GJ_Saurashtra,2021,Rabi,Soybean,19.24,29.84,149.46,68.64,14.24,7.46,0.327,181.3,17.6,208.0,2335.88
AGR_Wes_2023_00791,West_Zone,MP_Malwa,2023,Rabi,Wheat,19.79,32.9,233.82,62.85,13.82,7.51,0.292,193.2,21.6,120.6,4005.81
AGR_Wes_2021_00792,West_Zone,MH_Marathwada,2021,Rabi,Wheat,19.12,30.7,124.31,66.59,10.44,6.67,0.878,151.2,20.7,138.2,4057.89
AGR_Wes_2022_00793,West_Zone,MP_Malwa,2022,Kharif,Wheat,24.16,34.33,265.72,52.38,15.36,6.63,0.881,113.5,18.4,158.6,4243.06
AGR_Wes_2019_00794,West_Zone,GJ_Saurashtra,2019,Kharif,Cotton,25.35,34.79,939.29,91.37,10.0,6.78,0.653,158.2,18.2,192.1,2988.04
AGR_Wes_2018_00795,West_Zone,GJ_Saurashtra,2018,Rabi,Cotton,23.12,35.4,78.35,30.0,17.4,6.88,0.666,169.8,19.2,175.3,2216.06
AGR_Wes_2020_00796,West_Zone,MP_Malwa,2020,Kharif,Maize,20.84,32.68,796.65,64.7,12.68,7.4,0.778,218.1,26.4,185.5,4461.68
AGR_Wes_2021_00797,West_Zone,MH_Vidarbha,2021,Kharif,Maize,24.79,37.62,153.32,,16.18,6.35,0.263,199.5,28.0,273.2,3543.68
AGR_Wes_2020_00798,West_Zone,MH_Marathwada,2020,Kharif,Pulses,26.56,35.13,622.78,81.17,10.16,6.11,0.538,192.4,34.4,189.8,2334.16
AGR_Wes_2021_00799,West_Zone,MP_Malwa,2021,Rabi,Wheat,,31.8,108.49,51.74,12.29,5.96,0.61,143.9,19.7,243.4,3701.22
AGR_Wes_2018_00800,West_Zone,MP_Malwa,2018,Kharif,Pulses,23.93,36.78,911.79,85.26,11.92,6.16,0.72,213.5,15.6,208.6,2256.32
AGR_Wes_2020_00801,West_Zone,GJ_Saurashtra,2020,Rabi,Maize,20.05,,50.75,49.04,10.0,6.35,0.483,195.4,31.2,152.2,3160.29
AGR_Wes_2020_00802,West_Zone,MH_Marathwada,2020,Kharif,Wheat,25.84,34.36,484.49,82.4,11.06,6.31,0.394,142.5,19.6,256.4,4170.33
AGR_Wes_2018_00803,West_Zone,MH_Vidarbha,2018,Rabi,Rice,19.1,,145.34,71.05,10.0,5.96,1.132,143.0,20.7,189.3,4684.58
AGR_Wes_2021_00804,West_Zone,MP_Malwa,2021,Rabi,Rice,18.71,31.93,135.68,30.0,11.51,6.65,0.582,195.7,11.7,192.0,4373.09
AGR_Wes_2022_00805,West_Zone,MH_Marathwada,2022,Kharif,Wheat,24.17,37.76,831.36,71.2,10.0,7.25,0.2,200.0,32.2,273.2,4399.43
AGR_Wes_2020_00806,West_Zone,MP_Malwa,2020,Kharif,Cotton,21.71,,744.87,79.43,10.32,6.55,0.2,173.0,17.9,140.9,2647.9
AGR_Wes_2023_00807,West_Zone,GJ_Saurashtra,2023,Kharif,Soybean,25.29,38.7,722.19,77.37,10.0,6.93,0.454,156.6,19.3,250.0,2937.33
AGR_Wes_2020_00808,West_Zone,GJ_Saurashtra,2020,Kharif,Rice,24.14,36.81,904.02,78.15,10.0,6.8,0.676,241.2,23.4,204.8,5528.05
AGR_Wes_2022_00809,West_Zone,MH_Marathwada,2022,Rabi,Pulses,22.14,33.05,,55.57,10.0,6.1,0.617,160.8,28.3,191.5,1414.69
AGR_Wes_2019_00810,West_Zone,MH_Marathwada,2019,Kharif,Soybean,27.47,38.3,806.95,93.7,10.0,6.42,0.645,126.8,16.2,216.3,2965.75
AGR_Wes_2019_00811,West_Zone,MH_Marathwada,2019,Kharif,Pulses,22.51,,569.53,72.02,12.65,6.9,0.637,188.4,24.0,182.9,2337.0
AGR_Wes_2023_00812,West_Zone,MH_Marathwada,2023,Rabi,Rice,21.13,33.91,116.42,61.33,12.04,7.06,0.713,189.8,22.5,209.4,4425.96
AGR_Wes_2018_00813,West_Zone,MP_Malwa,2018,Kharif,Cotton,25.89,34.39,1462.23,,10.0,7.66,0.443,216.8,31.7,232.7,3034.76
AGR_Wes_2022_00814,West_Zone,GJ_Saurashtra,2022,Rabi,Pulses,23.57,35.55,108.56,55.78,12.59,6.86,0.66,206.3,16.7,256.7,1564.31
AGR_Wes_2023_00815,West_Zone,MH_Marathwada,2023,Rabi,Maize,20.28,32.22,130.18,52.51,12.14,6.22,0.717,153.7,16.8,198.5,3249.13
AGR_Wes_2021_00816,West_Zone,MH_Marathwada,2021,Kharif,Cotton,23.02,,750.81,87.96,11.71,7.08,0.467,241.9,18.9,186.9,3068.56
AGR_Wes_2019_00817,West_Zone,MH_Vidarbha,2019,Rabi,Rice,19.2,29.24,123.12,42.77,15.46,6.23,0.691,180.6,23.0,268.4,4659.66
AGR_Wes_2020_00818,West_Zone,MP_Malwa,2020,Kharif,Pulses,22.26,30.14,977.3,77.84,13.54,6.16,0.983,168.2,22.9,195.2,2509.82
AGR_Wes_2022_00819,West_Zone,MP_Malwa,2022,Kharif,Soybean,26.28,37.17,801.29,,10.0,6.78,0.434,173.3,21.0,159.8,3119.31
AGR_Wes_2018_00820,West_Zone,GJ_Saurashtra,2018,Rabi,Rice,22.02,29.92,99.83,55.54,14.99,6.73,0.392,144.8,19.5,207.2,3747.02
AGR_Wes_2018_00821,West_Zone,MH_Marathwada,2018,Kharif,Rice,24.65,36.6,799.22,79.46,10.0,7.72,0.57,206.9,20.7,240.1,5341.33
AGR_Wes_2021_00822,West_Zone,MH_Vidarbha,2021,Kharif,Wheat,26.08,36.38,371.0,47.04,12.23,6.93,0.297,184.8,12.4,235.8,4446.4
AGR_Wes_2022_00823,West_Zone,MP_Malwa,2022,Kharif,Cotton,25.06,36.06,297.81,49.66,12.84,6.44,0.648,168.4,20.6,242.1,2892.13
AGR_Wes_2018_00824,West_Zone,MH_Marathwada,2018,Rabi,Rice,20.95,33.67,189.8,48.71,15.56,6.67,0.899,149.0,18.0,189.8,4690.33
AGR_Wes_2019_00825,West_Zone,GJ_Saurashtra,2019,Kharif,Wheat,25.13,33.73,990.51,89.98,10.0,6.53,0.356,202.2,19.5,235.4,4290.01
AGR_Wes_2022_00826,West_Zone,MH_Marathwada,2022,Rabi,Rice,22.98,35.24,79.83,52.19,11.37,6.43,0.514,162.6,22.9,184.0,4163.95
AGR_Wes_2023_00827,West_Zone,MH_Marathwada,2023,Kharif,Cotton,28.17,38.69,1094.3,95.0,10.0,6.07,0.623,158.8,21.6,235.3,2742.25
AGR_Wes_2021_00828,West_Zone,MH_Vidarbha,2021,Rabi,Wheat,19.96,29.39,234.74,61.7,14.91,6.05,0.698,135.2,21.4,188.3,4082.7
AGR_Wes_2018_00829,West_Zone,MP_Malwa,2018,Kharif,Soybean,24.39,36.88,,75.42,11.64,7.5,0.779,161.8,17.3,211.1,3253.91
AGR_Wes_2019_00830,West_Zone,MP_Malwa,2019,Kharif,Soybean,25.76,34.14,807.43,72.9,10.0,6.57,0.523,147.4,20.7,205.7,3034.44
AGR_Wes_2020_00831,West_Zone,GJ_Saurashtra,2020,Kharif,Wheat,25.79,36.03,584.8,67.99,12.8,6.66,0.615,119.5,14.6,307.3,4339.43
AGR_Wes_2019_00832,West_Zone,MP_Malwa,2019,Rabi,Pulses,21.7,30.49,174.89,51.88,16.23,6.82,0.698,172.7,34.0,147.0,1659.88
AGR_Wes_2021_00833,West_Zone,MP_Malwa,2021,Kharif,Pulses,25.37,35.93,562.46,72.91,11.68,6.37,0.394,235.2,26.9,283.0,2461.91
AGR_Wes_2020_00834,West_Zone,GJ_Saurashtra,2020,Rabi,Cotton,18.67,26.84,125.03,63.73,10.98,6.21,0.656,221.6,24.6,238.1,2270.9
AGR_Wes_2018_00835,West_Zone,MP_Malwa,2018,Rabi,Soybean,20.68,33.65,144.01,63.26,11.71,7.15,0.419,198.8,17.6,112.8,2762.38
AGR_Wes_2021_00836,West_Zone,MP_Malwa,2021,Kharif,Maize,21.32,32.32,628.88,,10.0,7.52,0.777,122.7,11.5,256.1,3935.59
AGR_Wes_2023_00837,West_Zone,GJ_Saurashtra,2023,Kharif,Pulses,24.86,34.22,812.2,73.36,10.66,6.4,1.117,219.9,14.6,208.1,2601.3
AGR_Wes_2019_00838,West_Zone,GJ_Saurashtra,2019,Rabi,Pulses,20.21,33.05,111.54,51.3,11.3,7.22,0.388,213.1,29.9,185.1,1434.18
AGR_Wes_2019_00839,West_Zone,MP_Malwa,2019,Rabi,Maize,23.32,33.67,201.24,60.85,14.19,6.36,0.556,157.4,16.7,183.1,3716.08
AGR_Wes_2020_00840,West_Zone,MH_Vidarbha,2020,Kharif,Cotton,26.13,38.35,,88.13,10.0,6.73,0.718,179.4,22.6,189.8,3085.08
AGR_Wes_2019_00841,West_Zone,MH_Vidarbha,2019,Rabi,Pulses,22.05,31.28,55.17,59.48,10.0,7.18,0.414,253.9,17.7,271.9,1389.14
AGR_Wes_2018_00842,West_Zone,GJ_Saurashtra,2018,Zaid,Wheat,27.55,,59.16,44.64,14.06,6.91,0.787,90.0,19.1,216.3,3327.04
AGR_Wes_2019_00843,West_Zone,MH_Marathwada,2019,Kharif,Cotton,25.09,35.67,364.51,60.96,10.0,5.54,0.713,207.6,26.2,229.6,2942.85
AGR_Wes_2019_00844,West_Zone,MP_Malwa,2019,Rabi,Rice,20.2,27.72,150.34,56.63,13.99,6.14,0.605,207.8,36.1,220.2,4482.75
AGR_Wes_2018_00845,West_Zone,GJ_Saurashtra,2018,Kharif,Rice,25.78,33.56,630.74,75.62,11.22,6.94,0.679,228.2,25.3,251.4,5696.37
AGR_Wes_2021_00846,West_Zone,MH_Marathwada,2021,Zaid,Rice,29.92,41.18,50.12,50.48,10.0,5.82,0.649,215.2,12.9,138.1,4361.09
AGR_Wes_2021_00847,West_Zone,MH_Marathwada,2021,Kharif,Pulses,26.19,39.82,936.72,80.28,12.43,6.61,0.645,181.8,16.6,264.2,2188.08
AGR_Wes_2021_00848,West_Zone,GJ_Saurashtra,2021,Rabi,Pulses,20.01,32.48,261.65,46.05,14.64,6.47,0.567,197.9,20.5,207.5,1828.8
AGR_Wes_2021_00849,West_Zone,MP_Malwa,2021,Zaid,Cotton,26.24,38.19,16.39,49.88,15.28,7.41,0.93,149.0,22.6,110.0,2264.31
AGR_Wes_2022_00850,West_Zone,MP_Malwa,2022,Rabi,Cotton,22.89,31.18,88.92,51.59,10.64,6.43,0.571,165.5,25.1,204.4,2067.37
AGR_Wes_2019_00851,West_Zone,MH_Marathwada,2019,Rabi,Pulses,20.96,30.07,161.75,56.98,10.0,6.09,0.606,154.6,21.8,300.3,1444.35
AGR_Wes_2020_00852,West_Zone,MP_Malwa,2020,Rabi,Maize,20.75,33.45,151.12,45.81,13.56,6.79,0.471,182.6,34.3,250.6,3299.09
AGR_Wes_2020_00853,West_Zone,MH_Marathwada,2020,Kharif,Wheat,22.41,,500.43,48.09,15.71,6.31,0.845,163.5,18.4,252.0,4924.72
AGR_Wes_2022_00854,West_Zone,GJ_Saurashtra,2022,Rabi,Maize,24.07,33.9,165.06,61.71,10.48,6.76,0.805,188.5,24.3,220.3,3777.17
AGR_Wes_2019_00855,West_Zone,GJ_Saurashtra,2019,Kharif,Rice,24.46,31.75,,69.54,12.87,7.12,0.497,164.9,32.3,174.3,4866.67
AGR_Wes_2020_00856,West_Zone,MP_Malwa,2020,Kharif,Cotton,24.97,35.8,819.71,77.02,10.0,6.67,0.545,212.0,22.8,217.5,3113.72
AGR_Wes_2023_00857,West_Zone,GJ_Saurashtra,2023,Rabi,Pulses,20.62,33.75,139.18,40.89,11.83,6.87,0.891,210.8,36.2,183.6,1797.1
AGR_Wes_2019_00858,West_Zone,GJ_Saurashtra,2019,Kharif,Pulses,23.34,33.27,862.35,95.0,10.0,7.41,0.604,213.1,25.8,169.7,2427.15
AGR_Wes_2021_00859,West_Zone,MP_Malwa,2021,Zaid,Soybean,24.67,32.15,102.62,68.09,10.78,6.92,0.499,156.0,23.4,177.0,2313.53
AGR_Wes_2020_00860,West_Zone,GJ_Saurashtra,2020,Rabi,Soybean,21.97,33.01,132.63,47.67,11.36,6.97,0.473,170.8,14.5,178.5,2723.55
AGR_Wes_2023_00861,West_Zone,MH_Vidarbha,2023,Kharif,Maize,28.01,39.22,106.78,47.98,13.59,6.96,0.388,182.1,30.5,192.8,3068.1
AGR_Wes_2022_00862,West_Zone,MH_Marathwada,2022,Kharif,Soybean,23.91,34.65,685.37,78.98,11.98,6.89,0.298,167.7,25.1,110.0,3056.05
AGR_Wes_2022_00863,West_Zone,GJ_Saurashtra,2022,Kharif,Rice,26.29,37.55,949.48,75.76,10.0,6.52,0.471,153.0,28.4,191.4,4874.39
AGR_Wes_2020_00864,West_Zone,MH_Marathwada,2020,Rabi,Cotton,21.52,29.85,186.69,53.86,10.0,7.31,0.845,134.8,28.1,261.5,2139.36
AGR_Wes_2021_00865,West_Zone,GJ_Saurashtra,2021,Rabi,Rice,22.56,31.63,193.09,62.26,11.33,6.1,0.648,172.0,21.0,209.2,4415.51
AGR_Wes_2023_00866,West_Zone,GJ_Saurashtra,2023,Rabi,Soybean,22.96,29.96,104.56,74.81,12.84,6.04,0.66,191.3,15.6,264.1,2665.11
AGR_Wes_2020_00867,West_Zone,MH_Vidarbha,2020,Zaid,Cotton,27.68,39.75,51.73,62.36,12.61,6.63,0.826,217.5,11.6,256.8,2244.94
AGR_Wes_2018_00868,West_Zone,MP_Malwa,2018,Rabi,Pulses,20.83,28.28,141.18,40.3,12.02,6.58,0.742,149.8,24.5,259.3,1481.46
AGR_Wes_2020_00869,West_Zone,MH_Marathwada,2020,Kharif,Rice,24.05,37.89,,90.37,10.0,7.56,0.411,141.5,18.6,171.4,4590.23
AGR_Wes_2019_00870,West_Zone,GJ_Saurashtra,2019,Rabi,Pulses,22.53,32.21,134.21,66.87,10.43,7.59,0.917,144.2,27.4,220.1,1537.13
AGR_Wes_2019_00871,West_Zone,MH_Vidarbha,2019,Kharif,Soybean,26.35,36.96,,80.68,10.0,6.65,0.524,157.6,28.1,164.1,3156.81
AGR_Wes_2018_00872,West_Zone,MH_Marathwada,2018,Kharif,Rice,24.73,33.49,922.69,86.95,11.49,6.34,0.487,200.1,19.0,176.3,5271.01
AGR_Wes_2019_00873,West_Zone,MH_Vidarbha,2019,Kharif,Wheat,25.85,38.81,546.26,68.26,10.0,6.58,0.711,176.5,23.3,273.0,4701.32
AGR_Wes_2021_00874,West_Zone,MH_Vidarbha,2021,Rabi,Maize,17.44,26.67,208.64,53.09,10.0,6.17,0.706,183.4,24.3,287.2,3515.05
AGR_Wes_2020_00875,West_Zone,GJ_Saurashtra,2020,Kharif,Soybean,27.1,39.56,718.5,80.24,11.14,7.8,0.546,175.1,23.9,145.8,3126.06
AGR_Wes_2020_00876,West_Zone,MP_Malwa,2020,Kharif,Cotton,26.98,,653.4,69.52,10.81,7.12,0.662,211.2,23.8,190.9,3165.47
AGR_Wes_2022_00877,West_Zone,MP_Malwa,2022,Kharif,Pulses,24.82,36.01,674.16,86.89,13.01,7.12,0.621,152.3,22.5,221.2,2198.16
AGR_Wes_2019_00878,West_Zone,MH_Marathwada,2019,Kharif,Soybean,27.05,35.83,679.53,60.01,12.87,6.35,0.562,221.7,27.4,250.8,3502.83
AGR_Wes_2023_00879,West_Zone,MP_Malwa,2023,Kharif,Soybean,24.63,38.32,636.68,68.24,13.15,6.87,0.508,127.4,29.5,236.7,3015.07
AGR_Wes_2020_00880,West_Zone,MH_Vidarbha,2020,Kharif,Maize,26.5,35.36,563.76,48.39,10.48,8.1,0.63,155.0,15.8,206.5,4203.8
AGR_Wes_2019_00881,West_Zone,GJ_Saurashtra,2019,Zaid,Soybean,27.1,41.09,14.73,48.51,12.1,7.38,0.666,156.2,25.8,236.4,1991.83
AGR_Wes_2019_00882,West_Zone,GJ_Saurashtra,2019,Kharif,Soybean,24.46,34.86,1032.49,92.74,10.0,6.16,0.526,187.4,24.4,234.9,3241.29
AGR_Wes_2022_00883,West_Zone,MH_Marathwada,2022,Rabi,Rice,22.49,32.44,171.88,51.0,13.8,6.82,0.554,143.3,34.3,182.9,4004.48
AGR_Wes_2023_00884,West_Zone,GJ_Saurashtra,2023,Kharif,Maize,22.38,33.68,,70.81,10.0,7.11,0.455,169.5,20.7,204.7,4025.72
AGR_Wes_2019_00885,West_Zone,GJ_Saurashtra,2019,Kharif,Soybean,26.33,36.37,605.27,79.32,13.06,7.48,0.745,168.8,24.4,211.0,3230.98
AGR_Wes_2022_00886,West_Zone,GJ_Saurashtra,2022,Rabi,Soybean,20.21,34.04,189.28,52.57,11.06,5.95,0.566,203.6,11.0,236.0,2596.61
AGR_Wes_2023_00887,West_Zone,MH_Marathwada,2023,Rabi,Maize,19.66,26.8,253.02,70.11,11.64,6.61,0.56,256.0,25.6,229.1,4089.29
AGR_Wes_2019_00888,West_Zone,MP_Malwa,2019,Rabi,Soybean,19.88,28.34,126.26,42.46,13.06,6.66,0.771,140.8,38.6,240.9,2260.16
AGR_Wes_2023_00889,West_Zone,GJ_Saurashtra,2023,Kharif,Rice,24.66,34.32,803.1,,10.0,6.67,0.541,153.0,17.0,236.8,4751.61
AGR_Wes_2020_00890,West_Zone,MH_Vidarbha,2020,Kharif,Cotton,24.96,34.4,818.14,,10.0,7.68,0.928,157.6,22.5,296.5,3247.93
AGR_Wes_2021_00891,West_Zone,MP_Malwa,2021,Rabi,Pulses,20.69,33.17,214.24,67.89,12.33,6.54,1.103,211.9,22.5,241.1,1728.4
AGR_Wes_2019_00892,West_Zone,MH_Marathwada,2019,Kharif,Pulses,24.93,35.77,175.98,53.37,13.15,7.05,0.913,216.1,21.4,267.5,1985.37
AGR_Wes_2018_00893,West_Zone,MH_Vidarbha,2018,Kharif,Wheat,25.17,38.5,713.48,82.78,12.56,7.16,0.598,146.6,19.8,239.9,4424.72
AGR_Wes_2023_00894,West_Zone,MH_Vidarbha,2023,Kharif,Wheat,26.94,40.12,667.47,75.47,10.0,6.98,0.26,181.4,17.9,227.8,4284.8
AGR_Wes_2020_00895,West_Zone,GJ_Saurashtra,2020,Rabi,Pulses,23.68,31.63,114.39,,14.55,6.38,0.731,155.8,17.9,216.3,1639.77
AGR_Wes_2023_00896,West_Zone,GJ_Saurashtra,2023,Zaid,Pulses,26.9,35.0,70.82,42.44,11.44,7.27,0.44,154.5,25.2,206.2,1421.82
AGR_Wes_2023_00897,West_Zone,MH_Vidarbha,2023,Zaid,Cotton,27.33,39.06,23.66,63.19,12.08,5.88,0.894,142.5,24.1,110.0,2149.3
AGR_Wes_2023_00898,West_Zone,MP_Malwa,2023,Rabi,Cotton,20.85,33.62,111.69,36.96,15.25,7.57,0.572,189.4,17.4,216.8,2364.87
AGR_Wes_2023_00899,West_Zone,GJ_Saurashtra,2023,Kharif,Rice,25.66,36.02,460.75,,11.58,5.2,0.518,265.5,35.7,225.2,5605.08
AGR_Wes_2019_00900,West_Zone,MH_Marathwada,2019,Rabi,Maize,21.66,35.4,188.56,44.62,15.09,6.11,0.81,198.3,28.1,303.9,3865.24
AGR_Wes_2018_00901,West_Zone,MH_Marathwada,2018,Kharif,Rice,23.99,36.92,866.54,87.78,11.6,6.16,0.331,216.0,19.4,248.3,5007.59
AGR_Wes_2022_00902,West_Zone,GJ_Saurashtra,2022,Rabi,Wheat,20.03,29.52,213.57,62.6,15.0,6.02,0.617,185.0,8.0,209.6,3899.36
AGR_Wes_2023_00903,West_Zone,GJ_Saurashtra,2023,Kharif,Rice,27.85,40.37,963.54,87.44,10.85,6.21,0.732,189.4,23.4,235.8,5355.16
AGR_Wes_2018_00904,West_Zone,GJ_Saurashtra,2018,Kharif,Rice,23.82,37.8,963.05,95.0,11.26,6.52,0.531,186.8,12.7,191.4,4841.43
AGR_Wes_2021_00905,West_Zone,MH_Vidarbha,2021,Kharif,Rice,24.74,34.97,740.54,70.21,10.0,6.59,0.698,206.4,30.6,305.9,5112.78
AGR_Wes_2018_00906,West_Zone,MH_Marathwada,2018,Kharif,Soybean,26.67,40.4,432.05,82.61,11.1,7.24,0.456,118.5,19.3,261.3,2818.45
AGR_Wes_2021_00907,West_Zone,MH_Vidarbha,2021,Rabi,Soybean,21.57,33.55,182.78,64.57,12.14,6.58,0.787,182.0,13.2,245.2,2900.65
AGR_Wes_2019_00908,West_Zone,MH_Marathwada,2019,Rabi,Maize,19.4,,192.34,47.97,10.74,6.68,0.561,242.9,21.0,305.2,3747.91
AGR_Wes_2020_00909,West_Zone,GJ_Saurashtra,2020,Kharif,Pulses,25.56,38.17,955.14,72.51,12.74,7.44,0.695,280.0,24.3,144.0,2501.67
AGR_Wes_2021_00910,West_Zone,MH_Vidarbha,2021,Kharif,Rice,26.07,35.23,343.23,58.69,15.68,7.88,0.77,233.7,24.2,295.5,5527.85
AGR_Wes_2022_00911,West_Zone,MH_Marathwada,2022,Kharif,Wheat,,34.6,543.97,85.71,10.0,5.92,0.293,169.6,22.9,265.6,4334.68
AGR_Wes_2021_00912,West_Zone,MH_Vidarbha,2021,Zaid,Cotton,27.07,35.33,73.56,54.61,10.31,6.58,0.659,166.8,19.4,350.0,2403.43
AGR_Wes_2019_00913,West_Zone,MH_Marathwada,2019,Rabi,Maize,23.89,33.03,158.79,,13.17,7.01,0.746,188.1,13.2,231.0,3589.93
AGR_Wes_2019_00914,West_Zone,MH_Marathwada,2019,Kharif,Rice,23.98,36.7,1177.76,86.64,10.0,6.88,0.255,191.8,17.3,232.3,4908.93
AGR_Wes_2020_00915,West_Zone,MP_Malwa,2020,Zaid,Rice,29.24,37.88,53.3,45.89,14.8,6.76,0.573,127.5,18.7,111.1,4266.82
AGR_Wes_2018_00916,West_Zone,MP_Malwa,2018,Kharif,Soybean,24.22,36.6,696.76,70.07,10.0,6.23,0.46,218.0,24.6,173.5,3383.8
AGR_Wes_2022_00917,West_Zone,GJ_Saurashtra,2022,Kharif,Rice,25.17,37.94,665.81,73.45,11.54,5.75,0.537,136.5,24.9,189.8,4680.37
AGR_Wes_2021_00918,West_Zone,MH_Vidarbha,2021,Kharif,Cotton,20.84,28.32,786.79,77.4,10.0,6.13,0.645,209.8,26.4,275.0,3057.17
AGR_Wes_2019_00919,West_Zone,MP_Malwa,2019,Kharif,Rice,23.81,33.27,904.98,79.41,10.0,7.38,0.662,168.6,21.9,218.1,5058.6
AGR_Wes_2022_00920,West_Zone,MH_Vidarbha,2022,Kharif,Soybean,23.4,35.65,1010.21,74.67,12.1,6.79,0.631,126.9,17.1,201.7,3179.34
AGR_Wes_2023_00921,West_Zone,MH_Vidarbha,2023,Rabi,Wheat,21.65,31.62,,66.41,15.9,7.77,0.564,172.1,29.4,203.9,4139.55
AGR_Wes_2018_00922,West_Zone,MH_Vidarbha,2018,Kharif,Wheat,25.59,34.69,915.25,83.21,10.0,7.82,0.532,192.5,28.8,120.8,4546.67
AGR_Wes_2018_00923,West_Zone,MH_Vidarbha,2018,Kharif,Cotton,22.97,35.3,772.95,58.97,11.45,6.92,0.64,140.0,27.5,262.3,3083.45
AGR_Wes_2019_00924,West_Zone,MP_Malwa,2019,Rabi,Pulses,24.75,35.11,183.06,52.81,12.55,7.68,0.582,144.7,25.9,230.9,1792.2
AGR_Wes_2020_00925,West_Zone,MH_Vidarbha,2020,Kharif,Maize,25.75,35.89,1062.28,83.35,10.0,7.12,0.556,100.5,20.4,320.9,3770.59
AGR_Wes_2019_00926,West_Zone,MH_Vidarbha,2019,Kharif,Wheat,23.98,36.71,610.57,87.63,10.0,6.79,0.456,174.7,9.9,161.3,4527.66
AGR_Wes_2020_00927,West_Zone,MH_Marathwada,2020,Kharif,Maize,25.99,37.68,779.9,62.54,12.22,6.4,0.427,179.4,21.8,233.6,4081.98
AGR_Wes_2023_00928,West_Zone,MP_Malwa,2023,Kharif,Maize,,36.17,,36.14,13.12,7.35,0.537,209.1,20.2,242.8,3809.27
AGR_Wes_2023_00929,West_Zone,GJ_Saurashtra,2023,Rabi,Wheat,19.77,33.42,61.1,53.83,10.0,7.19,0.498,133.5,30.3,190.9,3233.09
AGR_Wes_2021_00930,West_Zone,MP_Malwa,2021,Rabi,Cotton,20.82,32.47,122.66,56.03,12.76,6.52,0.559,187.6,23.1,246.1,1961.11
AGR_Wes_2018_00931,West_Zone,MH_Vidarbha,2018,Rabi,Soybean,20.73,,167.96,56.53,10.0,7.44,0.318,184.2,22.9,165.7,2320.5
AGR_Wes_2023_00932,West_Zone,MP_Malwa,2023,Rabi,Wheat,19.03,28.3,224.06,64.08,14.02,6.57,0.528,163.6,19.7,154.6,3748.95
AGR_Wes_2019_00933,West_Zone,GJ_Saurashtra,2019,Kharif,Maize,28.63,37.72,,87.72,11.75,6.39,0.488,196.0,18.7,156.2,4090.16
AGR_Wes_2018_00934,West_Zone,MH_Marathwada,2018,Zaid,Rice,24.51,34.87,90.05,47.0,14.57,5.71,0.761,173.5,23.6,153.6,4704.63
AGR_Wes_2021_00935,West_Zone,MH_Vidarbha,2021,Kharif,Rice,26.74,36.23,696.02,77.4,14.94,6.32,0.546,180.2,24.1,189.3,5085.37
AGR_Wes_2019_00936,West_Zone,MP_Malwa,2019,Rabi,Rice,20.08,29.42,,63.89,10.0,7.19,0.525,224.1,23.4,231.2,4653.61
AGR_Wes_2023_00937,West_Zone,MP_Malwa,2023,Rabi,Wheat,20.66,31.54,191.16,47.68,13.92,6.83,1.043,156.0,31.2,229.6,4034.76
AGR_Wes_2021_00938,West_Zone,MP_Malwa,2021,Zaid,Maize,26.11,35.86,105.81,30.87,16.57,6.12,1.156,187.3,19.2,165.4,4194.11
AGR_Wes_2019_00939,West_Zone,GJ_Saurashtra,2019,Rabi,Cotton,22.4,34.64,167.77,52.23,13.08,5.44,0.715,107.3,25.0,197.6,2331.36
AGR_Wes_2021_00940,West_Zone,GJ_Saurashtra,2021,Kharif,Pulses,25.88,35.13,670.51,73.75,10.02,6.67,0.729,172.7,12.5,224.2,2576.56
AGR_Wes_2020_00941,West_Zone,MP_Malwa,2020,Rabi,Pulses,21.2,32.28,220.62,66.3,10.0,6.64,0.449,280.0,13.5,258.5,2066.38
AGR_Wes_2023_00942,West_Zone,MP_Malwa,2023,Rabi,Pulses,19.57,33.49,121.73,63.21,10.0,6.87,0.441,205.6,28.8,146.3,1552.71
AGR_Wes_2019_00943,West_Zone,MP_Malwa,2019,Zaid,Maize,29.13,40.54,126.48,55.63,12.02,6.0,0.693,142.8,18.1,266.6,3236.28
AGR_Wes_2018_00944,West_Zone,MH_Vidarbha,2018,Kharif,Wheat,24.14,32.93,697.47,,10.0,7.11,0.443,168.7,34.9,209.6,4449.72
AGR_Wes_2021_00945,West_Zone,MP_Malwa,2021,Kharif,Pulses,26.07,38.56,995.22,84.88,14.54,7.51,0.825,236.8,16.0,208.5,2308.29
AGR_Wes_2019_00946,West_Zone,MH_Marathwada,2019,Kharif,Rice,23.69,34.29,1061.0,95.0,10.0,6.47,0.43,216.5,25.3,168.7,5340.28
AGR_Wes_2022_00947,West_Zone,MH_Marathwada,2022,Kharif,Maize,24.08,,774.62,72.77,13.37,7.3,0.378,264.6,25.7,296.2,4651.54
AGR_Wes_2022_00948,West_Zone,MH_Marathwada,2022,Zaid,Soybean,28.11,41.93,107.67,69.44,12.93,6.71,0.53,129.8,27.6,260.4,2032.24
AGR_Wes_2020_00949,West_Zone,GJ_Saurashtra,2020,Rabi,Rice,20.18,28.42,176.97,63.35,10.01,6.66,0.86,207.0,11.3,146.0,4573.32
AGR_Wes_2020_00950,West_Zone,MP_Malwa,2020,Kharif,Wheat,26.72,34.74,716.33,95.0,10.0,5.72,0.613,212.8,24.6,186.1,4667.83
AGR_Wes_2022_00951,West_Zone,MH_Marathwada,2022,Rabi,Pulses,18.14,28.76,230.5,64.25,10.0,5.81,0.603,132.0,15.7,219.4,1504.52
AGR_Wes_2019_00952,West_Zone,MH_Marathwada,2019,Rabi,Soybean,22.51,31.38,114.68,47.33,11.6,6.33,0.373,209.2,21.3,204.2,2282.57
AGR_Wes_2020_00953,West_Zone,MP_Malwa,2020,Zaid,Cotton,28.19,39.24,70.07,30.0,15.39,7.04,0.808,163.2,23.7,149.7,2267.53
AGR_Wes_2021_00954,West_Zone,MH_Marathwada,2021,Kharif,Pulses,26.55,36.16,1065.97,95.0,10.0,7.09,0.573,126.2,14.3,319.5,2075.69
AGR_Wes_2020_00955,West_Zone,MP_Malwa,2020,Rabi,Soybean,20.86,31.93,,41.57,10.84,6.78,0.904,153.3,16.9,231.9,2515.24
AGR_Wes_2021_00956,West_Zone,GJ_Saurashtra,2021,Rabi,Maize,21.09,31.89,156.2,54.04,11.89,6.4,0.5,189.7,8.0,136.7,3362.99
AGR_Wes_2019_00957,West_Zone,GJ_Saurashtra,2019,Zaid,Soybean,25.79,35.22,25.53,,13.18,6.4,0.527,140.1,25.7,286.5,2479.03
AGR_Wes_2021_00958,West_Zone,MH_Vidarbha,2021,Kharif,Cotton,27.73,35.79,695.25,56.3,10.0,6.0,0.842,170.9,18.8,292.9,2968.07
AGR_Wes_2023_00959,West_Zone,GJ_Saurashtra,2023,Kharif,Maize,25.88,36.09,1089.87,80.94,10.0,6.98,0.64,221.5,27.0,196.9,4409.18
AGR_Wes_2018_00960,West_Zone,MH_Vidarbha,2018,Kharif,Soybean,25.61,38.19,438.0,62.49,15.52,6.81,0.592,190.9,18.7,248.8,3298.66
AGR_Wes_2020_00961,West_Zone,MH_Vidarbha,2020,Rabi,Cotton,20.3,33.19,189.1,47.37,10.35,6.58,0.497,255.1,17.1,234.8,2377.15
AGR_Wes_2019_00962,West_Zone,MP_Malwa,2019,Rabi,Pulses,19.72,29.08,210.12,43.51,11.11,6.68,0.448,145.6,24.1,211.2,1780.28
AGR_Wes_2018_00963,West_Zone,MP_Malwa,2018,Rabi,Cotton,20.84,32.62,111.71,48.11,12.16,6.58,0.633,142.5,22.1,189.9,2161.06
AGR_Wes_2019_00964,West_Zone,MP_Malwa,2019,Zaid,Pulses,26.63,34.28,52.42,62.08,12.72,7.29,0.947,114.8,26.2,229.5,1594.4
AGR_Wes_2023_00965,West_Zone,MH_Marathwada,2023,Kharif,Rice,25.12,37.79,1018.39,91.16,10.0,6.71,0.696,124.3,19.6,178.4,4616.47
AGR_Wes_2020_00966,West_Zone,MH_Marathwada,2020,Rabi,Wheat,22.41,36.3,157.72,61.35,10.0,6.08,0.432,251.8,18.9,198.7,4317.89
AGR_Wes_2021_00967,West_Zone,MH_Marathwada,2021,Zaid,Maize,27.93,40.23,69.62,60.46,11.98,6.37,0.474,102.7,30.4,149.3,2913.89
AGR_Wes_2019_00968,West_Zone,GJ_Saurashtra,2019,Kharif,Cotton,23.48,31.85,986.1,83.6,10.55,7.43,0.691,147.9,13.3,151.9,2692.23
AGR_Wes_2022_00969,West_Zone,MH_Vidarbha,2022,Zaid,Soybean,27.27,34.48,57.38,48.24,12.24,6.36,0.535,209.6,32.1,200.4,2656.8
AGR_Wes_2021_00970,West_Zone,MP_Malwa,2021,Kharif,Pulses,26.85,34.0,839.45,82.49,10.0,6.43,0.706,164.7,19.3,275.6,2662.08
AGR_Wes_2019_00971,West_Zone,GJ_Saurashtra,2019,Rabi,Maize,19.82,29.71,,59.92,12.99,6.43,0.722,172.7,26.9,145.7,3483.57
AGR_Wes_2020_00972,West_Zone,GJ_Saurashtra,2020,Rabi,Wheat,21.72,30.27,233.8,,13.9,6.3,0.34,164.1,41.7,282.7,3884.11
AGR_Wes_2020_00973,West_Zone,GJ_Saurashtra,2020,Rabi,Maize,21.41,29.57,167.81,51.63,10.99,7.34,0.838,185.1,14.8,215.6,3408.32
AGR_Wes_2023_00974,West_Zone,MH_Vidarbha,2023,Rabi,Wheat,,28.11,129.92,54.71,11.33,6.74,0.512,201.7,27.2,148.7,3939.48
AGR_Wes_2020_00975,West_Zone,GJ_Saurashtra,2020,Rabi,Pulses,20.43,32.72,152.25,52.22,13.65,7.41,0.414,191.6,22.4,177.5,1684.8
AGR_Wes_2019_00976,West_Zone,MH_Marathwada,2019,Rabi,Pulses,20.72,34.06,134.36,75.28,10.0,7.6,0.511,91.2,21.5,201.8,1254.67
AGR_Wes_2020_00977,West_Zone,MH_Vidarbha,2020,Kharif,Cotton,25.3,36.2,519.18,58.6,10.26,6.21,0.667,158.1,17.1,218.8,2826.71
AGR_Wes_2020_00978,West_Zone,MP_Malwa,2020,Kharif,Maize,25.6,37.68,1005.2,86.7,12.23,6.45,0.791,216.3,34.4,238.0,4372.78
AGR_Wes_2018_00979,West_Zone,MP_Malwa,2018,Kharif,Pulses,,37.59,947.0,,10.0,6.82,0.665,193.5,25.3,217.0,2319.57
AGR_Wes_2019_00980,West_Zone,MH_Vidarbha,2019,Kharif,Maize,24.25,32.65,516.21,78.12,10.0,5.2,0.438,173.8,18.5,277.5,4376.97
AGR_Wes_2018_00981,West_Zone,MP_Malwa,2018,Rabi,Pulses,21.65,29.57,142.83,59.68,11.88,7.59,0.505,150.8,32.5,182.2,1355.45
AGR_Wes_2023_00982,West_Zone,MH_Marathwada,2023,Kharif,Soybean,23.28,33.67,548.45,,10.0,7.5,0.505,121.2,24.3,232.8,2897.82
AGR_Wes_2021_00983,West_Zone,MH_Vidarbha,2021,Kharif,Pulses,,34.01,,67.93,11.17,8.12,0.579,196.7,15.7,202.7,2386.4
AGR_Wes_2018_00984,West_Zone,GJ_Saurashtra,2018,Rabi,Pulses,22.27,,145.86,56.96,13.21,7.07,0.806,216.7,17.3,296.5,1684.88
AGR_Wes_2019_00985,West_Zone,MH_Vidarbha,2019,Rabi,Cotton,20.52,28.26,196.39,61.61,14.75,7.2,0.541,185.2,27.4,239.0,2148.05
AGR_Wes_2022_00986,West_Zone,MH_Marathwada,2022,Rabi,Pulses,21.64,30.92,164.38,58.25,12.13,7.44,0.553,170.6,27.3,281.9,1304.21
AGR_Wes_2018_00987,West_Zone,MH_Vidarbha,2018,Kharif,Wheat,25.31,,796.56,65.47,10.0,7.48,0.644,192.7,14.5,191.3,4735.88
AGR_Wes_2019_00988,West_Zone,MP_Malwa,2019,Zaid,Wheat,27.54,41.11,48.22,45.05,15.85,6.55,0.451,152.6,29.2,336.3,3421.62
AGR_Wes_2022_00989,West_Zone,MH_Vidarbha,2022,Rabi,Maize,20.97,29.32,115.21,39.3,13.21,6.28,0.565,191.8,27.9,229.2,3132.95
AGR_Wes_2018_00990,West_Zone,MH_Marathwada,2018,Kharif,Wheat,24.97,34.69,716.56,77.59,10.0,7.41,0.429,134.1,8.0,174.4,4543.15
AGR_Wes_2021_00991,West_Zone,MP_Malwa,2021,Kharif,Soybean,23.69,32.04,1046.69,80.69,10.22,7.53,0.703,152.9,34.2,261.7,3564.88
AGR_Wes_2020_00992,West_Zone,MH_Marathwada,2020,Kharif,Soybean,26.52,34.89,708.21,74.33,10.1,6.89,0.5,253.8,20.0,198.9,3448.57
AGR_Wes_2023_00993,West_Zone,MH_Vidarbha,2023,Rabi,Pulses,23.02,35.93,207.17,54.52,12.23,7.12,0.352,175.6,24.4,263.0,1394.36
AGR_Wes_2021_00994,West_Zone,GJ_Saurashtra,2021,Rabi,Maize,21.95,33.57,201.41,61.07,12.17,8.24,0.796,207.3,16.2,261.6,3931.92
AGR_Wes_2018_00995,West_Zone,MH_Marathwada,2018,Kharif,Maize,25.16,38.62,923.55,89.34,10.53,6.66,0.707,216.7,16.0,215.0,4055.43
AGR_Wes_2021_00996,West_Zone,MH_Vidarbha,2021,Rabi,Soybean,19.88,33.27,179.34,51.1,15.28,7.0,0.39,168.2,22.4,275.7,2409.11
AGR_Wes_2018_00997,West_Zone,GJ_Saurashtra,2018,Kharif,Pulses,24.45,33.76,906.53,91.64,10.0,7.12,0.649,239.8,14.2,165.6,2607.26
AGR_Wes_2019_00998,West_Zone,MH_Vidarbha,2019,Rabi,Maize,23.37,36.71,88.82,43.19,11.93,6.49,0.507,211.5,15.9,249.1,3389.92
AGR_Wes_2020_00999,West_Zone,MH_Vidarbha,2020,Kharif,Rice,23.89,31.56,713.19,72.84,12.21,5.99,1.076,184.1,21.5,250.4,5762.97
AGR_Wes_2018_01000,West_Zone,MH_Vidarbha,2018,Zaid,Pulses,25.18,32.99,70.3,,10.0,6.76,0.44,126.1,21.1,172.7,1351.44
AGR_Wes_2021_01001,West_Zone,GJ_Saurashtra,2021,Rabi,Rice,23.71,33.93,142.0,43.18,14.22,7.56,0.676,175.5,30.9,197.4,4670.25
AGR_Wes_2020_01002,West_Zone,MH_Marathwada,2020,Rabi,Wheat,18.84,27.65,87.93,52.16,12.79,6.4,0.453,224.4,22.4,205.2,3707.57
AGR_Wes_2022_01003,West_Zone,MH_Vidarbha,2022,Kharif,Cotton,26.13,36.17,841.3,81.66,10.0,6.68,0.499,234.3,22.4,194.6,3121.59
AGR_Wes_2018_01004,West_Zone,GJ_Saurashtra,2018,Kharif,Pulses,25.1,32.96,607.75,69.96,11.21,7.6,0.562,107.0,21.0,219.9,2001.96
AGR_Wes_2021_01005,West_Zone,MH_Marathwada,2021,Rabi,Maize,,29.27,168.06,51.56,11.87,5.4,0.236,209.0,21.3,153.1,3238.05
AGR_Wes_2021_01006,West_Zone,GJ_Saurashtra,2021,Kharif,Cotton,24.62,38.13,,74.75,10.7,5.85,0.231,176.9,11.1,268.5,2881.71
AGR_Wes_2022_01007,West_Zone,MH_Vidarbha,2022,Rabi,Pulses,21.87,33.9,,77.24,11.38,7.77,0.886,200.7,23.3,191.0,1943.84
AGR_Wes_2019_01008,West_Zone,MP_Malwa,2019,Rabi,Pulses,20.39,32.73,98.88,54.33,12.04,6.94,0.853,211.0,13.0,254.0,1642.25
AGR_Wes_2021_01009,West_Zone,MH_Marathwada,2021,Kharif,Wheat,,36.47,628.25,63.84,11.18,7.67,0.319,90.0,19.9,134.8,3918.6
AGR_Wes_2022_01010,West_Zone,MH_Vidarbha,2022,Kharif,Cotton,25.08,32.43,,91.75,10.0,7.55,0.676,214.0,23.9,166.8,2975.1
AGR_Wes_2022_01011,West_Zone,MH_Vidarbha,2022,Kharif,Rice,22.76,29.96,734.08,71.6,10.0,6.32,0.633,240.9,22.7,211.7,5478.64
AGR_Wes_2022_01012,West_Zone,MH_Marathwada,2022,Zaid,Cotton,26.36,35.79,67.42,48.91,13.22,6.38,0.837,204.4,19.0,204.0,2443.51
AGR_Wes_2019_01013,West_Zone,MH_Vidarbha,2019,Kharif,Pulses,27.07,37.67,1026.94,89.2,10.0,5.85,0.608,207.6,29.1,279.5,2294.34
AGR_Wes_2019_01014,West_Zone,MH_Marathwada,2019,Kharif,Pulses,25.63,33.17,1282.11,88.7,10.0,7.01,0.791,222.0,27.9,173.1,2613.12
AGR_Wes_2019_01015,West_Zone,GJ_Saurashtra,2019,Kharif,Maize,27.19,35.45,503.1,63.75,13.26,7.14,0.344,126.4,26.6,134.4,3696.23
AGR_Wes_2020_01016,West_Zone,MH_Vidarbha,2020,Kharif,Pulses,23.12,35.34,1131.92,87.86,10.39,6.8,0.819,167.6,23.3,205.2,2437.53
AGR_Wes_2023_01017,West_Zone,GJ_Saurashtra,2023,Rabi,Wheat,19.57,32.34,128.01,49.75,10.62,7.75,0.334,129.2,28.7,299.9,3579.97
AGR_Wes_2018_01018,West_Zone,MH_Marathwada,2018,Kharif,Cotton,26.34,37.25,593.0,44.79,15.86,7.14,0.438,188.5,23.2,209.8,2833.5
AGR_Wes_2021_01019,West_Zone,MP_Malwa,2021,Kharif,Wheat,,38.36,739.77,71.35,10.0,7.15,0.624,205.6,26.1,185.8,4575.23
AGR_Wes_2020_01020,West_Zone,GJ_Saurashtra,2020,Rabi,Maize,22.72,33.0,58.23,45.31,15.02,6.91,0.537,218.7,16.6,126.7,3348.16
AGR_Wes_2019_01021,West_Zone,MH_Vidarbha,2019,Kharif,Wheat,25.6,36.33,984.4,,12.22,6.77,0.649,194.5,11.1,212.6,4644.59
AGR_Wes_2022_01022,West_Zone,GJ_Saurashtra,2022,Kharif,Wheat,,35.66,749.84,74.93,10.0,6.76,0.55,153.7,20.6,172.4,4278.47
AGR_Wes_2021_01023,West_Zone,MP_Malwa,2021,Rabi,Wheat,,34.33,146.2,70.47,10.35,6.55,0.682,162.3,30.6,231.1,4163.21
AGR_Wes_2018_01024,West_Zone,MH_Vidarbha,2018,Kharif,Pulses,,31.57,588.38,77.66,10.0,6.56,0.424,153.7,29.3,220.8,2218.45
AGR_Wes_2019_01025,West_Zone,MH_Marathwada,2019,Kharif,Rice,,35.7,666.12,79.93,10.0,6.76,0.511,153.6,36.4,192.4,5160.69
AGR_Wes_2021_01026,West_Zone,MP_Malwa,2021,Kharif,Cotton,23.37,35.1,1203.7,92.21,10.0,6.56,0.64,164.8,27.6,250.7,3260.83
AGR_Wes_2020_01027,West_Zone,GJ_Saurashtra,2020,Kharif,Wheat,25.65,,909.4,60.99,12.75,5.7,0.635,188.6,20.3,261.5,4456.58
AGR_Wes_2019_01028,West_Zone,MH_Marathwada,2019,Rabi,Cotton,23.46,34.98,222.81,61.28,11.99,6.48,0.544,158.2,14.7,241.2,2652.72
AGR_Wes_2022_01029,West_Zone,GJ_Saurashtra,2022,Rabi,Pulses,20.02,,131.16,49.79,11.47,7.34,0.581,181.4,17.2,249.4,1564.8
AGR_Wes_2019_01030,West_Zone,MH_Vidarbha,2019,Rabi,Pulses,18.91,26.7,135.64,68.49,12.08,7.23,0.535,118.1,29.3,186.6,1292.33
AGR_Wes_2023_01031,West_Zone,MH_Vidarbha,2023,Kharif,Pulses,22.28,32.26,600.92,73.32,10.0,6.62,0.7,214.6,29.2,232.9,2285.94
AGR_Wes_2018_01032,West_Zone,GJ_Saurashtra,2018,Rabi,Rice,23.24,,130.57,57.29,13.84,5.83,0.494,201.3,31.3,226.4,4171.46
AGR_Wes_2020_01033,West_Zone,MH_Vidarbha,2020,Rabi,Wheat,22.25,31.93,152.05,30.0,17.84,6.5,0.368,170.3,13.6,294.8,3552.85
AGR_Wes_2020_01034,West_Zone,GJ_Saurashtra,2020,Kharif,Cotton,25.95,36.38,,69.18,12.39,7.62,0.554,197.2,21.0,215.7,2966.73
AGR_Wes_2019_01035,West_Zone,MH_Marathwada,2019,Rabi,Cotton,,33.87,134.64,55.74,10.0,7.9,0.493,262.7,24.3,264.8,2117.64
AGR_Wes_2020_01036,West_Zone,GJ_Saurashtra,2020,Rabi,Pulses,21.91,32.68,214.91,63.42,10.32,6.36,0.703,162.0,22.6,254.3,1698.5
AGR_Wes_2018_01037,West_Zone,MP_Malwa,2018,Kharif,Maize,,36.35,534.95,,11.8,6.82,0.711,198.3,19.0,188.3,4124.98
AGR_Wes_2022_01038,West_Zone,MH_Marathwada,2022,Rabi,Maize,17.88,26.21,238.18,,13.78,8.15,0.433,242.5,20.8,222.7,3907.88
AGR_Wes_2020_01039,West_Zone,MH_Vidarbha,2020,Rabi,Soybean,20.98,29.52,106.41,48.2,12.56,7.19,0.642,221.9,29.7,200.7,2630.62
AGR_Wes_2022_01040,West_Zone,MH_Marathwada,2022,Zaid,Pulses,29.34,39.36,53.65,62.55,11.91,7.37,0.655,213.4,33.5,184.5,1086.69
AGR_Wes_2019_01041,West_Zone,MP_Malwa,2019,Kharif,Rice,25.8,37.6,974.32,68.0,11.58,6.93,0.694,146.5,24.8,196.5,4895.74
AGR_Wes_2021_01042,West_Zone,MH_Vidarbha,2021,Zaid,Wheat,28.25,35.45,,45.31,12.18,6.16,0.364,178.7,34.0,187.5,3772.5
AGR_Wes_2019_01043,West_Zone,MH_Marathwada,2019,Kharif,Pulses,28.01,,669.02,77.37,10.0,7.29,0.527,204.6,28.0,274.3,2459.09
AGR_Wes_2019_01044,West_Zone,MP_Malwa,2019,Kharif,Wheat,24.13,34.38,783.5,80.09,10.0,7.52,0.795,225.5,28.1,251.5,4933.15
AGR_Wes_2022_01045,West_Zone,MH_Vidarbha,2022,Zaid,Rice,23.4,,70.56,41.92,15.46,7.28,0.946,213.8,15.3,237.1,4826.33
AGR_Wes_2022_01046,West_Zone,MH_Vidarbha,2022,Kharif,Wheat,23.54,32.97,984.2,60.78,11.39,7.75,0.557,199.6,25.0,157.5,4993.16
AGR_Wes_2020_01047,West_Zone,MP_Malwa,2020,Kharif,Maize,25.34,34.83,425.0,,10.0,6.63,0.975,190.2,32.5,151.7,4609.48
AGR_Wes_2019_01048,West_Zone,MH_Vidarbha,2019,Rabi,Cotton,21.07,29.41,,41.02,14.38,6.78,0.777,236.5,17.5,110.0,2415.64
AGR_Wes_2022_01049,West_Zone,MH_Marathwada,2022,Rabi,Soybean,21.51,29.01,,41.4,14.7,6.64,0.643,175.3,17.0,257.5,2654.13
AGR_Wes_2020_01050,West_Zone,GJ_Saurashtra,2020,Kharif,Rice,25.89,39.67,964.35,72.48,13.17,7.87,0.829,169.3,15.5,203.4,5097.43
AGR_Wes_2022_01051,West_Zone,MH_Marathwada,2022,Rabi,Pulses,21.46,35.44,106.71,58.4,10.21,8.0,0.428,152.4,25.2,227.7,1501.89
AGR_Wes_2020_01052,West_Zone,GJ_Saurashtra,2020,Kharif,Wheat,25.59,37.87,583.22,93.76,10.0,6.63,0.763,193.0,30.0,177.9,4898.97
AGR_Wes_2020_01053,West_Zone,MH_Marathwada,2020,Kharif,Wheat,28.11,35.66,1286.83,81.5,15.24,6.9,0.939,167.2,28.7,181.9,5120.11
AGR_Wes_2021_01054,West_Zone,GJ_Saurashtra,2021,Kharif,Cotton,,37.13,,60.01,14.63,7.36,0.585,219.4,26.6,176.9,3207.2
AGR_Wes_2020_01055,West_Zone,MP_Malwa,2020,Rabi,Wheat,19.44,28.58,264.08,74.73,10.0,6.37,0.567,201.0,17.7,282.5,4330.61
AGR_Wes_2023_01056,West_Zone,MH_Marathwada,2023,Kharif,Soybean,24.75,32.38,519.4,62.36,10.0,7.17,0.293,148.9,22.0,191.4,3205.45
AGR_Wes_2022_01057,West_Zone,MH_Vidarbha,2022,Kharif,Wheat,24.84,35.83,,91.08,10.0,6.48,0.564,110.4,22.3,181.0,4404.03
AGR_Wes_2021_01058,West_Zone,MH_Vidarbha,2021,Kharif,Maize,24.61,31.62,802.64,64.44,11.51,7.07,0.443,219.0,23.0,228.3,4190.0
AGR_Wes_2021_01059,West_Zone,MP_Malwa,2021,Zaid,Wheat,26.93,40.85,118.76,59.46,10.0,6.97,0.415,177.9,15.0,267.4,3232.88
AGR_Wes_2021_01060,West_Zone,GJ_Saurashtra,2021,Kharif,Maize,24.22,32.89,820.99,,13.03,7.14,0.828,175.0,29.3,226.2,4421.63
AGR_Wes_2021_01061,West_Zone,MH_Marathwada,2021,Kharif,Wheat,25.27,33.68,485.65,73.98,13.18,6.04,0.594,108.0,24.2,249.7,4429.32
AGR_Wes_2018_01062,West_Zone,GJ_Saurashtra,2018,Kharif,Pulses,23.31,37.21,337.74,50.47,11.59,6.68,0.435,132.6,15.7,201.8,1809.56
AGR_Wes_2021_01063,West_Zone,MH_Vidarbha,2021,Kharif,Maize,,35.36,627.57,62.57,13.73,8.5,0.529,185.8,28.7,294.4,4439.52
AGR_Wes_2018_01064,West_Zone,MH_Vidarbha,2018,Kharif,Soybean,23.73,34.74,926.11,95.0,10.0,6.6,0.896,129.5,20.0,182.5,3413.51
AGR_Wes_2021_01065,West_Zone,MH_Marathwada,2021,Kharif,Rice,24.5,37.01,501.36,66.43,11.58,6.58,0.2,248.4,23.4,313.7,5062.2
AGR_Wes_2020_01066,West_Zone,MH_Marathwada,2020,Rabi,Maize,21.62,28.84,198.08,76.94,11.81,7.38,0.811,177.0,26.3,196.7,3665.5
AGR_Wes_2022_01067,West_Zone,MH_Vidarbha,2022,Rabi,Cotton,19.62,27.11,220.64,,14.39,7.42,1.082,253.8,22.0,193.8,2492.93
AGR_Wes_2018_01068,West_Zone,MH_Vidarbha,2018,Kharif,Cotton,22.46,35.11,694.58,80.87,10.76,6.91,0.778,187.8,26.1,177.1,3009.03
AGR_Wes_2019_01069,West_Zone,GJ_Saurashtra,2019,Kharif,Maize,,32.53,726.66,75.89,10.0,6.22,0.75,151.3,25.8,180.9,4035.11
AGR_Wes_2019_01070,West_Zone,GJ_Saurashtra,2019,Kharif,Soybean,26.4,34.01,1183.65,95.0,10.0,7.74,0.742,154.7,21.3,234.9,3591.53
AGR_Wes_2018_01071,West_Zone,MH_Marathwada,2018,Rabi,Cotton,21.1,31.35,86.08,63.29,12.26,6.37,0.848,240.6,18.3,230.4,2358.72
AGR_Wes_2019_01072,West_Zone,GJ_Saurashtra,2019,Kharif,Soybean,25.23,34.59,1145.27,84.58,11.26,6.98,0.808,249.4,24.1,208.7,3525.32
AGR_Wes_2023_01073,West_Zone,MH_Marathwada,2023,Kharif,Soybean,27.33,39.33,376.13,66.56,10.0,7.28,0.59,203.8,9.4,211.1,3184.89
AGR_Wes_2020_01074,West_Zone,MH_Marathwada,2020,Kharif,Pulses,25.1,34.96,806.28,86.29,12.98,6.58,0.306,180.8,20.1,177.0,2442.21
AGR_Wes_2018_01075,West_Zone,MP_Malwa,2018,Rabi,Wheat,19.37,28.51,46.3,44.26,14.07,6.12,0.431,241.1,33.1,279.6,3462.27
AGR_Wes_2023_01076,West_Zone,MH_Marathwada,2023,Kharif,Maize,24.45,31.65,350.15,79.4,10.0,5.69,0.326,216.8,16.7,194.4,4177.66
AGR_Wes_2022_01077,West_Zone,MH_Marathwada,2022,Kharif,Pulses,26.41,35.52,746.85,70.51,10.58,7.14,0.77,238.9,25.3,151.8,2743.85
AGR_Wes_2019_01078,West_Zone,MH_Marathwada,2019,Rabi,Wheat,19.49,32.12,83.89,64.76,10.0,7.13,0.534,153.4,15.7,202.9,3441.69
AGR_Wes_2019_01079,West_Zone,GJ_Saurashtra,2019,Kharif,Pulses,25.71,38.99,630.79,57.01,13.51,5.93,0.628,222.0,13.1,226.4,2245.74
AGR_Wes_2018_01080,West_Zone,MH_Marathwada,2018,Rabi,Wheat,20.97,28.86,,50.47,12.91,6.38,1.067,181.5,29.9,173.2,4257.67
AGR_Wes_2023_01081,West_Zone,MH_Vidarbha,2023,Kharif,Rice,24.24,32.46,1231.74,85.74,10.67,6.8,0.708,190.0,13.3,137.2,5273.08
AGR_Wes_2018_01082,West_Zone,MH_Marathwada,2018,Kharif,Wheat,24.59,32.42,704.95,,10.0,6.62,0.618,109.6,22.2,218.8,4338.11
AGR_Wes_2020_01083,West_Zone,MH_Marathwada,2020,Kharif,Pulses,26.35,37.11,1240.41,84.28,10.37,8.07,0.672,203.1,30.5,228.3,2128.47
AGR_Wes_2021_01084,West_Zone,MP_Malwa,2021,Kharif,Maize,24.69,34.58,1041.91,95.0,10.0,6.71,0.747,177.7,18.8,255.7,4439.72
AGR_Wes_2022_01085,West_Zone,MH_Marathwada,2022,Rabi,Soybean,23.39,32.42,126.98,55.72,10.2,6.69,0.578,90.0,26.6,192.4,2217.56
AGR_Wes_2020_01086,West_Zone,MH_Vidarbha,2020,Kharif,Pulses,25.19,35.57,890.07,,10.38,7.19,1.058,278.1,20.0,261.8,2709.83
AGR_Wes_2018_01087,West_Zone,MP_Malwa,2018,Zaid,Rice,28.69,,52.99,61.75,11.67,6.21,0.59,126.8,24.1,204.8,3885.94
AGR_Wes_2023_01088,West_Zone,GJ_Saurashtra,2023,Kharif,Rice,23.63,34.25,985.35,83.51,11.78,7.98,0.644,174.5,25.6,236.9,5123.19
AGR_Wes_2022_01089,West_Zone,GJ_Saurashtra,2022,Kharif,Rice,28.04,38.55,786.88,,11.62,7.5,0.405,204.2,25.4,219.9,4707.73
AGR_Wes_2022_01090,West_Zone,GJ_Saurashtra,2022,Rabi,Rice,21.13,29.66,162.83,47.45,13.6,5.58,0.519,173.6,17.7,270.3,4250.34
AGR_Wes_2018_01091,West_Zone,MH_Marathwada,2018,Rabi,Cotton,20.02,27.91,121.65,38.92,16.69,7.3,0.678,187.9,27.7,163.5,1965.02
AGR_Wes_2021_01092,West_Zone,MH_Vidarbha,2021,Zaid,Maize,28.65,42.55,75.59,58.24,11.4,6.59,0.488,207.8,26.1,212.2,3197.01
AGR_Wes_2023_01093,West_Zone,MH_Vidarbha,2023,Kharif,Pulses,24.03,34.83,636.12,73.81,12.13,7.55,0.588,182.2,27.3,168.1,2329.95
AGR_Wes_2023_01094,West_Zone,MP_Malwa,2023,Kharif,Maize,27.75,34.78,388.91,53.43,14.45,6.73,0.465,185.9,8.0,211.9,4087.19
AGR_Wes_2023_01095,West_Zone,GJ_Saurashtra,2023,Rabi,Cotton,23.03,36.61,191.1,55.22,11.27,6.97,0.685,266.2,22.3,177.0,3035.78
AGR_Wes_2021_01096,West_Zone,MH_Vidarbha,2021,Rabi,Pulses,21.05,29.53,192.64,37.56,13.96,6.65,0.767,182.9,19.8,153.7,1724.18
AGR_Wes_2023_01097,West_Zone,GJ_Saurashtra,2023,Rabi,Maize,22.1,30.61,148.99,64.15,12.03,7.15,0.746,196.2,30.1,228.7,3846.78
AGR_Wes_2021_01098,West_Zone,GJ_Saurashtra,2021,Rabi,Maize,23.22,32.59,232.51,,10.31,8.28,0.702,186.1,15.9,242.5,3862.79
AGR_Wes_2023_01099,West_Zone,GJ_Saurashtra,2023,Kharif,Maize,27.67,39.08,736.25,58.99,14.13,7.02,0.692,172.9,20.9,230.6,4260.14
AGR_Wes_2019_01100,West_Zone,MH_Vidarbha,2019,Kharif,Maize,25.22,37.49,727.78,,14.1,6.65,0.762,206.5,31.0,155.4,4588.62
AGR_Wes_2021_01101,West_Zone,MP_Malwa,2021,Kharif,Pulses,23.64,34.64,1140.02,92.95,10.0,7.48,0.715,140.6,27.7,177.4,2199.84
AGR_Wes_2019_01102,West_Zone,MP_Malwa,2019,Kharif,Wheat,,39.2,550.27,,11.99,7.06,0.501,177.9,10.5,231.4,4467.06
AGR_Wes_2018_01103,West_Zone,MH_Marathwada,2018,Kharif,Cotton,27.3,38.15,883.3,,10.0,7.03,0.772,199.0,15.4,236.4,2855.61
AGR_Wes_2018_01104,West_Zone,MH_Marathwada,2018,Kharif,Rice,24.02,37.85,128.57,46.82,14.58,6.31,0.709,190.6,20.2,111.5,4270.46
AGR_Wes_2018_01105,West_Zone,MP_Malwa,2018,Rabi,Wheat,21.85,33.87,129.12,70.56,12.26,6.28,0.573,126.2,23.4,157.4,3715.33
AGR_Wes_2021_01106,West_Zone,MH_Marathwada,2021,Kharif,Pulses,26.96,,1220.3,79.9,10.0,7.52,0.423,219.3,23.3,190.0,2500.82
AGR_Wes_2022_01107,West_Zone,GJ_Saurashtra,2022,Rabi,Wheat,23.34,33.77,179.36,54.86,10.39,8.01,0.763,184.6,23.0,166.8,4354.34
AGR_Wes_2023_01108,West_Zone,MP_Malwa,2023,Rabi,Rice,20.09,32.78,150.09,50.1,12.37,6.41,0.712,93.7,25.2,177.1,3901.67
AGR_Wes_2023_01109,West_Zone,MP_Malwa,2023,Rabi,Rice,21.36,,193.32,50.16,12.69,8.15,0.606,184.2,18.7,212.2,4722.57
AGR_Wes_2022_01110,West_Zone,MH_Marathwada,2022,Rabi,Pulses,19.9,,61.01,49.78,13.1,5.96,0.575,194.0,22.1,193.8,1217.36
AGR_Wes_2020_01111,West_Zone,MH_Vidarbha,2020,Kharif,Pulses,24.88,35.79,770.88,76.53,10.95,6.7,0.583,132.6,22.7,212.4,2248.82
AGR_Wes_2021_01112,West_Zone,MH_Marathwada,2021,Rabi,Wheat,19.49,27.2,113.83,73.11,10.0,6.16,0.611,125.3,33.7,291.2,3673.17
AGR_Wes_2018_01113,West_Zone,MP_Malwa,2018,Kharif,Wheat,26.11,37.97,,67.86,13.0,6.47,0.556,187.1,21.2,202.1,4588.68
AGR_Wes_2018_01114,West_Zone,MP_Malwa,2018,Kharif,Cotton,23.44,31.11,831.05,83.29,10.13,5.97,0.518,141.5,22.4,148.9,3056.39
AGR_Wes_2019_01115,West_Zone,GJ_Saurashtra,2019,Zaid,Maize,28.31,38.59,91.54,35.31,14.3,6.78,0.565,175.7,23.2,254.3,3513.02
AGR_Wes_2021_01116,West_Zone,MH_Marathwada,2021,Kharif,Maize,28.28,36.17,886.15,72.58,11.56,5.97,0.353,171.6,25.5,157.4,3738.69
AGR_Wes_2018_01117,West_Zone,MH_Marathwada,2018,Zaid,Maize,25.53,38.5,51.13,65.53,10.01,7.01,0.2,109.9,19.6,198.2,2441.61
AGR_Wes_2022_01118,West_Zone,MH_Vidarbha,2022,Rabi,Wheat,22.52,36.24,188.73,74.64,10.0,6.83,0.54,208.9,26.2,244.4,4248.32
AGR_Wes_2018_01119,West_Zone,MH_Vidarbha,2018,Kharif,Pulses,27.17,36.7,990.14,,12.22,6.79,0.536,140.2,11.4,216.1,2205.81
AGR_Wes_2018_01120,West_Zone,MP_Malwa,2018,Kharif,Rice,25.41,36.42,612.81,70.5,10.44,6.61,0.542,196.1,33.1,202.6,5057.21
AGR_Wes_2019_01121,West_Zone,MH_Vidarbha,2019,Kharif,Rice,25.37,37.2,411.51,49.59,13.82,6.39,0.669,174.3,16.8,219.0,5095.8
AGR_Wes_2023_01122,West_Zone,MH_Vidarbha,2023,Zaid,Cotton,25.35,38.89,80.51,36.12,15.42,5.82,0.553,195.3,15.6,186.2,1993.85
AGR_Wes_2021_01123,West_Zone,GJ_Saurashtra,2021,Rabi,Cotton,21.77,31.16,115.09,52.93,10.89,6.64,0.452,259.8,8.2,162.0,2552.4
AGR_Wes_2022_01124,West_Zone,MP_Malwa,2022,Kharif,Cotton,27.3,,341.03,47.02,12.54,8.04,0.514,142.0,8.3,275.7,2441.85
AGR_Wes_2019_01125,West_Zone,MH_Marathwada,2019,Kharif,Pulses,25.4,35.6,252.05,54.26,10.86,6.25,0.557,182.1,14.5,223.1,2074.46
AGR_Wes_2018_01126,West_Zone,MH_Vidarbha,2018,Rabi,Cotton,21.59,35.38,86.74,62.22,11.91,5.93,0.456,162.2,31.6,192.9,1892.33
AGR_Wes_2022_01127,West_Zone,GJ_Saurashtra,2022,Rabi,Wheat,21.15,34.15,97.08,61.02,11.35,6.94,0.285,201.5,26.3,211.6,3510.97
AGR_Wes_2021_01128,West_Zone,MH_Marathwada,2021,Rabi,Rice,20.85,34.34,177.06,53.46,12.7,5.55,0.775,141.1,32.5,215.2,4384.6
AGR_Wes_2021_01129,West_Zone,MP_Malwa,2021,Kharif,Cotton,23.96,35.24,548.56,69.22,10.0,7.22,0.767,137.6,13.6,279.6,3005.48
AGR_Wes_2023_01130,West_Zone,MP_Malwa,2023,Rabi,Wheat,19.07,32.91,166.73,61.82,10.0,6.89,0.474,164.6,20.7,302.4,3703.26
AGR_Wes_2023_01131,West_Zone,MP_Malwa,2023,Kharif,Wheat,26.51,34.93,606.11,72.82,10.54,7.3,0.44,214.0,15.6,238.6,4679.62
AGR_Wes_2019_01132,West_Zone,MP_Malwa,2019,Kharif,Soybean,25.08,38.7,708.1,74.5,10.0,5.95,0.703,142.5,16.1,261.1,3191.08
AGR_Wes_2023_01133,West_Zone,GJ_Saurashtra,2023,Rabi,Cotton,19.15,29.15,240.77,66.02,11.94,7.8,0.73,239.2,26.2,277.5,2780.68
AGR_Wes_2021_01134,West_Zone,GJ_Saurashtra,2021,Kharif,Maize,22.52,34.31,628.69,73.59,11.75,6.72,0.78,142.3,30.5,297.3,4148.74
AGR_Wes_2018_01135,West_Zone,MH_Vidarbha,2018,Kharif,Pulses,24.32,33.86,387.97,73.84,12.03,6.17,0.556,142.6,27.4,196.3,2099.75
AGR_Wes_2018_01136,West_Zone,MH_Marathwada,2018,Rabi,Pulses,21.21,31.11,161.29,,13.26,6.69,0.81,112.8,20.1,192.6,1456.16
AGR_Wes_2018_01137,West_Zone,MH_Vidarbha,2018,Zaid,Rice,26.05,34.28,64.84,71.37,11.17,6.54,1.012,158.3,13.0,188.1,4432.09
AGR_Wes_2018_01138,West_Zone,GJ_Saurashtra,2018,Kharif,Soybean,26.29,35.26,533.02,55.69,10.0,7.36,0.883,191.0,23.6,220.7,3299.84
AGR_Wes_2019_01139,West_Zone,MH_Vidarbha,2019,Kharif,Cotton,25.25,38.46,842.52,78.01,10.0,6.26,0.729,142.2,25.4,246.8,2701.62
AGR_Wes_2023_01140,West_Zone,MH_Marathwada,2023,Zaid,Pulses,28.15,37.43,46.84,50.45,11.97,7.24,0.811,162.0,21.1,173.3,1396.94
AGR_Wes_2021_01141,West_Zone,MH_Marathwada,2021,Rabi,Soybean,22.49,33.49,141.54,35.85,14.95,6.2,0.342,193.0,21.7,208.8,2281.31
AGR_Wes_2018_01142,West_Zone,MH_Marathwada,2018,Zaid,Maize,24.51,33.3,98.92,54.69,12.42,7.27,0.317,142.5,21.9,207.2,2873.81
AGR_Wes_2020_01143,West_Zone,MH_Vidarbha,2020,Kharif,Wheat,27.27,40.19,708.39,70.05,10.45,7.04,0.604,168.4,14.6,201.7,4606.33
AGR_Wes_2021_01144,West_Zone,MH_Vidarbha,2021,Kharif,Pulses,24.81,38.08,778.91,71.82,12.34,6.73,0.701,110.3,9.5,166.5,2066.52
AGR_Wes_2022_01145,West_Zone,MH_Vidarbha,2022,Rabi,Wheat,22.3,30.6,161.91,52.18,12.16,5.81,0.479,176.3,22.1,173.9,3776.67
AGR_Wes_2020_01146,West_Zone,GJ_Saurashtra,2020,Rabi,Pulses,21.29,29.08,97.61,45.38,13.35,7.31,0.472,185.7,13.2,171.4,1494.99
AGR_Wes_2019_01147,West_Zone,GJ_Saurashtra,2019,Zaid,Wheat,26.15,33.32,80.78,60.9,12.62,7.52,0.561,208.7,27.6,165.2,3735.73
AGR_Wes_2021_01148,West_Zone,MP_Malwa,2021,Kharif,Maize,23.88,37.81,742.28,79.39,11.44,7.66,0.316,165.7,28.4,172.5,3549.64
AGR_Wes_2020_01149,West_Zone,MH_Marathwada,2020,Kharif,Rice,25.28,35.18,1059.49,,11.14,7.57,0.679,172.0,30.4,221.2,5333.03
AGR_Wes_2019_01150,West_Zone,MP_Malwa,2019,Rabi,Pulses,19.01,27.38,231.7,64.42,10.0,7.2,0.707,203.1,24.5,212.9,1712.6
AGR_Wes_2019_01151,West_Zone,MH_Marathwada,2019,Kharif,Wheat,23.81,32.42,367.62,58.46,10.51,6.57,0.473,192.2,25.7,216.1,4617.44
AGR_Wes_2020_01152,West_Zone,GJ_Saurashtra,2020,Kharif,Rice,26.34,37.6,1008.28,78.19,11.2,7.79,0.707,147.2,21.4,153.4,4878.54
AGR_Wes_2021_01153,West_Zone,MP_Malwa,2021,Kharif,Pulses,21.7,32.45,1271.15,95.0,10.0,6.62,0.781,197.9,17.6,206.7,2234.81
AGR_Wes_2022_01154,West_Zone,GJ_Saurashtra,2022,Rabi,Rice,22.97,31.55,125.72,47.52,10.0,7.6,0.713,203.9,26.6,244.5,4685.59
AGR_Wes_2018_01155,West_Zone,GJ_Saurashtra,2018,Kharif,Cotton,24.07,33.17,920.01,76.45,10.0,6.87,0.825,166.2,14.1,185.1,3195.12
AGR_Wes_2022_01156,West_Zone,MP_Malwa,2022,Rabi,Rice,23.15,33.82,130.68,67.27,12.83,6.51,0.446,166.3,14.1,180.0,4039.35
AGR_Wes_2022_01157,West_Zone,MH_Vidarbha,2022,Kharif,Soybean,27.27,35.81,1062.71,93.9,10.0,7.39,0.593,204.9,22.1,163.8,3227.35
AGR_Wes_2021_01158,West_Zone,GJ_Saurashtra,2021,Kharif,Wheat,25.37,37.32,87.43,49.05,10.41,5.47,0.497,159.4,19.1,110.0,3419.66
AGR_Wes_2023_01159,West_Zone,GJ_Saurashtra,2023,Kharif,Rice,24.53,32.21,914.27,68.72,11.65,6.99,0.881,201.5,29.4,199.8,5636.51
AGR_Wes_2018_01160,West_Zone,GJ_Saurashtra,2018,Kharif,Soybean,25.6,34.27,384.59,61.11,12.36,6.45,0.586,190.5,27.6,134.6,3305.43
AGR_Wes_2019_01161,West_Zone,MH_Marathwada,2019,Rabi,Maize,18.33,29.86,155.59,44.68,13.04,6.46,0.489,252.2,28.7,227.3,3766.05
AGR_Wes_2022_01162,West_Zone,MH_Vidarbha,2022,Zaid,Pulses,26.68,40.49,98.41,48.78,12.68,7.81,0.459,240.0,27.4,229.4,1394.68
AGR_Wes_2022_01163,West_Zone,MH_Vidarbha,2022,Zaid,Maize,27.02,34.3,58.83,50.59,12.59,6.06,0.656,167.3,14.6,148.5,3588.39
AGR_Wes_2023_01164,West_Zone,GJ_Saurashtra,2023,Rabi,Pulses,22.52,,165.16,57.05,11.81,6.09,0.841,252.0,12.6,174.0,1980.93
AGR_Wes_2020_01165,West_Zone,MH_Marathwada,2020,Kharif,Wheat,23.83,33.53,978.4,94.06,10.0,7.1,0.574,206.2,18.0,195.6,4520.55
AGR_Wes_2019_01166,West_Zone,MH_Marathwada,2019,Rabi,Wheat,22.25,33.23,128.08,43.19,12.9,6.46,0.354,173.1,18.3,179.4,3602.39
AGR_Wes_2018_01167,West_Zone,MP_Malwa,2018,Kharif,Pulses,26.25,33.56,684.41,83.33,10.0,5.9,0.641,267.7,19.3,249.3,2497.38
AGR_Wes_2022_01168,West_Zone,MH_Marathwada,2022,Rabi,Rice,19.94,30.89,215.99,51.35,14.69,7.13,0.632,200.3,27.0,205.7,4455.86
AGR_Wes_2018_01169,West_Zone,MH_Vidarbha,2018,Kharif,Cotton,23.67,31.04,1040.94,95.0,12.17,7.0,0.711,190.9,19.2,135.5,3258.89
AGR_Wes_2020_01170,West_Zone,GJ_Saurashtra,2020,Kharif,Maize,23.26,31.1,1210.45,95.0,10.0,6.51,0.582,241.1,23.3,301.5,4623.61
AGR_Wes_2021_01171,West_Zone,MH_Marathwada,2021,Rabi,Maize,,34.68,137.35,58.79,14.12,6.79,0.772,148.3,29.2,258.4,3603.1
AGR_Wes_2019_01172,West_Zone,MH_Marathwada,2019,Kharif,Cotton,24.25,,639.35,75.02,11.26,6.71,0.962,149.7,19.0,150.0,3085.68
AGR_Wes_2021_01173,West_Zone,GJ_Saurashtra,2021,Rabi,Soybean,21.52,31.65,144.71,51.96,12.68,6.11,0.87,180.1,19.6,148.8,2910.43
AGR_Wes_2021_01174,West_Zone,MH_Vidarbha,2021,Kharif,Maize,24.03,37.94,721.56,74.29,11.27,6.59,0.55,210.5,23.7,251.7,4059.66
AGR_Wes_2022_01175,West_Zone,MP_Malwa,2022,Kharif,Pulses,24.8,,903.06,,10.0,6.81,0.2,147.2,28.4,267.7,2106.28
AGR_Wes_2019_01176,West_Zone,MH_Marathwada,2019,Rabi,Pulses,19.43,26.5,150.7,49.07,12.84,5.92,0.482,161.7,16.5,242.9,1376.55
AGR_Wes_2020_01177,West_Zone,MH_Marathwada,2020,Kharif,Cotton,25.72,36.83,429.42,55.81,12.85,7.33,0.683,197.1,22.5,171.8,3025.09
AGR_Wes_2023_01178,West_Zone,MH_Vidarbha,2023,Kharif,Rice,27.65,40.0,421.96,70.75,14.08,5.66,0.334,141.4,14.2,203.7,4510.36
AGR_Wes_2022_01179,West_Zone,MP_Malwa,2022,Rabi,Maize,19.69,,198.07,46.76,14.19,5.85,0.515,134.2,22.3,233.0,3405.58
AGR_Wes_2018_01180,West_Zone,MH_Vidarbha,2018,Kharif,Wheat,21.74,34.63,790.35,86.66,10.28,5.82,0.539,114.6,12.0,159.9,4275.6
AGR_Wes_2020_01181,West_Zone,MH_Vidarbha,2020,Rabi,Cotton,,34.22,110.04,47.37,12.04,6.75,0.645,216.4,12.6,245.5,2410.54
AGR_Wes_2022_01182,West_Zone,MP_Malwa,2022,Rabi,Soybean,,30.74,107.82,52.51,12.38,6.7,0.391,189.1,27.4,277.0,2282.37
AGR_Wes_2018_01183,West_Zone,MP_Malwa,2018,Rabi,Soybean,22.1,,249.46,71.84,12.98,7.04,0.514,218.6,22.6,216.7,2586.07
AGR_Wes_2019_01184,West_Zone,MH_Vidarbha,2019,Kharif,Cotton,23.71,33.15,708.38,81.98,12.26,6.97,0.608,226.1,28.3,152.2,3238.21
AGR_Wes_2020_01185,West_Zone,MH_Vidarbha,2020,Kharif,Rice,22.91,31.6,1028.79,95.0,11.18,6.29,0.855,145.0,17.6,138.6,5265.47
AGR_Wes_2022_01186,West_Zone,MP_Malwa,2022,Kharif,Rice,24.78,33.06,878.49,78.47,10.0,7.03,0.719,199.9,25.0,244.8,5292.07
AGR_Wes_2020_01187,West_Zone,GJ_Saurashtra,2020,Kharif,Rice,25.28,38.85,203.59,47.77,10.8,7.11,0.562,163.4,23.3,110.7,4127.55
AGR_Wes_2022_01188,West_Zone,MH_Vidarbha,2022,Zaid,Wheat,26.17,39.45,124.31,,14.6,8.17,0.2,158.6,13.1,216.6,3258.24
AGR_Wes_2023_01189,West_Zone,MH_Vidarbha,2023,Zaid,Maize,,36.74,117.7,48.19,14.09,6.02,0.66,190.7,27.8,289.2,3736.6
AGR_Wes_2018_01190,West_Zone,MH_Marathwada,2018,Rabi,Cotton,23.96,,150.77,48.69,14.06,6.08,0.364,176.3,19.3,205.7,2219.88
AGR_Wes_2020_01191,West_Zone,GJ_Saurashtra,2020,Kharif,Maize,25.98,34.47,417.17,66.9,11.23,6.89,0.373,207.8,18.1,158.5,4391.55
AGR_Wes_2021_01192,West_Zone,GJ_Saurashtra,2021,Kharif,Pulses,24.02,36.3,922.01,88.28,10.0,5.26,0.569,183.8,18.5,230.4,2164.14
AGR_Wes_2021_01193,West_Zone,MH_Marathwada,2021,Rabi,Soybean,21.96,31.85,158.2,47.51,15.13,7.37,0.649,196.8,13.6,159.3,2654.6
AGR_Wes_2022_01194,West_Zone,MH_Marathwada,2022,Rabi,Wheat,21.87,,76.81,46.8,13.7,7.01,0.577,201.5,20.2,222.1,3632.29
AGR_Wes_2022_01195,West_Zone,MH_Marathwada,2022,Kharif,Pulses,24.6,37.01,684.54,78.27,10.0,7.09,0.914,207.5,22.3,184.6,2683.95
AGR_Wes_2018_01196,West_Zone,GJ_Saurashtra,2018,Rabi,Rice,20.51,34.0,116.17,,16.5,7.4,0.682,185.2,23.4,202.0,4158.7
AGR_Wes_2023_01197,West_Zone,MH_Vidarbha,2023,Kharif,Maize,22.7,32.77,765.6,66.65,10.56,7.2,0.397,165.2,14.8,172.0,4135.16
AGR_Wes_2019_01198,West_Zone,MP_Malwa,2019,Kharif,Wheat,27.48,39.61,769.06,81.14,10.0,6.52,0.372,169.5,28.2,268.5,4232.13
AGR_Wes_2023_01199,West_Zone,GJ_Saurashtra,2023,Rabi,Soybean,21.3,35.23,170.42,45.56,12.97,6.21,0.575,187.9,9.1,211.3,2470.52
AGR_Wes_2021_01200,West_Zone,MH_Marathwada,2021,Rabi,Cotton,20.76,33.2,67.21,47.44,11.42,5.87,0.581,205.0,25.0,166.1,2249.24
AGR_Wes_2019_01201,West_Zone,MH_Vidarbha,2019,Rabi,Cotton,22.88,31.52,115.41,62.51,13.66,7.22,0.457,170.1,16.3,191.2,2069.05
AGR_Wes_2022_01202,West_Zone,MP_Malwa,2022,Rabi,Soybean,20.29,29.04,194.31,47.62,11.83,6.48,0.604,248.5,24.7,235.3,2795.56
AGR_Wes_2020_01203,West_Zone,MP_Malwa,2020,Rabi,Soybean,21.09,31.29,142.28,60.55,13.81,6.91,0.94,206.9,29.9,240.9,2815.25
AGR_Wes_2021_01204,West_Zone,MP_Malwa,2021,Zaid,Cotton,28.14,41.93,90.47,46.41,10.41,7.34,0.864,135.1,23.0,242.9,1923.38
AGR_Wes_2018_01205,West_Zone,MH_Vidarbha,2018,Rabi,Maize,20.22,33.62,111.32,44.6,10.83,6.37,0.902,120.1,31.7,293.1,3364.09
AGR_Wes_2022_01206,West_Zone,MP_Malwa,2022,Kharif,Soybean,25.93,37.29,726.77,67.63,10.0,5.66,0.484,133.5,21.0,170.8,2851.42
AGR_Wes_2018_01207,West_Zone,MP_Malwa,2018,Kharif,Rice,25.7,33.27,718.09,58.02,11.04,5.56,0.512,169.2,17.0,205.9,5221.8
AGR_Wes_2018_01208,West_Zone,MH_Marathwada,2018,Kharif,Rice,24.0,37.64,466.21,57.56,12.63,6.79,0.519,231.2,16.4,185.1,5036.98
AGR_Wes_2020_01209,West_Zone,GJ_Saurashtra,2020,Kharif,Maize,23.59,34.49,460.17,85.8,11.16,6.68,0.591,185.1,25.9,278.6,4335.48
AGR_Wes_2022_01210,West_Zone,GJ_Saurashtra,2022,Kharif,Pulses,23.63,32.53,1081.78,93.6,10.0,7.21,0.466,179.9,27.0,177.3,2484.3
AGR_Wes_2019_01211,West_Zone,MP_Malwa,2019,Rabi,Soybean,19.69,33.34,169.6,45.97,16.43,6.96,0.962,141.8,17.6,221.9,2515.55
AGR_Wes_2021_01212,West_Zone,MH_Vidarbha,2021,Kharif,Maize,23.45,33.08,521.66,63.89,14.22,7.36,0.482,171.8,25.7,177.0,3998.37
AGR_Wes_2018_01213,West_Zone,GJ_Saurashtra,2018,Rabi,Soybean,19.93,30.69,54.18,42.04,12.83,7.04,0.732,144.7,31.1,293.2,2242.46
AGR_Wes_2019_01214,West_Zone,GJ_Saurashtra,2019,Rabi,Rice,18.65,29.88,206.35,50.76,16.84,6.46,0.34,188.5,30.5,228.2,4258.16
AGR_Wes_2023_01215,West_Zone,MH_Marathwada,2023,Rabi,Maize,20.15,31.38,153.99,47.14,14.99,6.51,0.598,141.0,23.8,228.7,3339.79
AGR_Wes_2020_01216,West_Zone,MH_Marathwada,2020,Kharif,Maize,25.32,35.12,898.42,84.66,12.98,7.2,0.237,201.0,15.6,213.0,4190.67
AGR_Wes_2019_01217,West_Zone,MH_Marathwada,2019,Kharif,Rice,27.3,38.71,385.7,65.54,11.44,7.16,0.514,112.4,21.3,221.6,4401.95
AGR_Wes_2018_01218,West_Zone,MH_Marathwada,2018,Kharif,Soybean,24.58,36.3,928.55,84.72,10.0,6.65,0.708,175.8,22.5,222.3,3223.04
AGR_Wes_2023_01219,West_Zone,GJ_Saurashtra,2023,Kharif,Wheat,25.01,33.3,324.54,89.66,10.0,7.18,0.534,175.0,27.4,193.6,4401.14
AGR_Wes_2019_01220,West_Zone,MP_Malwa,2019,Rabi,Maize,21.71,33.1,112.88,69.67,11.84,7.02,0.498,174.2,23.2,238.8,3357.55
AGR_Wes_2020_01221,West_Zone,GJ_Saurashtra,2020,Zaid,Maize,26.97,34.59,76.31,55.05,12.91,6.59,0.346,203.5,20.3,255.2,3220.72
AGR_Wes_2019_01222,West_Zone,MH_Vidarbha,2019,Kharif,Soybean,24.56,32.36,1205.74,90.43,11.16,6.65,0.523,149.1,10.8,226.5,3125.92
AGR_Wes_2019_01223,West_Zone,GJ_Saurashtra,2019,Rabi,Wheat,21.8,34.89,143.81,71.14,10.63,7.07,0.83,142.1,26.8,110.0,3847.0
AGR_Wes_2019_01224,West_Zone,GJ_Saurashtra,2019,Kharif,Rice,24.32,35.78,385.99,50.7,13.24,6.7,0.44,148.8,21.2,195.4,4530.12
AGR_Wes_2019_01225,West_Zone,MP_Malwa,2019,Kharif,Rice,24.7,32.16,738.69,85.34,10.0,6.46,0.505,194.3,29.9,190.9,5058.54
AGR_Wes_2023_01226,West_Zone,MH_Marathwada,2023,Kharif,Rice,24.13,37.35,641.65,60.35,10.0,6.89,0.641,139.4,15.9,199.1,4916.3
AGR_Wes_2018_01227,West_Zone,MH_Marathwada,2018,Zaid,Soybean,26.64,,74.59,49.71,12.68,7.14,0.618,209.3,24.2,110.0,2440.55
AGR_Wes_2019_01228,West_Zone,MH_Vidarbha,2019,Kharif,Rice,27.9,37.82,618.91,77.98,11.2,7.27,0.468,121.4,19.1,228.2,4639.19
AGR_Wes_2020_01229,West_Zone,GJ_Saurashtra,2020,Kharif,Soybean,26.54,39.76,746.41,88.5,10.0,5.2,0.627,186.9,18.1,139.7,3368.86
AGR_Wes_2019_01230,West_Zone,MH_Marathwada,2019,Rabi,Cotton,23.31,37.26,94.09,33.35,12.36,7.81,0.412,227.7,13.0,221.2,2155.91
AGR_Wes_2023_01231,West_Zone,GJ_Saurashtra,2023,Kharif,Cotton,24.01,37.53,628.19,68.78,13.02,6.67,0.451,147.0,19.3,237.8,2816.7
AGR_Wes_2020_01232,West_Zone,GJ_Saurashtra,2020,Kharif,Soybean,24.33,,663.63,74.43,10.55,6.07,0.863,191.0,18.5,186.4,3466.08
AGR_Wes_2021_01233,West_Zone,GJ_Saurashtra,2021,Rabi,Maize,21.56,33.34,103.93,57.3,10.0,6.86,0.783,200.3,21.9,202.7,3777.67
AGR_Wes_2020_01234,West_Zone,MP_Malwa,2020,Rabi,Maize,22.43,33.46,194.48,56.79,13.6,6.81,0.396,160.3,25.6,194.0,3343.7
AGR_Wes_2023_01235,West_Zone,GJ_Saurashtra,2023,Kharif,Soybean,22.83,30.33,621.1,87.71,14.06,7.62,0.536,169.9,25.6,180.1,2917.89
AGR_Wes_2021_01236,West_Zone,MP_Malwa,2021,Rabi,Soybean,19.71,33.58,203.14,43.95,10.99,7.15,0.471,220.3,18.5,199.3,2552.33
AGR_Wes_2020_01237,West_Zone,MH_Marathwada,2020,Rabi,Soybean,20.94,28.7,172.86,54.03,14.55,6.52,0.635,171.1,24.1,181.1,2475.93
AGR_Wes_2019_01238,West_Zone,MP_Malwa,2019,Zaid,Pulses,27.38,35.37,111.86,75.01,10.28,6.91,0.487,197.4,16.1,161.7,1756.28
AGR_Wes_2018_01239,West_Zone,GJ_Saurashtra,2018,Rabi,Soybean,,29.91,105.34,54.56,14.95,6.7,0.561,161.7,12.0,208.2,2225.87
AGR_Wes_2018_01240,West_Zone,MH_Vidarbha,2018,Kharif,Soybean,25.95,39.59,1076.98,94.19,10.0,6.79,0.687,169.4,23.7,238.6,3253.25
AGR_Wes_2022_01241,West_Zone,MH_Vidarbha,2022,Kharif,Maize,24.26,33.08,1060.17,95.0,10.0,6.72,1.103,152.3,28.9,233.6,4743.57
AGR_Wes_2021_01242,West_Zone,MH_Marathwada,2021,Rabi,Cotton,21.16,33.73,184.81,79.72,10.0,8.05,0.754,110.0,20.8,298.8,2106.23
AGR_Wes_2018_01243,West_Zone,MH_Marathwada,2018,Rabi,Pulses,17.66,24.94,114.05,76.06,11.78,6.62,0.892,188.7,25.4,152.7,1627.4
AGR_Wes_2020_01244,West_Zone,MH_Vidarbha,2020,Rabi,Pulses,22.04,35.71,137.1,59.54,13.17,5.87,0.584,151.1,28.8,153.5,1466.43
AGR_Wes_2022_01245,West_Zone,MH_Vidarbha,2022,Rabi,Pulses,20.37,31.15,81.95,39.8,14.87,6.43,0.683,222.2,28.3,235.5,1377.24
AGR_Wes_2020_01246,West_Zone,MH_Marathwada,2020,Rabi,Soybean,20.29,29.33,103.62,52.52,12.24,6.41,0.2,175.3,30.3,218.1,2210.2
AGR_Wes_2020_01247,West_Zone,GJ_Saurashtra,2020,Rabi,Cotton,21.74,30.11,200.97,45.93,17.53,6.98,0.826,149.7,24.2,191.5,2460.4
AGR_Wes_2023_01248,West_Zone,GJ_Saurashtra,2023,Rabi,Maize,18.58,28.81,142.64,71.08,10.71,5.94,0.2,145.0,24.9,236.5,2649.75
AGR_Wes_2020_01249,West_Zone,MH_Marathwada,2020,Kharif,Rice,26.85,36.75,1074.68,95.0,13.97,7.1,0.333,115.1,27.6,256.5,4460.09
AGR_Wes_2021_01250,West_Zone,MH_Vidarbha,2021,Rabi,Cotton,21.13,30.9,,,14.5,6.93,0.575,182.8,20.6,203.2,2404.05
AGR_Wes_2021_01251,West_Zone,GJ_Saurashtra,2021,Kharif,Cotton,25.18,38.94,570.45,75.39,11.14,7.32,0.78,137.7,15.3,258.6,2868.69
AGR_Wes_2023_01252,West_Zone,MP_Malwa,2023,Rabi,Maize,20.72,29.17,183.81,54.31,12.84,6.14,0.548,161.2,24.0,260.2,3358.93
AGR_Wes_2020_01253,West_Zone,GJ_Saurashtra,2020,Kharif,Wheat,25.34,32.51,541.77,81.43,10.0,7.15,0.764,203.3,17.0,244.7,5030.92
AGR_Wes_2019_01254,West_Zone,MP_Malwa,2019,Kharif,Wheat,25.73,36.01,1044.93,75.76,12.24,6.16,0.706,177.8,9.5,141.5,4849.97
AGR_Wes_2021_01255,West_Zone,MP_Malwa,2021,Kharif,Soybean,22.39,33.04,781.1,,14.09,6.03,0.511,176.3,20.5,171.6,3041.49
AGR_Wes_2023_01256,West_Zone,MH_Marathwada,2023,Rabi,Maize,22.22,,184.09,51.87,13.03,5.82,0.558,185.8,31.6,157.7,3765.05
AGR_Wes_2020_01257,West_Zone,MP_Malwa,2020,Zaid,Soybean,27.53,36.8,62.49,58.11,14.98,7.71,0.68,178.3,27.0,223.4,2609.45
AGR_Wes_2021_01258,West_Zone,MH_Vidarbha,2021,Kharif,Soybean,25.48,36.47,534.55,77.55,11.05,6.31,0.558,221.9,23.8,185.6,3155.7
AGR_Wes_2019_01259,West_Zone,MH_Marathwada,2019,Rabi,Cotton,20.15,30.52,217.94,64.16,10.02,7.15,0.544,169.2,8.0,313.9,2215.79
AGR_Wes_2019_01260,West_Zone,MP_Malwa,2019,Zaid,Soybean,27.29,36.66,57.03,54.57,13.39,6.69,0.663,179.6,25.0,151.0,2483.18
AGR_Wes_2022_01261,West_Zone,GJ_Saurashtra,2022,Rabi,Cotton,20.82,30.22,103.56,59.18,11.39,6.63,0.675,180.4,30.0,185.9,2305.58
AGR_Wes_2020_01262,West_Zone,MP_Malwa,2020,Kharif,Maize,26.0,36.02,1094.87,58.48,16.42,6.27,0.759,214.6,28.8,253.1,4470.41
AGR_Wes_2019_01263,West_Zone,MH_Vidarbha,2019,Kharif,Maize,25.77,,673.78,61.3,12.77,7.53,0.546,229.9,20.7,167.0,4364.81
AGR_Wes_2022_01264,West_Zone,MH_Vidarbha,2022,Rabi,Pulses,19.57,33.23,127.73,56.08,13.59,6.3,0.623,242.0,22.7,153.0,1479.0
AGR_Wes_2022_01265,West_Zone,MP_Malwa,2022,Kharif,Soybean,27.73,39.53,538.12,65.65,10.49,6.81,0.916,114.4,22.0,166.2,3281.6
AGR_Wes_2020_01266,West_Zone,MP_Malwa,2020,Zaid,Cotton,27.24,39.89,121.22,63.27,12.62,7.29,0.615,182.5,19.3,151.5,2211.35
AGR_Wes_2019_01267,West_Zone,MH_Marathwada,2019,Rabi,Maize,21.92,35.05,153.92,42.31,13.59,7.82,0.475,167.3,17.1,202.8,3602.28
AGR_Wes_2018_01268,West_Zone,MH_Marathwada,2018,Zaid,Pulses,25.48,36.36,73.05,59.46,15.13,7.05,0.371,196.1,18.6,257.5,1573.8
AGR_Wes_2021_01269,West_Zone,MP_Malwa,2021,Rabi,Pulses,21.13,33.51,167.2,59.93,10.0,6.44,0.942,223.1,15.1,214.8,1934.99
AGR_Wes_2022_01270,West_Zone,MH_Marathwada,2022,Rabi,Cotton,23.55,31.81,72.65,56.04,11.36,6.9,0.799,140.5,8.0,223.1,2101.22
AGR_Wes_2022_01271,West_Zone,MP_Malwa,2022,Zaid,Rice,26.7,33.85,66.76,56.05,12.01,5.91,0.327,200.2,20.5,241.3,4026.42
AGR_Wes_2023_01272,West_Zone,MH_Vidarbha,2023,Kharif,Cotton,24.81,37.92,862.45,88.19,13.68,7.4,0.626,149.1,31.3,226.9,2812.49
AGR_Wes_2018_01273,West_Zone,MH_Vidarbha,2018,Kharif,Maize,27.19,37.59,1150.24,95.0,10.0,6.71,0.519,136.9,22.9,227.6,4134.02
AGR_Wes_2020_01274,West_Zone,MP_Malwa,2020,Kharif,Maize,24.53,35.64,731.61,64.87,13.69,6.81,0.793,173.2,18.9,118.5,4166.16
AGR_Wes_2023_01275,West_Zone,MH_Marathwada,2023,Kharif,Wheat,22.91,33.19,704.53,49.83,14.59,7.58,0.421,137.6,28.6,160.5,4268.9
AGR_Wes_2021_01276,West_Zone,GJ_Saurashtra,2021,Rabi,Wheat,21.71,30.91,,49.16,12.72,6.26,0.734,139.5,21.1,207.3,4023.21
AGR_Wes_2020_01277,West_Zone,MH_Vidarbha,2020,Rabi,Cotton,22.28,32.79,102.76,54.63,15.84,6.18,0.84,171.4,27.8,182.8,2470.63
AGR_Wes_2023_01278,West_Zone,GJ_Saurashtra,2023,Rabi,Maize,19.52,27.42,163.08,70.27,12.85,6.78,0.438,226.8,26.4,184.0,3205.53
AGR_Wes_2020_01279,West_Zone,MH_Marathwada,2020,Rabi,Cotton,20.73,28.74,,42.33,12.85,7.05,0.766,176.8,10.1,215.7,2250.0
AGR_Wes_2022_01280,West_Zone,MH_Marathwada,2022,Kharif,Cotton,23.12,36.28,674.9,75.38,10.0,7.04,0.303,120.4,24.6,176.1,2741.3
AGR_Wes_2020_01281,West_Zone,MP_Malwa,2020,Zaid,Rice,29.53,37.7,93.61,67.23,10.0,7.01,0.278,244.0,27.1,127.7,4407.14
AGR_Wes_2019_01282,West_Zone,MH_Marathwada,2019,Rabi,Rice,19.21,28.13,,75.43,10.0,7.09,0.48,182.8,32.0,286.9,4392.99
AGR_Wes_2018_01283,West_Zone,GJ_Saurashtra,2018,Rabi,Soybean,20.68,33.49,194.52,55.06,11.49,5.92,0.799,150.6,25.5,194.3,2842.39
AGR_Wes_2021_01284,West_Zone,MP_Malwa,2021,Rabi,Maize,21.53,32.07,,58.48,13.61,5.83,0.366,200.1,24.6,236.4,3356.86
AGR_Wes_2019_01285,West_Zone,MH_Marathwada,2019,Kharif,Pulses,26.97,40.35,731.44,73.38,12.56,7.0,0.827,119.8,22.7,279.1,1870.67
AGR_Wes_2019_01286,West_Zone,MH_Vidarbha,2019,Rabi,Maize,21.8,35.49,182.53,45.13,12.89,6.67,0.724,186.7,28.4,258.3,3861.8
AGR_Wes_2023_01287,West_Zone,MP_Malwa,2023,Kharif,Cotton,24.1,37.03,1016.22,80.24,10.0,6.26,0.646,125.7,16.3,114.3,2632.97
AGR_Wes_2020_01288,West_Zone,GJ_Saurashtra,2020,Kharif,Maize,21.6,33.59,1204.18,72.11,12.55,5.91,0.617,178.6,34.7,258.0,4365.75
AGR_Wes_2018_01289,West_Zone,GJ_Saurashtra,2018,Rabi,Pulses,19.77,29.63,123.58,38.86,16.05,6.52,0.777,191.4,26.7,182.4,1427.62
AGR_Wes_2018_01290,West_Zone,GJ_Saurashtra,2018,Rabi,Cotton,20.27,29.92,115.31,58.24,12.27,6.05,0.474,233.0,17.3,223.1,2189.93
AGR_Wes_2023_01291,West_Zone,MP_Malwa,2023,Rabi,Soybean,19.32,30.94,155.71,31.32,13.62,6.32,0.873,202.6,28.0,215.2,2687.19
AGR_Wes_2023_01292,West_Zone,GJ_Saurashtra,2023,Rabi,Wheat,22.91,36.07,182.28,54.53,10.0,6.41,0.45,127.4,18.9,216.5,3774.63
AGR_Wes_2018_01293,West_Zone,GJ_Saurashtra,2018,Kharif,Wheat,28.28,39.82,629.62,59.2,10.19,6.65,0.472,109.0,29.1,258.6,4078.93
AGR_Wes_2019_01294,West_Zone,GJ_Saurashtra,2019,Rabi,Wheat,21.13,31.35,155.13,61.13,13.91,7.05,0.824,217.8,15.9,272.4,4504.89
AGR_Wes_2023_01295,West_Zone,MH_Vidarbha,2023,Zaid,Cotton,29.02,41.71,90.42,63.16,13.3,6.5,0.706,176.3,29.7,226.6,1910.68
AGR_Wes_2023_01296,West_Zone,MP_Malwa,2023,Kharif,Rice,24.78,,319.74,53.64,13.91,6.05,0.7,169.5,24.5,219.5,5066.38
AGR_Wes_2019_01297,West_Zone,MH_Vidarbha,2019,Kharif,Cotton,26.24,38.91,,82.36,11.45,7.26,0.54,144.4,18.5,148.1,2751.01
AGR_Wes_2019_01298,West_Zone,MH_Marathwada,2019,Rabi,Cotton,24.27,35.73,131.5,45.37,11.75,8.03,0.418,198.2,23.3,200.5,2181.86
AGR_Wes_2022_01299,West_Zone,MP_Malwa,2022,Kharif,Pulses,26.74,39.53,369.91,55.49,17.83,6.04,0.613,190.7,8.7,221.0,2130.05
AGR_Wes_2021_01300,West_Zone,GJ_Saurashtra,2021,Rabi,Pulses,20.45,30.55,61.04,51.9,10.14,7.09,0.707,203.5,10.9,181.2,1388.55
AGR_Wes_2021_01301,West_Zone,MH_Marathwada,2021,Rabi,Wheat,19.16,26.89,94.07,49.19,11.18,6.84,0.661,120.6,22.8,171.7,3269.57
AGR_Wes_2019_01302,West_Zone,MP_Malwa,2019,Rabi,Wheat,22.23,35.66,141.2,51.51,13.97,7.3,0.514,170.3,23.5,279.8,3852.56
AGR_Wes_2019_01303,West_Zone,GJ_Saurashtra,2019,Kharif,Maize,23.49,34.26,672.33,77.8,10.0,6.57,0.908,184.0,22.0,197.9,4495.25
AGR_Wes_2023_01304,West_Zone,MH_Vidarbha,2023,Kharif,Wheat,26.04,35.85,788.08,87.74,12.55,7.82,0.983,172.3,22.4,184.3,4982.51
AGR_Wes_2023_01305,West_Zone,MH_Vidarbha,2023,Rabi,Soybean,19.49,27.38,159.78,63.05,10.57,7.15,0.705,190.7,17.5,158.1,2491.15
AGR_Wes_2021_01306,West_Zone,MP_Malwa,2021,Rabi,Pulses,23.42,36.71,165.59,47.66,15.49,6.97,0.829,153.9,16.7,314.8,1744.73
AGR_Wes_2019_01307,West_Zone,GJ_Saurashtra,2019,Kharif,Rice,27.28,34.35,714.69,73.7,10.0,6.4,0.622,104.0,27.7,163.0,4824.78
AGR_Wes_2018_01308,West_Zone,MP_Malwa,2018,Rabi,Cotton,21.13,32.85,214.53,55.81,12.38,7.76,0.2,178.5,32.8,194.0,2418.24
AGR_Wes_2021_01309,West_Zone,MP_Malwa,2021,Kharif,Soybean,23.74,34.85,,80.85,10.0,6.81,0.712,160.5,23.9,246.7,3316.85
AGR_Wes_2019_01310,West_Zone,MH_Vidarbha,2019,Rabi,Cotton,,32.54,121.59,47.58,10.37,7.14,0.611,169.4,30.3,189.0,2182.32
AGR_Wes_2020_01311,West_Zone,MH_Marathwada,2020,Kharif,Maize,24.55,33.76,245.75,55.93,12.09,7.38,0.269,144.4,22.5,235.8,3587.63
AGR_Wes_2019_01312,West_Zone,GJ_Saurashtra,2019,Zaid,Rice,27.48,39.92,76.58,52.42,13.2,7.55,0.405,192.1,28.5,296.1,3982.48
AGR_Wes_2022_01313,West_Zone,MH_Vidarbha,2022,Rabi,Soybean,19.54,30.09,161.97,43.96,11.94,6.67,0.736,193.7,24.4,243.4,2766.67
AGR_Wes_2019_01314,West_Zone,MH_Marathwada,2019,Kharif,Soybean,26.11,36.06,802.41,82.97,10.0,7.64,0.493,207.2,26.1,299.6,3377.67
AGR_Wes_2021_01315,West_Zone,MP_Malwa,2021,Rabi,Pulses,21.61,31.36,205.57,52.96,13.86,7.52,0.574,232.9,18.2,122.2,1703.56
AGR_Wes_2019_01316,West_Zone,MP_Malwa,2019,Rabi,Pulses,21.72,29.18,188.41,,12.44,7.22,0.324,170.7,25.0,175.5,1487.71
AGR_Wes_2020_01317,West_Zone,MH_Vidarbha,2020,Rabi,Wheat,21.77,34.69,145.91,56.88,13.02,7.2,0.611,202.9,17.4,136.1,4326.74
AGR_Wes_2019_01318,West_Zone,MH_Marathwada,2019,Rabi,Rice,21.42,33.41,89.88,40.78,12.36,6.12,0.675,208.0,11.4,206.8,4473.4
AGR_Wes_2022_01319,West_Zone,MH_Vidarbha,2022,Kharif,Wheat,26.72,,817.8,72.3,14.04,7.13,0.539,261.4,25.8,192.4,4947.12
AGR_Wes_2018_01320,West_Zone,MP_Malwa,2018,Rabi,Rice,20.42,33.87,192.23,52.14,12.57,7.46,0.471,223.8,25.1,257.9,4902.35
AGR_Wes_2019_01321,West_Zone,MP_Malwa,2019,Kharif,Wheat,24.56,35.1,598.99,53.8,14.83,6.51,0.463,193.4,16.3,155.7,4685.28
AGR_Wes_2018_01322,West_Zone,MH_Marathwada,2018,Rabi,Cotton,19.73,33.01,118.19,49.67,12.96,6.53,0.3,172.4,19.6,188.6,1916.12
AGR_Wes_2018_01323,West_Zone,MH_Marathwada,2018,Kharif,Pulses,23.12,34.68,918.33,,12.41,6.6,0.86,134.3,21.1,176.8,2492.7
AGR_Wes_2023_01324,West_Zone,MH_Marathwada,2023,Kharif,Cotton,23.96,36.58,925.04,83.98,10.0,5.74,0.527,164.6,19.2,212.7,2962.49
AGR_Wes_2021_01325,West_Zone,MH_Marathwada,2021,Zaid,Pulses,28.6,36.85,113.13,61.01,10.0,6.27,0.667,124.8,32.1,222.3,1264.69
AGR_Wes_2019_01326,West_Zone,MP_Malwa,2019,Rabi,Maize,21.63,31.52,88.56,68.05,12.23,5.89,0.2,176.4,19.4,189.3,2841.53
AGR_Wes_2021_01327,West_Zone,MH_Vidarbha,2021,Rabi,Rice,22.82,32.23,129.95,49.16,11.06,6.29,0.78,221.9,24.7,225.7,4809.16
AGR_Wes_2021_01328,West_Zone,MH_Vidarbha,2021,Rabi,Soybean,,30.11,106.47,40.29,12.78,7.2,0.226,180.4,18.6,136.9,2038.62
AGR_Wes_2022_01329,West_Zone,GJ_Saurashtra,2022,Kharif,Cotton,27.3,39.46,1431.51,82.16,10.0,6.71,0.59,218.8,21.1,217.3,3139.58
AGR_Wes_2018_01330,West_Zone,GJ_Saurashtra,2018,Kharif,Maize,25.54,37.72,1002.02,81.36,10.41,7.25,0.665,191.4,22.5,196.7,4221.13
AGR_Wes_2018_01331,West_Zone,MH_Marathwada,2018,Rabi,Rice,22.59,33.67,162.2,59.2,14.54,7.19,0.703,136.2,25.9,265.6,4377.96
AGR_Wes_2023_01332,West_Zone,MH_Marathwada,2023,Kharif,Maize,23.43,36.79,949.72,87.82,10.0,8.02,0.451,150.0,28.1,265.3,3838.81
AGR_Wes_2020_01333,West_Zone,MH_Marathwada,2020,Zaid,Maize,29.13,38.95,44.86,54.46,13.13,6.31,0.373,215.8,24.8,206.3,3452.21
AGR_Wes_2022_01334,West_Zone,GJ_Saurashtra,2022,Rabi,Maize,,37.75,160.59,,11.2,6.82,0.365,188.7,14.6,127.5,3149.04
AGR_Wes_2020_01335,West_Zone,MH_Vidarbha,2020,Kharif,Pulses,23.95,33.29,923.55,74.1,10.0,7.6,0.577,158.1,24.9,204.2,2257.58
AGR_Wes_2019_01336,West_Zone,MP_Malwa,2019,Zaid,Pulses,26.71,36.95,30.95,57.74,14.0,6.77,0.552,223.1,19.7,208.5,1255.08
AGR_Wes_2019_01337,West_Zone,MH_Marathwada,2019,Rabi,Soybean,21.08,,128.18,60.56,10.0,6.13,0.604,175.3,16.3,196.8,2297.72
AGR_Wes_2021_01338,West_Zone,MP_Malwa,2021,Zaid,Pulses,28.23,35.59,,32.26,13.43,7.41,0.645,191.9,18.1,257.8,1729.79
AGR_Wes_2019_01339,West_Zone,MH_Marathwada,2019,Rabi,Wheat,19.56,30.68,195.96,44.41,12.57,7.53,0.381,180.2,20.2,225.3,3599.99
AGR_Wes_2022_01340,West_Zone,MP_Malwa,2022,Zaid,Pulses,25.39,,41.52,59.77,10.23,6.35,0.429,184.2,15.3,276.7,933.75
AGR_Wes_2019_01341,West_Zone,MH_Marathwada,2019,Kharif,Maize,24.33,33.42,1040.22,69.61,10.0,6.85,0.547,200.4,21.8,185.4,4236.05
AGR_Wes_2018_01342,West_Zone,MH_Marathwada,2018,Rabi,Wheat,24.44,34.3,182.0,51.81,10.12,7.35,0.551,189.9,35.0,178.8,4328.57
AGR_Wes_2018_01343,West_Zone,MH_Vidarbha,2018,Kharif,Rice,26.09,39.43,413.21,57.3,10.0,6.91,0.413,173.9,31.8,164.5,4581.8
AGR_Wes_2019_01344,West_Zone,MH_Marathwada,2019,Rabi,Pulses,21.06,29.76,175.59,47.77,10.0,7.66,0.498,197.1,19.6,272.6,1787.61
AGR_Wes_2018_01345,West_Zone,MH_Vidarbha,2018,Rabi,Cotton,20.8,32.18,189.48,41.34,17.84,5.74,0.94,183.8,14.1,229.0,2433.21
AGR_Wes_2018_01346,West_Zone,MP_Malwa,2018,Rabi,Cotton,20.73,33.49,260.97,45.33,13.48,6.29,0.89,131.1,18.2,170.9,2645.49
AGR_Wes_2022_01347,West_Zone,MH_Vidarbha,2022,Rabi,Cotton,20.81,31.69,108.92,,13.11,5.85,0.38,117.9,26.0,262.4,1778.94
AGR_Wes_2022_01348,West_Zone,GJ_Saurashtra,2022,Kharif,Rice,26.12,34.29,404.17,56.21,15.69,5.42,0.596,195.7,15.6,246.9,5085.67
AGR_Wes_2018_01349,West_Zone,GJ_Saurashtra,2018,Zaid,Cotton,28.85,41.04,116.93,48.98,14.0,6.87,0.582,155.2,20.3,110.0,2177.66
AGR_Wes_2020_01350,West_Zone,GJ_Saurashtra,2020,Kharif,Pulses,24.37,36.14,1108.44,86.94,10.0,7.65,0.609,172.3,32.3,199.3,2343.12
AGR_Wes_2019_01351,West_Zone,GJ_Saurashtra,2019,Rabi,Maize,20.94,32.22,185.36,40.78,13.17,6.63,0.798,179.1,24.4,254.5,4016.47
AGR_Wes_2019_01352,West_Zone,MP_Malwa,2019,Rabi,Rice,22.41,33.26,103.45,56.06,13.38,6.88,0.685,116.7,16.6,246.7,3829.3
AGR_Wes_2021_01353,West_Zone,GJ_Saurashtra,2021,Rabi,Soybean,20.13,29.02,84.29,47.58,14.08,7.59,0.613,141.1,19.7,183.2,2055.12
AGR_Wes_2021_01354,West_Zone,MH_Marathwada,2021,Rabi,Maize,22.96,33.52,,51.57,11.54,7.75,0.532,160.6,20.9,219.3,3243.89
AGR_Wes_2022_01355,West_Zone,MH_Marathwada,2022,Rabi,Rice,22.41,32.39,163.7,44.36,15.39,6.36,0.439,171.5,35.1,340.1,4346.13
AGR_Wes_2021_01356,West_Zone,MH_Marathwada,2021,Kharif,Cotton,25.7,38.68,479.32,60.64,15.01,5.63,0.76,126.7,28.6,253.8,2760.17
AGR_Wes_2023_01357,West_Zone,MP_Malwa,2023,Rabi,Pulses,22.24,33.91,131.54,47.29,11.13,6.76,0.372,154.6,24.8,266.1,1636.27
AGR_Wes_2020_01358,West_Zone,MH_Marathwada,2020,Kharif,Pulses,26.62,40.05,479.58,38.21,10.1,6.88,0.834,213.7,19.6,248.8,2459.55
AGR_Wes_2018_01359,West_Zone,MH_Marathwada,2018,Kharif,Maize,22.48,33.56,374.5,50.36,15.08,6.56,0.573,115.1,27.9,169.6,3779.64
AGR_Wes_2023_01360,West_Zone,MP_Malwa,2023,Rabi,Rice,21.92,29.81,,33.45,12.09,6.87,0.495,161.5,15.5,200.1,3907.19
AGR_Wes_2018_01361,West_Zone,MP_Malwa,2018,Kharif,Pulses,24.21,37.97,709.1,76.41,10.0,6.44,0.703,220.8,24.0,183.3,2149.8
AGR_Wes_2021_01362,West_Zone,MP_Malwa,2021,Kharif,Cotton,,,948.7,92.18,10.0,6.62,0.604,247.3,35.6,263.7,2977.16
AGR_Wes_2021_01363,West_Zone,GJ_Saurashtra,2021,Kharif,Rice,27.23,37.74,432.4,53.0,13.86,7.81,0.72,228.6,29.8,199.7,5549.49
AGR_Wes_2021_01364,West_Zone,MP_Malwa,2021,Rabi,Soybean,20.68,33.98,194.56,46.09,16.18,7.16,0.44,207.9,20.7,194.2,2410.62
AGR_Wes_2020_01365,West_Zone,MH_Vidarbha,2020,Zaid,Pulses,28.27,37.34,89.67,46.09,12.64,6.15,0.425,232.3,21.7,183.3,1209.52
AGR_Wes_2023_01366,West_Zone,MH_Marathwada,2023,Rabi,Pulses,19.82,26.87,238.93,34.24,14.66,5.46,0.661,193.6,17.3,173.7,1686.48
AGR_Wes_2018_01367,West_Zone,MH_Marathwada,2018,Kharif,Soybean,25.27,33.02,878.47,76.49,12.06,7.93,0.847,159.8,17.3,188.9,3366.29
AGR_Wes_2023_01368,West_Zone,MH_Marathwada,2023,Rabi,Maize,22.58,36.41,145.12,49.03,13.75,7.75,0.673,116.8,27.4,163.8,3155.87
AGR_Wes_2018_01369,West_Zone,MH_Vidarbha,2018,Rabi,Maize,22.21,,203.47,54.5,11.62,6.34,0.682,194.8,19.5,205.2,3910.32
AGR_Wes_2020_01370,West_Zone,MP_Malwa,2020,Zaid,Pulses,27.41,,117.43,50.93,10.5,7.21,0.425,131.1,17.8,250.6,1300.93
AGR_Wes_2022_01371,West_Zone,MH_Vidarbha,2022,Zaid,Soybean,25.81,35.78,87.4,54.95,11.65,6.59,0.819,139.6,21.4,230.7,2531.14
AGR_Wes_2019_01372,West_Zone,MP_Malwa,2019,Rabi,Wheat,20.23,31.19,86.98,68.34,10.0,6.82,0.599,185.1,22.9,216.8,3639.09
AGR_Wes_2018_01373,West_Zone,MH_Vidarbha,2018,Rabi,Pulses,20.84,,,79.9,10.0,6.11,0.605,151.7,15.3,162.8,1787.51
AGR_Wes_2020_01374,West_Zone,MH_Vidarbha,2020,Kharif,Maize,26.67,37.16,437.23,81.46,10.0,6.06,0.491,114.6,19.6,279.8,3654.72
AGR_Wes_2021_01375,West_Zone,MH_Marathwada,2021,Rabi,Pulses,21.08,30.94,141.15,51.01,10.38,6.2,0.699,250.3,19.6,236.1,1834.57
AGR_Wes_2022_01376,West_Zone,MH_Vidarbha,2022,Kharif,Rice,24.42,31.45,687.26,83.39,10.0,6.67,0.475,128.4,22.4,260.3,4676.95
AGR_Wes_2018_01377,West_Zone,GJ_Saurashtra,2018,Kharif,Pulses,22.7,29.96,827.85,76.02,10.0,7.11,0.454,90.0,10.8,203.7,2103.2
AGR_Wes_2018_01378,West_Zone,MH_Marathwada,2018,Kharif,Cotton,25.63,39.31,,87.29,10.0,7.46,0.801,225.8,33.1,183.0,3025.24
AGR_Wes_2020_01379,West_Zone,MH_Marathwada,2020,Rabi,Cotton,21.84,31.25,118.41,46.92,12.29,6.81,0.675,184.9,13.9,153.6,2194.1
AGR_Wes_2022_01380,West_Zone,GJ_Saurashtra,2022,Rabi,Cotton,21.82,29.48,111.78,50.53,14.08,6.55,0.576,198.1,23.9,236.8,2369.03
AGR_Wes_2022_01381,West_Zone,GJ_Saurashtra,2022,Kharif,Cotton,23.21,31.36,1285.04,95.0,10.0,6.4,0.387,166.8,21.2,238.0,2653.64
AGR_Wes_2021_01382,West_Zone,MH_Vidarbha,2021,Kharif,Cotton,22.93,31.95,723.76,72.37,12.59,7.35,1.037,187.8,24.5,264.4,3362.89
AGR_Wes_2018_01383,West_Zone,MH_Vidarbha,2018,Kharif,Soybean,24.18,34.24,582.31,66.02,13.01,7.05,0.751,126.3,17.0,164.2,3096.91
AGR_Wes_2020_01384,West_Zone,GJ_Saurashtra,2020,Kharif,Maize,24.66,36.04,1055.11,66.34,12.12,5.21,0.837,193.2,20.0,131.5,4415.17
AGR_Wes_2023_01385,West_Zone,GJ_Saurashtra,2023,Kharif,Pulses,23.17,33.4,682.54,50.95,15.23,5.85,0.536,200.7,25.7,190.8,2119.25
AGR_Wes_2020_01386,West_Zone,MH_Vidarbha,2020,Rabi,Wheat,22.84,33.76,128.21,49.67,14.23,6.54,0.642,197.3,26.9,229.9,4022.16
AGR_Wes_2022_01387,West_Zone,MH_Vidarbha,2022,Rabi,Rice,22.78,33.31,,62.41,12.12,6.38,0.451,136.6,22.6,203.8,4291.7
AGR_Wes_2020_01388,West_Zone,MH_Marathwada,2020,Kharif,Wheat,24.43,33.63,1093.12,89.92,10.0,6.17,0.574,199.5,19.7,180.1,4996.2
AGR_Wes_2020_01389,West_Zone,GJ_Saurashtra,2020,Kharif,Maize,26.45,36.21,951.93,88.78,10.28,7.38,0.647,172.3,24.1,196.8,4075.25
AGR_Wes_2021_01390,West_Zone,MH_Vidarbha,2021,Kharif,Cotton,24.92,33.01,1021.07,80.66,10.54,5.91,0.418,222.4,22.6,227.3,3038.78
AGR_Wes_2023_01391,West_Zone,GJ_Saurashtra,2023,Zaid,Pulses,29.56,38.3,48.72,54.13,12.39,6.78,0.355,162.2,19.6,157.0,1452.86
AGR_Wes_2023_01392,West_Zone,GJ_Saurashtra,2023,Rabi,Cotton,24.01,32.58,123.94,55.59,14.46,6.86,0.691,159.7,15.0,233.8,2023.61
AGR_Wes_2022_01393,West_Zone,GJ_Saurashtra,2022,Kharif,Rice,27.37,36.56,968.48,79.11,10.81,6.34,0.676,186.4,21.3,252.5,5385.7
AGR_Wes_2019_01394,West_Zone,MH_Vidarbha,2019,Kharif,Rice,26.65,40.24,851.07,76.47,10.0,6.06,0.678,147.0,24.3,158.7,4782.03
AGR_Wes_2023_01395,West_Zone,MP_Malwa,2023,Kharif,Pulses,22.34,29.43,,67.13,12.15,6.36,0.463,219.0,26.5,251.9,2119.11
AGR_Wes_2018_01396,West_Zone,MH_Vidarbha,2018,Kharif,Pulses,26.43,35.2,560.4,64.48,11.41,5.66,0.432,199.2,16.7,179.5,2206.0
AGR_Wes_2018_01397,West_Zone,GJ_Saurashtra,2018,Rabi,Pulses,20.44,29.01,121.29,54.24,14.24,7.19,0.661,160.3,22.5,157.2,1316.97
AGR_Wes_2020_01398,West_Zone,MH_Marathwada,2020,Rabi,Cotton,20.7,33.48,294.55,54.35,12.87,7.59,0.2,211.3,18.3,221.2,2884.69
AGR_Wes_2020_01399,West_Zone,MP_Malwa,2020,Zaid,Soybean,25.8,37.04,74.14,52.43,11.79,6.19,0.499,210.1,18.4,231.5,2583.89
AGR_Wes_2022_01400,West_Zone,MH_Vidarbha,2022,Rabi,Rice,20.22,29.33,141.24,85.3,10.0,7.4,0.54,201.4,24.7,203.5,4667.47
AGR_Wes_2021_01401,West_Zone,MH_Marathwada,2021,Kharif,Soybean,23.75,35.6,,95.0,10.8,7.02,0.616,158.3,25.7,198.5,3203.36
AGR_Wes_2023_01402,West_Zone,GJ_Saurashtra,2023,Kharif,Maize,22.89,36.35,1274.74,92.3,10.0,5.2,0.679,180.7,27.9,271.5,4295.61
AGR_Wes_2020_01403,West_Zone,MH_Vidarbha,2020,Kharif,Cotton,25.94,34.38,482.53,,14.55,6.59,0.565,147.7,18.1,130.5,3107.77
AGR_Wes_2022_01404,West_Zone,MP_Malwa,2022,Kharif,Rice,24.08,,618.58,79.33,10.0,6.35,0.582,156.2,23.9,126.4,4889.76
AGR_Wes_2019_01405,West_Zone,MH_Marathwada,2019,Zaid,Pulses,27.2,38.99,87.98,36.45,15.6,6.75,0.774,147.1,22.0,252.1,1480.67
AGR_Wes_2022_01406,West_Zone,MP_Malwa,2022,Rabi,Cotton,23.54,,128.76,55.06,10.13,6.46,0.388,180.2,12.7,240.4,2056.14
AGR_Wes_2021_01407,West_Zone,MH_Marathwada,2021,Rabi,Rice,20.71,32.27,99.28,74.15,10.0,6.38,1.083,124.2,26.5,209.0,4498.16
AGR_Wes_2022_01408,West_Zone,MP_Malwa,2022,Kharif,Wheat,28.12,36.19,1191.01,86.81,10.0,6.55,0.711,117.2,24.7,223.8,4474.27
AGR_Wes_2020_01409,West_Zone,MP_Malwa,2020,Rabi,Maize,19.3,30.37,,69.31,10.0,6.39,0.435,104.0,16.2,110.0,3135.35
AGR_Wes_2023_01410,West_Zone,MH_Vidarbha,2023,Rabi,Maize,21.3,28.33,173.97,54.46,13.59,6.63,0.383,193.8,24.0,272.7,3317.86
AGR_Wes_2023_01411,West_Zone,MP_Malwa,2023,Zaid,Soybean,26.06,38.87,90.93,54.2,13.36,5.2,0.563,168.1,27.3,198.0,2245.85
AGR_Wes_2023_01412,West_Zone,MP_Malwa,2023,Zaid,Rice,29.01,39.68,70.79,56.29,11.45,6.93,0.616,154.8,19.0,164.6,4142.78
AGR_Wes_2021_01413,West_Zone,MP_Malwa,2021,Kharif,Wheat,26.44,35.93,536.5,81.32,10.0,7.81,0.844,204.9,34.1,302.2,5323.55
AGR_Wes_2019_01414,West_Zone,MP_Malwa,2019,Rabi,Wheat,20.34,30.62,179.61,50.76,13.36,6.71,0.678,263.1,23.6,177.7,4343.91
AGR_Wes_2023_01415,West_Zone,GJ_Saurashtra,2023,Kharif,Soybean,26.17,,1127.39,76.37,10.0,7.18,0.97,195.7,19.3,116.8,3482.89
AGR_Wes_2023_01416,West_Zone,GJ_Saurashtra,2023,Rabi,Wheat,20.62,33.81,153.23,38.09,12.21,7.66,0.667,102.1,14.4,245.7,3659.59
AGR_Wes_2018_01417,West_Zone,MH_Vidarbha,2018,Kharif,Rice,25.69,34.6,508.11,79.17,10.02,7.62,0.747,193.4,25.6,156.3,5568.94
AGR_Wes_2019_01418,West_Zone,MH_Marathwada,2019,Rabi,Maize,20.41,33.91,120.83,60.46,10.0,7.95,0.515,158.9,28.2,231.2,3378.11
AGR_Wes_2022_01419,West_Zone,MH_Marathwada,2022,Rabi,Wheat,20.49,,142.1,52.52,15.86,6.45,0.352,172.9,18.8,229.6,3800.44
AGR_Wes_2023_01420,West_Zone,MH_Vidarbha,2023,Kharif,Wheat,,33.71,1062.65,75.7,10.0,6.22,0.64,176.6,21.3,221.5,4636.3
AGR_Wes_2020_01421,West_Zone,MH_Marathwada,2020,Kharif,Rice,26.04,36.24,928.41,81.84,10.0,7.37,0.374,111.8,22.4,183.4,4110.39
AGR_Wes_2023_01422,West_Zone,GJ_Saurashtra,2023,Rabi,Wheat,19.48,29.28,84.64,49.49,12.32,6.0,0.744,190.2,27.6,206.2,3630.9
AGR_Wes_2023_01423,West_Zone,GJ_Saurashtra,2023,Kharif,Soybean,24.82,35.86,987.7,81.83,10.0,7.23,0.659,196.3,9.9,226.7,3221.8
AGR_Wes_2020_01424,West_Zone,MH_Marathwada,2020,Kharif,Wheat,27.56,41.02,565.16,56.32,13.9,7.48,0.534,193.3,18.2,152.1,4535.41
AGR_Wes_2022_01425,West_Zone,GJ_Saurashtra,2022,Rabi,Rice,23.67,36.54,200.08,35.86,11.72,7.44,0.24,147.2,14.1,110.0,4059.81
AGR_Wes_2021_01426,West_Zone,MH_Marathwada,2021,Kharif,Rice,24.79,35.39,889.74,87.37,10.51,6.75,0.491,263.9,19.1,273.7,5496.91
AGR_Wes_2020_01427,West_Zone,MH_Vidarbha,2020,Kharif,Soybean,27.11,34.47,946.85,67.81,11.11,6.4,0.483,187.1,21.6,138.4,3434.84
AGR_Wes_2022_01428,West_Zone,GJ_Saurashtra,2022,Rabi,Rice,,27.33,205.71,48.3,16.05,6.93,0.689,173.9,22.1,126.5,4470.78
AGR_Wes_2018_01429,West_Zone,MP_Malwa,2018,Rabi,Soybean,18.5,28.1,114.02,74.66,10.97,6.55,0.61,162.6,26.5,169.3,2514.38
AGR_Wes_2020_01430,West_Zone,MH_Vidarbha,2020,Rabi,Soybean,,30.45,97.2,34.81,10.67,6.4,0.626,189.6,21.1,231.5,2124.69
AGR_Wes_2019_01431,West_Zone,MH_Marathwada,2019,Kharif,Maize,25.86,35.08,,89.56,10.0,6.51,0.623,213.6,25.8,259.5,4405.21
AGR_Wes_2022_01432,West_Zone,MH_Marathwada,2022,Kharif,Maize,24.15,37.59,744.97,77.1,10.0,7.81,0.474,157.2,22.6,110.0,3822.22
AGR_Wes_2022_01433,West_Zone,MH_Vidarbha,2022,Kharif,Maize,23.13,36.46,576.98,79.77,10.0,6.79,0.613,132.6,20.7,181.1,4129.41
AGR_Wes_2021_01434,West_Zone,MH_Vidarbha,2021,Rabi,Cotton,21.49,30.11,219.34,57.61,11.58,6.98,0.689,241.4,17.2,237.0,2797.58
AGR_Wes_2019_01435,West_Zone,MH_Marathwada,2019,Rabi,Soybean,22.49,32.35,73.91,46.74,12.4,6.33,0.513,189.8,27.5,225.5,2433.49
AGR_Wes_2021_01436,West_Zone,MH_Vidarbha,2021,Zaid,Soybean,25.64,35.15,43.73,48.48,12.08,6.87,0.499,176.3,20.7,179.6,2652.3
AGR_Wes_2023_01437,West_Zone,MH_Vidarbha,2023,Rabi,Pulses,20.66,31.74,121.76,52.79,13.17,7.34,0.668,178.0,20.9,262.4,1728.19
AGR_Wes_2018_01438,West_Zone,MH_Marathwada,2018,Rabi,Rice,23.0,31.52,182.1,71.23,10.0,6.3,0.753,197.5,17.6,254.9,4811.81
AGR_Wes_2021_01439,West_Zone,MH_Vidarbha,2021,Kharif,Wheat,24.24,31.99,1130.08,78.78,10.0,7.44,0.918,149.3,11.9,295.0,4476.6
AGR_Wes_2019_01440,West_Zone,MH_Marathwada,2019,Zaid,Cotton,29.74,39.07,65.66,55.49,12.69,6.8,0.638,205.4,29.3,132.1,2332.1
AGR_Wes_2019_01441,West_Zone,MH_Marathwada,2019,Kharif,Rice,24.42,37.38,753.59,78.74,10.0,6.0,0.472,168.1,26.6,163.0,5017.97
AGR_Wes_2023_01442,West_Zone,MH_Marathwada,2023,Zaid,Soybean,26.88,,80.72,59.04,17.01,6.99,0.667,142.6,36.5,185.0,2621.79
AGR_Wes_2021_01443,West_Zone,GJ_Saurashtra,2021,Kharif,Soybean,26.54,36.18,1198.46,95.0,10.0,5.51,0.634,149.5,28.3,238.9,3343.71
AGR_Wes_2023_01444,West_Zone,GJ_Saurashtra,2023,Kharif,Wheat,23.58,33.89,725.11,73.27,10.89,7.86,0.744,207.2,17.0,223.3,5091.49
AGR_Wes_2022_01445,West_Zone,MH_Vidarbha,2022,Kharif,Wheat,26.01,35.52,1092.33,82.98,10.48,5.98,0.52,192.1,24.2,173.6,4687.31
AGR_Wes_2023_01446,West_Zone,MH_Vidarbha,2023,Rabi,Cotton,21.77,28.87,106.77,50.35,10.69,6.29,0.714,128.4,16.8,180.7,2083.46
AGR_Wes_2020_01447,West_Zone,GJ_Saurashtra,2020,Rabi,Soybean,23.12,34.58,64.88,59.9,10.0,7.4,0.569,200.5,31.9,221.3,2435.48
AGR_Wes_2020_01448,West_Zone,MH_Vidarbha,2020,Kharif,Pulses,23.44,36.47,775.56,71.95,11.59,6.88,0.495,174.9,24.2,190.4,2332.24
AGR_Wes_2023_01449,West_Zone,MP_Malwa,2023,Kharif,Maize,27.56,38.94,328.14,78.65,11.49,6.81,0.539,238.0,26.2,159.2,4214.25
AGR_Wes_2023_01450,West_Zone,MP_Malwa,2023,Rabi,Wheat,20.27,29.79,96.95,,15.78,7.73,0.234,183.9,22.5,160.7,3477.4
AGR_Wes_2020_01451,West_Zone,MH_Marathwada,2020,Zaid,Pulses,26.06,38.9,144.86,34.72,12.51,7.86,0.656,192.5,20.0,235.9,1618.4
AGR_Wes_2021_01452,West_Zone,MH_Vidarbha,2021,Rabi,Soybean,21.32,30.53,154.46,51.8,14.2,6.06,0.636,205.0,30.2,203.9,2722.11
AGR_Wes_2022_01453,West_Zone,MH_Vidarbha,2022,Kharif,Wheat,22.55,31.82,695.77,55.55,13.85,6.93,0.454,148.0,28.7,193.2,4208.56
AGR_Wes_2022_01454,West_Zone,MP_Malwa,2022,Kharif,Maize,24.05,34.6,385.29,46.08,14.08,6.02,0.515,150.1,24.9,244.7,4343.27
AGR_Wes_2022_01455,West_Zone,GJ_Saurashtra,2022,Rabi,Pulses,21.64,33.09,204.06,58.72,12.1,6.98,0.928,214.0,23.9,133.4,1947.97
AGR_Wes_2020_01456,West_Zone,MH_Marathwada,2020,Rabi,Pulses,21.9,35.2,173.78,54.92,12.37,6.21,0.9,158.5,12.1,209.9,1434.95
AGR_Wes_2020_01457,West_Zone,MP_Malwa,2020,Rabi,Soybean,18.77,26.29,109.09,,10.67,7.21,0.763,197.7,18.7,210.5,2395.79
AGR_Wes_2018_01458,West_Zone,MH_Marathwada,2018,Kharif,Pulses,24.64,34.49,,69.56,10.0,7.22,0.489,212.3,17.4,247.6,2416.54
AGR_Wes_2020_01459,West_Zone,GJ_Saurashtra,2020,Rabi,Cotton,20.44,31.18,142.63,70.25,13.73,6.06,0.2,130.5,22.0,208.2,1961.36
AGR_Wes_2018_01460,West_Zone,MH_Vidarbha,2018,Kharif,Wheat,23.73,35.5,1044.09,79.43,10.0,7.78,1.2,115.7,19.8,139.1,4911.89
AGR_Wes_2018_01461,West_Zone,MP_Malwa,2018,Kharif,Rice,24.96,36.06,331.0,56.48,14.98,6.47,0.522,161.0,31.5,218.4,4783.87
AGR_Wes_2021_01462,West_Zone,MH_Vidarbha,2021,Kharif,Pulses,23.2,37.12,1095.59,95.0,10.0,6.26,0.714,148.9,24.6,239.8,2188.99
AGR_Wes_2022_01463,West_Zone,MH_Marathwada,2022,Kharif,Pulses,24.74,35.62,688.32,74.07,10.0,6.87,0.767,105.7,22.0,275.3,2315.65
AGR_Wes_2021_01464,West_Zone,MH_Vidarbha,2021,Rabi,Rice,21.94,32.22,191.67,65.03,12.3,6.97,0.55,148.6,17.2,244.2,4286.46
AGR_Wes_2021_01465,West_Zone,MH_Marathwada,2021,Rabi,Cotton,22.29,,242.31,71.19,11.1,5.57,0.744,212.9,31.0,226.6,2731.03
AGR_Wes_2021_01466,West_Zone,MH_Vidarbha,2021,Kharif,Soybean,25.09,36.56,787.41,68.72,13.99,6.97,0.478,229.1,25.8,136.3,3065.96
AGR_Wes_2018_01467,West_Zone,MH_Vidarbha,2018,Rabi,Wheat,,33.49,195.4,60.24,11.09,6.33,0.556,240.1,26.3,218.4,4002.35
AGR_Wes_2023_01468,West_Zone,MP_Malwa,2023,Kharif,Maize,22.65,30.01,549.03,76.33,10.25,7.49,0.52,207.2,20.7,162.2,4009.12
AGR_Wes_2020_01469,West_Zone,MH_Vidarbha,2020,Kharif,Wheat,24.43,37.94,699.52,63.22,11.77,8.09,0.378,164.1,28.2,197.7,4266.33
AGR_Wes_2020_01470,West_Zone,GJ_Saurashtra,2020,Kharif,Soybean,24.84,34.9,576.37,77.01,10.0,5.88,0.539,145.8,24.6,225.4,3278.29
AGR_Wes_2022_01471,West_Zone,MH_Vidarbha,2022,Kharif,Rice,23.95,35.14,1010.06,95.0,10.0,6.77,0.42,175.7,16.2,199.0,5058.65
AGR_Wes_2023_01472,West_Zone,MH_Marathwada,2023,Zaid,Soybean,26.49,39.91,93.73,61.16,14.8,6.7,0.646,165.2,23.7,250.8,2548.72
AGR_Wes_2023_01473,West_Zone,MH_Marathwada,2023,Kharif,Pulses,24.79,32.72,535.96,63.59,15.66,6.77,0.614,199.1,17.4,195.6,2297.91
AGR_Wes_2022_01474,West_Zone,MP_Malwa,2022,Rabi,Wheat,,28.36,163.28,59.79,14.13,6.43,0.656,159.3,20.0,155.7,3824.51
AGR_Wes_2018_01475,West_Zone,MH_Vidarbha,2018,Kharif,Wheat,26.04,33.56,838.46,74.74,10.46,6.99,0.53,193.9,25.2,245.3,4675.58
AGR_Wes_2023_01476,West_Zone,MH_Vidarbha,2023,Kharif,Soybean,23.32,34.86,555.82,70.07,10.17,8.29,0.477,220.5,12.4,249.5,3412.95
AGR_Wes_2019_01477,West_Zone,MH_Marathwada,2019,Kharif,Pulses,26.55,33.82,889.48,69.1,16.29,6.55,0.501,194.1,9.8,266.0,2333.12
AGR_Wes_2020_01478,West_Zone,GJ_Saurashtra,2020,Kharif,Pulses,22.17,33.21,363.98,49.24,14.83,6.64,0.926,213.4,14.0,227.3,2269.77
AGR_Wes_2022_01479,West_Zone,MH_Vidarbha,2022,Rabi,Wheat,20.36,31.99,144.27,47.64,10.0,6.83,0.652,175.1,28.8,169.3,3936.37
AGR_Wes_2018_01480,West_Zone,GJ_Saurashtra,2018,Zaid,Pulses,26.73,33.98,53.33,52.48,14.18,6.44,0.559,173.0,19.3,306.2,1858.15
AGR_Wes_2021_01481,West_Zone,GJ_Saurashtra,2021,Kharif,Wheat,25.96,36.69,466.84,69.97,10.21,6.61,0.674,158.4,22.4,206.5,4394.1
AGR_Wes_2023_01482,West_Zone,MH_Vidarbha,2023,Kharif,Pulses,24.63,38.61,558.55,56.85,10.4,7.55,0.669,224.3,21.1,194.7,2169.22
AGR_Wes_2020_01483,West_Zone,MP_Malwa,2020,Rabi,Wheat,22.47,31.45,151.37,49.17,12.52,7.2,0.901,169.9,18.8,235.7,4007.51
AGR_Wes_2018_01484,West_Zone,MP_Malwa,2018,Kharif,Soybean,23.11,31.9,448.88,84.66,10.0,6.74,0.641,190.2,21.5,265.7,3024.52
AGR_Wes_2022_01485,West_Zone,GJ_Saurashtra,2022,Rabi,Cotton,21.36,29.51,83.59,44.61,14.05,6.63,0.812,213.2,26.4,157.2,2320.33
AGR_Wes_2023_01486,West_Zone,MH_Marathwada,2023,Rabi,Wheat,18.97,27.85,129.76,49.43,14.76,7.07,1.015,139.9,23.6,214.1,4088.74
AGR_Wes_2019_01487,West_Zone,GJ_Saurashtra,2019,Rabi,Pulses,22.18,29.71,222.5,57.59,14.07,7.05,0.442,139.7,23.1,174.8,1580.79
AGR_Wes_2020_01488,West_Zone,MP_Malwa,2020,Kharif,Wheat,26.1,33.96,527.49,80.26,10.71,6.82,0.656,175.3,17.0,218.7,4327.35
AGR_Wes_2022_01489,West_Zone,MH_Marathwada,2022,Rabi,Rice,20.4,31.87,189.93,52.12,12.19,7.99,0.741,178.1,19.6,208.8,4786.3
AGR_Wes_2023_01490,West_Zone,MH_Marathwada,2023,Zaid,Pulses,25.99,32.99,75.82,44.53,10.39,6.26,0.628,151.3,24.7,291.9,1175.27
AGR_Wes_2023_01491,West_Zone,GJ_Saurashtra,2023,Kharif,Wheat,24.48,36.98,989.5,88.9,11.96,6.97,0.534,222.0,15.5,149.8,4699.11
AGR_Wes_2018_01492,West_Zone,MH_Vidarbha,2018,Rabi,Maize,21.16,31.48,,73.43,10.0,7.02,0.501,182.6,29.2,190.8,3045.13
AGR_Wes_2021_01493,West_Zone,MH_Vidarbha,2021,Rabi,Pulses,21.43,,99.41,41.14,12.63,8.03,0.7,203.9,19.4,278.4,1612.42
AGR_Wes_2019_01494,West_Zone,GJ_Saurashtra,2019,Kharif,Rice,24.95,34.87,,68.25,12.61,6.68,0.379,188.3,29.9,197.7,4764.2
AGR_Wes_2020_01495,West_Zone,MH_Marathwada,2020,Kharif,Soybean,25.32,37.91,10.0,53.92,13.71,7.1,0.724,218.7,25.1,162.5,2272.74
AGR_Wes_2022_01496,West_Zone,MP_Malwa,2022,Rabi,Cotton,22.29,32.14,176.33,57.81,11.48,6.76,0.625,163.1,17.3,217.9,2095.6
AGR_Wes_2022_01497,West_Zone,MP_Malwa,2022,Zaid,Wheat,29.91,38.99,117.79,67.66,10.0,7.49,0.314,174.2,22.3,187.8,3646.72
AGR_Wes_2021_01498,West_Zone,MH_Marathwada,2021,Rabi,Soybean,22.52,,113.45,56.12,13.0,7.25,0.552,133.1,28.1,180.8,2271.47
AGR_Wes_2019_01499,West_Zone,MP_Malwa,2019,Rabi,Cotton,22.48,33.53,108.4,68.31,11.62,7.68,0.628,139.3,20.5,258.5,2152.5
AGR_Wes_2021_01500,West_Zone,MP_Malwa,2021,Kharif,Maize,24.59,33.09,789.32,,10.0,7.55,0.909,203.8,15.3,223.2,4395.94
AGR_Wes_2022_01501,West_Zone,MH_Marathwada,2022,Zaid,Soybean,27.74,40.43,67.89,,11.09,6.13,0.448,204.9,21.2,127.7,2205.15
AGR_Wes_2018_01502,West_Zone,MH_Marathwada,2018,Rabi,Soybean,19.75,30.57,155.97,65.24,11.76,8.01,0.394,210.2,18.4,212.1,2500.88
AGR_Wes_2022_01503,West_Zone,MH_Vidarbha,2022,Rabi,Maize,22.53,32.24,171.54,49.02,15.29,7.74,0.544,213.2,25.7,193.1,3535.88
AGR_Wes_2021_01504,West_Zone,MP_Malwa,2021,Kharif,Soybean,,31.7,830.73,78.85,12.85,6.48,0.865,176.3,16.0,201.5,3461.76
AGR_Wes_2022_01505,West_Zone,GJ_Saurashtra,2022,Kharif,Wheat,23.36,36.29,616.86,56.31,12.33,8.19,0.383,164.3,20.2,179.7,4163.29
AGR_Wes_2018_01506,West_Zone,MH_Vidarbha,2018,Kharif,Soybean,24.47,32.71,632.57,,10.0,5.2,0.696,141.1,25.3,185.9,3214.17
AGR_Wes_2021_01507,West_Zone,MH_Marathwada,2021,Kharif,Pulses,,35.91,,76.45,10.08,6.43,0.637,144.9,25.5,152.0,2214.05
AGR_Wes_2018_01508,West_Zone,MP_Malwa,2018,Zaid,Rice,26.99,36.93,99.18,65.19,15.72,6.66,0.472,158.5,29.6,268.0,4255.71
AGR_Wes_2023_01509,West_Zone,MH_Vidarbha,2023,Kharif,Maize,25.0,35.81,378.07,54.9,12.48,7.47,0.482,214.8,18.3,262.7,4535.92
AGR_Wes_2018_01510,West_Zone,MH_Marathwada,2018,Kharif,Maize,,36.06,507.37,58.97,11.95,6.86,0.479,162.4,18.1,224.6,4083.71
AGR_Wes_2023_01511,West_Zone,MP_Malwa,2023,Kharif,Maize,23.01,33.48,473.19,59.4,11.0,6.99,0.608,150.6,21.3,202.9,4144.16
AGR_Wes_2022_01512,West_Zone,MH_Vidarbha,2022,Rabi,Rice,21.75,31.57,141.41,54.07,10.0,6.27,0.595,202.1,24.9,167.2,4696.01
AGR_Wes_2023_01513,West_Zone,MH_Vidarbha,2023,Kharif,Maize,25.04,35.3,1075.48,95.0,10.0,7.08,0.764,256.1,14.0,260.1,4616.14
AGR_Wes_2023_01514,West_Zone,GJ_Saurashtra,2023,Kharif,Rice,24.21,32.19,552.88,62.61,11.95,6.75,0.725,198.9,16.3,159.5,5267.23
AGR_Wes_2022_01515,West_Zone,GJ_Saurashtra,2022,Rabi,Soybean,19.86,28.98,184.96,68.14,10.0,7.3,0.635,177.2,19.7,202.3,2515.36
AGR_Wes_2018_01516,West_Zone,MH_Vidarbha,2018,Kharif,Pulses,24.65,31.75,883.55,94.69,10.0,5.94,0.879,220.4,14.3,273.4,2522.72
AGR_Wes_2023_01517,West_Zone,GJ_Saurashtra,2023,Rabi,Cotton,19.04,27.01,164.63,56.96,10.0,6.57,0.698,178.3,24.7,215.5,2068.1
AGR_Wes_2023_01518,West_Zone,MH_Vidarbha,2023,Rabi,Wheat,23.42,,210.26,70.8,10.89,7.75,0.704,163.0,21.1,170.1,4177.54
AGR_Wes_2022_01519,West_Zone,GJ_Saurashtra,2022,Kharif,Maize,23.92,33.72,439.57,56.39,14.34,7.05,0.664,176.6,23.2,328.5,4344.53
AGR_Wes_2021_01520,West_Zone,GJ_Saurashtra,2021,Rabi,Maize,21.39,32.0,240.97,60.8,12.95,6.28,0.304,188.4,30.4,202.5,3701.65
AGR_Wes_2020_01521,West_Zone,MH_Vidarbha,2020,Rabi,Pulses,,,119.89,50.69,11.69,5.51,0.587,156.2,11.5,238.2,1429.47
AGR_Wes_2023_01522,West_Zone,GJ_Saurashtra,2023,Rabi,Soybean,23.36,32.58,198.16,60.11,13.23,6.58,0.77,143.8,24.3,180.1,2506.77
AGR_Wes_2019_01523,West_Zone,GJ_Saurashtra,2019,Rabi,Wheat,22.01,34.17,182.68,62.7,14.77,7.02,0.426,113.0,17.3,231.7,3532.37
AGR_Wes_2019_01524,West_Zone,MP_Malwa,2019,Zaid,Rice,26.25,39.63,108.73,62.84,10.0,6.26,0.391,162.6,27.2,230.2,3848.75
AGR_Wes_2018_01525,West_Zone,MH_Marathwada,2018,Kharif,Pulses,23.88,34.4,752.69,62.5,11.74,6.9,0.766,205.6,22.2,186.9,2287.87
AGR_Wes_2020_01526,West_Zone,MH_Marathwada,2020,Kharif,Cotton,21.56,34.26,812.7,76.35,10.42,6.81,0.48,200.9,25.2,226.7,3016.78
AGR_Wes_2020_01527,West_Zone,MH_Vidarbha,2020,Kharif,Wheat,25.18,38.16,1230.51,89.82,10.0,7.36,0.509,128.2,21.2,275.3,4231.59
AGR_Wes_2021_01528,West_Zone,GJ_Saurashtra,2021,Kharif,Soybean,24.77,,532.31,,10.5,8.32,0.399,224.6,16.2,209.6,2880.85
AGR_Wes_2023_01529,West_Zone,MH_Marathwada,2023,Rabi,Pulses,23.58,31.7,112.98,43.6,13.97,6.64,0.382,176.8,18.7,215.3,1257.68
AGR_Wes_2018_01530,West_Zone,MH_Marathwada,2018,Rabi,Soybean,22.24,31.75,284.27,53.89,11.26,7.12,0.462,181.1,28.0,220.0,3004.84
AGR_Wes_2020_01531,West_Zone,MP_Malwa,2020,Rabi,Pulses,20.4,34.23,239.77,65.02,13.13,6.71,0.637,97.3,29.0,230.7,1703.89
AGR_Wes_2022_01532,West_Zone,MH_Marathwada,2022,Kharif,Wheat,25.2,34.76,897.93,85.43,10.95,6.38,0.649,205.0,14.1,191.7,5037.02
AGR_Wes_2018_01533,West_Zone,MH_Vidarbha,2018,Zaid,Soybean,,37.64,45.79,65.5,13.81,7.98,0.714,149.1,27.5,197.2,2263.54
AGR_Wes_2018_01534,West_Zone,MH_Marathwada,2018,Kharif,Cotton,23.92,33.67,617.11,68.21,12.03,6.26,0.374,150.4,10.7,246.9,2899.53
AGR_Wes_2018_01535,West_Zone,MH_Marathwada,2018,Kharif,Soybean,27.27,37.01,864.45,69.47,10.0,8.06,0.704,154.3,30.5,203.3,3269.03
AGR_Wes_2021_01536,West_Zone,GJ_Saurashtra,2021,Rabi,Cotton,20.93,28.61,224.56,64.14,10.0,7.54,0.824,232.9,22.9,223.5,2838.21
AGR_Wes_2020_01537,West_Zone,MH_Vidarbha,2020,Rabi,Wheat,21.54,35.11,174.24,39.11,17.98,7.19,0.71,201.2,16.5,252.0,4233.31
AGR_Wes_2018_01538,West_Zone,MP_Malwa,2018,Rabi,Soybean,,31.71,156.53,61.74,10.72,6.41,0.843,209.9,21.9,214.7,3046.3
AGR_Wes_2018_01539,West_Zone,MH_Marathwada,2018,Rabi,Pulses,21.11,32.38,133.0,46.17,14.16,7.14,0.691,149.3,32.0,208.5,1542.2
AGR_Wes_2021_01540,West_Zone,MH_Marathwada,2021,Rabi,Maize,19.18,32.17,132.47,,14.76,7.12,0.759,228.0,26.5,272.6,3826.14
AGR_Wes_2020_01541,West_Zone,GJ_Saurashtra,2020,Rabi,Maize,17.89,29.02,53.32,61.95,10.67,7.23,0.878,243.1,26.1,234.9,3506.89
AGR_Wes_2018_01542,West_Zone,MH_Marathwada,2018,Rabi,Soybean,20.38,29.07,162.09,67.03,12.22,8.5,0.774,230.2,22.6,187.5,2593.74
AGR_Wes_2018_01543,West_Zone,MH_Vidarbha,2018,Kharif,Pulses,24.36,35.02,,83.56,13.61,6.77,0.687,109.6,27.6,216.5,2216.65
AGR_Wes_2019_01544,West_Zone,MH_Marathwada,2019,Kharif,Rice,23.88,33.62,940.3,92.2,10.0,5.49,0.67,151.1,25.4,214.1,4878.77
AGR_Wes_2022_01545,West_Zone,MP_Malwa,2022,Zaid,Rice,26.07,40.02,91.23,43.95,16.49,6.11,0.631,140.2,25.2,276.4,4094.44
AGR_Wes_2018_01546,West_Zone,MH_Marathwada,2018,Kharif,Soybean,22.26,34.04,825.03,88.07,10.0,7.36,0.523,210.9,13.0,191.0,3354.97
AGR_Wes_2022_01547,West_Zone,MH_Marathwada,2022,Rabi,Wheat,21.9,34.76,,57.3,13.34,6.9,0.67,90.0,13.6,245.8,3728.76
AGR_Wes_2019_01548,West_Zone,MH_Marathwada,2019,Kharif,Soybean,27.15,38.6,1204.71,92.63,10.0,5.94,0.56,210.2,26.5,188.2,3429.09
AGR_Wes_2023_01549,West_Zone,MH_Vidarbha,2023,Rabi,Wheat,19.6,30.88,98.24,47.42,12.71,7.1,0.583,182.6,22.3,201.9,3905.59
AGR_Wes_2018_01550,West_Zone,MP_Malwa,2018,Kharif,Cotton,25.41,38.44,999.87,,10.0,6.93,0.588,204.5,20.8,199.6,2657.4
AGR_Wes_2022_01551,West_Zone,MH_Vidarbha,2022,Rabi,Rice,20.89,,,42.96,15.46,6.65,0.555,196.6,19.0,265.3,4534.3
AGR_Wes_2021_01552,West_Zone,MH_Vidarbha,2021,Kharif,Pulses,24.34,36.56,379.41,,13.56,5.82,0.525,195.2,16.8,230.8,2172.13
AGR_Wes_2020_01553,West_Zone,MP_Malwa,2020,Kharif,Maize,23.61,37.19,,47.29,12.65,6.28,0.2,135.2,16.9,242.5,3458.41
AGR_Wes_2018_01554,West_Zone,MH_Vidarbha,2018,Kharif,Soybean,26.68,34.95,882.31,85.48,11.39,6.6,0.518,184.6,15.4,181.4,3194.75
AGR_Wes_2018_01555,West_Zone,GJ_Saurashtra,2018,Kharif,Wheat,,37.02,,81.49,10.0,7.23,0.542,147.9,11.6,193.2,4338.78
AGR_Wes_2022_01556,West_Zone,MH_Vidarbha,2022,Kharif,Wheat,24.14,33.25,943.82,85.23,12.17,6.98,0.762,169.3,22.3,259.5,4502.19
AGR_Wes_2023_01557,West_Zone,GJ_Saurashtra,2023,Rabi,Soybean,19.63,32.53,91.7,48.43,12.22,6.95,0.558,184.5,22.5,216.4,2112.18
AGR_Wes_2022_01558,West_Zone,MH_Marathwada,2022,Kharif,Rice,23.4,33.51,552.34,58.74,13.3,5.87,0.783,180.8,24.4,200.9,5326.04
AGR_Wes_2019_01559,West_Zone,MH_Vidarbha,2019,Zaid,Soybean,27.79,41.65,,40.33,15.07,7.06,0.413,169.3,18.0,193.8,2095.9
AGR_Wes_2020_01560,West_Zone,MP_Malwa,2020,Kharif,Pulses,24.19,33.09,383.75,52.4,13.11,6.39,0.57,181.9,19.3,175.1,2258.43
AGR_Wes_2019_01561,West_Zone,MH_Vidarbha,2019,Kharif,Soybean,25.05,37.2,,95.0,10.27,6.61,0.658,225.8,19.3,242.4,3263.51
AGR_Wes_2019_01562,West_Zone,GJ_Saurashtra,2019,Rabi,Rice,18.45,29.84,150.02,42.45,15.33,8.16,1.151,146.1,11.2,257.4,4691.6
AGR_Wes_2019_01563,West_Zone,GJ_Saurashtra,2019,Rabi,Rice,21.05,33.85,176.87,55.06,12.33,7.72,0.521,207.7,25.4,221.5,4638.93
AGR_Wes_2019_01564,West_Zone,GJ_Saurashtra,2019,Kharif,Soybean,25.06,34.18,532.11,61.33,11.29,6.3,0.558,233.4,22.4,167.1,3477.58
AGR_Wes_2021_01565,West_Zone,MH_Vidarbha,2021,Zaid,Rice,24.05,37.83,135.39,59.48,10.0,7.03,0.677,180.1,18.0,200.4,4465.08
AGR_Wes_2022_01566,West_Zone,GJ_Saurashtra,2022,Kharif,Maize,25.82,35.28,1046.18,67.72,10.27,7.07,0.615,197.3,23.5,152.1,4154.5
AGR_Wes_2019_01567,West_Zone,MH_Vidarbha,2019,Zaid,Cotton,25.4,35.78,83.85,,13.72,7.25,0.757,235.4,15.8,217.3,2448.54
AGR_Wes_2020_01568,West_Zone,MP_Malwa,2020,Kharif,Cotton,25.47,33.9,965.11,78.51,12.13,6.17,0.419,210.6,21.1,216.6,3231.94
AGR_Wes_2020_01569,West_Zone,GJ_Saurashtra,2020,Rabi,Wheat,20.68,29.77,62.55,55.43,11.67,7.31,0.738,137.8,29.1,185.5,3672.9
AGR_Wes_2022_01570,West_Zone,MH_Vidarbha,2022,Rabi,Soybean,21.78,,41.4,53.2,13.05,7.53,0.628,221.0,18.5,203.5,2269.39
AGR_Wes_2019_01571,West_Zone,GJ_Saurashtra,2019,Rabi,Cotton,20.46,28.94,77.88,60.29,10.95,6.72,0.389,163.9,20.4,181.5,1942.02
AGR_Wes_2018_01572,West_Zone,MP_Malwa,2018,Kharif,Cotton,21.76,,1259.09,86.69,10.61,6.12,0.776,202.1,17.7,223.4,3087.09
AGR_Wes_2018_01573,West_Zone,GJ_Saurashtra,2018,Rabi,Wheat,21.25,31.16,105.35,41.91,11.28,8.31,0.54,119.0,9.4,292.5,3649.0
AGR_Wes_2021_01574,West_Zone,MP_Malwa,2021,Kharif,Wheat,,35.13,,60.54,14.23,6.97,1.13,150.3,27.8,339.9,4770.85
AGR_Wes_2021_01575,West_Zone,MP_Malwa,2021,Kharif,Cotton,24.67,36.44,936.48,78.91,10.0,6.45,0.503,110.4,22.4,179.6,2788.53
AGR_Wes_2023_01576,West_Zone,MP_Malwa,2023,Rabi,Maize,21.41,33.48,186.51,55.1,16.1,7.36,0.848,190.8,14.1,197.5,3854.64
AGR_Wes_2022_01577,West_Zone,MH_Vidarbha,2022,Rabi,Maize,19.58,29.98,76.41,47.54,13.75,7.56,0.571,205.6,26.0,188.0,3045.33
AGR_Wes_2019_01578,West_Zone,GJ_Saurashtra,2019,Kharif,Cotton,27.0,38.48,667.13,79.84,10.0,6.63,0.713,179.7,13.2,144.0,2981.62
AGR_Wes_2023_01579,West_Zone,MP_Malwa,2023,Rabi,Wheat,20.19,31.55,178.39,66.74,10.73,7.49,0.438,198.6,23.8,197.2,3893.67
AGR_Wes_2020_01580,West_Zone,GJ_Saurashtra,2020,Rabi,Soybean,20.86,29.97,195.62,65.34,13.84,7.01,0.443,196.4,27.3,243.2,2585.47
AGR_Wes_2020_01581,West_Zone,GJ_Saurashtra,2020,Rabi,Pulses,22.38,29.58,,44.97,11.21,6.32,0.345,203.1,20.0,207.3,1361.64
AGR_Wes_2023_01582,West_Zone,MH_Vidarbha,2023,Rabi,Soybean,19.45,28.62,178.03,54.08,10.0,6.69,0.589,163.5,12.5,234.0,2366.99
AGR_Wes_2023_01583,West_Zone,MH_Vidarbha,2023,Zaid,Cotton,24.28,31.57,62.14,47.89,11.89,6.67,0.259,179.6,25.2,177.4,2096.75
AGR_Wes_2021_01584,West_Zone,MH_Vidarbha,2021,Kharif,Soybean,,36.28,851.34,73.09,12.57,7.48,0.627,194.3,14.2,197.5,3524.0
AGR_Wes_2020_01585,West_Zone,MH_Vidarbha,2020,Kharif,Cotton,24.14,33.43,582.9,65.19,10.38,6.62,0.619,227.4,29.1,178.6,3395.2
AGR_Wes_2022_01586,West_Zone,MH_Marathwada,2022,Kharif,Cotton,,35.67,907.26,,11.42,6.12,0.474,180.8,18.8,255.2,3093.37
AGR_Wes_2019_01587,West_Zone,GJ_Saurashtra,2019,Rabi,Maize,19.36,27.02,120.41,42.97,14.95,7.8,0.514,214.9,29.6,274.1,3423.1
AGR_Wes_2022_01588,West_Zone,GJ_Saurashtra,2022,Kharif,Pulses,25.06,37.47,925.43,57.78,10.68,6.47,0.73,128.3,22.4,215.5,2247.89
AGR_Wes_2020_01589,West_Zone,MH_Marathwada,2020,Zaid,Pulses,29.2,36.5,81.03,41.03,14.48,7.79,0.704,200.6,25.3,194.2,1570.95
AGR_Wes_2023_01590,West_Zone,GJ_Saurashtra,2023,Kharif,Cotton,,37.1,872.17,,13.14,6.83,0.641,194.4,14.9,255.9,3098.84
AGR_Wes_2022_01591,West_Zone,MH_Marathwada,2022,Kharif,Soybean,24.63,35.53,509.91,60.92,11.78,7.01,0.588,189.8,12.0,260.3,3396.94
AGR_Wes_2019_01592,West_Zone,MP_Malwa,2019,Kharif,Cotton,23.53,33.91,452.05,77.09,10.0,7.2,0.617,218.5,19.6,263.9,3017.8
AGR_Wes_2023_01593,West_Zone,MH_Vidarbha,2023,Kharif,Soybean,24.84,,1086.6,83.45,11.82,6.45,0.457,181.6,17.2,216.5,3194.21
AGR_Wes_2023_01594,West_Zone,MH_Vidarbha,2023,Rabi,Pulses,20.38,31.91,256.83,56.33,14.43,5.8,0.415,127.3,29.1,232.5,1844.65
AGR_Wes_2020_01595,West_Zone,MH_Vidarbha,2020,Rabi,Cotton,20.63,31.05,205.7,63.74,12.18,6.45,0.687,196.7,24.0,176.6,2402.63
AGR_Wes_2019_01596,West_Zone,MH_Vidarbha,2019,Kharif,Pulses,25.76,34.34,1062.75,68.68,10.87,6.64,0.473,244.5,29.7,172.6,2480.82
AGR_Wes_2023_01597,West_Zone,MH_Vidarbha,2023,Zaid,Cotton,28.7,36.0,81.86,40.75,12.89,6.82,0.667,178.0,21.0,207.3,2387.29
AGR_Wes_2019_01598,West_Zone,MH_Vidarbha,2019,Rabi,Soybean,19.73,,174.57,65.43,10.95,7.43,0.781,106.4,30.8,291.2,2434.27
AGR_Wes_2018_01599,West_Zone,MH_Marathwada,2018,Kharif,Wheat,23.73,36.16,645.35,70.21,12.85,7.18,0.692,214.7,31.9,220.2,4768.87
AGR_Wes_2023_01600,West_Zone,MH_Vidarbha,2023,Rabi,Wheat,21.69,31.75,37.81,47.59,13.51,5.9,0.702,224.5,17.6,169.1,4015.28
AGR_Wes_2022_01601,West_Zone,MP_Malwa,2022,Kharif,Cotton,25.28,32.98,693.28,70.16,10.0,6.18,0.842,249.3,20.4,251.9,3369.41
AGR_Wes_2019_01602,West_Zone,MH_Marathwada,2019,Rabi,Maize,22.98,32.45,138.58,56.12,13.07,7.46,0.428,209.5,21.7,213.1,3216.92
AGR_Wes_2023_01603,West_Zone,MP_Malwa,2023,Kharif,Soybean,25.97,36.35,,50.86,16.39,6.46,0.967,221.5,24.2,118.9,3725.69
AGR_Wes_2019_01604,West_Zone,MP_Malwa,2019,Kharif,Wheat,28.16,35.21,1142.61,84.61,10.82,7.22,0.574,222.3,21.8,239.5,4965.05
AGR_Wes_2019_01605,West_Zone,MP_Malwa,2019,Kharif,Cotton,26.07,35.64,569.53,66.7,10.59,6.7,0.736,173.6,18.8,165.7,3224.43
AGR_Wes_2019_01606,West_Zone,MH_Marathwada,2019,Kharif,Wheat,24.06,33.53,1153.62,89.15,10.0,5.55,0.569,177.0,18.9,218.0,4505.13
AGR_Wes_2020_01607,West_Zone,MH_Vidarbha,2020,Rabi,Pulses,22.9,35.77,164.99,45.91,10.0,6.87,0.924,169.6,16.9,134.2,1588.57
AGR_Wes_2019_01608,West_Zone,MP_Malwa,2019,Kharif,Soybean,22.74,32.49,1051.53,91.49,10.3,6.75,0.678,169.7,14.0,231.4,3307.09
AGR_Wes_2023_01609,West_Zone,GJ_Saurashtra,2023,Kharif,Pulses,22.9,33.68,1227.71,94.66,10.0,7.67,0.581,181.6,17.0,216.0,2268.61
AGR_Wes_2023_01610,West_Zone,MH_Vidarbha,2023,Rabi,Pulses,20.9,34.75,168.6,76.0,12.72,6.26,0.662,227.8,13.7,220.2,1797.59
AGR_Wes_2019_01611,West_Zone,GJ_Saurashtra,2019,Kharif,Pulses,23.66,30.83,,47.23,15.4,7.99,0.618,174.6,19.3,205.7,1908.81
AGR_Wes_2019_01612,West_Zone,MH_Vidarbha,2019,Rabi,Pulses,21.13,29.87,92.47,46.57,16.67,6.75,0.441,95.9,19.6,174.7,929.12
AGR_Wes_2022_01613,West_Zone,MH_Marathwada,2022,Zaid,Maize,,38.6,94.47,53.21,11.97,7.13,0.42,178.7,19.9,309.0,3093.33
AGR_Wes_2018_01614,West_Zone,MP_Malwa,2018,Rabi,Rice,18.88,31.63,99.27,57.5,14.05,7.2,0.824,183.6,19.4,177.7,4337.54
AGR_Wes_2023_01615,West_Zone,MH_Marathwada,2023,Rabi,Pulses,22.38,35.55,191.02,64.08,10.0,6.92,0.739,118.9,16.6,236.2,1412.93
AGR_Wes_2023_01616,West_Zone,MP_Malwa,2023,Kharif,Cotton,27.12,39.18,965.61,90.94,10.0,6.55,0.679,107.7,24.1,258.8,2897.72
AGR_Wes_2018_01617,West_Zone,MP_Malwa,2018,Kharif,Maize,24.66,35.37,1003.21,,11.24,6.06,0.593,218.5,20.9,186.5,4272.64
AGR_Wes_2019_01618,West_Zone,MH_Vidarbha,2019,Rabi,Cotton,19.22,28.48,175.29,66.12,10.0,7.22,0.597,204.2,31.3,266.4,2190.86
AGR_Wes_2022_01619,West_Zone,GJ_Saurashtra,2022,Kharif,Cotton,21.78,33.6,790.67,82.58,11.21,6.61,0.623,203.4,25.7,172.0,2982.25
AGR_Wes_2019_01620,West_Zone,MH_Vidarbha,2019,Kharif,Cotton,25.12,36.55,576.23,71.13,10.0,7.07,0.423,124.6,14.8,265.8,2648.82
AGR_Wes_2020_01621,West_Zone,MH_Vidarbha,2020,Kharif,Wheat,24.71,36.97,1136.33,90.28,10.0,6.75,0.616,234.7,25.8,166.3,4826.64
AGR_Wes_2020_01622,West_Zone,MH_Vidarbha,2020,Kharif,Wheat,24.74,33.56,845.18,58.84,11.68,6.92,0.575,163.4,20.4,245.0,4490.95
AGR_Wes_2021_01623,West_Zone,MH_Marathwada,2021,Rabi,Pulses,21.49,34.3,155.42,,13.59,6.2,0.641,197.1,18.3,186.8,1664.86
AGR_Wes_2021_01624,West_Zone,MH_Vidarbha,2021,Rabi,Cotton,22.94,32.01,225.49,71.44,10.0,7.74,0.51,147.5,16.6,247.4,2343.79
AGR_Wes_2020_01625,West_Zone,MP_Malwa,2020,Rabi,Maize,18.52,27.61,129.79,50.18,15.44,5.95,0.531,176.4,29.1,219.6,3235.12
AGR_Wes_2020_01626,West_Zone,MP_Malwa,2020,Kharif,Soybean,24.3,37.37,762.0,76.64,10.0,6.98,0.703,200.9,22.9,176.7,3445.09
AGR_Wes_2023_01627,West_Zone,GJ_Saurashtra,2023,Rabi,Wheat,20.75,34.5,181.55,59.24,11.4,6.48,0.209,187.8,13.9,239.6,3655.61
AGR_Wes_2021_01628,West_Zone,MH_Marathwada,2021,Kharif,Soybean,27.84,37.59,729.52,77.4,10.0,6.96,0.634,138.0,18.3,200.9,3182.07
AGR_Wes_2019_01629,West_Zone,MP_Malwa,2019,Kharif,Pulses,25.56,33.0,935.04,,12.73,7.07,0.47,227.8,29.3,142.5,2620.59
AGR_Wes_2019_01630,West_Zone,GJ_Saurashtra,2019,Kharif,Pulses,26.99,39.26,479.23,77.98,10.74,7.09,0.764,190.3,21.5,169.7,2226.8
AGR_Wes_2023_01631,West_Zone,MP_Malwa,2023,Rabi,Maize,23.05,30.7,50.61,70.06,10.0,6.25,0.886,196.4,29.1,239.1,3644.77
AGR_Wes_2023_01632,West_Zone,MH_Marathwada,2023,Kharif,Pulses,27.11,35.34,695.88,95.0,10.0,7.53,0.483,194.9,28.9,215.6,2930.0
AGR_Wes_2023_01633,West_Zone,MH_Vidarbha,2023,Kharif,Rice,,,704.38,86.82,10.0,7.04,0.633,123.8,27.5,182.8,4718.29
AGR_Wes_2021_01634,West_Zone,MP_Malwa,2021,Rabi,Pulses,21.73,30.18,132.67,52.19,12.58,7.22,0.644,260.9,21.7,110.0,1732.91
AGR_Wes_2019_01635,West_Zone,GJ_Saurashtra,2019,Kharif,Soybean,25.6,35.6,663.27,69.75,10.0,6.35,0.7,163.6,15.0,176.5,3186.31
AGR_Wes_2023_01636,West_Zone,MH_Marathwada,2023,Rabi,Pulses,24.11,32.32,73.83,53.49,11.8,7.19,0.841,225.8,23.1,155.9,1609.35
AGR_Wes_2019_01637,West_Zone,MH_Vidarbha,2019,Zaid,Wheat,26.59,35.16,77.31,54.33,10.71,5.85,0.405,129.3,22.2,148.2,3595.21
AGR_Wes_2023_01638,West_Zone,MH_Marathwada,2023,Rabi,Cotton,20.14,32.31,211.7,39.42,12.92,6.3,0.331,212.6,23.2,207.3,2462.7
AGR_Wes_2019_01639,West_Zone,MH_Vidarbha,2019,Rabi,Pulses,21.74,29.62,167.13,65.86,10.56,6.58,0.88,144.9,20.3,277.7,1469.86
AGR_Wes_2023_01640,West_Zone,MP_Malwa,2023,Kharif,Wheat,24.2,35.56,760.45,66.59,12.08,8.21,0.496,193.6,32.3,235.8,4649.11
AGR_Wes_2021_01641,West_Zone,MH_Marathwada,2021,Kharif,Rice,25.03,33.43,364.52,40.97,14.69,8.27,0.409,187.8,19.6,299.6,4472.4
AGR_Wes_2018_01642,West_Zone,MH_Marathwada,2018,Rabi,Soybean,19.62,29.99,109.43,,14.0,7.24,0.88,215.0,20.9,177.9,2628.72
AGR_Wes_2019_01643,West_Zone,MP_Malwa,2019,Rabi,Rice,,31.89,157.4,50.84,12.59,6.31,0.684,175.4,25.2,125.5,4496.76
AGR_Wes_2023_01644,West_Zone,MP_Malwa,2023,Kharif,Rice,23.02,,,95.0,10.97,7.41,0.642,174.3,21.1,222.0,5154.7
AGR_Wes_2021_01645,West_Zone,GJ_Saurashtra,2021,Rabi,Wheat,20.08,29.07,206.26,,11.39,6.19,0.709,203.3,21.0,198.0,4414.26
AGR_Wes_2018_01646,West_Zone,MH_Vidarbha,2018,Rabi,Pulses,20.14,32.22,144.75,49.64,12.45,6.92,0.408,124.2,13.6,187.1,1265.98
AGR_Wes_2021_01647,West_Zone,MP_Malwa,2021,Rabi,Rice,20.77,29.21,185.25,59.42,10.0,6.26,0.877,212.8,23.5,206.2,4781.79
AGR_Wes_2020_01648,West_Zone,MH_Marathwada,2020,Zaid,Pulses,24.77,33.42,94.01,64.88,13.38,7.31,0.491,139.8,14.5,210.2,1403.2
AGR_Wes_2018_01649,West_Zone,MP_Malwa,2018,Rabi,Cotton,18.79,32.6,276.96,66.88,10.74,7.09,0.619,153.5,14.4,305.0,2316.6
AGR_Wes_2019_01650,West_Zone,GJ_Saurashtra,2019,Rabi,Wheat,,31.03,121.8,44.15,16.07,6.48,0.25,125.3,16.9,185.5,3134.79
AGR_Wes_2018_01651,West_Zone,MH_Vidarbha,2018,Rabi,Maize,21.32,32.41,227.83,64.78,10.0,5.47,0.992,205.8,16.2,111.9,4395.35
AGR_Wes_2019_01652,West_Zone,MP_Malwa,2019,Kharif,Wheat,24.52,33.27,782.82,69.41,10.0,6.62,0.917,208.7,21.2,158.4,5186.74
AGR_Wes_2021_01653,West_Zone,MH_Marathwada,2021,Kharif,Cotton,23.85,36.61,672.9,72.48,12.39,6.97,0.302,144.7,21.9,195.7,3028.22
AGR_Wes_2023_01654,West_Zone,GJ_Saurashtra,2023,Rabi,Rice,21.22,29.22,149.06,61.28,12.93,6.16,0.725,134.5,21.1,218.7,4414.19
AGR_Wes_2020_01655,West_Zone,MH_Vidarbha,2020,Zaid,Wheat,23.87,35.86,85.22,76.56,10.0,6.46,0.586,180.0,17.3,203.2,3893.83
AGR_Wes_2021_01656,West_Zone,MH_Marathwada,2021,Rabi,Maize,19.1,31.65,158.44,74.69,10.5,6.36,0.708,225.0,29.2,188.9,3416.58
AGR_Wes_2020_01657,West_Zone,MH_Vidarbha,2020,Rabi,Cotton,20.89,34.27,191.52,80.24,10.0,6.71,0.408,175.7,19.5,202.2,2378.81
AGR_Wes_2019_01658,West_Zone,MP_Malwa,2019,Rabi,Maize,23.32,35.4,146.51,53.38,11.28,6.53,0.704,226.8,23.0,223.6,4026.84
AGR_Wes_2022_01659,West_Zone,GJ_Saurashtra,2022,Rabi,Soybean,23.58,34.21,197.37,68.09,10.0,6.58,0.2,225.4,31.7,246.1,2813.89
AGR_Wes_2019_01660,West_Zone,MP_Malwa,2019,Rabi,Soybean,20.51,29.77,190.33,44.13,13.32,6.7,0.47,146.3,35.5,139.5,2344.06
AGR_Wes_2023_01661,West_Zone,MH_Vidarbha,2023,Kharif,Rice,23.68,32.36,207.37,38.82,12.68,7.52,0.215,201.2,33.4,233.3,4493.63
AGR_Wes_2019_01662,West_Zone,GJ_Saurashtra,2019,Rabi,Wheat,20.4,31.4,196.95,51.27,12.38,5.89,0.423,174.9,22.9,221.6,3947.9
AGR_Wes_2018_01663,West_Zone,GJ_Saurashtra,2018,Kharif,Wheat,24.05,37.01,987.05,74.35,12.22,8.0,0.613,147.5,25.6,199.0,4512.09
AGR_Wes_2020_01664,West_Zone,MH_Vidarbha,2020,Kharif,Wheat,26.94,37.77,373.27,63.36,14.33,8.14,0.421,170.3,31.4,147.1,4342.28
AGR_Wes_2019_01665,West_Zone,MP_Malwa,2019,Rabi,Soybean,21.03,32.92,161.15,55.71,12.01,7.16,0.772,225.1,12.7,326.9,2798.0
AGR_Wes_2020_01666,West_Zone,MH_Vidarbha,2020,Kharif,Soybean,22.82,30.06,,95.0,10.0,6.22,0.773,171.4,32.4,185.5,3397.73
AGR_Wes_2020_01667,West_Zone,MP_Malwa,2020,Kharif,Wheat,25.32,38.01,998.48,95.0,12.09,6.89,0.574,236.0,14.1,272.1,4844.79
AGR_Wes_2018_01668,West_Zone,MH_Marathwada,2018,Kharif,Pulses,24.57,33.34,1123.34,78.73,10.0,6.87,0.45,160.5,27.6,300.3,2296.47
AGR_Wes_2021_01669,West_Zone,MH_Marathwada,2021,Rabi,Cotton,19.01,30.94,,57.68,10.0,5.98,0.791,210.6,17.1,192.1,2365.09
AGR_Wes_2022_01670,West_Zone,MP_Malwa,2022,Rabi,Soybean,21.67,34.38,151.02,42.78,15.07,7.19,0.718,134.7,16.9,223.4,2586.6
AGR_Wes_2023_01671,West_Zone,MH_Marathwada,2023,Zaid,Soybean,27.25,40.43,61.5,63.74,11.33,7.27,0.772,136.9,24.8,225.2,2222.16
AGR_Wes_2022_01672,West_Zone,GJ_Saurashtra,2022,Kharif,Pulses,24.57,33.8,1019.63,95.0,11.94,6.48,0.621,185.7,25.6,256.5,2562.58
AGR_Wes_2020_01673,West_Zone,MH_Marathwada,2020,Kharif,Pulses,25.42,32.95,859.35,82.54,10.0,6.81,0.76,156.5,14.6,232.2,2365.47
AGR_Wes_2022_01674,West_Zone,MH_Vidarbha,2022,Rabi,Soybean,21.72,33.63,170.16,56.5,13.74,7.2,0.625,181.3,18.9,293.3,2745.27
AGR_Wes_2020_01675,West_Zone,MP_Malwa,2020,Kharif,Pulses,24.05,33.48,1222.26,95.0,10.0,6.44,0.75,223.2,28.4,165.5,2510.42
AGR_Wes_2022_01676,West_Zone,MH_Marathwada,2022,Kharif,Cotton,26.84,37.14,753.48,89.66,11.99,6.71,0.659,188.5,26.4,206.5,3031.73
AGR_Wes_2018_01677,West_Zone,MH_Marathwada,2018,Kharif,Wheat,26.57,40.56,612.86,57.66,13.04,6.26,0.948,221.8,25.6,261.2,5222.34
AGR_Wes_2023_01678,West_Zone,MP_Malwa,2023,Rabi,Rice,20.88,28.51,151.85,54.3,11.7,6.29,0.423,176.5,28.0,199.3,4126.7
AGR_Wes_2023_01679,West_Zone,MP_Malwa,2023,Kharif,Pulses,24.06,35.93,,88.46,12.72,6.63,0.698,202.6,27.3,213.3,2089.65
AGR_Wes_2019_01680,West_Zone,MH_Vidarbha,2019,Rabi,Cotton,19.46,30.07,88.63,57.53,10.0,7.1,0.515,185.8,21.1,209.8,1812.69
AGR_Wes_2022_01681,West_Zone,GJ_Saurashtra,2022,Kharif,Maize,21.99,34.57,728.65,91.07,10.16,7.33,0.744,161.9,24.3,110.0,4350.65
AGR_Wes_2023_01682,West_Zone,MP_Malwa,2023,Kharif,Rice,24.03,32.15,389.04,57.98,13.13,7.0,0.698,167.4,23.1,215.1,5277.22
AGR_Wes_2019_01683,West_Zone,MH_Vidarbha,2019,Kharif,Soybean,22.97,33.14,911.19,86.65,10.31,6.14,0.2,150.1,33.8,148.7,2917.56
AGR_Wes_2023_01684,West_Zone,GJ_Saurashtra,2023,Kharif,Soybean,26.44,36.49,1582.12,95.0,10.0,6.08,0.2,143.1,40.6,167.8,2840.43
AGR_Wes_2023_01685,West_Zone,GJ_Saurashtra,2023,Rabi,Rice,22.68,32.8,174.22,61.96,10.0,6.21,0.726,207.7,13.4,245.1,4890.88
AGR_Wes_2018_01686,West_Zone,MH_Marathwada,2018,Rabi,Soybean,,,113.05,48.88,14.43,6.63,0.863,155.7,13.6,223.5,2423.59
AGR_Wes_2019_01687,West_Zone,MP_Malwa,2019,Kharif,Rice,26.19,40.06,,63.37,11.38,7.52,0.684,152.7,15.2,170.4,5053.27
AGR_Wes_2020_01688,West_Zone,MH_Vidarbha,2020,Rabi,Pulses,20.4,30.51,243.64,58.04,11.53,6.83,0.53,181.0,20.9,216.3,1727.77
AGR_Wes_2023_01689,West_Zone,MH_Vidarbha,2023,Kharif,Soybean,26.75,38.91,687.72,87.85,10.0,6.93,0.956,145.5,28.6,189.2,3226.53
AGR_Wes_2023_01690,West_Zone,MH_Marathwada,2023,Kharif,Cotton,25.15,32.93,888.35,82.26,12.62,7.64,0.49,222.2,23.7,265.0,3226.4
AGR_Wes_2018_01691,West_Zone,GJ_Saurashtra,2018,Kharif,Wheat,,36.69,798.72,84.56,10.13,7.42,0.607,121.4,33.3,196.9,4383.43
AGR_Wes_2023_01692,West_Zone,MP_Malwa,2023,Rabi,Pulses,23.7,34.04,156.02,39.69,14.78,7.27,0.5,168.7,11.8,271.2,1702.32
AGR_Wes_2020_01693,West_Zone,GJ_Saurashtra,2020,Kharif,Maize,,,591.57,84.62,10.0,6.78,1.018,137.7,26.7,146.5,4322.18
AGR_Wes_2019_01694,West_Zone,MP_Malwa,2019,Kharif,Wheat,27.69,40.92,1173.25,93.51,11.08,7.29,0.903,164.8,16.1,216.8,4729.78
AGR_Wes_2018_01695,West_Zone,MP_Malwa,2018,Kharif,Rice,27.17,36.39,702.32,74.24,10.0,6.89,0.716,102.4,15.1,236.0,5043.95
AGR_Wes_2019_01696,West_Zone,MH_Vidarbha,2019,Rabi,Cotton,21.04,28.32,153.38,46.65,10.0,6.05,0.538,166.5,29.5,245.4,1980.67
AGR_Wes_2022_01697,West_Zone,GJ_Saurashtra,2022,Rabi,Rice,22.95,33.17,99.51,,13.02,6.49,0.623,214.2,31.0,256.2,4237.58
AGR_Wes_2020_01698,West_Zone,MH_Vidarbha,2020,Kharif,Pulses,27.45,40.09,784.84,75.85,12.08,7.45,0.606,213.9,30.8,229.5,2191.54
AGR_Wes_2022_01699,West_Zone,MP_Malwa,2022,Kharif,Rice,26.32,35.07,933.44,74.22,12.07,6.48,0.575,165.8,17.5,261.3,5125.42
AGR_Wes_2020_01700,West_Zone,MH_Marathwada,2020,Kharif,Wheat,24.84,33.38,953.07,88.08,12.17,7.31,0.521,215.5,25.0,163.6,4914.03
AGR_Wes_2021_01701,West_Zone,MH_Vidarbha,2021,Rabi,Pulses,19.33,27.05,134.09,48.33,12.05,6.98,0.689,174.8,10.0,235.9,1463.72
AGR_Wes_2021_01702,West_Zone,MH_Marathwada,2021,Rabi,Rice,20.72,30.8,212.76,55.99,12.76,7.11,0.546,118.5,13.8,182.5,4086.29
AGR_Wes_2019_01703,West_Zone,MH_Marathwada,2019,Kharif,Cotton,25.45,33.8,614.19,,10.06,6.37,0.267,134.4,24.9,180.2,2963.8
AGR_Wes_2019_01704,West_Zone,MH_Marathwada,2019,Kharif,Cotton,24.79,35.31,424.03,62.79,14.62,7.15,0.503,140.3,11.3,236.2,2928.36
AGR_Wes_2023_01705,West_Zone,MP_Malwa,2023,Kharif,Wheat,24.45,33.97,664.86,65.73,10.45,7.5,0.633,223.7,20.0,230.3,4996.89
AGR_Wes_2018_01706,West_Zone,MH_Marathwada,2018,Kharif,Pulses,23.87,35.18,632.64,87.09,10.0,6.79,0.819,163.6,27.4,175.9,2363.49
AGR_Wes_2021_01707,West_Zone,MH_Marathwada,2021,Rabi,Soybean,22.41,34.29,159.07,43.78,15.36,8.07,0.721,153.5,24.3,231.9,2535.93
AGR_Wes_2018_01708,West_Zone,MH_Marathwada,2018,Kharif,Pulses,23.36,35.48,1001.17,84.45,11.86,7.94,0.743,135.8,30.2,226.7,2137.85
AGR_Wes_2021_01709,West_Zone,MH_Marathwada,2021,Rabi,Pulses,18.26,28.38,144.89,43.03,17.35,7.51,0.851,146.1,20.3,248.6,1211.27
AGR_Wes_2018_01710,West_Zone,MH_Vidarbha,2018,Kharif,Wheat,26.11,35.82,1128.11,95.0,10.0,6.7,0.712,162.4,21.2,175.6,4856.83
AGR_Wes_2020_01711,West_Zone,MP_Malwa,2020,Kharif,Cotton,24.81,35.26,578.47,61.3,14.68,7.07,0.385,159.6,26.7,186.2,2736.05
AGR_Wes_2021_01712,West_Zone,MH_Vidarbha,2021,Rabi,Rice,21.67,28.7,173.59,55.92,14.05,7.23,0.293,179.1,27.9,198.9,3958.03
AGR_Wes_2021_01713,West_Zone,MH_Vidarbha,2021,Rabi,Soybean,20.09,27.1,183.42,75.28,10.0,7.36,0.779,178.9,18.9,155.9,2250.88
AGR_Wes_2021_01714,West_Zone,GJ_Saurashtra,2021,Rabi,Pulses,23.36,36.22,111.12,51.95,10.0,6.9,0.557,261.9,18.9,279.0,1666.21
AGR_Wes_2023_01715,West_Zone,GJ_Saurashtra,2023,Kharif,Rice,26.26,39.77,356.97,59.64,14.55,6.79,0.844,207.2,28.7,229.4,5313.28
AGR_Wes_2020_01716,West_Zone,MP_Malwa,2020,Kharif,Wheat,26.81,38.46,1393.21,95.0,10.0,7.7,0.2,135.2,30.3,168.8,3939.92
AGR_Wes_2022_01717,West_Zone,MH_Marathwada,2022,Kharif,Rice,24.48,36.8,705.04,,10.37,6.79,0.84,167.5,20.1,261.6,5165.76
AGR_Wes_2021_01718,West_Zone,GJ_Saurashtra,2021,Kharif,Wheat,24.08,37.38,503.89,59.51,11.01,5.46,0.729,151.1,8.0,248.2,4805.03
AGR_Wes_2020_01719,West_Zone,GJ_Saurashtra,2020,Kharif,Cotton,26.49,35.33,712.58,79.09,10.0,6.78,0.552,246.7,28.5,312.6,3257.08
AGR_Wes_2020_01720,West_Zone,MH_Vidarbha,2020,Rabi,Pulses,20.97,31.8,126.77,52.87,14.68,6.81,0.36,208.9,20.6,198.9,1406.35
AGR_Wes_2019_01721,West_Zone,MH_Marathwada,2019,Kharif,Cotton,25.47,36.65,963.85,81.3,10.0,6.81,0.79,174.4,19.9,183.8,2841.07
AGR_Wes_2021_01722,West_Zone,GJ_Saurashtra,2021,Kharif,Cotton,24.26,32.09,664.04,76.45,10.07,7.06,0.59,142.9,18.4,223.4,2782.82
AGR_Wes_2023_01723,West_Zone,MH_Marathwada,2023,Rabi,Maize,21.32,33.09,121.76,55.06,12.62,7.56,0.627,162.2,17.7,295.0,3273.0
AGR_Wes_2022_01724,West_Zone,MH_Marathwada,2022,Kharif,Cotton,26.46,35.05,,73.38,13.32,6.22,0.646,196.7,8.0,254.9,3084.53
AGR_Wes_2021_01725,West_Zone,MP_Malwa,2021,Rabi,Cotton,21.25,32.56,119.02,43.64,13.91,6.82,0.2,90.0,19.9,219.6,1947.44
AGR_Wes_2020_01726,West_Zone,GJ_Saurashtra,2020,Rabi,Pulses,21.72,31.05,117.85,58.17,10.0,7.11,0.404,205.9,30.4,155.1,1440.55
AGR_Wes_2020_01727,West_Zone,MH_Marathwada,2020,Kharif,Maize,24.92,37.28,,92.1,10.0,6.28,0.507,189.2,28.1,288.7,4056.55
AGR_Wes_2023_01728,West_Zone,MP_Malwa,2023,Kharif,Maize,25.29,34.42,706.0,67.44,10.0,6.93,0.439,197.9,27.6,184.4,3938.34
AGR_Wes_2023_01729,West_Zone,MP_Malwa,2023,Rabi,Cotton,22.07,31.68,215.01,57.47,10.0,6.19,0.532,234.2,11.5,168.8,2701.9
AGR_Wes_2021_01730,West_Zone,MP_Malwa,2021,Kharif,Soybean,,33.03,1042.61,75.66,10.68,6.68,0.776,154.0,23.2,280.2,3269.32
AGR_Wes_2021_01731,West_Zone,MH_Vidarbha,2021,Kharif,Pulses,26.12,35.27,1211.73,95.0,12.19,7.15,0.606,226.5,22.4,261.6,2494.5
AGR_Wes_2023_01732,West_Zone,MP_Malwa,2023,Kharif,Cotton,22.97,34.62,,95.0,10.0,7.13,0.607,107.0,25.1,110.0,2936.44
AGR_Wes_2020_01733,West_Zone,GJ_Saurashtra,2020,Kharif,Pulses,26.12,37.7,823.52,75.47,11.63,5.99,0.664,188.6,14.0,194.5,2338.71
AGR_Wes_2021_01734,West_Zone,MH_Vidarbha,2021,Rabi,Maize,24.21,,115.33,61.35,10.96,7.11,0.504,206.2,29.6,236.1,3429.34
AGR_Wes_2021_01735,West_Zone,GJ_Saurashtra,2021,Zaid,Rice,26.99,36.65,51.97,44.82,11.07,7.58,0.601,213.0,26.0,210.1,4592.13
AGR_Wes_2018_01736,West_Zone,MH_Marathwada,2018,Kharif,Maize,27.92,37.67,421.0,71.65,13.24,7.26,0.767,140.2,24.2,292.1,4119.03
AGR_Wes_2020_01737,West_Zone,GJ_Saurashtra,2020,Kharif,Wheat,27.32,34.99,666.82,74.62,10.0,7.27,0.589,204.9,22.0,251.9,5010.98
AGR_Wes_2019_01738,West_Zone,MP_Malwa,2019,Kharif,Rice,25.46,35.82,997.87,83.81,12.02,7.12,0.599,202.2,24.5,228.8,5450.2
AGR_Wes_2019_01739,West_Zone,MP_Malwa,2019,Rabi,Cotton,21.03,32.64,199.63,60.16,10.48,6.74,0.877,172.1,23.1,222.9,2554.49
AGR_Wes_2021_01740,West_Zone,MH_Vidarbha,2021,Zaid,Maize,26.97,34.08,106.44,71.44,10.0,7.27,0.543,137.6,16.8,212.7,3446.1
AGR_Wes_2018_01741,West_Zone,MH_Vidarbha,2018,Kharif,Cotton,26.34,37.04,,75.07,10.0,7.56,0.731,201.4,22.2,218.2,3317.13
AGR_Wes_2018_01742,West_Zone,MH_Marathwada,2018,Zaid,Maize,25.93,37.08,77.17,40.48,14.73,6.34,0.643,190.3,30.5,222.6,3448.24
AGR_Wes_2020_01743,West_Zone,MP_Malwa,2020,Kharif,Rice,24.62,33.67,652.61,60.23,10.0,6.62,0.833,178.4,17.4,209.0,5328.93
AGR_Wes_2023_01744,West_Zone,MH_Vidarbha,2023,Kharif,Maize,22.36,35.87,751.15,76.83,12.56,5.69,0.697,205.8,25.1,253.0,4201.83
AGR_Wes_2020_01745,West_Zone,GJ_Saurashtra,2020,Kharif,Pulses,24.92,32.26,973.95,76.36,10.0,7.58,0.664,217.9,12.6,169.4,2276.1
AGR_Wes_2019_01746,West_Zone,MP_Malwa,2019,Rabi,Rice,20.25,29.37,143.95,53.27,11.79,6.6,0.572,139.6,12.4,332.6,4146.16
AGR_Wes_2023_01747,West_Zone,MP_Malwa,2023,Rabi,Wheat,20.43,30.3,193.71,60.64,10.58,7.37,0.794,185.4,29.0,264.1,4106.7
AGR_Wes_2022_01748,West_Zone,MH_Marathwada,2022,Rabi,Rice,20.14,28.73,149.27,50.44,12.09,6.94,0.72,181.8,19.1,202.0,4447.12
AGR_Wes_2021_01749,West_Zone,GJ_Saurashtra,2021,Kharif,Pulses,27.45,39.87,358.3,70.57,11.88,6.66,0.4,180.0,20.2,152.1,1890.14
AGR_Wes_2018_01750,West_Zone,MH_Vidarbha,2018,Rabi,Cotton,20.12,,141.34,57.83,12.74,7.3,0.571,111.2,23.6,206.0,2041.03
AGR_Wes_2019_01751,West_Zone,MP_Malwa,2019,Zaid,Pulses,28.88,42.08,75.58,46.59,13.04,7.08,0.602,187.3,24.3,225.0,1405.35
AGR_Wes_2021_01752,West_Zone,MH_Vidarbha,2021,Kharif,Cotton,25.49,34.85,1069.19,95.0,10.0,6.17,0.47,167.6,29.5,184.5,2989.22
AGR_Wes_2023_01753,West_Zone,MH_Marathwada,2023,Kharif,Cotton,26.07,36.86,813.51,60.98,10.06,5.68,0.672,177.2,23.3,237.1,2732.08
AGR_Wes_2018_01754,West_Zone,MP_Malwa,2018,Rabi,Wheat,19.3,30.62,78.62,57.92,10.0,7.09,0.514,210.0,18.7,205.5,3645.07
AGR_Wes_2023_01755,West_Zone,MH_Marathwada,2023,Rabi,Cotton,24.71,32.74,212.92,,12.67,6.07,0.294,176.8,20.9,235.8,2580.7
AGR_Wes_2020_01756,West_Zone,GJ_Saurashtra,2020,Rabi,Rice,20.52,30.15,143.07,53.43,11.19,6.28,0.202,174.2,17.5,172.5,4046.89
AGR_Wes_2020_01757,West_Zone,MH_Marathwada,2020,Kharif,Maize,25.5,,420.46,55.27,13.78,7.33,0.622,185.3,26.4,267.3,4237.31
AGR_Wes_2020_01758,West_Zone,GJ_Saurashtra,2020,Rabi,Maize,22.24,32.53,53.45,42.71,14.67,6.35,0.685,253.9,23.8,340.7,3847.22
AGR_Wes_2020_01759,West_Zone,MH_Marathwada,2020,Kharif,Pulses,25.87,35.26,289.22,,13.2,7.08,0.616,198.3,30.3,231.4,2441.06
AGR_Wes_2020_01760,West_Zone,MH_Marathwada,2020,Kharif,Cotton,28.64,39.03,727.04,66.89,10.0,7.95,0.781,175.2,16.6,256.5,3050.4
AGR_Wes_2023_01761,West_Zone,MH_Vidarbha,2023,Kharif,Cotton,24.53,36.06,725.74,84.65,10.0,7.08,0.568,181.8,25.9,179.1,3225.52
AGR_Wes_2023_01762,West_Zone,MH_Marathwada,2023,Kharif,Wheat,23.01,34.53,208.82,37.69,14.55,6.83,0.771,188.4,22.8,161.9,4381.94
AGR_Wes_2022_01763,West_Zone,MH_Marathwada,2022,Rabi,Wheat,22.31,31.46,70.76,70.99,10.62,7.02,0.408,226.4,19.9,171.9,3859.17
AGR_Wes_2020_01764,West_Zone,MP_Malwa,2020,Rabi,Wheat,19.75,32.84,156.46,42.66,12.98,7.47,0.305,159.2,22.2,197.0,3558.21
AGR_Wes_2021_01765,West_Zone,MH_Vidarbha,2021,Kharif,Wheat,26.19,33.4,574.08,67.55,13.39,6.24,0.744,152.7,24.9,264.6,4890.27
AGR_Wes_2023_01766,West_Zone,MP_Malwa,2023,Kharif,Soybean,24.27,33.57,877.18,70.84,10.0,7.37,0.644,176.8,18.7,175.7,3762.59
AGR_Wes_2018_01767,West_Zone,GJ_Saurashtra,2018,Rabi,Wheat,,32.46,180.48,45.69,12.06,6.7,0.657,261.7,17.5,245.3,4646.07
AGR_Wes_2020_01768,West_Zone,MP_Malwa,2020,Zaid,Soybean,27.79,35.52,82.35,64.0,12.86,7.81,0.483,162.4,23.6,176.5,2316.5
AGR_Wes_2022_01769,West_Zone,MP_Malwa,2022,Rabi,Maize,20.45,31.22,198.04,61.75,10.0,7.24,0.646,189.7,24.6,184.2,3819.11
AGR_Wes_2020_01770,West_Zone,MH_Vidarbha,2020,Kharif,Cotton,26.95,35.69,837.44,68.74,11.42,7.0,0.932,181.2,21.7,273.2,3325.22
AGR_Wes_2022_01771,West_Zone,GJ_Saurashtra,2022,Kharif,Maize,26.49,33.84,855.05,90.61,10.0,5.63,0.724,196.7,22.3,259.2,4430.15
AGR_Wes_2020_01772,West_Zone,MP_Malwa,2020,Kharif,Pulses,24.51,33.18,624.06,65.53,10.0,6.97,0.409,205.5,11.7,190.1,2316.7
AGR_Wes_2019_01773,West_Zone,MH_Vidarbha,2019,Rabi,Soybean,20.3,28.48,16.93,50.03,14.56,7.52,0.669,144.5,29.4,220.6,2081.05
AGR_Wes_2018_01774,West_Zone,MH_Marathwada,2018,Kharif,Rice,25.92,37.8,1095.42,95.0,10.0,6.75,0.774,219.3,11.3,132.5,5732.66
AGR_Wes_2019_01775,West_Zone,MH_Vidarbha,2019,Kharif,Cotton,23.87,,1384.79,85.33,12.25,6.73,0.504,211.1,25.3,215.5,2922.43
AGR_Wes_2021_01776,West_Zone,MP_Malwa,2021,Zaid,Soybean,27.0,39.31,99.65,60.35,10.0,7.51,0.525,130.4,25.4,242.8,2172.93
AGR_Wes_2020_01777,West_Zone,GJ_Saurashtra,2020,Kharif,Cotton,22.9,30.8,,60.9,10.0,6.62,0.355,124.0,18.8,121.7,2662.37
AGR_Wes_2018_01778,West_Zone,MH_Marathwada,2018,Rabi,Wheat,23.85,31.63,228.16,57.99,12.18,5.86,0.285,202.2,27.6,230.2,4022.59
AGR_Wes_2022_01779,West_Zone,MH_Marathwada,2022,Kharif,Cotton,,33.77,579.48,85.8,10.0,6.49,0.966,167.6,17.8,179.4,3134.13
AGR_Wes_2019_01780,West_Zone,MH_Vidarbha,2019,Rabi,Soybean,19.59,31.66,91.87,55.76,13.18,6.89,0.531,181.7,18.6,177.6,2442.89
AGR_Wes_2019_01781,West_Zone,MH_Vidarbha,2019,Rabi,Rice,20.22,27.27,,74.34,12.25,7.51,0.834,169.6,14.1,227.6,4535.61
AGR_Wes_2019_01782,West_Zone,MP_Malwa,2019,Rabi,Pulses,21.61,29.77,151.52,48.65,12.77,6.26,0.73,177.2,20.1,236.9,1542.55
AGR_Wes_2021_01783,West_Zone,GJ_Saurashtra,2021,Zaid,Rice,24.95,32.9,80.12,,14.79,7.18,0.539,152.2,24.8,219.8,4000.3
AGR_Wes_2021_01784,West_Zone,MH_Vidarbha,2021,Rabi,Wheat,20.78,29.18,91.88,37.25,19.35,7.09,0.571,179.4,25.2,278.5,3522.83
AGR_Wes_2018_01785,West_Zone,MH_Vidarbha,2018,Rabi,Maize,21.05,29.67,222.11,56.52,14.11,5.79,0.389,164.0,15.9,188.2,3512.79
AGR_Wes_2021_01786,West_Zone,GJ_Saurashtra,2021,Kharif,Soybean,27.31,34.68,946.98,76.93,10.0,6.09,0.3,194.8,18.3,192.4,3109.51
AGR_Wes_2023_01787,West_Zone,MH_Vidarbha,2023,Rabi,Maize,23.42,35.68,243.17,45.29,12.33,6.51,0.677,207.6,22.9,232.3,4049.07
AGR_Wes_2020_01788,West_Zone,MH_Marathwada,2020,Rabi,Maize,18.42,27.32,148.17,44.7,15.67,7.62,0.668,153.4,22.8,171.4,3254.7
AGR_Wes_2023_01789,West_Zone,MH_Vidarbha,2023,Kharif,Cotton,24.04,36.79,,57.69,12.44,7.11,0.838,176.8,29.3,146.2,2995.08
AGR_Wes_2019_01790,West_Zone,MH_Vidarbha,2019,Kharif,Cotton,25.87,36.88,714.36,73.52,10.0,6.38,0.582,195.7,8.0,127.5,2973.02
AGR_Wes_2022_01791,West_Zone,GJ_Saurashtra,2022,Zaid,Pulses,26.81,38.04,123.04,52.9,13.89,6.81,0.562,158.1,23.3,187.7,1525.97
AGR_Wes_2018_01792,West_Zone,MH_Marathwada,2018,Kharif,Pulses,,33.54,172.49,53.64,13.23,6.7,0.788,208.0,13.6,254.6,1883.99
AGR_Wes_2018_01793,West_Zone,MH_Marathwada,2018,Rabi,Wheat,22.62,,170.02,74.58,10.0,6.7,0.899,173.9,19.9,188.5,4300.83
AGR_Wes_2021_01794,West_Zone,MH_Vidarbha,2021,Rabi,Soybean,19.54,28.62,,,14.55,7.0,0.764,168.1,22.1,236.4,2456.18
AGR_Wes_2023_01795,West_Zone,GJ_Saurashtra,2023,Kharif,Rice,23.35,35.84,713.34,84.05,10.0,7.11,0.665,131.6,21.6,165.1,4909.2
AGR_Wes_2023_01796,West_Zone,MH_Vidarbha,2023,Rabi,Pulses,18.77,27.4,170.12,75.76,10.0,7.15,0.699,222.7,19.3,252.5,1414.25
AGR_Wes_2019_01797,West_Zone,MP_Malwa,2019,Rabi,Cotton,20.09,28.29,,60.29,13.84,6.3,0.318,171.6,21.5,215.8,1910.53
AGR_Wes_2021_01798,West_Zone,MH_Marathwada,2021,Kharif,Pulses,24.69,32.73,,82.57,10.0,5.91,0.706,198.4,19.8,237.5,2642.05
AGR_Wes_2020_01799,West_Zone,MP_Malwa,2020,Kharif,Cotton,25.25,,1373.27,90.93,10.0,7.05,0.604,126.3,20.2,169.0,2826.76
AGR_Wes_2018_01800,West_Zone,MP_Malwa,2018,Kharif,Cotton,26.54,40.52,694.65,,12.62,6.05,0.595,188.0,31.2,183.2,2703.51
AGR_Wes_2023_01801,West_Zone,MP_Malwa,2023,Kharif,Rice,,37.43,795.78,85.08,13.42,6.22,0.533,110.7,10.5,230.8,4645.95
AGR_Wes_2018_01802,West_Zone,MP_Malwa,2018,Zaid,Wheat,30.19,40.18,44.02,,13.86,7.51,0.474,132.6,32.3,139.8,3339.13
AGR_Wes_2021_01803,West_Zone,GJ_Saurashtra,2021,Zaid,Wheat,27.91,38.88,54.44,57.75,12.51,6.04,0.583,178.4,36.0,199.9,3567.45
AGR_Wes_2023_01804,West_Zone,MH_Vidarbha,2023,Rabi,Pulses,20.73,32.32,108.39,49.51,14.43,7.75,0.513,147.4,31.1,280.8,1115.67
AGR_Wes_2020_01805,West_Zone,MH_Marathwada,2020,Zaid,Maize,29.52,41.79,100.42,66.2,13.65,6.68,0.789,157.2,17.3,175.4,3250.18
AGR_Wes_2020_01806,West_Zone,MH_Vidarbha,2020,Rabi,Rice,21.4,34.05,141.94,59.27,12.27,7.09,0.8,144.3,22.8,193.7,4206.19
AGR_Wes_2022_01807,West_Zone,MH_Marathwada,2022,Kharif,Pulses,22.13,30.76,751.94,,12.58,6.62,0.613,213.1,28.5,129.7,1920.75
AGR_Wes_2020_01808,West_Zone,MH_Vidarbha,2020,Rabi,Soybean,21.12,30.75,127.23,43.86,15.17,7.25,0.578,235.7,16.9,194.9,2488.82
AGR_Wes_2021_01809,West_Zone,MP_Malwa,2021,Rabi,Wheat,21.26,33.77,187.87,50.57,12.09,7.1,0.349,214.6,28.5,249.9,4128.16
AGR_Wes_2019_01810,West_Zone,MP_Malwa,2019,Kharif,Wheat,24.81,37.74,573.99,81.6,10.87,6.45,0.426,192.9,14.8,226.7,4385.73
AGR_Wes_2022_01811,West_Zone,MH_Vidarbha,2022,Zaid,Maize,26.8,34.75,56.52,47.15,10.96,7.12,0.812,180.5,8.8,226.8,3452.7
AGR_Wes_2022_01812,West_Zone,GJ_Saurashtra,2022,Rabi,Maize,,33.09,186.14,51.51,10.0,6.7,0.698,171.3,22.7,272.2,3609.57
AGR_Wes_2020_01813,West_Zone,MH_Vidarbha,2020,Rabi,Maize,19.2,27.01,120.95,59.06,11.81,7.01,0.405,192.4,22.1,213.7,3081.75
AGR_Wes_2020_01814,West_Zone,MP_Malwa,2020,Kharif,Pulses,26.75,,492.56,35.03,15.83,6.32,0.706,140.0,10.4,149.5,2157.12
AGR_Wes_2019_01815,West_Zone,MH_Marathwada,2019,Kharif,Pulses,24.34,37.4,538.74,65.39,12.58,6.58,0.834,216.6,17.3,162.3,2304.94
AGR_Wes_2023_01816,West_Zone,MH_Marathwada,2023,Kharif,Wheat,,37.28,722.03,76.98,10.0,6.53,0.5,161.4,17.3,231.6,4443.85
AGR_Wes_2020_01817,West_Zone,MH_Vidarbha,2020,Zaid,Maize,25.52,34.31,20.77,53.04,10.0,7.45,0.732,165.8,12.9,257.8,3226.49
AGR_Wes_2023_01818,West_Zone,GJ_Saurashtra,2023,Kharif,Cotton,26.27,38.37,507.68,76.32,10.0,6.36,1.053,128.9,36.0,149.5,3030.19
AGR_Wes_2022_01819,West_Zone,MH_Vidarbha,2022,Kharif,Wheat,24.44,34.31,854.07,67.86,11.96,7.5,0.809,218.2,20.3,190.9,4935.54
AGR_Wes_2019_01820,West_Zone,MP_Malwa,2019,Kharif,Rice,24.01,32.03,1049.5,77.77,10.0,6.9,0.405,164.6,18.0,225.5,4669.75
AGR_Wes_2018_01821,West_Zone,GJ_Saurashtra,2018,Kharif,Pulses,23.91,34.63,1141.12,83.51,11.4,6.74,0.513,246.9,15.4,135.0,2402.33
AGR_Wes_2021_01822,West_Zone,MP_Malwa,2021,Kharif,Pulses,25.12,39.04,567.39,85.87,10.0,5.2,0.327,200.1,14.2,210.0,2152.35
AGR_Wes_2018_01823,West_Zone,GJ_Saurashtra,2018,Zaid,Rice,26.03,37.21,109.32,61.72,10.0,6.41,0.644,246.2,23.5,235.9,4606.42
AGR_Wes_2018_01824,West_Zone,MH_Marathwada,2018,Kharif,Maize,26.55,37.95,979.4,80.1,15.07,6.57,0.543,134.7,18.2,228.7,4068.59
AGR_Wes_2020_01825,West_Zone,MP_Malwa,2020,Kharif,Cotton,26.31,35.99,789.9,66.26,11.82,7.12,0.573,208.9,18.3,143.6,3072.05
AGR_Wes_2019_01826,West_Zone,MP_Malwa,2019,Zaid,Pulses,25.36,39.05,79.07,74.13,11.05,7.44,0.693,150.5,26.0,263.5,1063.77
AGR_Wes_2021_01827,West_Zone,GJ_Saurashtra,2021,Rabi,Soybean,21.11,29.21,157.0,63.97,10.0,6.41,0.668,233.2,24.3,209.4,2514.46
AGR_Wes_2021_01828,West_Zone,MH_Marathwada,2021,Rabi,Cotton,20.54,,148.14,65.7,11.77,6.76,0.546,147.9,24.3,184.1,1988.09
AGR_Wes_2018_01829,West_Zone,MH_Marathwada,2018,Kharif,Maize,25.19,38.45,,70.53,10.38,5.89,0.719,214.6,30.2,190.8,4242.94
AGR_Wes_2021_01830,West_Zone,MH_Marathwada,2021,Rabi,Rice,18.22,26.7,221.03,80.79,10.0,8.2,0.847,176.0,21.0,266.9,4787.31
AGR_Wes_2022_01831,West_Zone,MH_Vidarbha,2022,Rabi,Pulses,19.46,28.65,114.07,62.58,11.17,7.25,0.554,180.5,28.9,201.5,1103.05
AGR_Wes_2021_01832,West_Zone,MP_Malwa,2021,Kharif,Wheat,25.73,36.29,677.93,58.96,10.51,8.18,0.582,173.2,19.3,159.7,4539.21
AGR_Wes_2019_01833,West_Zone,MP_Malwa,2019,Rabi,Maize,22.74,32.81,180.7,45.74,16.3,6.4,0.31,146.2,26.3,163.6,3372.62
AGR_Wes_2018_01834,West_Zone,MH_Vidarbha,2018,Rabi,Wheat,18.69,32.43,271.15,64.42,11.63,7.4,0.789,159.5,20.1,151.4,4623.98
AGR_Wes_2023_01835,West_Zone,MH_Vidarbha,2023,Rabi,Pulses,20.31,30.6,179.93,59.85,10.29,6.77,0.563,225.2,26.3,255.4,1475.57
AGR_Wes_2021_01836,West_Zone,MH_Marathwada,2021,Rabi,Pulses,21.28,34.17,215.53,52.98,10.0,5.8,0.633,167.6,23.2,211.7,1951.16
AGR_Wes_2022_01837,West_Zone,MH_Marathwada,2022,Kharif,Rice,24.95,36.45,1023.67,87.11,10.0,7.35,0.848,161.5,22.6,119.0,4949.43
AGR_Wes_2018_01838,West_Zone,MH_Vidarbha,2018,Kharif,Rice,23.81,36.53,566.33,62.59,12.51,6.9,0.318,184.4,22.0,166.0,4869.62
AGR_Wes_2019_01839,West_Zone,GJ_Saurashtra,2019,Kharif,Maize,25.81,35.69,508.59,77.31,10.0,6.94,0.482,215.8,16.1,171.6,4147.67
AGR_Wes_2018_01840,West_Zone,GJ_Saurashtra,2018,Kharif,Pulses,24.61,34.44,804.36,81.87,11.64,6.4,0.522,148.5,28.4,233.8,2357.02
AGR_Wes_2023_01841,West_Zone,MP_Malwa,2023,Zaid,Rice,28.75,41.13,64.39,50.76,15.51,6.49,0.2,177.4,18.7,266.4,3747.31
AGR_Wes_2023_01842,West_Zone,MH_Vidarbha,2023,Rabi,Soybean,18.77,27.18,150.15,62.48,10.0,6.72,0.648,150.4,11.9,253.8,2250.59
AGR_Wes_2018_01843,West_Zone,MH_Marathwada,2018,Kharif,Cotton,24.66,33.92,484.31,69.24,10.0,6.01,0.834,230.2,20.3,197.2,3385.49
AGR_Wes_2020_01844,West_Zone,MH_Vidarbha,2020,Rabi,Maize,20.98,28.38,153.65,53.59,14.38,8.18,0.488,195.8,9.2,194.0,3382.98
AGR_Wes_2019_01845,West_Zone,MH_Marathwada,2019,Kharif,Pulses,25.23,34.09,678.9,,12.06,7.35,0.527,220.2,19.2,270.1,2439.58
AGR_Wes_2019_01846,West_Zone,MP_Malwa,2019,Kharif,Soybean,25.69,32.79,846.24,,10.0,6.55,0.737,225.5,19.7,210.3,3657.58
AGR_Wes_2020_01847,West_Zone,MH_Marathwada,2020,Kharif,Maize,24.4,35.22,948.63,75.33,10.0,5.98,0.501,187.6,13.9,189.5,4068.77
AGR_Wes_2019_01848,West_Zone,MP_Malwa,2019,Zaid,Maize,26.16,34.61,64.21,55.19,11.54,5.71,0.2,179.6,26.9,142.9,3043.52
AGR_Wes_2019_01849,West_Zone,MH_Marathwada,2019,Rabi,Soybean,23.19,33.24,238.52,72.48,13.18,6.69,0.605,214.9,23.8,164.1,2771.5
AGR_Wes_2020_01850,West_Zone,MH_Vidarbha,2020,Kharif,Maize,26.56,33.83,,74.0,10.0,6.11,0.684,158.3,23.3,230.4,4046.75
AGR_Wes_2022_01851,West_Zone,MH_Marathwada,2022,Rabi,Soybean,20.22,31.61,,36.84,16.65,6.86,0.408,181.7,23.2,164.4,2290.22
AGR_Wes_2019_01852,West_Zone,MH_Vidarbha,2019,Zaid,Rice,26.81,36.34,91.21,51.66,15.29,7.3,0.676,138.2,11.8,223.0,4102.08
AGR_Wes_2018_01853,West_Zone,GJ_Saurashtra,2018,Rabi,Cotton,19.52,27.42,87.3,34.72,11.27,6.74,0.574,175.5,9.9,169.3,1950.52
AGR_Wes_2019_01854,West_Zone,MH_Vidarbha,2019,Kharif,Wheat,21.76,32.08,529.54,71.9,10.0,6.44,0.44,186.9,30.5,247.2,4635.82
AGR_Wes_2022_01855,West_Zone,MH_Vidarbha,2022,Kharif,Wheat,24.95,35.72,457.98,75.0,10.54,7.08,0.781,208.9,17.3,189.8,4883.14
AGR_Wes_2022_01856,West_Zone,GJ_Saurashtra,2022,Kharif,Cotton,22.71,32.89,744.09,74.45,10.0,7.66,0.667,192.1,21.7,177.0,3142.66
AGR_Wes_2018_01857,West_Zone,GJ_Saurashtra,2018,Rabi,Cotton,25.71,,104.4,57.68,11.85,7.78,0.51,144.4,8.0,161.3,2000.73
AGR_Wes_2018_01858,West_Zone,MH_Marathwada,2018,Kharif,Soybean,24.73,37.55,598.77,78.21,10.0,6.23,0.661,139.0,21.5,182.1,2953.15
AGR_Wes_2023_01859,West_Zone,MP_Malwa,2023,Zaid,Wheat,26.9,39.1,57.54,56.8,13.35,7.7,0.587,167.1,16.3,269.3,3676.22
AGR_Wes_2018_01860,West_Zone,GJ_Saurashtra,2018,Kharif,Soybean,25.33,37.09,885.07,75.07,10.44,6.42,0.316,124.7,15.1,300.0,2809.12
AGR_Wes_2023_01861,West_Zone,GJ_Saurashtra,2023,Kharif,Soybean,27.29,34.66,630.25,80.47,11.71,7.3,0.215,189.5,13.6,253.2,3139.4
AGR_Wes_2022_01862,West_Zone,GJ_Saurashtra,2022,Kharif,Rice,25.92,39.71,856.21,60.69,10.0,7.61,0.516,261.4,17.4,213.1,5713.28
AGR_Wes_2023_01863,West_Zone,MP_Malwa,2023,Kharif,Wheat,,40.02,543.13,67.53,10.51,6.71,0.761,249.2,19.3,209.3,5041.67
AGR_Wes_2018_01864,West_Zone,MH_Vidarbha,2018,Kharif,Cotton,24.34,34.99,629.14,59.82,10.0,7.64,0.372,183.7,29.3,227.4,2913.45
AGR_Wes_2022_01865,West_Zone,MH_Vidarbha,2022,Kharif,Rice,25.72,37.98,900.51,79.3,10.0,6.69,0.719,153.0,20.0,263.3,4957.6
AGR_Wes_2022_01866,West_Zone,GJ_Saurashtra,2022,Kharif,Maize,24.83,33.16,934.31,85.58,10.0,6.73,0.743,192.3,20.0,152.3,4517.14
AGR_Wes_2020_01867,West_Zone,GJ_Saurashtra,2020,Rabi,Maize,20.86,28.91,84.99,54.44,10.7,7.41,0.816,182.7,23.4,248.2,3491.93
AGR_Wes_2023_01868,West_Zone,MH_Marathwada,2023,Kharif,Soybean,23.66,32.08,1230.93,95.0,10.0,7.32,0.382,208.6,17.7,147.6,3211.91
AGR_Wes_2022_01869,West_Zone,MH_Vidarbha,2022,Kharif,Maize,22.65,30.56,181.63,56.5,12.64,6.21,0.577,149.6,23.3,237.7,3687.31
AGR_Wes_2018_01870,West_Zone,GJ_Saurashtra,2018,Rabi,Cotton,19.46,32.46,,58.13,13.61,6.46,0.586,218.6,19.9,248.7,2644.13
AGR_Wes_2022_01871,West_Zone,MP_Malwa,2022,Zaid,Rice,26.09,37.82,69.84,50.35,13.1,6.28,0.989,236.7,28.7,252.3,5092.11
AGR_Wes_2023_01872,West_Zone,MH_Vidarbha,2023,Rabi,Pulses,21.13,30.33,91.83,62.18,13.12,7.07,0.869,169.5,25.9,181.2,1283.15
AGR_Wes_2021_01873,West_Zone,GJ_Saurashtra,2021,Zaid,Rice,26.47,38.59,74.29,62.24,10.0,6.83,0.597,166.2,21.7,129.8,3866.07
AGR_Wes_2019_01874,West_Zone,GJ_Saurashtra,2019,Kharif,Wheat,,36.34,,95.0,10.61,5.35,0.583,218.5,25.3,271.5,4940.78
AGR_Wes_2021_01875,West_Zone,MH_Vidarbha,2021,Rabi,Rice,19.89,33.6,176.27,63.89,10.16,7.01,0.435,145.1,17.8,144.2,4329.83
AGR_Wes_2022_01876,West_Zone,MH_Marathwada,2022,Kharif,Cotton,21.6,29.23,789.66,66.9,10.0,6.99,0.856,191.9,13.9,254.8,3256.04
AGR_Wes_2020_01877,West_Zone,MH_Marathwada,2020,Zaid,Soybean,28.16,35.91,65.47,49.81,12.6,7.51,0.947,225.1,31.2,156.6,2827.91
AGR_Wes_2018_01878,West_Zone,MP_Malwa,2018,Kharif,Maize,27.2,34.51,1097.9,92.99,10.0,7.45,1.082,197.2,30.7,174.3,4976.58
AGR_Wes_2021_01879,West_Zone,GJ_Saurashtra,2021,Kharif,Cotton,24.23,34.66,398.61,68.47,10.0,6.5,0.285,179.6,17.1,211.1,2798.18
AGR_Wes_2019_01880,West_Zone,MH_Vidarbha,2019,Kharif,Rice,22.17,31.88,828.44,80.03,11.46,7.2,0.556,159.2,29.7,143.0,4861.5
AGR_Wes_2019_01881,West_Zone,MH_Vidarbha,2019,Rabi,Soybean,,34.4,186.82,47.54,12.05,5.99,0.979,136.5,34.9,241.6,2812.98
AGR_Wes_2023_01882,West_Zone,MH_Marathwada,2023,Kharif,Wheat,24.87,32.6,939.73,89.89,10.0,6.28,0.468,144.8,27.9,212.2,4417.52
AGR_Wes_2020_01883,West_Zone,MH_Marathwada,2020,Kharif,Maize,,35.22,588.58,69.12,15.1,6.96,0.989,209.9,26.4,232.7,4736.39
AGR_Wes_2019_01884,West_Zone,GJ_Saurashtra,2019,Rabi,Cotton,21.04,29.04,182.98,54.65,15.81,6.43,0.41,192.6,17.1,154.4,2406.95
AGR_Wes_2018_01885,West_Zone,MH_Marathwada,2018,Rabi,Cotton,23.98,31.26,207.34,45.63,15.54,7.44,0.289,135.6,23.5,301.9,2216.61
AGR_Wes_2022_01886,West_Zone,GJ_Saurashtra,2022,Zaid,Soybean,25.25,33.1,47.98,65.61,10.0,6.01,0.781,164.7,20.1,110.0,2340.48
AGR_Wes_2019_01887,West_Zone,MH_Vidarbha,2019,Kharif,Maize,25.19,35.99,931.08,67.16,10.77,5.41,0.433,197.1,23.4,257.5,4271.88
AGR_Wes_2018_01888,West_Zone,GJ_Saurashtra,2018,Rabi,Cotton,19.59,27.06,139.93,73.48,11.7,6.9,0.536,269.5,21.1,168.4,2495.37
AGR_Wes_2019_01889,West_Zone,MH_Vidarbha,2019,Kharif,Pulses,23.81,34.82,999.69,71.55,11.49,6.32,0.615,186.9,22.1,136.2,2231.36
AGR_Wes_2023_01890,West_Zone,MH_Marathwada,2023,Kharif,Rice,25.34,36.56,381.23,67.83,10.0,6.39,0.519,169.8,14.2,143.1,4543.54
AGR_Wes_2019_01891,West_Zone,GJ_Saurashtra,2019,Kharif,Wheat,23.89,37.39,,66.11,15.61,6.41,0.641,229.7,25.0,167.1,4810.81
AGR_Wes_2021_01892,West_Zone,MP_Malwa,2021,Kharif,Rice,22.91,35.53,1046.98,95.0,10.0,6.46,0.779,199.9,15.5,207.0,5512.58
AGR_Wes_2019_01893,West_Zone,MH_Vidarbha,2019,Kharif,Soybean,,35.66,950.63,70.74,10.0,5.7,0.2,220.8,23.2,201.0,3261.84
AGR_Wes_2022_01894,West_Zone,GJ_Saurashtra,2022,Kharif,Cotton,23.83,35.42,546.34,68.08,10.0,7.6,0.399,208.8,10.6,173.6,2891.37
AGR_Wes_2020_01895,West_Zone,GJ_Saurashtra,2020,Kharif,Soybean,24.63,37.58,983.77,88.22,10.0,6.17,0.451,174.7,20.3,213.2,3235.76
AGR_Wes_2019_01896,West_Zone,MH_Vidarbha,2019,Kharif,Cotton,23.01,30.21,498.82,,11.33,7.3,0.843,119.9,19.8,171.1,2993.43
AGR_Wes_2021_01897,West_Zone,MH_Vidarbha,2021,Kharif,Rice,25.39,32.76,516.38,62.09,12.49,7.02,0.654,190.6,8.8,209.7,5060.24
AGR_Wes_2023_01898,West_Zone,MH_Vidarbha,2023,Zaid,Maize,27.1,34.22,89.34,50.51,13.77,6.38,0.866,181.4,29.7,184.9,3727.75
AGR_Wes_2018_01899,West_Zone,MP_Malwa,2018,Zaid,Soybean,24.56,36.89,,41.25,12.33,6.84,0.81,174.4,21.0,190.1,2694.23
AGR_Wes_2018_01900,West_Zone,MH_Marathwada,2018,Rabi,Cotton,21.74,34.95,193.55,66.75,10.12,6.05,0.435,158.7,21.8,248.6,2451.02
AGR_Wes_2023_01901,West_Zone,GJ_Saurashtra,2023,Rabi,Soybean,22.14,34.01,100.77,53.81,10.0,6.7,0.348,197.1,18.6,198.3,2300.74
AGR_Wes_2019_01902,West_Zone,MH_Vidarbha,2019,Rabi,Cotton,19.1,32.66,183.03,51.69,10.02,6.68,0.679,144.5,33.3,247.2,2435.12
AGR_Wes_2023_01903,West_Zone,MP_Malwa,2023,Zaid,Soybean,25.33,37.73,102.67,56.91,13.9,7.53,0.63,150.2,26.8,207.5,2353.45
AGR_Wes_2019_01904,West_Zone,MH_Vidarbha,2019,Rabi,Rice,20.71,,109.47,64.54,10.78,7.31,0.528,186.0,26.2,242.1,4151.27
AGR_Wes_2023_01905,West_Zone,GJ_Saurashtra,2023,Kharif,Maize,23.96,31.96,641.41,82.93,10.0,6.85,0.729,186.8,24.8,201.7,4332.58
AGR_Wes_2019_01906,West_Zone,GJ_Saurashtra,2019,Kharif,Cotton,25.42,35.1,1047.06,67.71,10.0,8.5,0.587,193.7,37.4,271.7,3255.81
AGR_Wes_2023_01907,West_Zone,GJ_Saurashtra,2023,Rabi,Rice,21.12,34.4,200.97,48.87,13.48,7.01,0.365,210.7,21.8,223.6,4661.77
AGR_Wes_2019_01908,West_Zone,GJ_Saurashtra,2019,Kharif,Soybean,23.41,37.22,1095.49,89.46,10.0,7.25,0.516,237.2,33.3,212.3,3450.88
AGR_Wes_2023_01909,West_Zone,GJ_Saurashtra,2023,Zaid,Pulses,26.4,33.67,87.82,50.15,12.78,6.21,0.319,178.2,19.4,217.1,1675.78
AGR_Wes_2020_01910,West_Zone,MH_Marathwada,2020,Kharif,Maize,23.27,30.33,1044.74,81.32,10.0,7.41,0.244,247.9,22.3,174.3,3896.65
AGR_Wes_2022_01911,West_Zone,GJ_Saurashtra,2022,Kharif,Wheat,25.95,,762.45,83.68,10.09,7.37,0.322,208.7,23.9,147.2,4463.15
AGR_Wes_2018_01912,West_Zone,MH_Vidarbha,2018,Rabi,Cotton,21.48,31.44,205.36,57.9,10.0,6.08,0.453,215.2,21.9,226.2,2434.21
AGR_Wes_2019_01913,West_Zone,MH_Marathwada,2019,Kharif,Wheat,26.72,34.8,838.41,79.47,12.48,6.95,0.513,201.5,16.3,257.9,4521.87
AGR_Wes_2018_01914,West_Zone,MP_Malwa,2018,Kharif,Rice,22.33,31.75,730.37,65.22,16.73,6.78,0.65,226.9,23.5,174.7,5440.47
AGR_Wes_2020_01915,West_Zone,MP_Malwa,2020,Rabi,Pulses,21.28,29.5,99.29,49.5,16.11,6.42,0.59,183.0,11.0,255.2,1300.25
AGR_Wes_2018_01916,West_Zone,GJ_Saurashtra,2018,Kharif,Soybean,26.34,40.14,832.76,72.13,15.25,7.07,1.04,212.2,15.9,242.0,3603.88
AGR_Wes_2020_01917,West_Zone,MP_Malwa,2020,Rabi,Rice,23.47,33.48,126.02,48.89,14.07,5.69,0.969,176.4,26.9,207.3,4757.92
AGR_Wes_2018_01918,West_Zone,MH_Vidarbha,2018,Zaid,Rice,26.32,38.33,82.95,54.71,13.03,7.16,0.623,145.4,20.0,273.3,3946.46
AGR_Wes_2021_01919,West_Zone,GJ_Saurashtra,2021,Kharif,Wheat,26.55,35.31,,67.13,11.69,6.99,0.421,156.4,25.5,174.8,4141.56
AGR_Wes_2022_01920,West_Zone,MP_Malwa,2022,Zaid,Soybean,26.79,35.1,101.18,49.5,12.53,6.65,0.281,164.1,18.7,258.5,2461.93
AGR_Wes_2023_01921,West_Zone,MH_Marathwada,2023,Kharif,Pulses,24.08,32.65,817.8,71.12,10.92,6.56,0.4,150.9,16.4,270.6,1987.17
AGR_Wes_2019_01922,West_Zone,MH_Marathwada,2019,Kharif,Rice,26.05,33.81,537.66,73.11,10.0,6.29,0.613,195.3,23.6,298.9,5068.59
AGR_Wes_2019_01923,West_Zone,MH_Marathwada,2019,Kharif,Wheat,27.83,38.77,1022.72,81.18,10.43,7.14,0.741,149.4,23.0,189.3,4511.78
AGR_Wes_2023_01924,West_Zone,GJ_Saurashtra,2023,Kharif,Rice,23.93,32.56,699.62,78.59,10.0,6.12,0.53,223.5,21.4,173.7,5152.07
AGR_Wes_2022_01925,West_Zone,MH_Vidarbha,2022,Kharif,Cotton,24.36,37.91,801.78,76.4,10.32,6.63,0.323,226.8,33.9,164.5,2944.83
AGR_Wes_2019_01926,West_Zone,MH_Marathwada,2019,Rabi,Pulses,19.93,29.34,48.15,54.94,11.19,6.87,0.527,175.4,25.7,220.7,925.63
AGR_Wes_2019_01927,West_Zone,MH_Vidarbha,2019,Rabi,Wheat,20.22,28.14,121.17,62.5,14.73,6.02,0.844,148.9,20.7,247.7,3955.09
AGR_Wes_2022_01928,West_Zone,MP_Malwa,2022,Rabi,Maize,22.27,33.26,185.7,56.62,12.56,7.07,0.799,153.5,20.7,223.3,3739.28
AGR_Wes_2021_01929,West_Zone,MP_Malwa,2021,Rabi,Wheat,19.57,33.06,111.96,47.8,13.01,6.57,0.685,249.2,13.4,177.4,4142.54
AGR_Wes_2021_01930,West_Zone,MH_Vidarbha,2021,Rabi,Maize,22.67,33.42,109.78,54.75,10.0,6.25,0.47,190.5,24.9,297.6,3259.71
AGR_Wes_2020_01931,West_Zone,MH_Marathwada,2020,Rabi,Soybean,21.61,30.16,,62.38,12.11,5.7,0.502,168.4,22.4,195.7,2622.49
AGR_Wes_2019_01932,West_Zone,MH_Vidarbha,2019,Rabi,Rice,20.64,29.68,56.41,44.51,12.42,6.95,0.596,156.0,10.7,183.9,4203.47
AGR_Wes_2019_01933,West_Zone,MH_Marathwada,2019,Kharif,Pulses,22.6,33.3,635.52,51.07,10.0,7.08,0.572,192.5,29.6,171.8,2124.52
AGR_Wes_2019_01934,West_Zone,MH_Marathwada,2019,Kharif,Wheat,27.05,39.24,153.76,53.96,11.77,7.45,0.662,172.5,26.6,255.8,4404.75
AGR_Wes_2020_01935,West_Zone,MH_Marathwada,2020,Kharif,Wheat,23.86,34.02,689.97,75.81,10.0,5.5,0.552,142.2,22.9,143.7,4307.97
AGR_Wes_2018_01936,West_Zone,MH_Marathwada,2018,Kharif,Cotton,23.51,36.04,1025.58,81.59,12.58,6.25,0.417,139.6,12.0,149.8,2935.68
AGR_Wes_2019_01937,West_Zone,MP_Malwa,2019,Kharif,Maize,25.61,34.42,1068.5,88.6,13.24,7.33,0.946,147.0,16.9,169.2,4194.8
AGR_Wes_2018_01938,West_Zone,MH_Marathwada,2018,Rabi,Rice,21.72,,158.73,67.74,10.0,6.26,1.116,193.5,22.3,282.1,4932.21
AGR_Wes_2020_01939,West_Zone,GJ_Saurashtra,2020,Zaid,Soybean,28.36,,116.99,51.28,10.3,6.12,0.404,180.8,32.1,228.9,2101.76
AGR_Wes_2018_01940,West_Zone,MH_Vidarbha,2018,Kharif,Soybean,25.43,33.56,958.59,68.47,11.4,7.16,0.666,143.2,20.0,266.7,3081.23
AGR_Wes_2022_01941,West_Zone,GJ_Saurashtra,2022,Rabi,Maize,19.7,27.07,28.06,52.89,11.12,7.02,0.571,195.7,20.9,227.7,3077.28
AGR_Wes_2023_01942,West_Zone,MP_Malwa,2023,Rabi,Cotton,22.0,33.07,137.63,,14.43,7.13,0.826,186.6,25.4,167.8,2560.45
AGR_Wes_2023_01943,West_Zone,GJ_Saurashtra,2023,Rabi,Cotton,19.56,33.02,,62.56,12.06,6.54,0.845,176.5,25.4,242.3,2450.16
AGR_Wes_2021_01944,West_Zone,MH_Marathwada,2021,Kharif,Cotton,26.05,35.82,,95.0,10.0,6.33,0.401,170.0,23.2,158.2,3028.55
AGR_Wes_2018_01945,West_Zone,GJ_Saurashtra,2018,Rabi,Soybean,18.26,28.63,134.77,51.07,10.0,7.94,0.274,165.5,28.1,244.2,2278.09
AGR_Wes_2019_01946,West_Zone,MP_Malwa,2019,Rabi,Maize,20.14,28.83,121.44,52.41,13.98,6.71,0.468,228.5,20.4,242.7,3416.28
AGR_Wes_2023_01947,West_Zone,GJ_Saurashtra,2023,Rabi,Soybean,21.26,34.89,127.54,50.34,12.04,6.31,0.836,222.5,25.0,156.7,2619.69
AGR_Wes_2020_01948,West_Zone,MP_Malwa,2020,Kharif,Maize,22.53,32.62,585.57,85.12,10.0,6.26,0.2,192.8,27.8,223.4,3805.71
AGR_Wes_2021_01949,West_Zone,MH_Marathwada,2021,Kharif,Rice,,39.97,690.02,59.73,12.98,6.92,0.633,153.5,30.4,212.9,5067.92
AGR_Wes_2022_01950,West_Zone,MP_Malwa,2022,Kharif,Pulses,21.94,31.75,874.64,79.82,10.5,7.11,0.66,193.5,18.7,206.6,2236.96
AGR_Wes_2023_01951,West_Zone,MH_Vidarbha,2023,Kharif,Maize,23.63,31.81,,72.67,10.0,6.66,0.849,210.0,23.0,225.0,4199.98
AGR_Wes_2023_01952,West_Zone,MH_Vidarbha,2023,Kharif,Wheat,23.07,31.72,,52.54,16.34,5.32,1.002,225.0,24.1,227.8,5464.05
AGR_Wes_2018_01953,West_Zone,MH_Marathwada,2018,Rabi,Maize,19.45,31.71,114.72,67.96,11.85,7.59,0.297,191.7,13.0,200.7,3091.35
AGR_Wes_2023_01954,West_Zone,MH_Marathwada,2023,Rabi,Wheat,20.74,28.33,173.25,57.86,12.73,6.12,0.561,141.3,23.6,244.6,3608.4
AGR_Wes_2020_01955,West_Zone,GJ_Saurashtra,2020,Rabi,Soybean,23.16,33.78,161.9,59.23,10.91,6.17,0.969,113.4,13.2,256.1,2726.28
AGR_Wes_2021_01956,West_Zone,MH_Marathwada,2021,Kharif,Wheat,24.07,37.58,810.06,71.22,14.46,6.82,0.68,189.3,9.7,115.4,4572.84
AGR_Wes_2020_01957,West_Zone,MP_Malwa,2020,Rabi,Cotton,17.8,31.4,27.63,37.86,10.0,6.37,0.48,192.1,22.2,217.6,1888.33
AGR_Wes_2022_01958,West_Zone,MP_Malwa,2022,Rabi,Pulses,21.95,31.86,240.56,66.06,14.08,6.08,0.612,213.6,10.0,160.0,1655.29
AGR_Wes_2021_01959,West_Zone,MP_Malwa,2021,Rabi,Wheat,22.11,35.77,220.57,62.94,10.72,7.21,0.538,145.5,21.6,277.9,3794.63
AGR_Wes_2019_01960,West_Zone,MH_Marathwada,2019,Kharif,Cotton,23.5,36.69,823.43,76.73,10.0,7.2,0.96,109.9,18.4,160.0,2896.8
AGR_Wes_2018_01961,West_Zone,GJ_Saurashtra,2018,Rabi,Rice,20.83,32.11,115.87,57.7,13.64,7.16,0.671,197.7,23.7,226.5,4421.95
AGR_Wes_2019_01962,West_Zone,MP_Malwa,2019,Rabi,Soybean,20.85,30.52,125.71,70.43,10.0,6.84,0.39,149.1,13.4,279.8,2345.92
AGR_Wes_2018_01963,West_Zone,GJ_Saurashtra,2018,Kharif,Soybean,25.66,38.77,920.64,82.99,10.0,6.65,0.716,152.6,18.9,177.1,3099.69
AGR_Wes_2019_01964,West_Zone,GJ_Saurashtra,2019,Kharif,Soybean,23.69,36.55,706.11,73.98,11.99,7.31,1.114,252.0,19.6,187.5,4034.43
AGR_Wes_2018_01965,West_Zone,MH_Marathwada,2018,Kharif,Maize,22.04,30.76,965.38,91.32,10.0,6.43,0.463,209.1,8.0,306.1,4052.92
AGR_Wes_2023_01966,West_Zone,MH_Vidarbha,2023,Kharif,Pulses,24.44,37.15,847.45,80.94,10.0,6.84,0.44,213.6,22.9,150.6,2303.45
AGR_Wes_2018_01967,West_Zone,MH_Marathwada,2018,Zaid,Wheat,26.64,,66.31,53.64,13.69,8.12,0.593,206.9,23.6,309.0,3640.25
AGR_Wes_2019_01968,West_Zone,MH_Marathwada,2019,Kharif,Soybean,26.71,37.74,871.06,76.96,10.0,7.03,0.98,216.9,31.5,123.6,3735.05
AGR_Wes_2021_01969,West_Zone,MH_Marathwada,2021,Rabi,Cotton,18.77,26.24,77.04,56.55,13.1,5.88,0.771,232.2,17.7,123.6,2266.83
AGR_Wes_2023_01970,West_Zone,GJ_Saurashtra,2023,Rabi,Pulses,23.0,32.15,127.92,60.03,12.3,7.52,0.619,152.7,14.6,259.5,1578.46
AGR_Wes_2018_01971,West_Zone,GJ_Saurashtra,2018,Kharif,Rice,,36.13,815.64,94.07,10.0,7.24,0.74,165.3,26.5,240.0,5239.03
AGR_Wes_2019_01972,West_Zone,GJ_Saurashtra,2019,Zaid,Maize,26.99,39.97,58.99,64.85,11.07,6.66,0.717,242.2,21.6,243.3,3176.81
AGR_Wes_2019_01973,West_Zone,GJ_Saurashtra,2019,Kharif,Rice,23.2,33.37,1008.13,87.72,10.0,6.17,0.447,167.5,14.6,195.5,4629.06
AGR_Wes_2019_01974,West_Zone,MH_Marathwada,2019,Kharif,Pulses,26.8,33.88,,74.84,10.0,6.71,0.669,164.0,18.4,211.9,2571.72
AGR_Wes_2021_01975,West_Zone,MH_Vidarbha,2021,Rabi,Maize,18.58,27.53,121.78,52.03,14.67,6.68,0.373,136.0,24.2,224.4,2968.23
AGR_Wes_2023_01976,West_Zone,MP_Malwa,2023,Rabi,Pulses,23.86,36.67,179.8,47.38,13.61,6.82,0.432,227.3,23.8,110.0,1752.18
AGR_Wes_2022_01977,West_Zone,MH_Vidarbha,2022,Kharif,Rice,22.19,31.4,484.45,,10.0,6.68,0.439,184.3,20.1,209.2,4494.66
AGR_Wes_2020_01978,West_Zone,MP_Malwa,2020,Rabi,Pulses,22.08,31.49,114.17,53.99,12.82,7.87,0.423,167.0,27.2,215.6,1612.73
AGR_Wes_2020_01979,West_Zone,MH_Marathwada,2020,Rabi,Maize,23.64,31.54,177.96,56.12,11.93,7.18,0.342,178.2,17.2,197.2,3698.15
AGR_Wes_2021_01980,West_Zone,MP_Malwa,2021,Kharif,Rice,26.15,39.12,301.42,42.09,13.61,6.19,0.218,146.3,21.0,258.6,4471.02
AGR_Wes_2019_01981,West_Zone,MH_Vidarbha,2019,Kharif,Maize,26.96,36.85,,64.58,13.01,6.99,0.592,203.7,22.7,218.1,4300.94
AGR_Wes_2022_01982,West_Zone,MP_Malwa,2022,Rabi,Wheat,22.12,32.28,182.86,47.71,14.81,5.92,0.594,250.3,22.3,168.0,4422.11
AGR_Wes_2020_01983,West_Zone,MH_Vidarbha,2020,Zaid,Soybean,26.9,37.61,43.83,32.46,11.02,6.41,0.39,213.3,27.6,168.9,2307.11
AGR_Wes_2022_01984,West_Zone,MP_Malwa,2022,Kharif,Cotton,24.05,35.57,,77.65,10.0,7.15,0.615,156.1,29.6,212.0,3156.46
AGR_Wes_2023_01985,West_Zone,MP_Malwa,2023,Rabi,Maize,20.18,32.77,188.26,44.13,10.65,6.23,0.628,223.3,19.1,226.3,3701.65
AGR_Wes_2019_01986,West_Zone,MP_Malwa,2019,Rabi,Maize,,34.01,82.0,54.58,10.0,5.95,0.533,200.6,22.8,241.9,3619.22
AGR_Wes_2020_01987,West_Zone,GJ_Saurashtra,2020,Kharif,Pulses,25.44,33.32,856.31,77.09,12.56,6.85,0.789,147.6,19.6,166.9,2322.37
AGR_Wes_2018_01988,West_Zone,MP_Malwa,2018,Kharif,Soybean,25.82,,618.18,79.83,11.68,7.01,0.466,191.1,10.7,248.3,3117.28
AGR_Wes_2018_01989,West_Zone,MH_Marathwada,2018,Rabi,Pulses,21.7,34.78,251.38,52.59,14.67,5.87,0.496,207.2,15.1,122.4,1848.05
AGR_Wes_2022_01990,West_Zone,MH_Marathwada,2022,Kharif,Wheat,23.76,31.28,503.93,60.39,12.59,5.83,0.592,180.8,20.3,194.2,4364.67
AGR_Wes_2023_01991,West_Zone,MH_Vidarbha,2023,Kharif,Pulses,26.08,33.26,719.46,72.32,10.33,5.94,0.513,223.3,16.0,138.9,2590.24
AGR_Wes_2022_01992,West_Zone,GJ_Saurashtra,2022,Kharif,Maize,23.29,34.67,931.37,93.52,10.0,5.46,0.684,184.8,25.1,171.3,4202.55
AGR_Wes_2018_01993,West_Zone,MP_Malwa,2018,Kharif,Pulses,24.01,35.01,780.06,87.45,10.0,6.93,0.564,193.7,28.7,180.4,2242.1
AGR_Wes_2020_01994,West_Zone,GJ_Saurashtra,2020,Rabi,Wheat,19.75,32.41,141.89,38.69,13.9,6.65,0.853,183.3,23.9,211.6,3917.59
AGR_Wes_2019_01995,West_Zone,MH_Vidarbha,2019,Kharif,Maize,22.74,34.01,980.55,,10.0,6.14,0.675,165.4,34.0,160.4,4181.2
AGR_Wes_2020_01996,West_Zone,MH_Marathwada,2020,Kharif,Pulses,26.55,37.9,494.83,70.7,10.5,7.38,0.593,155.4,18.6,190.0,2576.69
AGR_Wes_2019_01997,West_Zone,MH_Vidarbha,2019,Kharif,Wheat,24.78,35.59,886.51,77.45,10.11,6.74,0.455,194.0,20.6,192.1,4590.66
AGR_Wes_2019_01998,West_Zone,MH_Marathwada,2019,Rabi,Maize,23.58,33.18,172.75,42.18,13.46,7.32,0.696,165.9,18.6,110.0,3773.43
AGR_Wes_2021_01999,West_Zone,MP_Malwa,2021,Kharif,Cotton,25.73,37.61,730.35,83.01,10.0,6.92,0.389,261.1,19.9,217.7,2996.13
AGR_Wes_2023_02000,West_Zone,GJ_Saurashtra,2023,Rabi,Cotton,20.15,29.16,99.82,49.88,12.54,7.21,0.653,143.4,21.6,174.9,2027.89
AGR_Wes_2019_02001,West_Zone,MP_Malwa,2019,Rabi,Soybean,23.42,35.81,220.56,53.78,15.81,5.68,0.561,182.0,16.6,221.3,2867.7
AGR_Wes_2020_02002,West_Zone,GJ_Saurashtra,2020,Kharif,Pulses,25.09,33.7,749.94,81.46,10.5,7.17,0.627,202.1,23.9,237.0,2221.39
AGR_Wes_2019_02003,West_Zone,MH_Vidarbha,2019,Kharif,Maize,27.61,35.1,871.17,89.69,11.99,7.13,0.437,164.3,33.2,121.5,3873.24
AGR_Wes_2019_02004,West_Zone,MH_Marathwada,2019,Kharif,Soybean,27.15,40.39,,71.4,10.0,6.63,0.592,181.0,26.7,145.5,3202.73
AGR_Wes_2022_02005,West_Zone,MH_Marathwada,2022,Kharif,Pulses,23.0,32.16,877.64,75.75,10.0,6.71,0.429,193.2,21.6,214.3,1919.07
AGR_Wes_2021_02006,West_Zone,GJ_Saurashtra,2021,Kharif,Cotton,24.26,37.92,435.09,63.79,11.09,6.21,0.665,180.3,28.6,229.4,2863.59
AGR_Wes_2019_02007,West_Zone,MP_Malwa,2019,Kharif,Pulses,23.02,35.82,711.25,71.3,11.08,6.96,0.559,180.8,19.1,172.0,2147.96
AGR_Wes_2018_02008,West_Zone,GJ_Saurashtra,2018,Kharif,Rice,24.4,31.66,1329.81,95.0,10.63,6.39,0.608,139.6,32.6,254.4,4785.51
AGR_Wes_2021_02009,West_Zone,GJ_Saurashtra,2021,Rabi,Wheat,18.91,26.08,75.31,55.03,12.55,6.54,0.514,225.6,19.6,213.6,3385.4
AGR_Wes_2020_02010,West_Zone,MH_Vidarbha,2020,Kharif,Maize,24.0,32.15,571.01,62.11,12.38,7.42,0.753,166.9,15.2,159.3,4281.55
AGR_Wes_2019_02011,West_Zone,MH_Vidarbha,2019,Kharif,Maize,23.81,37.56,551.45,74.67,11.93,7.29,0.982,157.7,21.1,193.5,4465.68
AGR_Wes_2021_02012,West_Zone,MP_Malwa,2021,Rabi,Rice,21.99,35.36,225.48,73.58,10.0,6.74,0.949,124.8,26.6,187.8,4816.58
AGR_Wes_2023_02013,West_Zone,MH_Marathwada,2023,Kharif,Pulses,25.49,36.19,270.35,56.89,14.14,6.41,0.336,157.6,23.6,156.2,1601.13
AGR_Wes_2022_02014,West_Zone,MP_Malwa,2022,Rabi,Pulses,20.33,31.01,132.55,50.91,11.28,7.05,0.426,182.7,26.2,167.1,1637.57
AGR_Wes_2022_02015,West_Zone,MH_Marathwada,2022,Kharif,Cotton,25.61,,845.31,87.03,10.0,7.54,0.743,160.8,25.7,166.0,3188.29
AGR_Wes_2018_02016,West_Zone,GJ_Saurashtra,2018,Kharif,Wheat,27.91,40.05,,62.98,10.35,6.74,0.767,193.3,16.5,188.5,4680.43
AGR_Wes_2018_02017,West_Zone,MH_Vidarbha,2018,Kharif,Maize,24.31,,881.75,76.36,14.36,7.24,0.357,119.1,24.3,159.8,3646.69
AGR_Wes_2018_02018,West_Zone,MH_Vidarbha,2018,Rabi,Rice,21.38,28.83,182.5,47.57,12.4,7.09,0.865,184.8,33.7,197.4,4776.03
AGR_Wes_2019_02019,West_Zone,GJ_Saurashtra,2019,Kharif,Pulses,25.79,33.52,632.04,68.82,12.41,6.59,0.691,136.4,25.8,110.0,2184.79
AGR_Wes_2022_02020,West_Zone,GJ_Saurashtra,2022,Zaid,Soybean,23.76,37.27,82.88,81.6,11.67,6.62,0.888,114.7,21.5,193.3,2340.51
AGR_Wes_2021_02021,West_Zone,GJ_Saurashtra,2021,Kharif,Cotton,,35.99,246.93,41.83,13.49,7.04,0.712,198.9,21.7,148.3,2734.06
AGR_Wes_2019_02022,West_Zone,MP_Malwa,2019,Rabi,Rice,22.69,36.41,100.29,35.73,12.27,5.93,0.408,145.4,23.1,168.6,3695.97
AGR_Wes_2019_02023,West_Zone,MH_Vidarbha,2019,Kharif,Wheat,,33.39,484.04,66.82,12.45,7.13,0.409,180.7,21.2,235.9,4249.55
AGR_Wes_2022_02024,West_Zone,MH_Vidarbha,2022,Kharif,Cotton,24.46,36.77,,,12.45,6.64,0.572,125.5,25.2,214.9,2824.09
AGR_Wes_2022_02025,West_Zone,GJ_Saurashtra,2022,Kharif,Cotton,23.65,33.99,499.9,59.7,12.56,6.78,0.596,195.7,23.7,211.5,3291.24
AGR_Wes_2020_02026,West_Zone,GJ_Saurashtra,2020,Rabi,Maize,20.77,29.59,144.29,54.96,15.22,6.5,0.491,184.3,22.4,217.0,3547.08
AGR_Wes_2023_02027,West_Zone,MP_Malwa,2023,Kharif,Wheat,24.51,31.87,1137.66,84.79,10.0,6.33,0.721,149.2,26.3,242.4,4549.41
AGR_Wes_2022_02028,West_Zone,GJ_Saurashtra,2022,Kharif,Rice,25.39,33.89,553.44,81.82,10.0,7.94,0.427,154.5,23.0,160.1,5157.38
AGR_Wes_2020_02029,West_Zone,MH_Marathwada,2020,Kharif,Maize,25.3,34.09,676.2,74.22,10.46,5.96,0.488,155.2,14.4,183.2,4172.67
AGR_Wes_2020_02030,West_Zone,MP_Malwa,2020,Zaid,Rice,,35.18,59.41,43.56,17.74,7.35,0.79,165.7,9.5,297.9,4424.32
AGR_Wes_2020_02031,West_Zone,MP_Malwa,2020,Rabi,Soybean,17.64,,209.38,,12.64,7.09,0.682,188.8,23.4,285.1,2478.22
AGR_Wes_2019_02032,West_Zone,MP_Malwa,2019,Rabi,Maize,19.92,30.76,175.72,,12.43,6.69,0.79,192.4,19.2,214.7,3513.52
AGR_Wes_2019_02033,West_Zone,MH_Vidarbha,2019,Kharif,Maize,26.33,33.52,435.13,71.54,10.0,7.3,0.418,186.3,23.8,232.6,4342.01
AGR_Wes_2018_02034,West_Zone,MH_Marathwada,2018,Kharif,Pulses,24.82,34.67,941.94,83.74,12.09,6.9,0.503,159.7,22.4,226.6,2244.54
AGR_Wes_2023_02035,West_Zone,MH_Marathwada,2023,Kharif,Soybean,28.1,36.05,764.76,,10.0,7.65,0.353,220.8,26.6,206.9,3313.38
AGR_Wes_2021_02036,West_Zone,MH_Vidarbha,2021,Rabi,Wheat,22.43,34.28,112.25,49.17,16.43,7.18,0.754,230.3,25.9,151.4,4326.04
AGR_Wes_2018_02037,West_Zone,MH_Marathwada,2018,Kharif,Rice,24.27,36.66,596.0,69.58,12.61,7.23,0.814,240.8,30.4,210.4,5860.36
AGR_Wes_2018_02038,West_Zone,MH_Vidarbha,2018,Zaid,Soybean,27.42,37.14,108.89,67.06,12.17,7.75,0.83,172.8,14.3,229.1,2577.95
AGR_Wes_2021_02039,West_Zone,MH_Marathwada,2021,Rabi,Pulses,21.01,34.4,163.07,60.11,10.18,7.13,0.468,157.9,24.4,209.5,1383.88
AGR_Wes_2023_02040,West_Zone,GJ_Saurashtra,2023,Rabi,Cotton,,31.98,,,10.39,6.67,0.41,144.8,28.5,226.2,2433.81
AGR_Wes_2019_02041,West_Zone,MP_Malwa,2019,Kharif,Wheat,25.86,33.71,1164.26,95.0,10.0,7.01,0.554,144.2,23.2,206.8,4363.07
AGR_Wes_2019_02042,West_Zone,MP_Malwa,2019,Kharif,Wheat,24.18,33.09,,89.72,10.0,7.67,0.565,210.1,11.8,208.4,4540.03
AGR_Wes_2019_02043,West_Zone,MH_Marathwada,2019,Rabi,Pulses,19.99,28.16,177.2,51.77,10.61,6.25,0.478,194.9,24.3,226.9,1484.82
AGR_Wes_2023_02044,West_Zone,MH_Marathwada,2023,Rabi,Rice,21.47,31.09,197.43,56.17,12.24,7.49,0.697,190.0,31.3,212.6,4696.31
AGR_Wes_2023_02045,West_Zone,MP_Malwa,2023,Kharif,Rice,22.89,33.14,1013.08,71.66,11.14,6.51,0.552,157.6,8.0,258.0,4958.57
AGR_Wes_2020_02046,West_Zone,MH_Marathwada,2020,Rabi,Soybean,19.88,28.03,198.91,64.73,10.49,7.59,0.892,190.8,29.4,231.8,2845.43
AGR_Wes_2021_02047,West_Zone,MH_Vidarbha,2021,Kharif,Cotton,23.72,35.44,824.69,81.51,10.0,7.32,0.394,183.4,16.0,200.0,2750.12
AGR_Wes_2021_02048,West_Zone,MH_Vidarbha,2021,Kharif,Pulses,22.37,30.05,1198.78,94.74,10.0,6.86,0.744,228.9,17.5,172.1,2304.6
AGR_Wes_2021_02049,West_Zone,GJ_Saurashtra,2021,Kharif,Maize,25.7,37.61,1006.1,77.74,10.0,6.23,0.694,152.9,27.6,141.9,4046.68
AGR_Wes_2021_02050,West_Zone,GJ_Saurashtra,2021,Rabi,Maize,,30.37,79.17,58.28,12.98,6.7,0.651,184.2,22.6,188.2,3328.36
AGR_Wes_2021_02051,West_Zone,MH_Marathwada,2021,Rabi,Cotton,18.98,31.0,,49.23,10.31,6.09,0.77,204.3,32.0,269.3,2206.71
AGR_Wes_2019_02052,West_Zone,MP_Malwa,2019,Rabi,Wheat,22.63,34.3,,54.33,14.83,6.78,0.959,178.5,31.9,209.0,4157.84
AGR_Wes_2018_02053,West_Zone,MP_Malwa,2018,Kharif,Maize,25.28,39.03,488.92,61.89,11.83,7.29,0.611,205.9,26.2,182.5,4371.9
AGR_Wes_2021_02054,West_Zone,MH_Vidarbha,2021,Zaid,Maize,,35.48,62.54,,18.2,6.24,0.661,115.5,10.6,246.0,3143.0
AGR_Wes_2018_02055,West_Zone,MH_Vidarbha,2018,Rabi,Pulses,18.01,28.88,,55.6,13.9,6.95,0.658,174.6,8.0,246.4,1265.57
AGR_Wes_2023_02056,West_Zone,GJ_Saurashtra,2023,Kharif,Wheat,25.11,35.91,755.92,66.12,10.4,6.75,0.715,235.4,31.0,204.4,5008.41
AGR_Wes_2022_02057,West_Zone,MH_Vidarbha,2022,Rabi,Soybean,20.9,34.55,147.08,53.82,10.0,7.46,0.633,176.6,33.9,256.5,2741.46
AGR_Wes_2021_02058,West_Zone,MP_Malwa,2021,Zaid,Maize,26.5,36.86,45.04,54.69,13.6,7.01,1.149,180.8,27.8,246.5,3598.91
AGR_Wes_2021_02059,West_Zone,MP_Malwa,2021,Rabi,Wheat,21.49,32.18,130.31,56.99,11.86,7.1,0.697,213.1,14.5,150.3,4377.45
AGR_Wes_2020_02060,West_Zone,MH_Vidarbha,2020,Kharif,Wheat,26.36,36.41,1060.56,73.54,10.75,7.07,0.502,104.1,15.0,224.1,4118.85
AGR_Wes_2020_02061,West_Zone,MH_Vidarbha,2020,Kharif,Cotton,23.55,33.91,959.87,81.87,12.51,6.34,0.591,181.8,29.5,214.9,2885.61
AGR_Wes_2019_02062,West_Zone,MP_Malwa,2019,Kharif,Wheat,27.56,39.69,,67.17,12.2,6.59,0.729,177.2,17.5,219.3,4840.14
AGR_Wes_2019_02063,West_Zone,MH_Vidarbha,2019,Zaid,Pulses,25.35,36.62,105.22,62.58,10.0,6.52,0.789,112.7,14.7,286.4,1744.44
AGR_Wes_2020_02064,West_Zone,GJ_Saurashtra,2020,Rabi,Pulses,20.65,33.31,,60.08,12.57,6.22,0.55,168.8,28.0,175.6,1581.59
AGR_Wes_2020_02065,West_Zone,MH_Vidarbha,2020,Zaid,Rice,27.47,39.32,57.72,54.46,15.8,7.08,0.596,221.4,22.9,237.9,4116.8
AGR_Wes_2019_02066,West_Zone,MP_Malwa,2019,Kharif,Rice,25.06,37.78,552.13,63.19,10.28,8.01,0.411,168.8,28.5,197.5,4305.31
AGR_Wes_2023_02067,West_Zone,GJ_Saurashtra,2023,Rabi,Soybean,19.48,27.12,182.44,60.71,12.25,6.99,0.782,158.2,27.0,169.7,2099.9
AGR_Wes_2019_02068,West_Zone,MH_Marathwada,2019,Kharif,Soybean,23.96,37.29,733.0,84.05,10.0,6.77,0.607,137.9,23.2,208.8,3163.15
AGR_Wes_2021_02069,West_Zone,MH_Marathwada,2021,Kharif,Rice,24.09,33.24,888.83,,16.28,6.32,0.896,179.8,19.1,202.4,5548.26
AGR_Wes_2020_02070,West_Zone,MP_Malwa,2020,Kharif,Maize,24.36,36.15,535.17,64.86,10.0,7.19,0.464,146.3,10.9,190.1,4162.71
AGR_Wes_2018_02071,West_Zone,GJ_Saurashtra,2018,Kharif,Pulses,25.89,35.83,637.87,80.67,10.43,5.58,0.703,149.2,26.2,123.9,2035.48
AGR_Wes_2018_02072,West_Zone,MH_Marathwada,2018,Rabi,Wheat,21.98,32.31,115.48,53.12,12.87,7.58,0.867,198.2,27.7,247.0,3995.95
AGR_Wes_2021_02073,West_Zone,GJ_Saurashtra,2021,Rabi,Rice,20.85,28.13,101.62,59.3,12.59,7.53,0.751,197.2,24.2,119.8,4476.09
AGR_Wes_2018_02074,West_Zone,MP_Malwa,2018,Rabi,Rice,21.6,28.84,262.32,47.56,13.93,6.93,0.517,225.9,24.4,273.8,4474.03
AGR_Wes_2020_02075,West_Zone,MH_Vidarbha,2020,Rabi,Cotton,20.44,29.52,180.42,,12.7,6.65,0.689,115.7,23.6,116.1,2337.7
AGR_Wes_2023_02076,West_Zone,MP_Malwa,2023,Rabi,Wheat,19.87,28.16,186.1,72.1,10.31,7.83,0.646,177.6,28.9,135.8,4069.25
AGR_Wes_2023_02077,West_Zone,MH_Vidarbha,2023,Rabi,Maize,,30.07,158.94,,13.51,6.23,0.808,175.6,31.0,228.9,3443.84
AGR_Wes_2018_02078,West_Zone,MP_Malwa,2018,Kharif,Maize,23.82,33.12,1002.33,90.16,10.0,7.35,0.346,129.5,26.7,224.3,3919.76
AGR_Wes_2018_02079,West_Zone,GJ_Saurashtra,2018,Kharif,Wheat,21.97,32.45,1066.67,83.73,10.0,8.05,0.546,156.5,20.8,176.8,4334.24
AGR_Wes_2018_02080,West_Zone,MH_Vidarbha,2018,Rabi,Soybean,21.97,,169.7,59.65,10.0,7.39,1.155,161.9,17.2,187.6,2820.27
AGR_Wes_2020_02081,West_Zone,MH_Marathwada,2020,Rabi,Rice,21.04,29.35,153.04,51.95,16.7,7.3,0.368,126.9,33.2,226.5,3938.54
AGR_Wes_2018_02082,West_Zone,MH_Marathwada,2018,Rabi,Soybean,19.59,28.85,201.12,45.57,14.84,7.9,0.712,90.0,22.3,155.5,1966.41
AGR_Wes_2023_02083,West_Zone,GJ_Saurashtra,2023,Kharif,Rice,24.7,34.74,1153.06,90.45,10.0,6.87,0.42,216.3,17.2,167.8,5296.6
AGR_Wes_2019_02084,West_Zone,MH_Vidarbha,2019,Zaid,Cotton,28.08,38.03,97.96,54.68,12.13,8.23,0.982,118.5,22.5,247.4,2198.6
AGR_Wes_2021_02085,West_Zone,MH_Marathwada,2021,Kharif,Soybean,25.01,32.62,700.15,73.84,11.34,7.04,0.569,188.9,22.2,214.9,3277.45
AGR_Wes_2020_02086,West_Zone,GJ_Saurashtra,2020,Kharif,Maize,24.91,37.14,824.28,72.08,10.24,7.35,0.668,90.0,24.6,208.7,3742.27
AGR_Wes_2023_02087,West_Zone,MH_Marathwada,2023,Kharif,Maize,27.89,39.87,733.37,70.26,13.3,7.04,0.468,190.7,25.4,231.0,3784.13
AGR_Wes_2019_02088,West_Zone,GJ_Saurashtra,2019,Kharif,Pulses,,37.49,780.97,67.33,10.0,8.18,0.687,207.1,14.9,201.4,2351.73
AGR_Wes_2020_02089,West_Zone,GJ_Saurashtra,2020,Rabi,Pulses,21.32,32.98,118.03,,12.44,5.99,0.324,163.9,20.8,212.8,1509.77
AGR_Wes_2021_02090,West_Zone,MP_Malwa,2021,Rabi,Rice,20.84,33.24,166.12,64.36,10.0,7.44,0.314,192.0,37.3,239.8,4120.63
AGR_Wes_2020_02091,West_Zone,MP_Malwa,2020,Rabi,Rice,21.79,30.17,115.41,43.73,14.45,7.64,0.651,178.2,16.4,134.4,4429.21
AGR_Wes_2019_02092,West_Zone,MP_Malwa,2019,Zaid,Cotton,,36.88,66.06,61.56,11.71,5.69,0.398,236.0,25.8,173.1,2344.12
AGR_Wes_2020_02093,West_Zone,GJ_Saurashtra,2020,Zaid,Wheat,26.11,39.76,53.47,46.68,14.26,6.47,0.407,190.1,22.8,175.5,3380.88
AGR_Wes_2019_02094,West_Zone,GJ_Saurashtra,2019,Kharif,Cotton,27.35,38.32,429.74,66.11,14.6,7.45,0.61,160.2,26.9,218.4,3126.7
AGR_Wes_2020_02095,West_Zone,MH_Marathwada,2020,Kharif,Wheat,23.91,36.52,651.14,90.29,12.94,7.07,0.308,160.7,11.8,293.1,4124.17
AGR_Wes_2021_02096,West_Zone,MH_Vidarbha,2021,Kharif,Maize,26.93,36.94,947.32,78.42,10.0,7.53,0.723,158.5,19.7,165.0,4305.73
AGR_Wes_2018_02097,West_Zone,GJ_Saurashtra,2018,Kharif,Maize,22.93,30.16,400.49,56.43,10.0,6.42,0.517,160.7,27.2,179.2,4006.95
AGR_Wes_2021_02098,West_Zone,MP_Malwa,2021,Rabi,Maize,21.67,31.47,216.69,57.86,10.0,6.25,0.399,221.6,27.1,294.3,3694.13
AGR_Wes_2021_02099,West_Zone,MH_Vidarbha,2021,Zaid,Cotton,28.52,35.61,71.14,53.75,10.04,7.08,0.455,153.1,11.8,239.5,2049.69
AGR_Wes_2022_02100,West_Zone,MH_Marathwada,2022,Kharif,Maize,24.87,33.48,777.89,85.56,11.27,6.81,0.712,191.2,23.6,199.8,4395.45
AGR_Wes_2020_02101,West_Zone,MH_Marathwada,2020,Rabi,Cotton,20.82,32.25,138.9,42.87,15.97,6.65,0.641,187.2,18.5,206.4,2225.6
AGR_Wes_2022_02102,West_Zone,MP_Malwa,2022,Kharif,Soybean,24.57,31.71,643.54,81.35,12.19,6.91,0.725,167.7,12.8,125.5,3263.79
AGR_Wes_2021_02103,West_Zone,MH_Marathwada,2021,Zaid,Wheat,25.48,35.77,88.64,56.17,10.0,6.58,0.784,164.2,22.6,187.6,4051.61
AGR_Wes_2023_02104,West_Zone,MP_Malwa,2023,Rabi,Soybean,19.75,28.62,97.34,33.15,16.2,5.58,0.462,206.5,29.7,211.6,2329.34
AGR_Wes_2018_02105,West_Zone,MH_Vidarbha,2018,Kharif,Wheat,27.73,36.52,904.27,94.18,10.0,7.26,0.255,130.8,13.2,252.1,4005.3
AGR_Wes_2020_02106,West_Zone,MH_Vidarbha,2020,Kharif,Pulses,24.38,33.37,816.57,91.96,10.0,6.84,0.325,265.6,12.5,202.7,2528.78
AGR_Wes_2020_02107,West_Zone,MH_Vidarbha,2020,Rabi,Wheat,22.86,33.52,230.76,71.13,13.56,7.48,0.606,134.0,15.6,205.8,4072.83
AGR_Wes_2018_02108,West_Zone,MP_Malwa,2018,Rabi,Maize,22.1,30.33,103.99,69.28,10.62,6.5,0.768,214.6,24.4,276.7,3920.47
AGR_Wes_2023_02109,West_Zone,MH_Marathwada,2023,Rabi,Rice,22.33,34.06,136.76,44.17,10.48,6.89,0.748,145.4,16.3,146.3,4637.51
AGR_Wes_2020_02110,West_Zone,MH_Vidarbha,2020,Rabi,Rice,20.77,33.14,65.32,49.78,18.61,6.5,0.898,189.9,24.8,239.1,4678.34
AGR_Wes_2023_02111,West_Zone,MH_Vidarbha,2023,Zaid,Wheat,26.86,37.15,,44.91,10.98,5.98,0.481,205.9,14.1,232.7,3961.92
AGR_Wes_2018_02112,West_Zone,MP_Malwa,2018,Rabi,Maize,,32.87,218.59,66.29,10.0,6.08,0.76,170.3,13.3,234.6,3690.09
AGR_Wes_2021_02113,West_Zone,MH_Marathwada,2021,Zaid,Rice,26.37,36.19,70.51,73.81,11.33,6.06,0.464,184.1,30.4,202.1,4289.97
AGR_Wes_2023_02114,West_Zone,MH_Vidarbha,2023,Kharif,Maize,24.85,,694.29,72.45,10.0,7.08,0.677,231.5,27.3,196.4,4548.26
AGR_Wes_2023_02115,West_Zone,MH_Vidarbha,2023,Zaid,Pulses,27.63,38.72,58.14,55.98,13.6,6.81,0.771,209.2,19.3,232.9,1410.56
AGR_Wes_2018_02116,West_Zone,MH_Marathwada,2018,Kharif,Maize,23.83,37.69,751.79,68.51,12.14,7.38,0.519,212.7,17.2,221.9,4276.07
AGR_Wes_2022_02117,West_Zone,MH_Marathwada,2022,Kharif,Wheat,25.68,34.38,732.15,73.52,11.67,7.32,0.713,203.1,19.5,192.6,5018.14
AGR_Wes_2020_02118,West_Zone,MH_Vidarbha,2020,Rabi,Pulses,21.24,32.34,108.43,54.8,15.18,6.92,0.785,238.7,20.6,198.3,1462.49
AGR_Wes_2018_02119,West_Zone,GJ_Saurashtra,2018,Rabi,Soybean,22.14,33.86,320.23,64.92,11.26,7.13,0.266,144.3,18.3,190.2,2758.53
AGR_Wes_2020_02120,West_Zone,GJ_Saurashtra,2020,Kharif,Pulses,26.07,34.86,1226.02,95.0,10.0,6.65,0.568,178.2,31.0,230.5,2613.6
AGR_Wes_2023_02121,West_Zone,MH_Marathwada,2023,Rabi,Pulses,21.06,34.41,91.53,41.86,16.71,7.67,0.804,195.6,14.5,222.9,1483.66
AGR_Wes_2023_02122,West_Zone,MH_Vidarbha,2023,Rabi,Cotton,21.2,29.96,83.88,67.56,10.0,7.11,0.479,161.0,10.4,267.6,2289.1
AGR_Wes_2018_02123,West_Zone,GJ_Saurashtra,2018,Rabi,Wheat,19.94,32.51,158.8,58.34,11.69,6.73,0.334,195.1,19.5,183.3,3749.87
AGR_Wes_2018_02124,West_Zone,MH_Vidarbha,2018,Rabi,Cotton,19.85,28.06,103.12,45.04,13.0,6.82,0.393,144.6,20.2,232.8,1632.25
AGR_Wes_2018_02125,West_Zone,MH_Marathwada,2018,Rabi,Wheat,23.17,35.07,237.9,40.67,12.85,6.06,0.569,247.9,13.5,199.3,4581.46
AGR_Wes_2019_02126,West_Zone,MH_Marathwada,2019,Kharif,Cotton,25.57,37.64,630.0,51.64,16.74,6.77,0.807,173.4,10.3,178.9,2552.24
AGR_Wes_2020_02127,West_Zone,GJ_Saurashtra,2020,Rabi,Rice,21.5,,263.81,45.17,17.19,6.74,0.332,170.3,27.5,237.7,4408.55
AGR_Wes_2022_02128,West_Zone,MH_Marathwada,2022,Rabi,Pulses,18.01,31.14,228.2,48.29,13.39,6.7,1.003,170.0,14.1,175.2,1582.75
AGR_Wes_2019_02129,West_Zone,MH_Marathwada,2019,Zaid,Wheat,27.53,38.5,,48.46,12.92,7.37,0.71,213.0,18.4,184.8,3896.29
AGR_Wes_2022_02130,West_Zone,MP_Malwa,2022,Kharif,Maize,25.63,33.47,482.45,48.36,11.48,6.86,0.645,216.3,22.1,288.2,4411.02
AGR_Wes_2021_02131,West_Zone,MH_Vidarbha,2021,Rabi,Pulses,21.43,33.23,65.27,41.23,13.74,5.82,0.531,161.7,18.0,191.0,1535.8
AGR_Wes_2018_02132,West_Zone,MH_Vidarbha,2018,Kharif,Soybean,25.18,33.03,430.18,64.66,10.62,5.74,0.843,217.0,20.9,202.1,3820.63
AGR_Wes_2018_02133,West_Zone,MP_Malwa,2018,Rabi,Rice,23.01,,134.75,,12.02,6.51,0.659,215.2,18.9,291.7,4823.98
AGR_Wes_2022_02134,West_Zone,MP_Malwa,2022,Kharif,Pulses,24.19,33.42,177.56,78.28,10.0,7.17,0.491,178.7,26.3,206.9,1663.19
AGR_Wes_2019_02135,West_Zone,MP_Malwa,2019,Kharif,Soybean,25.18,,837.51,60.49,12.52,6.74,0.621,229.0,21.1,206.7,3152.22
AGR_Wes_2020_02136,West_Zone,GJ_Saurashtra,2020,Rabi,Wheat,25.96,34.07,136.85,,14.65,6.3,0.54,186.2,18.1,110.0,4180.5
AGR_Wes_2021_02137,West_Zone,MH_Marathwada,2021,Zaid,Wheat,25.73,35.33,44.28,35.77,14.48,7.01,0.308,172.4,22.0,126.5,3327.86
AGR_Wes_2022_02138,West_Zone,MH_Vidarbha,2022,Rabi,Pulses,22.74,31.53,149.42,52.26,13.75,8.2,0.715,188.3,10.8,270.6,1736.95
AGR_Wes_2023_02139,West_Zone,GJ_Saurashtra,2023,Zaid,Pulses,25.0,38.04,87.88,37.93,14.47,6.62,0.522,186.7,19.4,263.2,1259.83
AGR_Wes_2022_02140,West_Zone,MH_Vidarbha,2022,Kharif,Cotton,25.49,33.36,357.05,76.22,12.48,6.83,0.354,164.0,16.8,193.6,2903.36
AGR_Wes_2020_02141,West_Zone,MH_Vidarbha,2020,Kharif,Soybean,25.27,34.33,410.99,54.69,11.17,6.98,0.647,227.8,30.6,243.2,3468.29
AGR_Wes_2019_02142,West_Zone,MH_Marathwada,2019,Kharif,Cotton,24.03,33.56,749.22,59.64,11.48,6.72,0.382,191.7,23.8,189.8,2943.0
AGR_Wes_2020_02143,West_Zone,MH_Vidarbha,2020,Rabi,Soybean,21.64,34.59,185.86,52.84,16.1,6.87,0.827,170.4,37.6,231.2,2734.13
AGR_Wes_2021_02144,West_Zone,GJ_Saurashtra,2021,Kharif,Maize,23.93,36.17,1170.72,63.38,10.4,6.56,0.284,128.4,22.1,222.3,3610.96
AGR_Wes_2023_02145,West_Zone,MH_Vidarbha,2023,Rabi,Maize,21.86,30.41,163.79,51.06,13.58,6.41,0.515,212.6,29.9,159.7,3622.29
AGR_Wes_2023_02146,West_Zone,MH_Vidarbha,2023,Kharif,Wheat,25.79,36.12,994.23,90.14,10.0,7.85,0.663,213.4,15.1,239.8,5022.08
AGR_Wes_2022_02147,West_Zone,MP_Malwa,2022,Kharif,Rice,26.2,34.12,819.99,75.91,10.0,7.0,0.528,175.3,32.0,188.6,4864.76
AGR_Wes_2022_02148,West_Zone,MH_Marathwada,2022,Rabi,Cotton,18.14,30.73,279.89,45.58,12.45,6.48,0.74,205.0,31.5,209.9,2351.37
AGR_Wes_2020_02149,West_Zone,GJ_Saurashtra,2020,Kharif,Soybean,,35.03,491.13,64.06,13.18,6.36,0.505,200.7,28.6,253.6,3454.16
AGR_Wes_2018_02150,West_Zone,MP_Malwa,2018,Rabi,Rice,21.41,30.01,260.45,56.98,11.29,6.61,0.607,227.9,11.8,161.9,5032.56
AGR_Wes_2023_02151,West_Zone,MH_Marathwada,2023,Rabi,Soybean,21.64,29.7,194.67,57.3,10.0,6.05,0.454,237.2,29.7,246.2,2717.18
AGR_Wes_2020_02152,West_Zone,GJ_Saurashtra,2020,Rabi,Soybean,20.21,,119.68,54.6,10.0,7.06,0.787,142.9,27.4,205.5,2271.96
AGR_Wes_2019_02153,West_Zone,MP_Malwa,2019,Kharif,Maize,26.14,39.44,1008.24,,12.66,7.18,0.922,146.6,16.5,180.8,4177.61
AGR_Wes_2022_02154,West_Zone,MH_Marathwada,2022,Rabi,Rice,21.38,29.99,170.72,69.47,13.47,5.8,0.815,190.7,25.4,143.1,4745.32
AGR_Wes_2020_02155,West_Zone,MH_Marathwada,2020,Kharif,Pulses,25.12,37.47,742.92,80.0,10.0,6.52,0.811,179.1,25.7,265.4,2149.09
AGR_Wes_2019_02156,West_Zone,MH_Marathwada,2019,Zaid,Pulses,26.83,38.19,86.17,61.27,14.52,5.54,0.346,167.9,24.2,182.9,1235.23
AGR_Wes_2018_02157,West_Zone,GJ_Saurashtra,2018,Rabi,Wheat,21.94,30.08,40.41,43.98,11.46,6.69,0.423,115.3,21.9,157.5,3208.08
AGR_Wes_2020_02158,West_Zone,MH_Vidarbha,2020,Kharif,Cotton,,36.61,631.71,61.29,12.59,6.38,0.684,144.8,22.5,135.4,3049.13
AGR_Wes_2020_02159,West_Zone,MP_Malwa,2020,Kharif,Wheat,27.07,36.4,781.87,69.26,13.03,6.63,0.978,153.3,21.3,239.8,4710.77
AGR_Wes_2023_02160,West_Zone,MP_Malwa,2023,Kharif,Soybean,24.46,31.89,526.43,70.07,14.14,7.03,0.754,160.2,22.4,162.5,3075.75
AGR_Wes_2020_02161,West_Zone,MH_Vidarbha,2020,Kharif,Pulses,24.48,35.84,585.45,63.92,10.84,6.12,0.487,179.9,34.3,186.6,2323.99
AGR_Wes_2020_02162,West_Zone,GJ_Saurashtra,2020,Rabi,Rice,19.9,28.64,174.55,48.44,10.0,6.29,0.96,142.6,14.6,139.6,4655.63
AGR_Wes_2018_02163,West_Zone,MH_Marathwada,2018,Kharif,Soybean,26.76,37.69,1059.96,69.43,10.88,6.57,0.602,139.0,20.3,242.8,3086.25
AGR_Wes_2023_02164,West_Zone,MP_Malwa,2023,Kharif,Maize,24.2,34.92,832.49,66.31,13.67,6.73,0.605,150.9,20.7,206.0,3948.45
AGR_Wes_2023_02165,West_Zone,MH_Vidarbha,2023,Rabi,Rice,20.06,29.36,159.12,57.04,15.12,7.14,0.614,167.3,26.4,164.5,4217.15
AGR_Wes_2019_02166,West_Zone,MP_Malwa,2019,Rabi,Cotton,21.65,31.87,65.25,57.19,12.16,7.12,0.391,247.9,30.9,208.5,2118.91
AGR_Wes_2018_02167,West_Zone,MH_Vidarbha,2018,Kharif,Cotton,24.55,37.97,684.98,68.99,12.38,5.5,0.306,142.0,18.0,272.0,2590.12
AGR_Wes_2020_02168,West_Zone,MH_Marathwada,2020,Kharif,Wheat,27.1,39.37,,84.77,10.0,6.52,0.618,198.9,21.8,110.0,4539.66
AGR_Wes_2021_02169,West_Zone,MH_Vidarbha,2021,Zaid,Pulses,26.77,36.76,75.65,62.72,10.0,6.59,0.322,177.3,28.2,206.7,1231.62
AGR_Wes_2019_02170,West_Zone,MH_Vidarbha,2019,Rabi,Maize,22.97,,155.45,63.41,12.78,6.94,0.451,280.0,15.2,280.1,3675.35
AGR_Wes_2021_02171,West_Zone,GJ_Saurashtra,2021,Kharif,Maize,,37.58,605.65,59.52,11.76,6.41,0.511,133.9,18.4,237.3,3835.31
AGR_Wes_2021_02172,West_Zone,GJ_Saurashtra,2021,Kharif,Pulses,25.13,,953.31,94.86,10.0,6.66,0.652,183.0,20.4,258.6,2409.22
AGR_Wes_2021_02173,West_Zone,GJ_Saurashtra,2021,Zaid,Cotton,27.09,38.09,63.92,53.37,10.0,6.96,0.746,208.9,29.6,165.2,2207.38
AGR_Wes_2019_02174,West_Zone,MH_Marathwada,2019,Rabi,Soybean,19.89,30.58,140.21,54.25,17.39,5.2,0.476,207.2,15.3,210.4,2656.88
AGR_Wes_2019_02175,West_Zone,MH_Vidarbha,2019,Kharif,Pulses,25.88,36.42,586.06,73.86,10.15,6.37,0.461,176.1,23.3,191.6,2482.34
AGR_Wes_2021_02176,West_Zone,GJ_Saurashtra,2021,Kharif,Rice,24.94,38.85,730.59,70.13,11.56,7.51,0.556,141.1,22.6,281.9,4657.9
AGR_Wes_2019_02177,West_Zone,MH_Vidarbha,2019,Rabi,Cotton,19.96,27.44,90.81,35.34,14.39,7.57,0.437,161.8,16.7,187.8,1905.78
AGR_Wes_2020_02178,West_Zone,MH_Vidarbha,2020,Kharif,Wheat,24.3,33.16,803.85,78.55,10.0,6.69,0.655,169.7,23.6,263.2,4896.29
AGR_Wes_2022_02179,West_Zone,MH_Vidarbha,2022,Kharif,Rice,25.93,34.75,526.78,92.15,10.0,6.16,0.435,163.4,21.7,211.8,5157.42
AGR_Wes_2023_02180,West_Zone,MP_Malwa,2023,Kharif,Maize,24.66,34.6,,79.98,10.0,6.98,0.802,163.6,22.7,294.2,4244.88
AGR_Wes_2020_02181,West_Zone,MH_Marathwada,2020,Rabi,Cotton,21.82,35.27,193.68,62.26,12.47,6.25,0.454,113.9,27.4,246.6,1909.49
AGR_Wes_2023_02182,West_Zone,MP_Malwa,2023,Rabi,Wheat,23.05,30.08,115.3,48.35,10.07,6.08,0.721,130.3,9.6,244.9,3582.77
AGR_Wes_2022_02183,West_Zone,MH_Vidarbha,2022,Rabi,Rice,20.57,33.99,217.4,57.64,12.69,5.99,0.664,134.0,16.6,232.0,4709.63
AGR_Wes_2021_02184,West_Zone,MH_Vidarbha,2021,Rabi,Cotton,23.18,35.1,216.88,52.49,12.95,6.45,0.654,208.1,22.0,264.4,2517.72
AGR_Wes_2020_02185,West_Zone,GJ_Saurashtra,2020,Kharif,Cotton,27.59,35.38,623.03,75.02,10.0,7.59,0.555,124.7,19.1,180.6,2444.58
AGR_Wes_2023_02186,West_Zone,GJ_Saurashtra,2023,Rabi,Wheat,23.43,32.5,177.3,52.03,12.01,6.86,1.2,211.4,22.3,183.3,5001.3
AGR_Wes_2018_02187,West_Zone,MH_Vidarbha,2018,Kharif,Maize,24.06,31.65,582.57,63.63,11.68,6.32,0.694,188.9,32.4,208.4,4546.27
AGR_Wes_2021_02188,West_Zone,MH_Marathwada,2021,Kharif,Rice,25.22,36.19,806.43,78.42,10.0,7.68,0.577,222.6,13.9,129.7,5388.63
AGR_Wes_2020_02189,West_Zone,MP_Malwa,2020,Zaid,Pulses,25.72,39.54,53.44,65.09,11.3,6.39,0.804,218.2,26.3,147.2,1452.72
AGR_Wes_2018_02190,West_Zone,MH_Marathwada,2018,Rabi,Maize,20.9,31.5,125.25,73.3,10.65,7.76,0.446,147.7,22.3,210.1,2814.3
AGR_Wes_2022_02191,West_Zone,MH_Marathwada,2022,Kharif,Soybean,23.58,35.33,820.1,,11.12,7.07,0.406,128.2,24.9,238.1,3118.82
AGR_Wes_2019_02192,West_Zone,GJ_Saurashtra,2019,Kharif,Wheat,22.52,30.99,895.95,74.01,11.91,6.47,0.506,169.4,36.9,317.6,4620.74
AGR_Wes_2021_02193,West_Zone,MH_Vidarbha,2021,Kharif,Rice,24.21,34.64,754.17,67.8,10.06,7.07,0.791,190.9,23.1,209.9,5527.02
AGR_Wes_2020_02194,West_Zone,MP_Malwa,2020,Zaid,Soybean,25.16,34.86,74.08,60.04,11.63,6.36,0.751,142.5,28.0,251.2,2368.41
AGR_Wes_2023_02195,West_Zone,MH_Marathwada,2023,Kharif,Soybean,24.64,37.13,694.66,68.83,10.85,6.9,0.664,211.8,8.0,136.2,3224.66
AGR_Wes_2021_02196,West_Zone,MH_Vidarbha,2021,Kharif,Pulses,27.18,36.34,569.63,79.89,16.83,7.22,0.643,219.8,19.7,224.7,2328.44
AGR_Wes_2023_02197,West_Zone,MH_Vidarbha,2023,Kharif,Soybean,23.26,32.73,1209.57,95.0,10.0,7.41,0.406,150.7,25.8,167.7,3208.6
AGR_Wes_2021_02198,West_Zone,GJ_Saurashtra,2021,Rabi,Cotton,19.37,26.68,194.15,,12.84,7.54,0.807,133.2,19.6,171.6,2085.71
AGR_Wes_2021_02199,West_Zone,MH_Vidarbha,2021,Kharif,Cotton,25.21,36.26,520.64,68.39,12.67,6.24,0.411,136.4,26.2,164.5,2647.65
AGR_Wes_2019_02200,West_Zone,MH_Marathwada,2019,Rabi,Maize,21.83,31.59,190.87,63.17,10.49,7.03,0.751,129.8,22.1,313.6,3388.05
AGR_Wes_2020_02201,West_Zone,MP_Malwa,2020,Kharif,Wheat,23.14,31.23,665.96,74.34,11.08,7.25,0.728,242.6,21.3,235.2,5132.37
AGR_Wes_2018_02202,West_Zone,GJ_Saurashtra,2018,Rabi,Pulses,18.88,28.39,242.96,65.73,10.11,6.34,0.523,188.5,31.2,238.2,1705.35
AGR_Wes_2018_02203,West_Zone,MP_Malwa,2018,Kharif,Maize,26.58,34.87,748.14,86.26,10.76,8.37,0.639,152.0,23.5,165.5,4348.81
AGR_Wes_2019_02204,West_Zone,MH_Vidarbha,2019,Rabi,Soybean,21.16,31.94,134.85,65.93,10.0,6.12,0.464,121.6,19.5,218.6,2250.94
AGR_Wes_2019_02205,West_Zone,MH_Vidarbha,2019,Rabi,Rice,19.88,28.18,77.03,56.36,11.59,6.9,0.872,182.8,37.0,186.7,4593.0
AGR_Wes_2020_02206,West_Zone,MH_Vidarbha,2020,Kharif,Maize,26.15,34.88,961.18,65.17,10.0,7.07,0.426,165.5,20.4,189.6,4002.62
AGR_Wes_2018_02207,West_Zone,MH_Marathwada,2018,Kharif,Rice,26.7,39.05,975.6,95.0,10.0,6.52,0.682,209.4,16.2,268.5,5413.91
AGR_Wes_2021_02208,West_Zone,MP_Malwa,2021,Kharif,Maize,28.78,39.67,868.79,95.0,10.0,6.5,0.47,222.0,29.0,223.7,3894.75
AGR_Wes_2019_02209,West_Zone,MP_Malwa,2019,Kharif,Maize,24.51,33.52,434.47,70.41,10.0,6.87,0.773,202.8,21.6,225.6,4410.12
AGR_Wes_2021_02210,West_Zone,MH_Marathwada,2021,Rabi,Soybean,22.56,33.09,201.26,55.05,11.6,6.63,0.72,189.6,16.1,233.0,2810.25
AGR_Wes_2018_02211,West_Zone,MH_Vidarbha,2018,Rabi,Soybean,22.11,31.56,155.33,45.74,15.33,6.82,0.673,250.4,15.3,187.1,2632.47
AGR_Wes_2021_02212,West_Zone,MH_Marathwada,2021,Rabi,Cotton,22.9,,198.44,42.7,13.69,6.84,0.408,198.9,17.0,294.6,2491.74
AGR_Wes_2021_02213,West_Zone,MH_Marathwada,2021,Kharif,Soybean,24.05,37.43,945.57,82.18,10.41,6.8,0.45,193.1,24.4,204.7,3212.69
AGR_Wes_2021_02214,West_Zone,GJ_Saurashtra,2021,Rabi,Rice,22.96,,230.28,72.74,10.49,5.72,0.777,173.4,20.3,138.2,4694.45
AGR_Wes_2021_02215,West_Zone,MH_Vidarbha,2021,Kharif,Soybean,25.33,,874.95,,10.9,6.47,0.502,148.1,24.1,168.1,2984.85
AGR_Wes_2020_02216,West_Zone,MH_Marathwada,2020,Kharif,Maize,22.73,34.3,721.48,80.75,10.0,7.51,0.572,197.3,28.7,164.1,4335.33
AGR_Wes_2022_02217,West_Zone,MH_Vidarbha,2022,Rabi,Rice,23.51,36.77,74.82,77.03,11.16,6.09,0.493,197.0,18.8,249.9,4320.98
AGR_Wes_2022_02218,West_Zone,GJ_Saurashtra,2022,Rabi,Pulses,22.15,35.78,157.73,61.49,14.49,6.63,0.658,115.0,15.0,171.2,1423.28
AGR_Wes_2019_02219,West_Zone,MH_Vidarbha,2019,Kharif,Maize,24.84,35.56,946.79,86.89,10.17,6.94,0.433,212.2,13.2,288.9,4080.43
AGR_Wes_2019_02220,West_Zone,GJ_Saurashtra,2019,Kharif,Maize,26.33,39.61,701.68,81.65,10.0,6.41,0.828,198.4,29.8,159.7,4515.44
AGR_Wes_2018_02221,West_Zone,GJ_Saurashtra,2018,Rabi,Soybean,18.9,29.09,149.76,75.62,10.0,7.67,0.416,242.5,17.2,250.9,2857.52
AGR_Wes_2020_02222,West_Zone,GJ_Saurashtra,2020,Rabi,Wheat,19.87,31.88,145.16,50.64,13.55,7.28,0.374,182.2,14.3,207.9,3898.25
AGR_Wes_2018_02223,West_Zone,MH_Marathwada,2018,Rabi,Soybean,20.31,31.55,107.17,66.74,11.98,7.25,0.724,246.0,25.5,251.9,2705.04
AGR_Wes_2022_02224,West_Zone,MH_Marathwada,2022,Kharif,Pulses,,35.9,992.97,83.58,10.0,7.16,0.745,122.4,13.7,243.8,2426.06
AGR_Wes_2023_02225,West_Zone,MP_Malwa,2023,Rabi,Soybean,21.02,29.19,128.0,91.59,10.0,6.83,0.45,139.0,22.9,185.1,2215.77
AGR_Wes_2023_02226,West_Zone,GJ_Saurashtra,2023,Kharif,Rice,26.55,34.43,980.6,83.05,11.72,6.81,0.721,199.7,19.9,192.1,5671.92
AGR_Wes_2019_02227,West_Zone,MH_Marathwada,2019,Kharif,Rice,24.14,37.41,481.6,57.7,15.52,7.23,0.585,135.2,23.2,243.7,4603.53
AGR_Wes_2020_02228,West_Zone,GJ_Saurashtra,2020,Kharif,Soybean,24.94,34.8,611.75,,13.36,7.62,0.67,234.0,33.8,205.0,3648.07
AGR_Wes_2020_02229,West_Zone,MH_Vidarbha,2020,Kharif,Rice,25.88,38.85,977.52,95.0,10.0,7.85,0.524,215.8,16.9,270.4,5294.04
AGR_Wes_2018_02230,West_Zone,GJ_Saurashtra,2018,Rabi,Rice,23.2,36.99,176.35,66.5,13.72,7.56,0.86,231.9,27.9,233.1,5200.71
AGR_Wes_2019_02231,West_Zone,MH_Marathwada,2019,Kharif,Pulses,24.51,33.53,793.84,69.54,14.1,5.97,0.545,155.9,13.3,181.5,2348.31
AGR_Wes_2021_02232,West_Zone,MP_Malwa,2021,Rabi,Rice,19.5,31.96,89.39,41.7,12.14,6.79,0.368,181.8,26.9,258.7,4177.74
AGR_Wes_2023_02233,West_Zone,MP_Malwa,2023,Kharif,Maize,24.38,37.77,892.82,73.97,10.28,6.62,0.681,199.2,17.4,182.4,4232.63
AGR_Wes_2022_02234,West_Zone,GJ_Saurashtra,2022,Rabi,Wheat,19.91,28.98,117.5,51.44,12.76,6.92,0.504,213.8,23.5,275.7,3756.81
AGR_Wes_2023_02235,West_Zone,GJ_Saurashtra,2023,Kharif,Soybean,23.79,36.23,1033.21,83.99,10.67,6.46,0.684,190.3,10.9,150.7,3001.09
AGR_Wes_2023_02236,West_Zone,MP_Malwa,2023,Rabi,Soybean,19.54,29.32,188.93,53.74,11.02,6.81,0.572,155.8,22.8,259.4,2607.39
AGR_Wes_2020_02237,West_Zone,MH_Marathwada,2020,Rabi,Pulses,22.56,32.87,203.09,53.85,13.32,7.21,0.614,151.1,24.3,217.1,1445.92
AGR_Wes_2018_02238,West_Zone,MH_Marathwada,2018,Kharif,Maize,25.2,33.13,363.7,72.31,10.4,6.26,0.814,160.5,17.3,242.0,4289.04
AGR_Wes_2022_02239,West_Zone,GJ_Saurashtra,2022,Rabi,Pulses,19.93,27.11,44.56,60.9,11.92,6.24,0.596,139.9,35.7,213.2,1402.19
AGR_Wes_2022_02240,West_Zone,MP_Malwa,2022,Rabi,Soybean,22.1,35.2,156.4,56.28,10.64,6.32,0.597,160.5,25.9,238.4,2670.82
AGR_Wes_2019_02241,West_Zone,MH_Marathwada,2019,Zaid,Soybean,23.78,37.47,46.45,47.58,11.74,6.76,0.566,147.1,17.1,179.4,1968.88
AGR_Wes_2023_02242,West_Zone,MH_Marathwada,2023,Kharif,Wheat,24.17,33.36,652.43,75.17,10.0,8.08,0.614,200.5,34.9,122.0,4808.12
AGR_Wes_2019_02243,West_Zone,MH_Vidarbha,2019,Zaid,Cotton,29.31,39.21,77.01,60.49,13.27,7.09,0.609,190.8,21.2,122.2,2294.18
AGR_Wes_2021_02244,West_Zone,MP_Malwa,2021,Kharif,Maize,25.32,37.89,467.27,55.39,10.36,6.85,0.934,200.0,21.2,263.7,4523.35
AGR_Wes_2018_02245,West_Zone,MH_Marathwada,2018,Kharif,Wheat,25.54,38.56,890.51,87.33,11.51,6.82,0.735,204.0,25.1,229.2,4703.77
AGR_Wes_2021_02246,West_Zone,MP_Malwa,2021,Kharif,Soybean,23.93,34.15,851.16,93.87,10.0,6.03,0.475,202.4,16.3,232.0,3172.82
AGR_Wes_2018_02247,West_Zone,MP_Malwa,2018,Kharif,Maize,25.39,38.28,908.22,73.02,11.98,6.3,0.584,187.5,29.3,231.6,4017.69
AGR_Wes_2018_02248,West_Zone,GJ_Saurashtra,2018,Zaid,Cotton,29.95,39.89,88.91,66.14,10.06,8.42,0.542,219.4,11.5,155.3,2354.45
AGR_Wes_2021_02249,West_Zone,MP_Malwa,2021,Kharif,Soybean,27.66,40.03,614.74,70.03,10.0,6.89,0.89,144.0,23.9,191.5,2977.72
AGR_Wes_2021_02250,West_Zone,MH_Marathwada,2021,Zaid,Wheat,28.13,35.78,21.73,51.69,12.48,6.32,0.48,195.0,21.8,343.6,3774.07
AGR_Wes_2022_02251,West_Zone,MH_Vidarbha,2022,Kharif,Maize,25.15,38.95,461.47,62.07,12.66,6.85,0.987,204.4,34.9,223.6,4418.61
AGR_Wes_2022_02252,West_Zone,GJ_Saurashtra,2022,Kharif,Soybean,,31.24,693.78,74.77,10.0,6.7,0.343,220.0,17.9,266.1,2854.31
AGR_Wes_2018_02253,West_Zone,MP_Malwa,2018,Kharif,Soybean,,38.34,853.36,75.3,10.0,7.03,0.399,133.1,22.3,129.0,2923.32
AGR_Wes_2018_02254,West_Zone,MP_Malwa,2018,Kharif,Soybean,24.16,34.93,943.46,86.99,10.0,5.58,0.521,124.5,26.8,149.1,2813.8
AGR_Wes_2023_02255,West_Zone,MH_Vidarbha,2023,Rabi,Rice,23.47,36.61,92.33,46.43,14.24,5.83,0.681,141.3,14.5,211.7,4219.82
AGR_Wes_2021_02256,West_Zone,MP_Malwa,2021,Rabi,Soybean,20.77,29.0,84.78,59.46,12.97,6.67,0.795,216.0,24.1,178.1,2685.01
AGR_Wes_2020_02257,West_Zone,GJ_Saurashtra,2020,Rabi,Soybean,20.54,30.9,104.54,39.59,15.29,7.23,0.255,182.0,12.8,313.6,2078.4
AGR_Wes_2023_02258,West_Zone,MP_Malwa,2023,Rabi,Rice,20.32,31.45,151.19,61.05,11.07,7.5,0.511,203.5,26.1,135.9,4459.23
AGR_Wes_2022_02259,West_Zone,GJ_Saurashtra,2022,Rabi,Maize,22.67,33.71,99.07,46.59,13.13,6.72,0.402,119.6,30.9,237.3,2907.16
AGR_Wes_2022_02260,West_Zone,MH_Vidarbha,2022,Kharif,Pulses,24.5,32.66,615.1,69.22,10.0,7.59,0.63,90.0,30.6,255.9,2048.43
AGR_Wes_2018_02261,West_Zone,GJ_Saurashtra,2018,Kharif,Maize,24.66,32.17,737.78,80.34,11.2,7.04,0.477,235.4,23.7,197.1,4319.56
AGR_Wes_2023_02262,West_Zone,MH_Marathwada,2023,Zaid,Pulses,28.41,36.06,92.14,41.38,13.31,5.92,0.428,218.1,25.2,236.8,1465.73
AGR_Wes_2022_02263,West_Zone,GJ_Saurashtra,2022,Rabi,Rice,19.55,28.24,141.91,64.46,12.33,6.82,0.855,183.8,19.4,279.3,4558.72
AGR_Wes_2019_02264,West_Zone,MP_Malwa,2019,Kharif,Pulses,23.61,31.92,568.08,83.72,10.18,5.9,0.418,95.9,14.4,226.6,2287.34
AGR_Wes_2023_02265,West_Zone,MP_Malwa,2023,Kharif,Wheat,24.8,37.44,681.48,59.74,10.37,7.03,0.574,182.9,13.7,211.1,4520.31
AGR_Wes_2023_02266,West_Zone,MH_Vidarbha,2023,Rabi,Rice,20.72,30.8,93.46,56.53,11.88,6.58,0.726,162.3,14.0,183.9,4170.67
AGR_Wes_2019_02267,West_Zone,MP_Malwa,2019,Rabi,Wheat,20.58,32.46,126.76,59.9,13.47,6.28,0.558,172.4,8.9,236.5,3728.44
AGR_Wes_2020_02268,West_Zone,MP_Malwa,2020,Rabi,Cotton,22.11,35.12,87.26,69.64,10.0,6.29,0.688,205.6,15.2,213.3,2535.88
AGR_Wes_2019_02269,West_Zone,GJ_Saurashtra,2019,Kharif,Pulses,21.86,,1450.25,95.0,10.0,6.21,0.709,236.3,24.2,187.6,2465.93
AGR_Wes_2020_02270,West_Zone,MP_Malwa,2020,Rabi,Soybean,19.27,30.62,150.42,48.97,12.65,7.52,0.845,214.9,26.7,258.1,2499.07
AGR_Wes_2022_02271,West_Zone,MP_Malwa,2022,Rabi,Maize,19.82,29.27,140.37,73.69,10.0,6.25,0.363,265.4,36.3,232.9,3444.34
AGR_Wes_2021_02272,West_Zone,MH_Marathwada,2021,Kharif,Pulses,24.71,36.37,1035.17,70.47,10.0,6.11,0.667,156.4,13.4,289.0,2440.51
AGR_Wes_2021_02273,West_Zone,MH_Vidarbha,2021,Kharif,Rice,26.05,37.45,806.39,83.85,11.98,7.52,0.675,245.4,8.8,195.4,5572.7
AGR_Wes_2022_02274,West_Zone,MP_Malwa,2022,Kharif,Cotton,26.41,36.95,987.33,95.0,10.0,7.62,0.481,193.5,24.3,249.1,3129.96
AGR_Wes_2019_02275,West_Zone,MH_Vidarbha,2019,Rabi,Pulses,18.87,30.7,100.65,55.27,13.21,7.75,0.509,90.0,32.4,248.9,1192.33
AGR_Wes_2019_02276,West_Zone,GJ_Saurashtra,2019,Rabi,Maize,20.46,28.87,193.37,60.86,12.88,5.75,0.671,117.6,18.6,237.1,3102.09
AGR_Wes_2022_02277,West_Zone,GJ_Saurashtra,2022,Rabi,Soybean,22.43,36.31,93.32,45.82,12.66,7.56,0.714,144.8,18.3,242.3,2412.76
AGR_Wes_2021_02278,West_Zone,MH_Vidarbha,2021,Kharif,Rice,24.16,31.71,892.78,75.85,10.09,7.32,0.564,131.2,21.7,222.3,4922.72
AGR_Wes_2021_02279,West_Zone,MH_Marathwada,2021,Rabi,Maize,19.54,33.19,230.85,70.03,13.4,6.68,0.46,176.2,23.5,176.2,3404.17
AGR_Wes_2018_02280,West_Zone,MH_Marathwada,2018,Rabi,Maize,23.11,,247.76,54.27,13.54,8.19,0.626,126.8,11.5,210.0,3394.4
AGR_Wes_2020_02281,West_Zone,MH_Marathwada,2020,Kharif,Wheat,24.74,,1091.56,80.29,10.0,6.44,0.34,187.1,18.4,167.8,4695.65
AGR_Wes_2022_02282,West_Zone,MP_Malwa,2022,Rabi,Rice,21.45,32.83,150.2,60.87,11.5,6.62,0.31,121.7,18.8,258.1,3828.26
AGR_Wes_2020_02283,West_Zone,MH_Vidarbha,2020,Kharif,Pulses,26.75,40.73,916.74,71.66,10.0,6.25,0.861,175.1,21.7,234.2,2209.11
AGR_Wes_2022_02284,West_Zone,MH_Vidarbha,2022,Kharif,Cotton,24.05,37.71,877.98,77.51,10.31,6.41,0.751,179.3,22.0,171.3,2921.31
AGR_Wes_2022_02285,West_Zone,MH_Marathwada,2022,Kharif,Maize,25.08,38.59,779.5,83.47,10.0,7.21,0.591,208.1,33.1,230.0,4119.78
AGR_Wes_2018_02286,West_Zone,GJ_Saurashtra,2018,Kharif,Soybean,28.05,39.19,373.49,64.51,13.6,6.39,0.667,187.8,21.5,247.9,3242.84
AGR_Wes_2020_02287,West_Zone,MH_Vidarbha,2020,Kharif,Maize,25.48,32.63,735.68,,13.59,6.69,0.498,192.3,21.2,215.1,4608.61
AGR_Wes_2019_02288,West_Zone,GJ_Saurashtra,2019,Kharif,Wheat,24.99,37.63,699.77,,10.97,7.26,0.748,155.3,14.3,143.7,4552.55
AGR_Wes_2019_02289,West_Zone,GJ_Saurashtra,2019,Kharif,Cotton,23.14,35.02,574.18,71.93,10.56,6.32,0.928,180.5,17.0,277.2,3241.99
AGR_Wes_2021_02290,West_Zone,MP_Malwa,2021,Kharif,Maize,26.56,35.69,725.57,79.98,12.06,7.23,0.362,120.2,14.9,203.3,3813.42
AGR_Wes_2022_02291,West_Zone,MH_Vidarbha,2022,Rabi,Pulses,19.96,33.12,202.1,51.62,12.94,6.03,0.681,172.8,28.3,238.1,1744.07
AGR_Wes_2020_02292,West_Zone,MP_Malwa,2020,Kharif,Cotton,24.51,32.54,661.42,70.53,10.62,6.26,0.604,149.8,22.8,210.5,3089.05
AGR_Wes_2018_02293,West_Zone,MH_Vidarbha,2018,Rabi,Pulses,20.42,30.15,213.12,50.58,11.52,6.47,0.457,187.5,21.4,122.9,1852.22
AGR_Wes_2019_02294,West_Zone,MP_Malwa,2019,Kharif,Pulses,27.69,37.92,832.95,65.65,10.0,7.6,0.651,192.2,39.7,266.8,2234.33
AGR_Wes_2019_02295,West_Zone,GJ_Saurashtra,2019,Rabi,Soybean,21.82,29.74,277.72,59.04,10.44,7.28,0.764,173.8,22.4,164.1,2962.61
AGR_Wes_2020_02296,West_Zone,MH_Vidarbha,2020,Kharif,Pulses,24.8,37.53,544.65,76.45,10.0,6.37,0.788,193.4,34.5,331.3,2389.65
AGR_Wes_2019_02297,West_Zone,MH_Marathwada,2019,Rabi,Cotton,21.8,29.36,128.55,61.09,10.04,7.38,0.648,238.2,16.5,204.0,2363.52
AGR_Wes_2018_02298,West_Zone,MH_Vidarbha,2018,Rabi,Maize,21.81,31.25,180.43,47.2,14.92,6.64,0.402,144.4,24.2,199.6,3074.8
AGR_Wes_2023_02299,West_Zone,MP_Malwa,2023,Rabi,Wheat,21.78,35.39,216.93,45.7,10.92,6.41,1.003,137.8,28.8,216.2,4543.41
AGR_Wes_2021_02300,West_Zone,GJ_Saurashtra,2021,Rabi,Wheat,17.27,29.94,202.78,75.89,11.89,5.58,0.491,120.5,14.3,231.9,3714.76
AGR_Wes_2018_02301,West_Zone,MP_Malwa,2018,Kharif,Cotton,24.73,31.75,819.14,88.28,10.0,7.14,0.536,230.6,15.8,225.5,3179.17
AGR_Wes_2019_02302,West_Zone,GJ_Saurashtra,2019,Kharif,Maize,24.54,33.18,819.49,82.6,12.74,6.72,0.84,160.1,29.2,243.7,4150.34
AGR_Wes_2018_02303,West_Zone,MP_Malwa,2018,Rabi,Cotton,21.87,32.37,174.22,50.45,14.89,6.07,0.586,211.8,23.0,158.9,2445.65
AGR_Wes_2019_02304,West_Zone,MP_Malwa,2019,Kharif,Rice,25.24,35.61,785.56,79.21,11.0,5.4,0.606,199.5,26.3,232.3,5324.36
AGR_Wes_2022_02305,West_Zone,MP_Malwa,2022,Kharif,Pulses,28.84,41.07,660.77,83.8,10.0,6.59,0.44,193.8,16.6,175.4,2191.92
AGR_Wes_2018_02306,West_Zone,MH_Vidarbha,2018,Rabi,Wheat,19.62,29.91,177.58,69.88,10.27,6.42,0.424,129.2,27.6,219.3,3541.64
AGR_Wes_2021_02307,West_Zone,MP_Malwa,2021,Kharif,Wheat,25.36,37.45,1005.1,89.8,12.89,6.9,0.596,264.2,29.9,234.5,5019.63
AGR_Wes_2019_02308,West_Zone,MH_Marathwada,2019,Kharif,Cotton,26.15,38.63,733.31,76.3,10.0,6.57,0.407,147.7,18.1,126.4,2798.26
AGR_Wes_2018_02309,West_Zone,MH_Marathwada,2018,Kharif,Cotton,23.55,33.21,1025.29,80.91,10.0,6.67,0.503,207.6,17.4,178.4,2864.09
AGR_Wes_2018_02310,West_Zone,GJ_Saurashtra,2018,Kharif,Wheat,26.04,39.13,247.29,60.93,12.92,6.15,0.64,176.2,17.8,210.5,4053.92
AGR_Wes_2020_02311,West_Zone,MP_Malwa,2020,Kharif,Maize,24.04,,914.78,83.37,10.4,7.28,0.659,194.5,15.6,292.7,4164.29
AGR_Wes_2019_02312,West_Zone,MH_Vidarbha,2019,Rabi,Wheat,20.19,27.73,196.52,63.16,10.0,6.22,0.612,261.8,19.4,276.9,4473.08
AGR_Wes_2021_02313,West_Zone,MH_Vidarbha,2021,Kharif,Wheat,23.16,,795.28,73.61,11.47,6.93,0.769,210.3,35.2,245.6,4852.14
AGR_Wes_2023_02314,West_Zone,MP_Malwa,2023,Rabi,Soybean,,27.0,97.25,60.83,12.83,6.46,0.481,167.9,22.1,268.0,2192.03
AGR_Wes_2020_02315,West_Zone,MP_Malwa,2020,Kharif,Rice,23.27,31.08,743.73,62.69,10.0,5.68,0.518,139.7,10.4,255.6,4894.52
AGR_Wes_2018_02316,West_Zone,GJ_Saurashtra,2018,Kharif,Soybean,25.03,37.76,782.8,78.6,10.0,6.99,0.528,181.9,15.3,231.3,3202.42
AGR_Wes_2019_02317,West_Zone,MH_Vidarbha,2019,Rabi,Maize,22.83,31.26,127.53,63.3,13.15,7.37,0.82,176.5,27.5,242.1,3717.15
AGR_Wes_2018_02318,West_Zone,MH_Marathwada,2018,Kharif,Soybean,24.37,36.92,920.08,90.61,10.0,7.09,0.605,206.3,18.4,209.1,3319.94
AGR_Wes_2019_02319,West_Zone,GJ_Saurashtra,2019,Zaid,Rice,26.81,37.84,79.13,47.96,10.19,6.36,0.468,201.4,17.6,110.0,4036.86
AGR_Wes_2020_02320,West_Zone,MH_Marathwada,2020,Zaid,Soybean,,37.66,102.53,,17.11,6.46,0.742,109.7,8.0,232.5,2446.93
AGR_Wes_2020_02321,West_Zone,MH_Marathwada,2020,Kharif,Rice,23.86,34.37,329.89,44.42,10.0,7.62,0.646,203.0,18.6,257.7,5093.84
AGR_Wes_2018_02322,West_Zone,GJ_Saurashtra,2018,Rabi,Pulses,22.2,31.86,207.56,76.37,12.35,7.23,0.598,171.1,24.1,241.9,1658.02
AGR_Wes_2022_02323,West_Zone,MH_Marathwada,2022,Rabi,Pulses,19.79,27.06,227.83,58.71,11.7,7.1,0.858,119.7,21.6,240.6,1651.42
AGR_Wes_2022_02324,West_Zone,MH_Vidarbha,2022,Kharif,Rice,25.82,,566.47,,10.0,6.38,0.543,185.7,25.3,200.5,4995.4
AGR_Wes_2020_02325,West_Zone,MP_Malwa,2020,Rabi,Wheat,21.45,32.25,,46.59,12.37,6.85,0.213,120.1,17.5,176.4,3370.29
AGR_Wes_2023_02326,West_Zone,MH_Vidarbha,2023,Zaid,Soybean,26.89,39.98,62.51,64.22,11.47,6.91,0.773,204.3,12.5,209.9,2220.47
AGR_Wes_2018_02327,West_Zone,GJ_Saurashtra,2018,Kharif,Cotton,24.33,33.8,943.23,85.28,11.43,6.62,0.608,166.1,19.2,271.6,3051.64
AGR_Wes_2019_02328,West_Zone,MP_Malwa,2019,Zaid,Wheat,26.28,,66.75,66.07,10.1,6.67,0.726,158.5,29.8,203.3,3835.59
AGR_Wes_2019_02329,West_Zone,MH_Marathwada,2019,Kharif,Soybean,25.85,37.47,593.66,67.71,11.54,6.41,0.862,157.2,22.7,292.2,3399.51
AGR_Wes_2019_02330,West_Zone,GJ_Saurashtra,2019,Zaid,Rice,25.26,38.58,,46.67,14.69,6.54,1.009,198.0,25.1,209.6,4697.59
AGR_Wes_2022_02331,West_Zone,MH_Vidarbha,2022,Rabi,Pulses,22.06,29.54,124.47,40.94,16.13,7.08,0.6,245.9,24.4,231.1,1551.77
AGR_Wes_2019_02332,West_Zone,MH_Vidarbha,2019,Kharif,Maize,23.14,34.89,771.64,76.26,10.0,7.21,0.718,235.5,26.0,147.0,4354.66
AGR_Wes_2021_02333,West_Zone,GJ_Saurashtra,2021,Kharif,Pulses,25.15,36.01,923.06,86.64,10.0,6.76,0.374,173.4,20.7,196.2,2088.88
AGR_Wes_2021_02334,West_Zone,MH_Vidarbha,2021,Rabi,Pulses,20.66,31.57,138.72,38.67,14.76,8.15,0.658,138.8,32.4,204.6,1678.82
AGR_Wes_2018_02335,West_Zone,MH_Vidarbha,2018,Kharif,Rice,24.97,33.11,1001.53,76.13,10.0,7.29,0.506,162.5,20.5,257.1,5261.39
AGR_Wes_2019_02336,West_Zone,MP_Malwa,2019,Kharif,Rice,25.49,36.31,27.35,31.51,12.1,6.85,0.745,111.8,23.2,232.4,4056.67
AGR_Wes_2020_02337,West_Zone,MH_Marathwada,2020,Kharif,Wheat,,36.76,1061.76,82.81,10.0,6.02,0.755,241.6,18.2,286.7,5087.13
AGR_Wes_2020_02338,West_Zone,MP_Malwa,2020,Rabi,Cotton,18.27,27.56,72.59,49.54,10.0,6.42,0.871,171.0,14.5,174.3,2031.84
AGR_Wes_2018_02339,West_Zone,GJ_Saurashtra,2018,Kharif,Maize,22.01,32.95,1066.8,,13.71,5.33,0.539,206.1,18.1,271.9,4133.0
AGR_Wes_2019_02340,West_Zone,GJ_Saurashtra,2019,Kharif,Soybean,26.95,37.83,300.0,77.54,11.92,6.39,0.878,212.3,17.9,202.3,3230.4
AGR_Wes_2021_02341,West_Zone,MH_Marathwada,2021,Kharif,Soybean,25.16,35.22,907.51,85.19,10.0,6.65,0.576,176.4,17.0,245.6,3211.35
AGR_Wes_2020_02342,West_Zone,MP_Malwa,2020,Rabi,Pulses,21.21,33.33,136.61,55.4,14.48,6.04,0.526,174.1,22.2,289.4,1421.08
AGR_Wes_2023_02343,West_Zone,GJ_Saurashtra,2023,Kharif,Rice,25.84,37.26,213.91,,14.39,6.54,0.938,164.3,29.6,307.1,4957.52
AGR_Wes_2022_02344,West_Zone,GJ_Saurashtra,2022,Kharif,Pulses,,36.9,629.76,65.91,14.58,6.74,0.632,142.5,14.9,123.1,1988.76
AGR_Wes_2021_02345,West_Zone,MP_Malwa,2021,Kharif,Rice,23.12,34.42,663.41,68.16,10.0,7.09,0.704,123.9,9.5,151.8,4985.41
AGR_Wes_2020_02346,West_Zone,GJ_Saurashtra,2020,Zaid,Soybean,26.27,33.32,99.6,50.19,11.35,7.28,0.86,120.4,31.3,334.0,2549.84
AGR_Wes_2022_02347,West_Zone,MH_Vidarbha,2022,Rabi,Soybean,22.67,33.74,159.09,69.9,10.6,6.46,0.586,215.5,18.1,213.9,2738.84
AGR_Wes_2018_02348,West_Zone,MP_Malwa,2018,Kharif,Pulses,23.1,36.23,405.26,54.52,10.77,6.46,0.658,184.6,29.9,272.8,2196.25
AGR_Wes_2020_02349,West_Zone,GJ_Saurashtra,2020,Zaid,Rice,23.87,32.6,67.49,46.19,13.4,7.27,0.409,228.5,25.8,209.4,4531.49
AGR_Wes_2021_02350,West_Zone,GJ_Saurashtra,2021,Kharif,Pulses,23.92,31.72,782.07,79.16,10.0,5.65,0.646,185.8,23.7,127.6,2630.07
AGR_Wes_2023_02351,West_Zone,MH_Vidarbha,2023,Kharif,Maize,24.16,33.52,762.66,89.37,10.0,7.41,0.657,216.9,26.2,166.6,4420.89
AGR_Wes_2018_02352,West_Zone,MH_Marathwada,2018,Rabi,Pulses,,30.05,126.27,47.42,10.71,7.71,0.84,155.0,29.8,126.1,1283.42
AGR_Wes_2020_02353,West_Zone,MH_Vidarbha,2020,Rabi,Cotton,22.56,33.04,150.24,43.09,14.86,6.52,0.262,155.2,26.4,128.1,2261.06
AGR_Wes_2021_02354,West_Zone,GJ_Saurashtra,2021,Kharif,Rice,27.8,35.19,905.31,85.75,10.0,5.68,0.609,171.7,22.2,196.0,5140.19
AGR_Wes_2023_02355,West_Zone,GJ_Saurashtra,2023,Rabi,Pulses,21.96,31.65,,62.76,10.75,6.42,0.575,207.7,15.7,200.6,1946.64
AGR_Wes_2019_02356,West_Zone,GJ_Saurashtra,2019,Kharif,Pulses,22.4,35.37,706.65,67.88,10.0,7.41,0.527,111.9,8.4,154.3,2298.42
AGR_Wes_2019_02357,West_Zone,MH_Vidarbha,2019,Rabi,Rice,23.28,36.79,193.45,51.38,13.62,7.49,0.631,200.3,16.9,151.5,4616.26
AGR_Wes_2020_02358,West_Zone,MP_Malwa,2020,Rabi,Soybean,22.27,,135.75,55.01,14.36,7.03,0.849,124.6,28.2,248.8,2560.29
AGR_Wes_2022_02359,West_Zone,MH_Vidarbha,2022,Kharif,Pulses,25.27,32.68,841.76,60.41,13.4,7.34,0.577,235.9,17.3,237.0,2537.27
AGR_Wes_2023_02360,West_Zone,MH_Vidarbha,2023,Kharif,Rice,24.32,36.81,739.41,94.0,10.89,6.9,0.709,189.4,31.4,187.1,5213.09
AGR_Wes_2019_02361,West_Zone,GJ_Saurashtra,2019,Rabi,Cotton,22.05,29.89,161.91,62.84,13.04,7.01,0.654,145.6,16.9,179.6,2462.32
AGR_Wes_2018_02362,West_Zone,GJ_Saurashtra,2018,Rabi,Soybean,20.03,30.9,194.71,31.02,13.74,7.33,0.458,144.4,21.0,186.5,2256.32
AGR_Wes_2021_02363,West_Zone,GJ_Saurashtra,2021,Kharif,Rice,24.53,31.63,840.56,80.07,14.77,7.16,0.557,161.1,24.1,247.7,5000.37
AGR_Wes_2021_02364,West_Zone,GJ_Saurashtra,2021,Rabi,Soybean,20.49,27.85,106.86,50.31,11.46,6.87,0.811,154.9,17.4,145.1,2216.17
AGR_Wes_2018_02365,West_Zone,MH_Marathwada,2018,Kharif,Pulses,23.31,35.65,927.33,91.44,10.08,5.72,0.702,147.1,8.0,173.4,2551.18
AGR_Wes_2022_02366,West_Zone,MH_Vidarbha,2022,Rabi,Soybean,21.4,29.49,69.16,48.5,15.55,5.98,0.478,213.7,25.4,168.3,2353.73
AGR_Wes_2023_02367,West_Zone,MH_Marathwada,2023,Kharif,Maize,24.81,37.68,746.66,76.99,10.0,7.35,0.714,175.8,26.2,259.8,4057.81
AGR_Wes_2022_02368,West_Zone,GJ_Saurashtra,2022,Rabi,Wheat,22.27,34.51,,32.79,12.49,6.59,0.538,224.4,21.2,187.1,3980.57
AGR_Wes_2020_02369,West_Zone,MH_Marathwada,2020,Kharif,Pulses,26.36,34.45,707.78,56.69,13.35,7.03,0.659,156.0,21.0,203.4,2300.89
AGR_Wes_2020_02370,West_Zone,MP_Malwa,2020,Kharif,Cotton,23.99,33.91,1143.12,86.64,10.0,6.61,0.628,262.5,22.2,247.2,3329.31
AGR_Wes_2021_02371,West_Zone,GJ_Saurashtra,2021,Rabi,Soybean,20.32,27.33,73.07,43.14,13.84,7.25,0.44,248.1,18.0,271.2,2132.69
AGR_Wes_2021_02372,West_Zone,MH_Marathwada,2021,Kharif,Soybean,24.21,31.86,675.24,75.35,10.0,5.53,0.621,205.6,20.9,271.8,3392.77
AGR_Wes_2020_02373,West_Zone,MH_Marathwada,2020,Kharif,Maize,24.28,33.73,802.54,95.0,10.0,7.5,0.505,130.4,12.8,155.7,3772.81
AGR_Wes_2022_02374,West_Zone,MP_Malwa,2022,Rabi,Cotton,23.2,34.99,127.59,63.27,10.0,6.72,0.591,181.4,25.9,241.7,2502.43
AGR_Wes_2019_02375,West_Zone,MP_Malwa,2019,Rabi,Maize,21.66,29.02,105.88,49.9,16.37,6.21,1.003,229.3,17.4,191.9,3988.2
AGR_Wes_2023_02376,West_Zone,GJ_Saurashtra,2023,Kharif,Maize,23.43,35.62,400.06,40.33,14.54,7.37,0.777,224.6,23.1,201.2,4532.84
AGR_Wes_2022_02377,West_Zone,MP_Malwa,2022,Rabi,Pulses,,36.15,139.71,65.12,10.72,7.37,0.736,280.0,17.9,210.3,1803.63
AGR_Wes_2018_02378,West_Zone,MP_Malwa,2018,Kharif,Soybean,25.0,36.28,,72.46,16.42,6.75,0.926,141.1,16.0,182.3,3171.05
AGR_Wes_2021_02379,West_Zone,MP_Malwa,2021,Zaid,Wheat,28.29,38.77,63.59,54.12,13.11,6.28,0.584,135.6,29.7,263.7,3466.29
AGR_Wes_2019_02380,West_Zone,MH_Marathwada,2019,Kharif,Rice,24.55,32.38,781.9,65.53,14.42,6.74,0.415,228.7,15.0,253.8,5406.28
AGR_Wes_2019_02381,West_Zone,MH_Vidarbha,2019,Kharif,Wheat,22.08,33.12,955.45,85.41,10.0,7.4,0.561,153.5,21.8,179.8,4400.95
AGR_Wes_2018_02382,West_Zone,MH_Vidarbha,2018,Rabi,Pulses,22.85,32.44,157.87,64.03,10.0,6.91,0.908,204.6,19.7,240.3,1905.7
AGR_Wes_2020_02383,West_Zone,MP_Malwa,2020,Rabi,Pulses,21.72,29.53,177.63,51.91,13.63,7.41,0.39,217.2,18.1,153.0,1610.1
AGR_Wes_2020_02384,West_Zone,MH_Marathwada,2020,Kharif,Pulses,,35.11,498.85,77.61,10.0,7.14,0.601,94.6,18.0,252.8,2063.71
AGR_Wes_2022_02385,West_Zone,MH_Vidarbha,2022,Rabi,Wheat,20.4,33.92,80.34,47.93,11.59,6.9,0.489,168.2,16.7,274.9,3791.31
AGR_Wes_2023_02386,West_Zone,MP_Malwa,2023,Kharif,Wheat,24.29,34.13,1141.67,80.6,11.16,7.24,0.863,170.7,25.3,263.4,4626.34
AGR_Wes_2018_02387,West_Zone,MP_Malwa,2018,Rabi,Cotton,,33.89,91.38,49.89,16.09,6.85,0.482,234.9,29.3,225.3,2414.73
AGR_Wes_2022_02388,West_Zone,MH_Marathwada,2022,Zaid,Pulses,27.51,37.73,72.31,47.03,10.0,7.21,0.523,186.1,15.8,230.5,1757.67
AGR_Wes_2020_02389,West_Zone,MP_Malwa,2020,Rabi,Maize,22.43,33.5,134.71,36.64,17.53,6.88,0.549,202.7,26.6,187.0,3738.22
AGR_Wes_2018_02390,West_Zone,MP_Malwa,2018,Kharif,Wheat,,39.85,112.63,55.99,10.75,7.4,0.562,142.8,17.6,200.1,3615.5
AGR_Wes_2021_02391,West_Zone,MH_Marathwada,2021,Rabi,Pulses,21.14,34.34,85.69,53.14,12.63,6.85,0.637,177.4,17.2,138.9,1460.38
AGR_Wes_2023_02392,West_Zone,MH_Vidarbha,2023,Kharif,Cotton,25.65,33.36,1115.69,86.36,10.0,6.89,0.842,163.8,19.5,244.1,2771.66
AGR_Wes_2021_02393,West_Zone,GJ_Saurashtra,2021,Kharif,Soybean,23.73,31.33,835.17,84.07,10.0,6.25,0.814,143.1,18.5,292.3,3105.78
AGR_Wes_2018_02394,West_Zone,MH_Marathwada,2018,Kharif,Soybean,24.04,35.41,,95.0,10.86,6.69,0.765,130.3,27.6,215.0,3499.16
AGR_Wes_2018_02395,West_Zone,MH_Marathwada,2018,Kharif,Maize,27.1,35.13,1008.12,90.91,10.47,6.66,0.457,182.9,16.6,110.0,4206.33
AGR_Wes_2023_02396,West_Zone,MP_Malwa,2023,Kharif,Cotton,26.17,39.15,433.13,69.03,12.69,6.61,0.632,161.7,24.2,240.9,3084.71
AGR_Wes_2021_02397,West_Zone,MH_Marathwada,2021,Zaid,Soybean,26.11,39.08,53.51,57.32,14.5,7.26,0.7,170.5,32.8,244.4,2223.9
AGR_Wes_2020_02398,West_Zone,MP_Malwa,2020,Rabi,Rice,20.48,27.72,172.45,67.72,11.08,6.25,0.829,191.6,15.5,181.9,4662.76
AGR_Wes_2021_02399,West_Zone,MH_Marathwada,2021,Zaid,Maize,27.41,39.17,69.79,44.92,11.83,6.85,0.679,219.8,21.5,188.2,3646.91
AGR_Wes_2023_02400,West_Zone,GJ_Saurashtra,2023,Rabi,Cotton,22.52,31.01,182.86,55.62,11.53,6.43,0.412,150.0,17.8,179.6,2059.29
AGR_Wes_2020_02401,West_Zone,MH_Vidarbha,2020,Rabi,Cotton,20.38,28.74,110.16,46.74,14.97,7.67,0.925,157.7,20.9,229.7,2215.39
AGR_Wes_2021_02402,West_Zone,MH_Vidarbha,2021,Rabi,Wheat,,33.17,138.93,47.69,14.82,5.21,0.825,220.1,27.9,172.4,4365.71
AGR_Wes_2023_02403,West_Zone,GJ_Saurashtra,2023,Kharif,Maize,24.57,37.12,411.0,57.86,10.0,6.5,0.856,131.3,24.1,192.7,4242.85
AGR_Wes_2018_02404,West_Zone,GJ_Saurashtra,2018,Kharif,Rice,,37.61,872.69,87.64,10.0,6.67,0.492,183.0,14.5,211.3,4989.09
AGR_Wes_2022_02405,West_Zone,MH_Marathwada,2022,Kharif,Maize,26.09,33.42,,80.87,10.88,6.68,0.489,189.0,28.5,121.3,4287.91
AGR_Wes_2018_02406,West_Zone,MH_Marathwada,2018,Rabi,Maize,18.31,28.83,85.14,55.31,11.43,6.42,0.776,152.8,25.7,170.8,3220.93
AGR_Wes_2021_02407,West_Zone,MH_Marathwada,2021,Rabi,Cotton,20.64,28.51,144.62,34.44,13.29,6.69,0.666,157.3,24.8,260.7,2267.41
AGR_Wes_2022_02408,West_Zone,MP_Malwa,2022,Rabi,Pulses,19.83,31.29,71.33,34.98,16.23,7.35,0.428,237.2,26.3,163.6,1393.77
AGR_Wes_2018_02409,West_Zone,MH_Marathwada,2018,Kharif,Rice,22.56,34.74,955.15,85.9,10.0,6.57,0.562,211.0,17.4,209.0,5240.51
AGR_Wes_2019_02410,West_Zone,MH_Marathwada,2019,Rabi,Rice,,28.8,166.42,44.15,14.2,6.66,0.299,247.1,27.4,217.7,4522.71
AGR_Wes_2019_02411,West_Zone,GJ_Saurashtra,2019,Rabi,Pulses,23.36,31.33,164.92,63.4,11.87,6.35,0.54,140.2,14.8,241.8,1873.22
AGR_Wes_2023_02412,West_Zone,MH_Marathwada,2023,Zaid,Rice,27.9,34.97,88.7,56.78,10.0,6.74,0.471,145.8,11.9,149.8,4494.2
AGR_Wes_2019_02413,West_Zone,GJ_Saurashtra,2019,Kharif,Soybean,21.36,32.53,724.99,65.46,12.2,7.99,0.632,221.9,23.3,205.2,3537.32
AGR_Wes_2022_02414,West_Zone,MH_Marathwada,2022,Rabi,Pulses,23.16,33.53,58.43,52.69,13.59,6.99,0.927,173.0,29.3,243.6,1319.88
AGR_Wes_2022_02415,West_Zone,GJ_Saurashtra,2022,Kharif,Maize,24.13,31.48,663.35,72.19,10.0,6.62,0.674,177.4,11.5,214.9,4174.59
AGR_Wes_2018_02416,West_Zone,GJ_Saurashtra,2018,Kharif,Soybean,24.04,33.03,964.75,83.7,10.51,6.65,0.654,191.3,23.3,220.1,3263.87
AGR_Wes_2019_02417,West_Zone,GJ_Saurashtra,2019,Kharif,Pulses,24.64,36.59,555.22,69.43,13.51,6.7,0.652,176.9,22.8,269.7,2388.42
AGR_Wes_2022_02418,West_Zone,MP_Malwa,2022,Rabi,Wheat,21.47,34.84,223.25,64.59,10.0,7.44,0.667,141.6,30.0,172.3,4132.21
AGR_Wes_2020_02419,West_Zone,GJ_Saurashtra,2020,Kharif,Pulses,24.64,,686.69,80.7,10.0,7.35,0.521,121.0,20.7,273.0,1945.82
AGR_Wes_2020_02420,West_Zone,MP_Malwa,2020,Kharif,Soybean,25.98,36.47,933.61,57.38,14.26,6.77,0.774,117.9,18.3,230.3,3065.25
AGR_Wes_2020_02421,West_Zone,MH_Marathwada,2020,Kharif,Wheat,26.08,37.76,474.29,81.02,10.0,6.47,0.632,169.3,28.4,204.7,4693.93
AGR_Wes_2020_02422,West_Zone,MH_Vidarbha,2020,Kharif,Pulses,21.45,29.43,1015.58,71.44,11.14,7.36,0.413,136.5,17.3,234.7,1992.4
AGR_Wes_2021_02423,West_Zone,GJ_Saurashtra,2021,Kharif,Rice,26.72,39.22,509.54,71.27,10.0,7.74,0.725,191.5,20.4,230.9,5495.55
AGR_Wes_2019_02424,West_Zone,MH_Marathwada,2019,Rabi,Pulses,20.81,28.51,123.76,51.14,15.18,6.77,0.617,209.2,18.9,185.6,1520.47
AGR_Wes_2022_02425,West_Zone,GJ_Saurashtra,2022,Rabi,Cotton,18.66,31.1,129.94,42.69,12.36,6.43,0.514,138.4,21.8,189.3,2122.66
AGR_Wes_2021_02426,West_Zone,MP_Malwa,2021,Rabi,Soybean,21.04,29.51,125.02,57.93,10.17,6.74,0.829,193.5,22.6,177.3,2868.42
AGR_Wes_2020_02427,West_Zone,MH_Marathwada,2020,Rabi,Maize,22.43,31.63,123.6,60.23,14.18,6.68,0.608,175.8,25.2,208.8,3608.68
AGR_Wes_2021_02428,West_Zone,MH_Vidarbha,2021,Kharif,Pulses,26.17,36.03,591.89,67.41,15.12,7.33,0.659,167.3,15.9,265.9,2300.67
AGR_Wes_2019_02429,West_Zone,GJ_Saurashtra,2019,Rabi,Soybean,19.42,26.59,120.27,50.54,15.07,7.08,0.343,201.6,21.7,220.5,2195.18
AGR_Wes_2020_02430,West_Zone,MP_Malwa,2020,Rabi,Cotton,18.22,,,49.17,12.26,6.59,0.615,160.4,18.4,202.7,2512.1
AGR_Wes_2019_02431,West_Zone,MH_Marathwada,2019,Kharif,Maize,26.64,37.85,757.71,81.81,14.36,8.02,0.721,226.1,10.3,258.5,4585.0
AGR_Wes_2018_02432,West_Zone,MH_Marathwada,2018,Rabi,Soybean,18.34,26.51,191.29,58.57,12.47,6.24,0.581,197.7,22.3,174.2,2424.46
AGR_Wes_2023_02433,West_Zone,GJ_Saurashtra,2023,Rabi,Pulses,20.79,34.51,162.11,45.05,13.7,6.98,0.728,176.8,33.7,239.3,1711.04
AGR_Wes_2020_02434,West_Zone,GJ_Saurashtra,2020,Kharif,Rice,27.23,34.73,630.2,73.72,12.46,6.02,0.712,176.1,10.9,166.4,5492.33
AGR_Wes_2022_02435,West_Zone,GJ_Saurashtra,2022,Rabi,Cotton,20.77,30.73,140.85,61.68,10.0,6.8,0.617,173.4,29.9,181.9,2261.61
AGR_Wes_2019_02436,West_Zone,MH_Vidarbha,2019,Rabi,Soybean,19.36,27.0,123.19,46.22,11.66,6.56,0.837,188.0,26.7,156.2,2490.44
AGR_Wes_2022_02437,West_Zone,MH_Marathwada,2022,Kharif,Cotton,25.26,37.96,680.67,,10.0,6.32,0.676,203.8,20.1,176.1,3016.37
AGR_Wes_2019_02438,West_Zone,MP_Malwa,2019,Rabi,Pulses,17.92,28.63,,48.58,12.44,7.95,0.711,142.0,26.4,205.2,1154.33
AGR_Wes_2021_02439,West_Zone,GJ_Saurashtra,2021,Rabi,Soybean,21.36,32.83,106.13,,11.87,7.23,0.679,213.7,21.7,183.0,3105.94
AGR_Wes_2023_02440,West_Zone,MH_Vidarbha,2023,Rabi,Rice,22.78,30.01,238.87,58.65,11.77,7.04,0.53,130.8,20.3,192.9,4332.2
AGR_Wes_2023_02441,West_Zone,MP_Malwa,2023,Kharif,Pulses,25.71,39.23,673.35,80.66,11.0,7.53,0.524,166.2,24.2,228.6,2097.96
AGR_Wes_2018_02442,West_Zone,MH_Marathwada,2018,Kharif,Cotton,24.54,,865.02,65.21,12.29,7.06,0.627,193.0,12.9,202.6,3125.65
AGR_Wes_2023_02443,West_Zone,MH_Vidarbha,2023,Rabi,Wheat,21.24,32.8,215.52,60.83,14.34,6.64,0.483,223.3,21.5,234.2,4186.17
AGR_Wes_2019_02444,West_Zone,MH_Vidarbha,2019,Rabi,Rice,21.63,35.35,96.43,45.59,12.48,8.19,0.608,194.0,22.6,226.9,4175.31
AGR_Wes_2022_02445,West_Zone,MH_Vidarbha,2022,Rabi,Wheat,21.11,34.19,174.64,54.86,10.0,7.01,0.662,181.7,18.8,197.9,4148.59
AGR_Wes_2019_02446,West_Zone,MH_Marathwada,2019,Kharif,Pulses,,36.62,768.26,81.39,10.0,6.08,0.677,149.9,27.7,238.4,2261.54
AGR_Wes_2022_02447,West_Zone,MP_Malwa,2022,Kharif,Soybean,26.55,33.71,393.5,59.46,15.5,7.28,0.515,160.8,26.6,316.1,3171.65
AGR_Wes_2022_02448,West_Zone,MP_Malwa,2022,Kharif,Maize,25.19,33.13,326.75,52.92,13.34,7.38,0.443,201.1,23.8,256.0,4041.63
AGR_Wes_2023_02449,West_Zone,MP_Malwa,2023,Rabi,Wheat,19.84,26.96,251.25,56.16,10.56,7.2,0.742,208.2,18.9,237.0,4254.94
AGR_Wes_2022_02450,West_Zone,MH_Marathwada,2022,Kharif,Wheat,23.06,33.1,593.84,60.07,11.96,6.91,1.148,197.0,25.6,256.0,5367.29
AGR_Wes_2020_02451,West_Zone,MP_Malwa,2020,Zaid,Pulses,,42.51,46.37,62.29,11.01,7.11,0.503,171.3,19.1,141.9,1152.42
AGR_Wes_2021_02452,West_Zone,GJ_Saurashtra,2021,Kharif,Maize,25.45,33.7,993.69,95.0,10.0,6.94,0.81,153.2,28.2,201.6,4176.7
AGR_Wes_2022_02453,West_Zone,MP_Malwa,2022,Rabi,Maize,20.58,34.25,,66.49,10.0,7.25,0.49,201.6,20.9,181.4,3844.07
AGR_Wes_2019_02454,West_Zone,MP_Malwa,2019,Rabi,Rice,19.2,26.29,166.83,64.26,13.53,7.06,0.459,173.1,27.1,242.2,4293.58
AGR_Wes_2020_02455,West_Zone,MP_Malwa,2020,Kharif,Wheat,27.24,35.99,,92.7,10.41,5.92,0.741,124.3,27.3,306.2,4534.55
AGR_Wes_2018_02456,West_Zone,MP_Malwa,2018,Zaid,Cotton,25.2,38.31,54.77,64.15,10.08,5.83,0.459,259.2,16.0,200.8,2108.07
AGR_Wes_2018_02457,West_Zone,MH_Vidarbha,2018,Zaid,Rice,24.56,34.5,85.51,56.76,10.0,6.78,0.47,177.7,20.4,145.9,4183.7
AGR_Wes_2023_02458,West_Zone,MH_Marathwada,2023,Kharif,Wheat,26.31,35.66,667.26,78.69,10.0,6.45,0.91,160.4,23.6,234.3,4818.41
AGR_Wes_2018_02459,West_Zone,MH_Vidarbha,2018,Rabi,Maize,23.83,36.95,202.97,52.9,12.16,7.3,0.462,215.0,22.7,230.8,3463.41
AGR_Wes_2023_02460,West_Zone,MH_Vidarbha,2023,Zaid,Cotton,27.16,36.24,71.85,52.52,11.61,7.2,0.622,173.2,10.0,207.2,2245.57
AGR_Wes_2019_02461,West_Zone,MH_Marathwada,2019,Rabi,Wheat,19.67,32.05,208.84,56.95,14.31,6.22,0.946,221.3,24.5,229.5,4483.93
AGR_Wes_2021_02462,West_Zone,MP_Malwa,2021,Kharif,Cotton,25.23,32.31,964.37,71.74,10.0,6.73,0.792,147.2,26.3,189.2,3037.22
AGR_Wes_2020_02463,West_Zone,MH_Vidarbha,2020,Kharif,Cotton,28.44,37.05,903.8,87.0,10.27,6.51,0.625,198.2,21.7,199.5,3122.47
AGR_Wes_2021_02464,West_Zone,MH_Vidarbha,2021,Kharif,Wheat,26.15,37.97,1021.91,78.63,10.0,7.2,0.971,217.7,29.2,247.2,5249.41
AGR_Wes_2021_02465,West_Zone,MH_Vidarbha,2021,Kharif,Pulses,25.11,35.98,1173.79,95.0,10.0,7.98,0.763,241.8,17.9,245.9,2105.88
AGR_Wes_2018_02466,West_Zone,GJ_Saurashtra,2018,Zaid,Maize,28.06,36.53,40.87,63.91,13.57,7.39,0.704,208.9,12.7,215.4,3396.76
AGR_Wes_2020_02467,West_Zone,MH_Vidarbha,2020,Zaid,Cotton,27.65,41.16,83.02,38.63,12.17,6.74,0.594,187.4,20.5,176.8,2017.57
AGR_Wes_2018_02468,West_Zone,MH_Vidarbha,2018,Rabi,Rice,18.75,29.45,217.6,71.5,10.0,7.0,0.515,198.5,34.3,249.0,4430.54
AGR_Wes_2021_02469,West_Zone,GJ_Saurashtra,2021,Kharif,Maize,27.23,36.37,638.52,64.71,10.0,5.99,0.671,112.0,20.4,304.9,3803.34
AGR_Wes_2023_02470,West_Zone,GJ_Saurashtra,2023,Kharif,Rice,25.0,36.6,931.78,88.08,10.0,6.66,0.424,151.6,20.2,110.0,4700.45
AGR_Wes_2020_02471,West_Zone,GJ_Saurashtra,2020,Kharif,Rice,24.85,34.6,752.61,67.73,10.0,6.01,0.267,179.6,15.7,260.6,4725.29
AGR_Wes_2019_02472,West_Zone,GJ_Saurashtra,2019,Kharif,Maize,27.63,34.83,438.08,66.74,12.02,5.92,0.534,206.3,24.1,190.9,4695.71
AGR_Wes_2019_02473,West_Zone,MH_Marathwada,2019,Kharif,Cotton,23.6,33.51,1159.98,95.0,13.17,6.76,0.794,203.5,19.6,222.4,3221.24
AGR_Wes_2019_02474,West_Zone,MH_Vidarbha,2019,Kharif,Soybean,24.39,38.09,221.76,63.01,15.57,7.57,0.819,140.0,21.1,214.3,2480.97
AGR_Wes_2023_02475,West_Zone,MP_Malwa,2023,Kharif,Maize,,,263.45,63.97,11.87,5.61,0.539,158.9,22.7,246.6,3626.01
AGR_Wes_2023_02476,West_Zone,MH_Vidarbha,2023,Rabi,Cotton,20.8,29.27,92.47,54.97,12.05,7.35,0.446,209.4,29.5,181.4,2047.86
AGR_Wes_2019_02477,West_Zone,MP_Malwa,2019,Rabi,Soybean,22.04,32.06,,52.64,15.77,5.83,0.477,190.0,26.1,192.7,2257.25
AGR_Wes_2023_02478,West_Zone,MH_Vidarbha,2023,Kharif,Pulses,24.95,34.3,194.16,67.31,10.0,6.05,0.434,179.4,25.3,183.3,1554.84
AGR_Wes_2023_02479,West_Zone,MH_Vidarbha,2023,Kharif,Cotton,23.61,36.75,1274.21,95.0,10.0,6.69,0.884,165.3,25.0,255.5,2807.79
AGR_Wes_2023_02480,West_Zone,GJ_Saurashtra,2023,Rabi,Pulses,21.62,29.48,144.41,69.48,10.0,6.82,0.421,224.1,26.6,192.5,1660.94
AGR_Wes_2020_02481,West_Zone,MH_Vidarbha,2020,Kharif,Cotton,22.77,35.47,284.23,56.16,13.15,6.14,0.449,178.3,23.2,277.8,2533.84
AGR_Wes_2022_02482,West_Zone,GJ_Saurashtra,2022,Kharif,Wheat,,34.37,693.97,77.29,10.0,6.6,0.545,227.0,15.6,188.3,4898.84
AGR_Wes_2019_02483,West_Zone,GJ_Saurashtra,2019,Kharif,Pulses,23.85,37.54,767.36,78.02,13.7,7.58,0.496,209.7,18.0,207.5,2139.41
AGR_Wes_2018_02484,West_Zone,GJ_Saurashtra,2018,Kharif,Soybean,25.54,37.25,474.35,54.81,14.27,6.6,0.57,142.9,27.3,179.6,2898.7
AGR_Wes_2019_02485,West_Zone,MH_Marathwada,2019,Kharif,Maize,26.53,37.11,,69.4,10.0,6.61,0.857,239.6,20.6,186.6,4721.04
AGR_Wes_2018_02486,West_Zone,MP_Malwa,2018,Rabi,Wheat,20.18,30.65,177.65,53.61,16.01,7.84,0.457,177.3,28.5,221.0,3763.34
AGR_Wes_2021_02487,West_Zone,MH_Vidarbha,2021,Rabi,Rice,19.12,30.81,134.96,67.03,12.5,6.57,0.643,161.1,25.5,222.8,4246.58
AGR_Wes_2022_02488,West_Zone,MP_Malwa,2022,Kharif,Maize,24.78,35.1,,79.64,10.0,7.14,1.014,149.7,32.2,195.9,4415.74
AGR_Wes_2022_02489,West_Zone,GJ_Saurashtra,2022,Rabi,Cotton,21.22,34.07,157.11,74.83,10.0,6.82,0.436,149.9,27.5,266.1,2060.83
AGR_Wes_2018_02490,West_Zone,MH_Marathwada,2018,Kharif,Maize,24.06,35.42,777.13,,13.28,6.96,0.89,174.2,15.8,222.5,4470.1
AGR_Wes_2022_02491,West_Zone,MP_Malwa,2022,Kharif,Rice,,33.84,827.83,65.18,10.0,7.3,0.542,90.0,15.3,168.1,4476.41
AGR_Wes_2018_02492,West_Zone,MH_Vidarbha,2018,Rabi,Pulses,19.0,29.87,195.56,60.83,10.0,6.23,0.752,198.0,28.6,222.3,1583.43
AGR_Wes_2018_02493,West_Zone,MH_Vidarbha,2018,Kharif,Wheat,22.72,32.91,807.89,74.67,11.02,6.66,0.637,195.6,23.6,188.7,4757.19
AGR_Wes_2023_02494,West_Zone,MH_Vidarbha,2023,Kharif,Maize,22.34,34.61,346.49,46.69,17.13,6.04,0.754,147.7,27.8,228.6,3867.89
AGR_Wes_2018_02495,West_Zone,MH_Marathwada,2018,Kharif,Rice,23.33,36.12,1082.76,88.14,11.36,6.9,0.487,200.0,25.9,183.2,5342.01
AGR_Wes_2021_02496,West_Zone,MH_Marathwada,2021,Kharif,Cotton,26.01,37.83,632.57,59.47,14.02,7.16,0.843,195.7,25.2,136.0,3108.89
AGR_Wes_2019_02497,West_Zone,MH_Vidarbha,2019,Kharif,Maize,27.49,37.44,710.65,76.14,10.0,6.78,0.286,185.3,18.1,165.0,3880.94
AGR_Wes_2022_02498,West_Zone,GJ_Saurashtra,2022,Rabi,Maize,,29.58,137.87,61.53,14.6,7.14,0.815,111.1,20.2,286.2,3222.07
AGR_Wes_2022_02499,West_Zone,MH_Vidarbha,2022,Kharif,Rice,25.43,39.3,925.77,64.94,11.55,6.47,0.641,195.4,20.2,185.1,5216.23
AGR_Wes_2018_02500,West_Zone,MP_Malwa,2018,Rabi,Soybean,23.48,33.16,130.74,60.61,14.37,7.34,0.587,214.2,17.0,250.2,2765.29
